"CRN","ARRIVAL_TM","AUTOMOBILE_COUNT","BELTED_DEATH_COUNT","BELTED_SUSP_SERIOUS_INJ_COUNT","BICYCLE_COUNT","BICYCLE_DEATH_COUNT","BICYCLE_SUSP_SERIOUS_INJ_COUNT","BUS_COUNT","CHLDPAS_DEATH_COUNT","CHLDPAS_SUSP_SERIOUS_INJ_COUNT","COLLISION_TYPE","COMM_VEH_COUNT","CONS_ZONE_SPD_LIM","COUNTY","CRASH_MONTH","CRASH_YEAR","DAY_OF_WEEK","DEC_LATITUDE","DEC_LONGITUDE","DISPATCH_TM","DISTRICT","DRIVER_COUNT_16YR","DRIVER_COUNT_17YR","DRIVER_COUNT_18YR","DRIVER_COUNT_19YR","DRIVER_COUNT_20YR","DRIVER_COUNT_50_64YR","DRIVER_COUNT_65_74YR","DRIVER_COUNT_75PLUS","EST_HRS_CLOSED","FATAL_COUNT","HEAVY_TRUCK_COUNT","HORSE_BUGGY_COUNT","HOUR_OF_DAY","ILLUMINATION","INJURY_COUNT","INTERSECTION_RELATED","INTERSECT_TYPE","LANE_CLOSED","LATITUDE","LN_CLOSE_DIR","LOCATION_TYPE","LONGITUDE","MAX_SEVERITY_LEVEL","MCYCLE_DEATH_COUNT","MCYCLE_SUSP_SERIOUS_INJ_COUNT","MOTORCYCLE_COUNT","MUNICIPALITY","NONMOTR_COUNT","NONMOTR_DEATH_COUNT","NONMOTR_SUSP_SERIOUS_INJ_COUNT","NTFY_HIWY_MAINT","PED_COUNT","PED_DEATH_COUNT","PED_SUSP_SERIOUS_INJ_COUNT","PERSON_COUNT","POLICE_AGCY","POSSIBLE_INJ_COUNT","RDWY_SURF_TYPE_CD","RELATION_TO_ROAD","ROADWAY_CLEARED","ROAD_CONDITION","SCH_BUS_IND","SCH_ZONE_IND","SECONDARY_CRASH","SMALL_TRUCK_COUNT","SPEC_JURIS_CD","SUSP_MINOR_INJ_COUNT","SUSP_SERIOUS_INJ_COUNT","SUV_COUNT","TCD_FUNC_CD","TCD_TYPE","TFC_DETOUR_IND","TIME_OF_DAY","TOTAL_UNITS","TOT_INJ_COUNT","UNBELTED_OCC_COUNT","UNB_DEATH_COUNT","UNB_SUSP_SERIOUS_INJ_COUNT","UNK_INJ_DEG_COUNT","UNK_INJ_PER_COUNT","URBAN_RURAL","VAN_COUNT","VEHICLE_COUNT","WEATHER1","WEATHER2","WORKERS_PRES","WORK_ZONE_IND","WORK_ZONE_LOC","WORK_ZONE_TYPE","WZ_CLOSE_DETOUR","WZ_FLAGGER","WZ_LAW_OFFCR_IND","WZ_LN_CLOSURE","WZ_MOVING","WZ_OTHER","WZ_SHLDER_MDN","WZ_WORKERS_INJ_KILLED"
"2023015389","0020","0","0","0","0","0","0","0","0","0","7","0","","02","2","2023","5","40.455974","-79.844344","0011","11","0","0","0","0","0","0","0","0","","0","0","0","","","1","N","0","","40 27:21.505","5","0","79 50:39.638","8","0","0","0","2113","0","0","0","N","0","0","0","1","02113","0","","5.0","721.0","1","N","N","Y","1","","0","0","1","","0","Y","","2","1","0","0","0","1","0","2","0","2","","","","N","","","","","","","","","",""
"2023017541","1346","3","0","0","0","0","0","0","0","0","4","0","","02","2","2023","4","40.42167","-80.049914","1345","11","0","0","0","0","0","0","1","0","","0","0","0","","","0","","2","","40 25:18.012","1","0","80 02:59.690","0","0","0","0","2435","0","0","0","N","0","0","0","3","02435","0","","1.0","1441.0","9","N","N","N","0","","0","0","0","","2","N","","3","0","0","0","0","0","0","2","0","3","","07","","N","","","","","","","","","",""
"2023021864","1536","0","0","0","0","0","0","0","0","0","7","0","","02","3","2023","4","40.56867","-80.057092","1534","11","0","0","0","0","0","0","1","0","","0","0","0","","","0","N","0","","40 34:07.211","6","0","80 03:25.530","0","0","0","0","2108","0","0","0","N","0","0","0","1","02108","0","","2.0","1625.0","1","N","N","N","0","","0","0","1","","0","Y","","1","0","0","0","0","0","0","2","0","1","","03","","N","","","","","","","","","",""
"2023017580","1439","0","0","0","0","0","0","0","0","0","8","0","","02","2","2023","3","40.342094","-80.038702","1435","11","0","0","0","0","0","0","0","0","","0","0","0","","","1","N","0","","40 20:31.538","6","0","80 02:19.327","2","0","0","0","2407","1","0","1","N","1","0","1","2","02407","0","","1.0","1505.0","1","N","N","N","0","","0","1","1","","0","Y","","2","1","0","0","0","0","0","2","0","1","","","","N","","","","","","","","","",""
"2023016224","2017","0","0","0","0","0","0","0","0","0","4","1","99","02","2","2023","7","40.397965","-80.027378","2017","11","0","0","0","0","0","0","0","0","","0","0","0","","","0","N","0","","40 23:52.673","1","7","80 01:38.562","0","0","0","0","2301","0","0","0","N","0","0","0","3","02301","0","","1.0","2100.0","1","N","N","N","1","","0","0","1","","0","N","","2","0","0","0","0","0","0","2","0","2","","04","Y","Y","8","3","","","N","","","Y","","N"
"2023013375","0152","0","0","0","0","0","0","0","0","0","4","0","","02","2","2023","5","40.55453","-80.02124","0151","11","0","0","0","0","0","0","0","0","","0","0","0","","","0","","2","","40 33:16.307","","0","80 01:16.463","0","0","0","0","2116","0","0","0","N","0","0","0","3","02116","0","","1.0","","9","N","N","N","0","","0","0","2","","2","","","2","0","0","0","0","0","0","2","0","2","","","","N","","","","","","","","","",""
"2023020269","1032","1","0","0","0","0","0","0","0","0","4","0","","02","3","2023","6","40.535478","-80.035961","1023","11","0","0","0","0","0","0","0","0","","0","0","0","","","0","N","0","","40 32:07.720","","7","80 02:09.458","0","0","0","0","2116","0","0","0","N","0","0","0","3","02116","0","","1.0","","1","N","N","N","0","","0","0","1","","0","","","2","0","0","0","0","0","0","2","0","2","","","","N","","","","","","","","","",""
"2023020681","1642","1","0","0","0","0","0","0","0","0","5","0","","02","3","2023","7","40.484929","-79.817912","1634","11","0","0","0","0","0","0","0","0","","0","0","0","","","0","N","5","","40 29:05.745","","0","79 49:04.483","0","0","0","0","2113","0","0","0","N","0","0","0","4","02113","0","","1.0","","1","N","N","Y","0","","0","0","0","","2","","","2","0","0","0","0","0","0","2","1","2","","03","","N","","","","","","","","","",""
"2023015863","1544","0","0","0","0","0","0","0","0","0","4","0","","02","2","2023","6","40.454041","-79.912396","1540","11","0","0","0","0","0","1","0","0","","0","0","0","","","1","N","1","","40 27:14.546","7","0","79 54:44.625","8","0","0","0","2301","0","0","0","N","0","0","0","2","02301","0","","1.0","1605.0","9","N","N","N","0","","0","0","2","","2","N","","2","1","0","0","0","1","0","2","0","2","","03","","N","","","","","","","","","",""
"2023019126","0723","1","0","0","0","0","0","0","0","0","1","0","","02","2","2023","3","40.578227","-79.953668","0719","11","0","0","0","0","0","1","0","0","","0","0","0","","","0","N","0","","40 34:41.618","2","0","79 57:13.205","0","0","0","0","2207","0","0","0","N","0","0","0","3","02207","0","","1.0","808.0","9","N","N","N","0","","0","0","2","","0","N","","3","0","0","0","0","0","0","2","0","3","","04","","N","","","","","","","","","",""
"2023017171","1720","0","0","0","0","0","0","0","0","0","7","1","55","02","2","2023","1","40.576618","-80.117599","1710","11","0","0","0","0","0","1","0","0","","0","1","0","","","0","N","0","","40 34:35.823","","0","80 07:03.357","0","0","0","0","2460","0","0","0","Y","0","0","0","1","68B03","0","","3.0","","1","N","N","N","0","","0","0","0","","0","","","1","0","0","0","0","0","0","2","0","1","","03","N","Y","4","1","","","N","Y","","","","N"
"2023017218","1720","1","0","0","0","0","0","0","0","0","1","0","","02","2","2023","5","40.538077","-79.839553","1716","11","0","1","0","0","0","0","0","0","","0","0","0","","","1","","1","","40 32:17.077","2","0","79 50:22.391","4","0","0","0","2208","0","0","0","N","0","0","0","2","02208","1","","1.0","1738.0","1","N","N","N","0","","0","0","1","","2","N","","2","1","0","0","0","0","0","2","0","2","","03","","N","","","","","","","","","",""
"2023016317","1356","0","0","0","0","0","0","0","0","0","4","1","","02","2","2023","4","40.33798","-79.894971","1351","11","0","0","0","0","0","0","0","0","","0","0","0","","","1","","2","","40 20:16.728","7","0","79 53:41.897","3","0","0","0","2473","0","0","0","N","0","0","0","2","02473","0","","1.0","1430.0","1","N","N","N","1","","1","0","1","","2","Y","","2","1","0","0","0","0","0","2","0","2","","03","","N","","","","","","","","","",""
"2023016360","1723","1","0","0","0","0","0","0","0","0","4","0","","02","2","2023","7","40.560675","-79.92866","1317","11","0","1","0","0","0","0","0","0","","0","0","0","","","0","","1","","40 33:38.431","","0","79 55:43.175","0","0","0","0","2207","0","0","0","N","0","0","0","2","02207","0","","1.0","","1","N","N","N","0","","0","0","1","","3","","","2","0","0","0","0","0","0","2","0","2","","03","","N","","","","","","","","","",""
"2023021533","1052","2","0","0","0","0","0","0","0","0","1","0","","02","2","2023","2","40.429116","-80.028929","1045","11","0","0","0","0","0","0","0","0","","0","0","0","","","1","N","0","","40 25:44.817","","0","80 01:44.145","4","0","0","0","2301","0","0","0","N","0","0","0","2","68B03","1","","1.0","","1","N","N","N","0","","0","0","0","","0","","","2","1","0","0","0","0","0","2","0","2","","03","","N","","","","","","","","","",""
"2023019983","0945","3","0","0","0","0","0","0","0","0","5","0","","02","3","2023","5","40.464623","-79.933905","0940","11","0","0","0","0","0","1","0","0","","0","0","0","","","0","","2","","40 27:52.642","7","0","79 56:02.057","0","0","0","0","2301","0","0","0","N","0","0","0","3","02301","0","","1.0","1010.0","1","N","N","Y","0","","0","0","0","","0","Y","","4","0","0","0","0","0","0","2","1","4","","03","","N","","","","","","","","","",""
"2023016368","1944","1","0","0","0","0","0","0","0","0","7","0","","02","2","2023","7","40.35159","-80.086052","1941","11","0","0","0","0","1","0","0","0","","0","0","0","","","1","N","0","","40 21:05.725","3","0","80 05:09.787","3","0","0","0","2123","0","0","0","N","0","0","0","1","02123","0","","5.0","2046.0","1","N","N","N","0","","1","0","0","","0","N","","1","1","0","0","0","0","0","2","0","1","","03","","N","","","","","","","","","",""
"2023005414","1849","1","1","0","0","0","0","0","0","0","7","0","","02","1","2023","2","40.592369","-79.888529","1845","11","0","0","0","0","0","0","0","1","","1","0","0","","","0","N","0","","40 35:32.529","4","0","79 53:18.705","1","0","0","0","2209","0","0","0","N","0","0","0","2","02209","0","2","5.0","1926.0","1","N","N","N","0","0","0","0","0","","0","N","","1","0","0","0","0","0","0","1","0","1","","","","N","","","","","","","","","",""
"2023022155","1226","0","0","0","0","0","0","0","0","0","4","0","","02","3","2023","5","40.240878","-79.86012","1220","11","0","0","0","0","0","1","0","1","","0","0","0","","","0","N","1","","40 14:27.160","5","0","79 51:36.431","0","0","0","0","2105","0","0","0","N","0","0","0","2","02105","0","","1.0","1323.0","1","N","N","N","0","","0","0","2","","3","Y","","2","0","0","0","0","0","0","1","0","2","","03","","N","","","","","","","","","",""
"2023020357","1445","2","0","0","0","0","0","0","0","0","1","0","","02","3","2023","6","40.607108","-79.850462","1441","11","0","0","0","0","1","0","0","0","","0","0","0","","","0","","1","","40 36:25.588","3","0","79 51:01.664","0","0","0","0","2220","0","0","0","N","0","0","0","2","02220","0","","1.0","1514.0","9","N","N","N","0","","0","0","0","","3","N","","2","0","0","0","0","0","0","2","0","2","","","","N","","","","","","","","","",""
"2023016128","2008","1","0","0","0","0","0","0","0","0","1","0","","02","2","2023","6","40.432067","-79.864822","2006","11","0","0","0","0","0","0","0","0","","0","0","0","","","0","N","0","","40 25:55.441","3","0","79 51:53.360","0","0","0","0","2431","0","0","0","N","0","0","0","3","02431","0","","1.0","2057.0","1","N","N","N","0","","0","0","1","","2","N","","2","0","0","0","0","0","0","2","0","2","","","","N","","","","","","","","","",""
"2023014244","1951","0","0","0","0","0","0","0","0","0","5","2","","02","2","2023","6","40.541556","-79.799313","1951","11","0","0","0","0","0","0","0","0","","0","2","0","","","0","","2","","40 32:29.603","5","0","79 47:57.528","0","0","0","0","2418","0","0","0","N","0","0","0","3","02514","0","","1.0","116.0","1","N","N","N","1","","0","0","0","","2","Y","","3","0","0","0","0","0","0","2","0","3","","03","","N","","","","","","","","","",""
"2023016309","1129","1","0","0","0","0","0","0","0","0","4","1","","02","2","2023","7","40.4385","-80.237018","1129","11","0","0","0","0","0","1","0","0","","0","1","0","","","1","N","2","","40 26:18.600","","2","80 14:13.263","3","0","0","0","2214","0","0","0","N","0","0","0","5","02214","0","","1.0","","1","N","N","N","0","","1","0","0","","3","N","","3","1","0","0","0","0","0","2","1","3","","03","","N","","","","","","","","","",""
"2023017323","1209","1","0","0","0","0","0","0","0","0","8","0","","02","2","2023","4","40.294746","-79.920122","1204","11","0","0","0","1","0","0","0","0","","0","0","0","","","1","N","0","","40 17:41.084","4","0","79 55:12.440","8","0","0","0","2454","1","0","0","N","1","0","0","3","02454","0","","1.0","1220.0","9","N","N","N","0","","0","0","0","","0","N","","2","1","0","0","0","1","0","2","0","1","","07","","N","","","","","","","","","",""
"2023005650","1650","1","0","0","0","0","0","0","0","0","4","0","","02","1","2023","5","40.458093","-80.173942","1642","11","0","0","0","0","0","1","0","0","","0","0","0","","","2","N","0","","40 27:29.136","","0","80 10:26.192","4","0","0","0","2213","0","0","0","N","0","0","0","3","02213","2","","1.0","","9","N","N","N","0","","0","0","1","","2","","","2","2","0","0","0","0","0","2","0","2","","07","","N","","","","","","","","","",""
"2023020936","0400","1","0","0","0","0","0","0","0","0","7","0","","02","3","2023","1","40.460213","-79.974417","0345","11","0","0","0","0","0","0","0","0","","0","0","0","","","0","","2","","40 27:36.768","","0","79 58:27.902","0","0","0","0","2301","0","0","0","N","0","0","0","1","02301","0","","5.0","","1","N","N","N","0","","0","0","0","","0","","","1","0","0","0","0","0","0","2","0","1","","","","N","","","","","","","","","",""
"2023007317","1638","0","0","0","0","0","0","0","0","0","8","0","","02","1","2023","5","40.337074","-79.806979","1635","11","0","0","0","0","0","0","0","0","","0","0","0","","","1","","2","","40 20:13.468","","7","79 48:25.123","3","0","0","0","2477","1","0","0","N","1","0","0","2","02477","0","","1.0","","1","N","N","N","0","","1","0","1","","0","","","2","1","0","0","0","0","0","2","0","1","","03","","N","","","","","","","","","",""
"2023023103","0529","1","0","0","0","0","0","0","0","0","2","0","","02","3","2023","4","40.506124","-80.068803","0522","11","0","0","0","0","0","0","0","0","","0","0","0","","","0","","1","","40 30:22.046","","0","80 04:07.690","9","0","0","0","2402","0","0","0","N","0","0","0","1","02402","0","","4.0","","1","N","N","N","1","","0","0","0","","0","","","2","0","0","0","0","0","1","2","0","2","","03","","N","","","","","","","","","",""
"2023005895","1902","2","0","0","0","0","0","0","0","0","1","0","","02","1","2023","3","40.46575","-79.929333","1858","11","0","0","0","0","1","0","0","0","","0","0","0","","","0","N","0","","40 27:56.700","","0","79 55:45.600","0","0","0","0","2301","0","0","0","N","0","0","0","6","02301","0","","1.0","","1","N","N","N","0","","0","0","1","","0","","","3","0","0","0","0","0","0","2","0","3","","03","","N","","","","","","","","","",""
"2023005452","2315","1","0","0","0","0","0","0","0","0","4","0","","02","1","2023","2","40.452911","-80.039427","2304","11","0","0","0","0","0","0","0","0","","0","0","0","","","0","","2","","40 27:10.480","","4","80 02:21.937","0","0","0","0","2301","0","0","0","N","0","0","0","2","02301","0","","1.0","","1","N","N","N","0","","0","0","1","","2","","","2","0","0","0","0","0","0","2","0","2","","98","","N","","","","","","","","","",""
"2023005185","1307","0","0","0","0","0","0","0","0","0","7","0","","02","1","2023","2","40.422917","-79.988222","1300","11","0","0","0","0","0","0","0","0","","0","0","0","","","1","N","0","","40 25:22.500","1","0","79 59:17.600","3","0","0","0","2301","0","0","0","N","0","0","0","1","02301","0","","4.0","1330.0","1","N","N","N","0","","1","0","1","","0","Y","","1","1","0","0","0","0","0","2","0","1","","","","N","","","","","","","","","",""
"2023004776","1805","1","0","0","0","0","0","0","0","0","7","0","","02","1","2023","7","40.384892","-79.913296","1800","11","0","0","0","0","0","0","0","1","","0","0","0","","","0","","2","","40 23:05.611","","0","79 54:47.865","0","0","0","0","2448","0","0","0","N","0","0","0","1","02448","0","","4.0","","9","N","N","N","0","","0","0","0","","0","","","1","0","0","0","0","0","0","2","0","1","","03","","N","","","","","","","","","",""
"2023009317","2345","0","0","0","0","0","0","0","0","0","4","0","","02","1","2023","6","40.449667","-80.01728","2341","11","0","0","0","0","0","1","0","0","","0","0","0","","","0","Y","0","","40 26:58.801","","2","80 01:02.209","0","0","0","0","2301","0","0","0","N","0","0","0","2","02301","0","","1.0","","2","N","N","N","1","","0","0","1","","0","","","2","0","0","0","0","0","0","2","0","2","","10","","N","","","","","","","","","",""
"2023008594","1543","0","0","0","0","0","0","0","0","0","1","0","","02","1","2023","4","40.523087","-80.224311","1533","11","0","0","0","0","0","0","1","0","","0","0","0","","","1","N","0","","40 31:23.112","4","7","80 13:27.521","4","0","0","0","2213","0","0","0","N","0","0","0","3","02213","1","","1.0","1624.0","1","N","N","N","0","","0","0","2","","0","Y","","2","1","0","0","0","0","0","2","0","2","","","","N","","","","","","","","","",""
"2023016559","1054","2","0","0","0","0","0","0","0","0","5","0","","02","2","2023","7","40.491759","-79.91067","1039","11","0","0","0","0","0","1","0","0","","0","0","0","","","0","N","0","","40 29:30.333","","3","79 54:38.411","0","0","0","0","2112","0","0","0","N","0","0","0","4","68D02","0","","1.0","","1","N","N","N","0","","0","0","0","","0","","","2","0","0","0","0","0","0","2","0","2","","03","","N","","","","","","","","","",""
"2023022376","1041","2","0","0","0","0","0","0","0","0","2","0","","02","3","2023","4","40.553264","-79.970013","1039","11","0","0","0","0","0","1","0","0","","0","0","0","","","1","N","0","","40 33:11.752","6","0","79 58:12.045","8","0","0","0","2118","0","0","0","N","0","0","0","1","02118","0","","1.0","1110.0","1","N","N","N","0","","0","0","0","","0","Y","","2","1","0","0","0","1","0","2","0","2","","03","","N","","","","","","","","","",""
"2023024913","1210","1","0","0","0","0","0","0","0","0","1","0","","02","3","2023","7","40.614482","-80.054892","1202","11","0","0","0","1","0","0","0","0","","0","0","0","","","0","","3","","40 36:52.134","","0","80 03:17.612","0","0","0","0","2216","0","0","0","N","0","0","0","3","02505","0","","1.0","","1","N","N","N","0","","0","0","1","","3","","","2","0","1","0","0","0","0","1","0","2","","03","","N","","","","","","","","","",""
"2023021429","1510","0","0","0","0","0","0","0","0","0","2","0","","02","3","2023","3","40.532873","-80.176693","1508","11","0","0","0","0","0","0","1","0","","0","0","0","","","0","","2","","40 31:58.341","1","0","80 10:36.096","0","0","0","0","2458","0","0","0","N","0","0","0","2","02458","0","","1.0","1530.0","1","N","N","N","0","","0","0","2","","3","N","","2","0","0","0","0","0","0","2","0","2","","03","","N","","","","","","","","","",""
"2023026049","1522","1","0","0","0","0","0","0","0","0","8","0","","02","3","2023","4","40.441952","-79.956407","1522","11","0","0","0","0","0","0","1","0","","0","0","0","","","1","N","1","","40 26:31.028","","0","79 57:23.064","4","0","0","0","2301","1","0","0","N","1","0","0","2","02301","1","","1.0","","1","N","N","N","0","","0","0","0","","0","","","2","1","0","0","0","0","0","2","0","1","","03","","N","","","","","","","","","",""
"2023005468","0301","1","0","0","0","0","0","0","0","0","7","0","","02","1","2023","3","40.0","-80.0","0301","11","0","0","0","0","0","0","0","0","","0","0","0","","","1","N","0","","40 00:00.000","","0","80 00:00.000","4","0","0","0","2301","0","0","0","N","0","0","0","1","02301","1","","3.0","","9","N","N","N","0","","0","0","0","","0","","","1","1","1","0","0","0","0","1","0","1","","","","N","","","","","","","","","",""
"2023016636","1528","1","0","0","0","0","0","0","0","0","7","0","","02","2","2023","2","40.395873","-79.995109","1512","11","0","0","0","0","0","0","0","0","","0","0","0","","","0","N","2","","40 23:45.142","","0","79 59:42.392","0","0","0","0","2301","0","0","0","N","0","0","0","1","02301","0","","4.0","","1","N","N","N","0","","0","0","0","","0","","","1","0","0","0","0","0","0","2","0","1","","03","","N","","","","","","","","","",""
"2023003522","0613","0","0","0","0","0","0","0","0","0","8","0","","02","1","2023","3","40.342124","-79.981233","0609","11","0","0","0","0","0","1","0","0","","0","0","0","","","1","","1","","40 20:31.646","7","0","79 58:52.437","3","0","0","0","2403","1","0","0","N","1","0","0","2","02403","0","","1.0","630.0","1","N","Y","N","1","","1","0","0","","3","N","","2","1","0","0","0","0","0","2","0","1","","","","N","","","","","","","","","",""
"2023004546","1757","1","0","0","0","0","0","0","0","0","1","0","","02","1","2023","6","40.463738","-79.824141","1750","11","0","0","0","0","0","2","0","0","","0","0","0","","","0","N","0","","40 27:49.456","1","0","79 49:26.909","0","0","0","0","2113","0","0","0","N","0","0","0","3","02113","0","","1.0","1834.0","9","N","N","Y","0","","0","0","1","","0","N","","3","0","0","0","0","0","0","2","1","3","","98","","N","","","","","","","","","",""
"2023020508","1656","0","0","0","0","0","0","0","0","0","1","0","","02","3","2023","6","40.438331","-80.151509","1651","11","0","0","0","0","0","0","0","0","","0","0","0","","","0","N","0","","40 26:17.992","","0","80 09:05.431","0","0","0","0","2115","0","0","0","N","0","0","0","3","68B03","0","","1.0","","9","N","N","N","0","","0","0","0","","0","","","2","0","0","0","0","0","0","2","2","2","","03","","N","","","","","","","","","",""
"2023003533","1924","2","0","0","0","0","0","0","0","0","2","0","","02","1","2023","3","40.450632","-79.927201","1916","11","0","0","0","0","0","1","0","0","","0","0","0","","","2","N","0","","40 27:02.275","3","0","79 55:37.923","2","0","0","0","2301","0","0","0","N","0","0","0","2","02301","0","","1.0","2000.0","1","N","N","N","0","","1","1","0","","0","Y","","2","2","0","0","0","0","0","2","0","2","","03","","N","","","","","","","","","",""
"2023016837","0210","0","0","0","0","0","0","0","0","0","7","0","","02","2","2023","3","40.422744","-79.863271","0208","11","0","0","0","0","0","0","0","0","","0","0","0","","","0","N","0","","40 25:21.879","1","0","79 51:47.777","0","0","0","0","2431","0","0","0","N","0","0","0","1","02431","0","","5.0","235.0","9","N","N","N","0","","0","0","1","","0","N","","1","0","0","0","0","0","0","2","0","1","","","","N","","","","","","","","","",""
"2023006495","1645","2","0","0","0","0","0","0","0","0","1","0","","02","1","2023","3","40.345064","-79.946745","1637","11","1","0","1","0","0","0","0","0","","0","0","0","","","0","N","0","","40 20:42.232","","7","79 56:48.282","0","0","0","0","2473","0","0","0","N","0","0","0","3","02473","0","","1.0","","1","N","N","N","0","","0","0","0","","3","","","2","0","0","0","0","0","0","2","0","2","","04","","N","","","","","","","","","",""
"2023020130","2034","1","0","0","0","0","0","0","0","0","4","0","","02","3","2023","5","40.496771","-79.834793","2030","11","0","0","0","0","0","1","0","0","","0","0","0","","","2","","1","","40 29:48.376","5","0","79 50:05.254","2","0","1","1","2113","0","0","0","N","0","0","0","3","02113","0","","1.0","2119.0","1","N","N","N","0","","0","1","0","","3","Y","","2","2","0","0","0","1","0","2","0","2","","","","N","","","","","","","","","",""
"2023004014","0748","1","0","0","0","0","0","0","0","0","1","0","","02","1","2023","5","40.435934","-79.995083","0742","11","0","0","0","0","0","1","0","0","","0","0","0","","","0","","3","","40 26:09.361","","2","79 59:42.298","0","0","0","0","2301","0","0","0","N","0","0","0","2","02301","0","","1.0","","9","N","N","N","0","","0","0","1","","0","","","2","0","0","0","0","0","0","2","0","2","","","","N","","","","","","","","","",""
"2023009024","0810","0","0","0","0","0","0","0","0","0","7","0","","02","1","2023","2","40.522078","-80.066381","0801","11","0","0","0","0","0","0","0","0","","0","0","0","","","0","N","0","","40 31:19.480","","0","80 03:58.972","0","0","0","0","2215","0","0","0","Y","0","0","0","1","68B03","0","","3.0","","1","N","N","N","0","","0","0","1","","0","","","1","0","0","0","0","0","0","2","0","1","","03","","N","","","","","","","","","",""
"2023014757","1905","1","0","0","0","0","0","0","0","0","6","0","","02","2","2023","6","40.544444","-80.034167","1856","11","0","0","0","0","0","1","0","0","","0","0","0","","","0","N","0","","40 32:40.000","3","0","80 02:03.000","0","0","0","0","2116","0","0","0","N","0","0","0","4","02116","0","","1.0","1957.0","1","N","N","N","0","","0","0","1","","0","Y","","2","0","0","0","0","0","0","2","0","2","","03","","N","","","","","","","","","",""
"2023025332","1515","0","0","1","0","0","0","0","0","0","4","0","","02","3","2023","2","40.454007","-79.885644","1437","11","0","0","0","0","0","0","0","0","","0","0","0","","","3","","1","","40 27:14.426","7","0","79 53:08.318","2","0","0","0","2301","0","0","0","N","0","0","0","5","02301","0","","1.0","1703.0","1","N","N","N","0","","2","1","1","","2","Y","","2","3","2","0","0","0","0","2","1","2","","","","N","","","","","","","","","",""
"2023026010","0825","2","0","0","0","0","0","0","0","0","4","0","","02","3","2023","4","40.422436","-80.000802","0819","11","0","0","0","0","0","0","0","0","","0","0","0","","","0","","2","","40 25:20.769","","0","80 00:02.887","9","0","0","0","2301","0","0","0","N","0","0","0","2","02301","0","","1.0","","1","N","N","N","0","","0","0","0","","3","","","2","0","0","0","0","0","2","2","0","2","","03","","N","","","","","","","","","",""
"2023025205","0244","0","0","0","0","0","0","0","0","0","4","0","","02","3","2023","2","40.41077","-80.019175","0239","11","0","0","0","0","0","0","0","0","","0","0","0","","","0","","2","","40 24:38.771","","0","80 01:09.030","0","0","0","0","2301","0","0","0","N","0","0","0","0","02301","0","","4.0","","1","N","N","N","0","","0","0","3","","0","","","3","0","0","0","0","0","0","2","0","3","","03","","N","","","","","","","","","",""
"2023006999","1248","2","0","0","0","0","0","0","0","0","4","0","","02","1","2023","2","40.383217","-80.043864","1247","11","0","0","0","0","0","0","1","0","","0","0","0","","","1","","1","","40 22:59.580","3","0","80 02:37.911","3","0","0","0","2109","0","0","0","N","0","0","0","2","02109","0","","1.0","1330.0","1","N","N","N","0","","1","0","0","","2","Y","","2","1","0","0","0","0","0","2","0","2","","03","","N","","","","","","","","","",""
"2023004843","0034","2","0","0","0","0","0","0","0","0","4","0","","02","1","2023","1","40.428798","-79.985322","0031","11","0","0","0","0","0","0","0","0","","0","0","0","","","0","","1","","40 25:43.671","","0","79 59:07.158","0","0","0","0","2301","0","0","0","N","0","0","0","6","02301","0","","1.0","","1","N","N","N","0","","0","0","0","","0","","","2","0","0","0","0","0","0","2","0","2","","03","","N","","","","","","","","","",""
"2023004063","1228","2","0","0","0","0","0","0","0","0","6","0","","02","1","2023","5","40.249469","-79.855884","1227","11","0","0","0","0","0","1","0","0","","0","0","0","","","0","N","0","","40 14:58.088","5","0","79 51:21.181","0","0","0","0","2105","0","0","0","N","0","0","0","2","02105","0","","1.0","1306.0","9","N","N","N","0","","0","0","0","","0","Y","","2","0","0","0","0","0","0","1","0","2","","07","","N","","","","","","","","","",""
"2023017890","0139","1","0","0","0","0","0","0","0","0","7","0","","02","1","2023","7","40.444791","-79.77066","0120","11","0","0","0","0","0","0","0","0","","0","0","0","","","1","N","0","","40 26:41.246","4","0","79 46:14.376","3","0","0","0","2446","0","0","0","N","0","0","0","1","68B03","0","","4.0","100.0","1","N","N","N","0","","1","0","0","","0","N","","1","1","0","0","0","0","0","2","0","1","","","","N","","","","","","","","","",""
"2023004616","1935","0","0","0","0","0","0","0","0","0","7","0","","02","1","2023","6","40.468526","-80.009754","1930","11","0","0","0","0","1","0","0","0","","0","0","0","","","2","N","0","","40 28:06.694","7","0","80 00:35.113","3","0","0","0","2301","0","0","0","N","0","0","0","4","02301","0","","4.0","2030.0","7","N","N","N","0","","2","0","1","","0","Y","","1","2","1","0","0","0","0","2","0","1","","","","N","","","","","","","","","",""
"2023023081","1816","1","0","0","0","0","0","0","0","0","8","0","","02","3","2023","6","40.532873","-80.176693","1813","11","0","0","0","0","0","0","0","0","","0","0","0","","","1","N","2","","40 31:58.341","1","0","80 10:36.096","8","0","0","0","2458","1","0","0","N","1","0","0","2","02458","0","","1.0","2018.0","9","N","N","N","0","","0","0","0","","0","Y","","2","1","0","0","0","1","0","2","0","1","","04","","N","","","","","","","","","",""
"2023018584","1909","1","0","0","0","0","0","0","0","0","2","0","","02","2","2023","1","40.545801","-80.016622","1902","11","0","0","0","0","0","0","0","0","","0","0","0","","","0","","1","","40 32:44.885","2","0","80 00:59.838","0","0","0","0","2116","0","0","0","N","0","0","0","3","02116","0","","1.0","1935.0","1","N","N","N","0","","0","0","1","","2","N","","2","0","0","0","0","0","0","2","0","2","","03","","N","","","","","","","","","",""