"CRN","ARRIVAL_TM","AUTOMOBILE_COUNT","BELTED_DEATH_COUNT","BELTED_SUSP_SERIOUS_INJ_COUNT","BICYCLE_COUNT","BICYCLE_DEATH_COUNT","BICYCLE_SUSP_SERIOUS_INJ_COUNT","BUS_COUNT","CHLDPAS_DEATH_COUNT","CHLDPAS_SUSP_SERIOUS_INJ_COUNT","COLLISION_TYPE","COMM_VEH_COUNT","CONS_ZONE_SPD_LIM","COUNTY","CRASH_MONTH","CRASH_YEAR","DAY_OF_WEEK","DEC_LATITUDE","DEC_LONGITUDE","DISPATCH_TM","DISTRICT","DRIVER_COUNT_16YR","DRIVER_COUNT_17YR","DRIVER_COUNT_18YR","DRIVER_COUNT_19YR","DRIVER_COUNT_20YR","DRIVER_COUNT_50_64YR","DRIVER_COUNT_65_74YR","DRIVER_COUNT_75PLUS","EST_HRS_CLOSED","FATAL_COUNT","HEAVY_TRUCK_COUNT","HORSE_BUGGY_COUNT","HOUR_OF_DAY","ILLUMINATION","INJURY_COUNT","INTERSECTION_RELATED","INTERSECT_TYPE","LANE_CLOSED","LATITUDE","LN_CLOSE_DIR","LOCATION_TYPE","LONGITUDE","MAX_SEVERITY_LEVEL","MCYCLE_DEATH_COUNT","MCYCLE_SUSP_SERIOUS_INJ_COUNT","MOTORCYCLE_COUNT","MUNICIPALITY","NONMOTR_COUNT","NONMOTR_DEATH_COUNT","NONMOTR_SUSP_SERIOUS_INJ_COUNT","NTFY_HIWY_MAINT","PED_COUNT","PED_DEATH_COUNT","PED_SUSP_SERIOUS_INJ_COUNT","PERSON_COUNT","POLICE_AGCY","POSSIBLE_INJ_COUNT","RDWY_SURF_TYPE_CD","RELATION_TO_ROAD","ROADWAY_CLEARED","ROAD_CONDITION","SCH_BUS_IND","SCH_ZONE_IND","SECONDARY_CRASH","SMALL_TRUCK_COUNT","SPEC_JURIS_CD","SUSP_MINOR_INJ_COUNT","SUSP_SERIOUS_INJ_COUNT","SUV_COUNT","TCD_FUNC_CD","TCD_TYPE","TFC_DETOUR_IND","TIME_OF_DAY","TOTAL_UNITS","TOT_INJ_COUNT","UNBELTED_OCC_COUNT","UNB_DEATH_COUNT","UNB_SUSP_SERIOUS_INJ_COUNT","UNK_INJ_DEG_COUNT","UNK_INJ_PER_COUNT","URBAN_RURAL","VAN_COUNT","VEHICLE_COUNT","WEATHER1","WEATHER2","WORKERS_PRES","WORK_ZONE_IND","WORK_ZONE_LOC","WORK_ZONE_TYPE","WZ_CLOSE_DETOUR","WZ_FLAGGER","WZ_LAW_OFFCR_IND","WZ_LN_CLOSURE","WZ_MOVING","WZ_OTHER","WZ_SHLDER_MDN","WZ_WORKERS_INJ_KILLED"
"2023005299","1612","1","0","0","0","0","0","0","0","0","2","0","","02","1","2023","2","40.496529","-80.014274","1606","11","0","0","0","0","0","0","0","0","","0","0","0","","","0","","1","","40 29:47.504","1","0","80 00:51.385","0","0","0","0","2301","0","0","0","N","0","0","0","2","02301","0","","1.0","1630.0","1","N","N","N","0","","0","0","1","","3","Y","","2","0","0","0","0","0","0","2","0","2","","03","","N","","","","","","","","","",""
"2023025418","1620","2","0","0","0","0","0","0","0","0","1","0","","02","2","2023","6","40.368259","-80.119081","1613","11","0","0","0","0","0","0","0","0","","0","0","0","","","1","N","0","","40 22:05.733","2","0","80 07:08.692","3","0","0","0","2102","0","0","0","N","0","0","0","2","68B03","0","","4.0","1650.0","1","N","N","N","0","","1","0","0","","0","N","","2","1","0","0","0","0","0","2","0","2","","","","N","","","","","","","","","",""
"2023025010","1200","1","0","0","0","0","0","0","0","0","1","0","","02","3","2023","4","40.508632","-80.004501","1156","11","0","0","0","1","0","0","0","0","","0","0","0","","","0","N","0","","40 30:31.075","1","0","80 00:16.204","0","0","0","0","2116","0","0","0","N","0","0","0","2","02116","0","","1.0","1225.0","1","N","N","N","0","","0","0","1","","0","N","","2","0","0","0","0","0","0","2","0","2","","","","N","","","","","","","","","",""
"2023021181","2114","2","0","0","0","0","0","0","0","0","7","0","","02","2","2023","3","40.427407","-79.952403","2108","11","0","0","0","0","0","0","1","0","","0","0","0","","","0","N","0","","40 25:38.664","","0","79 57:08.650","0","0","0","0","2301","0","0","0","N","0","0","0","3","68B03","0","","4.0","","1","N","N","N","1","","0","0","0","","0","","","3","0","0","0","0","0","0","2","0","3","","03","","N","","","","","","","","","",""
"2023005071","0046","2","0","0","0","0","0","0","0","0","6","0","","02","1","2023","1","40.439629","-80.089158","0041","11","0","0","0","0","0","1","0","0","","0","0","0","","","0","N","0","","40 26:22.665","","0","80 05:20.967","9","0","0","0","2115","0","0","0","N","0","0","0","2","02115","0","","1.0","","1","N","N","N","0","","0","0","0","","0","","","2","0","0","0","0","0","1","2","0","2","","03","","N","","","","","","","","","",""
"2023007473","2010","0","0","0","0","0","0","0","0","0","7","0","","02","1","2023","6","40.623417","-79.923613","1959","11","0","0","0","0","0","0","0","0","","0","0","0","","","0","N","0","","40 37:24.302","3","0","79 55:25.006","0","0","0","0","2220","0","0","0","N","0","0","0","1","02220","0","","4.0","2100.0","7","N","N","N","1","","0","0","0","","0","N","","1","0","0","0","0","0","0","2","0","1","","10","","N","","","","","","","","","",""
"2023006035","2224","1","0","0","0","0","0","0","0","0","4","0","","02","1","2023","3","40.440865","-79.973955","2220","11","0","0","0","0","0","1","0","0","","0","0","0","","","2","","1","","40 26:27.114","2","0","79 58:26.238","8","0","0","0","2301","0","0","0","N","0","0","0","3","02301","0","","1.0","2300.0","1","N","N","N","0","","0","0","1","","3","N","","2","2","2","0","0","2","0","2","0","2","","04","","N","","","","","","","","","",""
"2023005719","1915","2","0","0","0","0","0","0","0","0","5","0","","02","1","2023","3","40.44497","-79.950351","1900","11","0","0","0","0","0","0","0","1","","0","0","0","","","0","N","0","","40 26:41.893","","0","79 57:01.264","0","0","0","0","2301","0","0","0","N","0","0","0","1","02301","0","","6.0","","9","N","N","N","0","","0","0","0","","0","","","2","0","0","0","0","0","0","2","0","2","","","","N","","","","","","","","","",""
"2023002898","0251","0","0","0","0","0","0","0","0","0","8","0","","02","1","2023","2","40.451262","-80.001015","0247","11","0","0","0","0","0","0","0","0","","0","0","0","","","1","N","0","","40 27:04.543","","7","80 00:03.654","2","0","0","0","2301","1","0","1","N","1","0","1","2","02301","0","","4.0","","1","N","N","N","0","","0","1","1","","0","","","2","1","0","0","0","0","0","2","0","1","","","","N","","","","","","","","","",""
"2023004345","1205","1","0","0","0","0","0","0","0","0","7","0","","02","1","2023","5","40.329056","-79.914814","1159","11","0","0","0","0","0","0","0","1","","0","0","0","","","1","N","0","","40 19:44.600","6","0","79 54:53.330","3","0","0","0","2473","0","0","0","N","0","0","0","1","02473","0","","4.0","1245.0","9","N","N","N","0","","1","0","0","","0","Y","","1","1","0","0","0","0","0","2","0","1","","04","","N","","","","","","","","","",""
"2023022008","0906","0","0","0","0","0","0","0","0","0","1","0","","02","3","2023","3","40.425834","-79.911043","0839","11","0","0","0","0","0","0","0","0","","0","0","0","","","1","N","0","","40 25:33.001","","0","79 54:39.753","3","0","0","0","2301","0","0","0","N","0","0","0","2","68B03","0","","1.0","","1","N","N","N","0","","1","0","2","","0","","","2","1","0","0","0","0","0","2","0","2","","","","N","","","","","","","","","",""
"2023020277","1456","0","0","0","0","0","0","0","0","0","8","0","","02","3","2023","6","40.487496","-79.921859","1451","11","0","0","0","0","0","0","0","1","","0","0","0","","","1","N","0","","40 29:14.987","","0","79 55:18.691","4","0","0","0","2301","1","0","0","N","1","0","0","3","02301","1","","1.0","","9","N","N","N","0","","0","0","1","","0","","","2","1","1","0","0","0","0","2","0","1","","","","N","","","","","","","","","",""
"2023025731","0952","0","0","0","0","0","0","0","0","0","1","0","","02","3","2023","3","40.475529","-79.848493","0945","11","0","0","0","0","0","0","2","0","","0","0","0","","","0","","1","","40 28:31.904","","0","79 50:54.576","0","0","0","0","2113","0","0","0","N","0","0","0","3","02113","0","","1.0","","1","N","N","N","1","","0","0","1","","0","","","2","0","0","0","0","0","0","2","0","2","","03","","N","","","","","","","","","",""
"2023022270","1917","0","0","0","0","0","0","0","0","0","6","1","","02","3","2023","4","40.318801","-79.899198","1910","11","0","0","1","0","0","0","0","0","","0","1","0","","","1","N","0","","40 19:07.683","5","1","79 53:57.114","3","0","0","0","2440","0","0","0","N","0","0","0","3","02440","0","","1.0","1941.0","1","N","N","N","1","","1","0","1","","0","N","","3","1","1","0","0","0","0","2","0","3","","03","","N","","","","","","","","","",""
"2023024879","1040","1","0","0","0","0","0","0","0","0","4","1","","02","3","2023","7","40.432155","-80.003959","1030","11","0","0","0","0","0","1","0","0","","0","1","0","","","1","","1","","40 25:55.759","7","0","80 00:14.251","3","0","0","0","2301","0","0","0","N","0","0","0","5","02301","0","","1.0","1130.0","1","N","N","N","0","","1","0","0","","2","Y","","2","1","0","0","0","0","0","2","0","2","","03","","N","","","","","","","","","",""
"2023026036","1210","1","0","0","0","0","0","0","0","0","4","0","","02","3","2023","4","40.353331","-79.83736","1208","11","0","0","0","0","0","1","0","0","","0","0","0","","","0","N","2","","40 21:11.993","","0","79 50:14.497","0","0","0","0","2304","0","0","0","N","0","0","0","2","02304","0","","1.0","","1","N","N","N","0","","0","0","1","","2","N","","2","0","0","0","0","0","0","2","0","2","","03","","N","","","","","","","","","",""
"2023004588","2338","1","0","0","0","0","0","0","0","0","7","0","","02","1","2023","6","40.456464","-79.96535","2332","11","0","0","0","0","0","0","0","0","","0","0","0","","","0","N","0","","40 27:23.270","7","0","79 57:55.261","0","0","0","0","2301","0","0","0","N","0","0","0","1","02301","0","","4.0","45.0","2","N","N","N","0","","0","0","0","","0","Y","","1","0","0","0","0","0","0","2","0","1","","10","","N","","","","","","","","","",""
"2023011502","0837","0","0","0","0","0","0","0","0","0","1","0","","02","2","2023","4","40.463444","-79.999861","0810","11","0","0","0","0","0","0","0","0","","0","0","0","","","0","N","0","","40 27:48.400","","0","79 59:59.499","0","0","0","0","2301","0","0","0","N","0","0","0","4","68B03","0","","1.0","","1","N","N","N","0","","0","0","1","","0","","","2","0","0","0","0","0","0","2","1","2","","03","","N","","","","","","","","","",""
"2023010501","1740","2","0","0","0","0","0","0","0","0","4","0","","02","1","2023","4","40.506081","-80.208253","1735","11","0","0","0","0","0","0","0","0","","0","0","0","","","0","N","0","","40 30:21.891","","7","80 12:29.711","0","0","0","0","2213","0","0","0","N","0","0","0","3","02213","0","","1.0","","1","N","N","Y","0","","0","0","1","","3","","","3","0","0","0","0","0","0","2","0","3","","03","","N","","","","","","","","","",""
"2023024795","2035","0","0","0","0","0","0","0","0","0","2","0","","02","3","2023","1","40.429854","-79.751251","2035","11","0","0","0","0","0","1","1","0","","0","0","0","","","0","","5","","40 25:47.476","","0","79 45:04.504","0","0","0","0","2446","0","0","0","N","0","0","0","2","02446","0","","1.0","","1","N","N","N","1","","0","0","1","","2","","","2","0","0","0","0","0","0","2","0","2","","03","","N","","","","","","","","","",""
"2023007847","1530","0","0","0","0","0","0","0","0","0","7","0","","02","1","2023","2","40.304389","-80.056639","1513","11","0","0","0","0","0","0","0","0","","0","0","0","","","0","N","0","","40 18:15.800","","0","80 03:23.900","0","0","0","0","2407","0","0","0","N","0","0","0","1","02407","0","","4.0","","1","N","N","N","0","","0","0","1","","0","","","2","0","0","0","0","0","0","2","0","1","","","","N","","","","","","","","","",""
"2023004584","2350","0","0","0","0","0","0","0","0","0","7","0","","02","1","2023","6","40.44727","-79.928038","2350","11","0","0","0","0","0","0","0","0","","0","0","0","","","1","N","0","","40 26:50.172","","0","79 55:40.937","3","0","0","0","2301","0","0","0","N","0","0","0","1","02301","0","","2.0","","2","N","N","N","0","","1","0","1","","0","","","1","1","0","0","0","0","0","2","0","1","","06","","N","","","","","","","","","",""
"2023021190","1101","1","0","0","0","0","0","0","0","0","1","0","","02","2","2023","5","40.425975","-79.899229","1041","11","0","0","0","0","0","1","0","0","","0","0","0","","","1","N","0","","40 25:33.511","","0","79 53:57.223","8","0","0","0","2301","0","0","0","N","0","0","0","4","68B03","0","","1.0","","1","N","N","N","1","","0","0","1","","0","","","3","1","0","0","0","1","0","2","0","3","","","","N","","","","","","","","","",""
"2023008066","1200","2","0","0","0","0","0","0","0","0","1","0","","02","1","2023","4","40.429944","-80.02776","1121","11","0","0","0","0","0","0","1","0","","0","0","0","","","1","N","0","","40 25:47.797","","0","80 01:39.935","4","0","0","0","2301","0","0","0","N","0","0","0","2","68B03","1","","1.0","","1","N","N","N","0","","0","0","0","","0","","","2","1","0","0","0","0","0","2","0","2","","","","N","","","","","","","","","",""
"2023021538","1545","1","0","0","0","0","0","0","0","0","5","0","","02","2","2023","3","40.657491","-80.092409","1525","11","0","0","0","0","0","0","0","0","","0","0","0","","","1","N","0","","40 39:26.968","","0","80 05:32.673","8","0","0","0","2212","0","0","0","N","0","0","0","3","68B03","0","","1.0","","1","N","N","N","0","","0","0","1","","0","","","2","1","0","0","0","1","0","2","0","2","","03","","N","","","","","","","","","",""
"2023004709","1352","2","0","0","0","0","0","0","0","0","4","0","","02","1","2023","7","40.449794","-79.827055","1349","11","0","0","0","0","0","1","0","0","","0","0","0","","","0","","2","","40 26:59.257","","0","79 49:37.397","0","0","0","0","2113","0","0","0","N","0","0","0","2","02113","0","","1.0","","2","N","N","N","0","","0","0","0","","3","","","2","0","0","0","0","0","0","2","0","2","","10","","N","","","","","","","","","",""
"2023025598","2354","2","0","0","0","0","0","0","0","0","4","0","","02","3","2023","4","40.454067","-79.951821","2349","11","0","0","0","0","0","0","0","0","","0","0","0","","","4","","1","","40 27:14.640","7","0","79 57:06.554","8","0","0","0","2301","0","0","0","N","0","0","0","4","02301","0","","1.0","45.0","1","N","N","N","0","","0","0","0","","2","Y","","2","4","3","0","0","4","0","2","0","2","","03","","N","","","","","","","","","",""
"2023025459","0031","0","0","0","0","0","0","0","0","0","7","0","","02","3","2023","5","40.442018","-79.792051","0004","11","0","0","0","0","1","0","0","0","","0","0","0","","","1","N","0","","40 26:31.265","","0","79 47:31.382","4","0","0","0","2446","0","0","0","N","0","0","0","1","68B03","1","","2.0","","9","N","N","N","0","","0","0","1","","0","","","1","1","0","0","0","0","0","2","0","1","","","","N","","","","","","","","","",""
"2023023274","2109","1","0","0","0","0","0","0","0","0","0","0","","02","3","2023","1","40.323031","-79.884083","2109","11","0","0","0","0","0","0","0","0","","0","0","0","","","0","N","0","","40 19:22.910","","0","79 53:02.699","0","0","0","0","2433","0","0","0","N","0","0","0","2","02433","0","","5.0","","1","N","N","N","0","","0","0","0","","0","","","1","0","0","0","0","0","0","2","0","1","","98","","N","","","","","","","","","",""
"2023022182","1526","1","0","0","0","0","0","0","0","0","7","0","","02","3","2023","5","40.512307","-80.034481","1520","11","0","0","0","0","0","1","0","0","","0","0","0","","","0","N","0","","40 30:44.305","4","0","80 02:04.131","0","0","0","0","2116","0","0","0","N","0","0","0","1","02116","0","","4.0","1600.0","1","N","N","N","0","","0","0","0","","0","N","","1","0","0","0","0","0","0","2","0","1","","03","","N","","","","","","","","","",""
"2023006207","2359","1","0","0","0","0","0","0","0","0","5","0","","02","1","2023","3","40.449922","-79.869125","2347","11","0","0","0","0","0","0","0","0","","0","0","0","","","0","N","0","","40 26:59.719","","0","79 52:08.850","0","0","0","0","2301","0","0","0","N","0","0","0","1","02301","0","","6.0","","1","N","N","N","0","","0","0","2","","0","","","3","0","0","0","0","0","0","2","0","3","","","","N","","","","","","","","","",""
"2023025286","1641","0","0","0","0","0","0","0","0","0","4","0","","02","3","2023","6","40.667518","-79.712798","1632","11","0","0","0","0","0","0","0","0","","0","0","0","","","0","","1","","40 40:03.063","3","0","79 42:46.074","0","0","0","0","2106","0","0","0","N","0","0","0","2","02106","0","","1.0","1700.0","1","N","N","N","1","","0","0","1","","1","N","","2","0","0","0","0","0","0","2","0","2","","","","N","","","","","","","","","",""
"2023005162","0947","0","0","0","0","0","0","0","0","0","7","0","","02","1","2023","2","40.475389","-79.783917","0939","11","0","0","0","0","0","0","0","1","","0","0","0","","","1","N","0","","40 28:31.400","","0","79 47:02.100","4","0","0","0","2113","0","0","0","N","0","0","0","1","02113","1","","4.0","","1","N","N","N","0","","0","0","1","","0","","","1","1","0","0","0","0","0","2","0","1","","","","N","","","","","","","","","",""
"2023025737","0959","2","0","0","0","0","0","0","0","0","1","0","","02","3","2023","7","40.360086","-80.072561","0956","11","0","0","0","0","0","0","2","0","","0","0","0","","","0","Y","0","","40 21:36.310","","0","80 04:21.220","0","0","0","0","2123","0","0","0","N","0","0","0","5","02123","0","","1.0","","1","N","N","N","1","","0","0","0","","2","","","4","0","0","0","0","0","0","2","1","4","","","","N","","","","","","","","","",""
"2023005045","2052","0","0","0","0","0","0","0","0","0","0","0","","02","1","2023","1","40.417104","-80.025414","2046","11","0","0","0","0","0","0","0","0","","0","0","0","","","1","","2","","40 25:01.573","7","0","80 01:31.492","3","0","0","0","2301","0","0","0","N","0","0","0","1","02301","0","","1.0","2132.0","1","N","N","N","0","","1","0","1","","0","Y","","1","1","0","0","0","0","0","2","0","1","","04","","N","","","","","","","","","",""
"2023021928","1712","0","0","0","0","0","0","0","0","0","4","0","","02","3","2023","4","40.464369","-80.053438","1710","11","0","0","0","0","0","0","0","0","","0","0","0","","","0","N","1","","40 27:51.729","1","0","80 03:12.376","0","0","0","0","2301","0","0","0","N","0","0","0","4","02301","0","","1.0","1800.0","1","N","N","N","0","","0","0","3","","2","Y","","3","0","0","0","0","0","0","2","0","3","","03","","N","","","","","","","","","",""
"2023005301","1810","1","0","0","0","0","0","0","0","0","1","0","","02","1","2023","2","40.400568","-80.000436","1802","11","0","0","0","0","0","1","0","0","","0","0","0","","","0","Y","0","","40 24:02.044","","0","80 00:01.571","0","0","0","0","2301","0","0","0","N","0","0","0","4","02301","0","","1.0","","1","N","N","N","0","","0","0","1","","0","N","","2","0","0","0","0","0","0","2","0","2","","03","","N","","","","","","","","","",""
"2023004144","1728","1","0","0","0","0","0","0","0","0","4","0","","02","1","2023","5","40.449828","-79.929641","1721","11","0","0","0","0","0","0","0","0","","0","0","0","","","0","","1","","40 26:59.380","4","0","79 55:46.709","0","0","0","0","2301","0","0","0","N","0","0","0","2","02301","0","","1.0","1810.0","9","N","N","N","1","","0","0","0","","2","N","","2","0","0","0","0","0","0","2","0","2","","98","","N","","","","","","","","","",""
"2023004932","1340","2","0","0","0","0","0","0","0","0","4","0","","02","1","2023","1","40.427031","-79.939768","1331","11","0","0","0","0","0","0","1","0","","0","0","0","","","1","","1","","40 25:37.310","","0","79 56:23.165","8","0","0","0","2301","0","0","0","N","0","0","0","5","02301","0","","1.0","","1","N","N","N","0","","0","0","0","","3","","","2","1","0","0","0","1","0","2","0","2","","","","N","","","","","","","","","",""
"2023003920","1801","1","0","0","0","0","0","0","0","0","2","0","","02","1","2023","2","40.439092","-79.793483","1758","11","0","0","0","0","0","0","0","0","","0","0","0","","","0","N","0","","40 26:20.730","","0","79 47:36.539","0","0","0","0","2446","0","0","0","N","0","0","0","2","02446","0","","1.0","","1","N","N","N","0","","0","0","1","","0","","","2","0","0","0","0","0","0","2","0","2","","","","N","","","","","","","","","",""
"2023025972","0153","1","0","0","0","0","0","0","0","0","7","0","","02","3","2023","3","40.427749","-79.890351","0104","11","0","0","0","0","0","0","0","0","","0","0","0","","","0","N","0","","40 25:39.896","","0","79 53:25.263","0","0","0","0","2426","0","0","0","N","0","0","0","1","68B03","0","","4.0","","7","N","N","N","0","","0","0","0","","0","","","1","0","0","0","0","0","0","2","0","1","","","","N","","","","","","","","","",""
"2023025735","1541","2","0","0","0","0","0","0","0","0","4","0","","02","3","2023","2","40.391729","-80.049266","1533","11","0","0","0","0","0","0","1","0","","0","0","0","","","0","","1","","40 23:30.224","","0","80 02:57.357","0","0","0","0","2109","0","0","0","N","0","0","0","2","02109","0","","1.0","","1","N","N","N","0","","0","0","0","","3","","","2","0","0","0","0","0","0","2","0","2","","","","N","","","","","","","","","",""
"2023024566","2305","1","0","0","0","0","0","0","0","0","7","0","","02","3","2023","4","40.459223","-79.874451","2256","11","0","0","0","0","0","0","0","0","","0","0","0","","","1","N","2","","40 27:33.202","6","0","79 52:28.022","8","0","0","0","2301","0","0","0","N","0","0","0","1","02301","0","","4.0","2345.0","99","N","N","N","0","","0","0","0","","0","Y","","1","1","0","0","0","1","0","2","0","1","","98","","N","","","","","","","","","",""
"2023004587","2338","1","0","0","0","0","0","0","0","0","7","0","","02","1","2023","6","40.455246","-79.966009","2332","11","0","0","0","0","0","0","0","0","","0","0","0","","","0","","2","","40 27:18.884","","0","79 57:57.634","0","0","0","0","2301","0","0","0","N","0","0","0","1","02301","0","","4.0","","2","N","N","N","0","","0","0","0","","0","","","1","0","1","0","0","0","0","2","0","1","","06","","N","","","","","","","","","",""
"2023002950","1712","0","0","0","0","0","0","0","0","0","8","0","","02","1","2023","2","40.448181","-79.898494","1706","11","0","0","0","0","0","1","0","0","","0","0","0","","","1","","2","","40 26:53.451","","7","79 53:54.580","3","0","0","0","2301","1","0","0","N","1","0","0","2","02301","0","","1.0","","1","N","N","N","0","","1","0","1","","2","","","2","1","1","0","0","0","0","2","0","1","","03","","N","","","","","","","","","",""
"2023005074","0458","0","0","0","0","0","0","0","0","0","7","0","","02","1","2023","2","40.37911","-79.993499","0450","11","0","0","0","0","0","0","0","0","","0","0","0","","","0","N","0","","40 22:44.796","","3","79 59:36.597","0","0","0","0","2301","0","0","0","N","0","0","0","1","02301","0","","2.0","","9","N","N","N","0","","0","0","1","","0","","","1","0","0","0","0","0","0","2","0","1","","03","","N","","","","","","","","","",""
"2023004688","0717","0","0","0","0","0","0","0","0","0","7","0","","02","1","2023","7","40.390139","-79.904972","0712","11","0","0","0","0","0","0","0","0","","0","0","0","","","0","N","0","","40 23:24.500","","0","79 54:17.900","0","0","0","0","2448","0","0","0","N","0","0","0","1","02448","0","","2.0","","9","N","N","N","0","","0","0","0","","0","","","1","0","0","0","0","0","0","2","1","1","","","","N","","","","","","","","","",""
"2023025461","0528","0","0","0","0","0","0","0","0","0","7","0","","02","3","2023","6","40.410908","-80.073972","0516","11","0","0","0","0","0","0","0","0","","0","0","0","","","0","N","0","","40 24:39.270","4","0","80 04:26.300","0","0","0","0","2117","0","0","0","N","0","0","0","1","68B03","0","","2.0","600.0","8","N","N","N","0","","0","0","1","","0","Y","","1","0","0","0","0","0","0","2","0","1","","","","N","","","","","","","","","",""
"2023011279","0956","1","0","0","0","0","0","0","0","0","7","0","","02","1","2023","2","40.368479","-80.062198","0954","11","0","0","0","0","0","0","0","1","","0","0","0","","","0","","2","","40 22:06.525","7","0","80 03:43.912","0","0","0","0","2109","0","0","0","N","0","0","0","1","02109","0","","2.0","1037.0","1","N","N","N","0","","0","0","0","","3","Y","","1","0","0","0","0","0","0","2","0","1","","03","","N","","","","","","","","","",""
"2023003707","","1","0","0","0","0","0","0","0","0","5","0","","02","1","2023","4","40.424889","-79.917944","","11","0","0","0","0","0","0","1","0","","0","0","0","","","0","N","0","","40 25:29.600","","0","79 55:04.600","0","0","0","0","2301","0","0","0","N","0","0","0","1","02301","0","","6.0","","1","N","N","N","0","","0","0","1","","0","","","2","0","0","0","0","0","0","2","0","2","","03","","N","","","","","","","","","",""
"2023005613","","0","0","0","0","0","0","0","0","0","6","0","","02","1","2023","3","40.437561","-79.979526","","11","0","0","0","0","0","0","0","0","","0","0","0","","","0","N","0","","40 26:15.221","","0","79 58:46.293","9","0","0","0","2301","0","0","0","N","0","0","0","1","02301","0","","6.0","","1","N","N","N","0","","0","0","1","","0","","","2","0","0","0","0","0","1","2","0","2","","","","N","","","","","","","","","",""
"2023022397","","0","0","0","0","0","0","0","0","0","1","1","","02","3","2023","6","40.340708","-79.966874","","11","0","0","0","0","0","1","0","0","","0","1","0","","","1","N","0","","40 20:26.548","4","0","79 58:00.745","8","0","0","0","2454","0","0","0","N","0","0","0","4","02454","0","","1.0","1050.0","9","N","N","N","0","","0","0","1","","0","N","","3","1","0","0","0","1","0","2","1","3","","","","N","","","","","","","","","",""
"2023005439","","1","0","0","0","0","0","0","0","0","4","0","","02","1","2023","2","40.517627","-79.958962","","11","0","0","0","0","0","0","0","1","","0","0","0","","","0","","2","","40 31:03.457","","0","79 57:32.263","0","0","0","0","2118","0","0","0","N","0","0","0","2","02118","0","","1.0","","1","N","N","N","0","","0","0","1","","3","","","2","0","0","0","0","0","0","2","0","2","","","","N","","","","","","","","","",""
"2023004777","","0","0","0","0","0","0","0","0","0","7","0","","02","1","2023","6","40.444671","-80.028853","","11","0","0","0","0","0","0","0","0","","0","0","0","","","0","","1","","40 26:40.814","","0","80 01:43.869","0","0","0","0","2301","0","0","0","N","0","0","0","1","02301","0","","3.0","","2","N","N","N","0","","0","0","1","","3","","","1","0","0","0","0","0","0","2","0","1","","06","","N","","","","","","","","","",""
"2023005595","","2","0","0","0","0","0","0","0","0","4","0","","02","1","2023","3","40.310524","-79.949818","","11","0","0","1","0","0","1","0","0","","0","0","0","","","0","","1","","40 18:37.888","7","0","79 56:59.346","0","0","0","0","2440","0","0","0","N","0","0","0","4","02440","0","","1.0","807.0","9","N","N","N","0","","0","0","1","","3","Y","","3","0","0","0","0","0","0","2","0","3","","","","N","","","","","","","","","",""
"2023004414","","0","0","0","0","0","0","0","0","0","1","0","","02","1","2023","6","40.570439","-79.961563","","11","0","0","0","0","0","0","1","0","","0","0","0","","","0","N","0","","40 34:13.580","2","0","79 57:41.628","0","0","0","0","2207","0","0","0","N","0","0","0","2","02207","0","","1.0","1559.0","9","N","N","N","0","","0","0","2","","0","Y","","2","0","0","0","0","0","0","2","0","2","","","","N","","","","","","","","","",""
"2023003539","","1","0","0","0","0","0","0","0","0","4","0","","02","1","2023","3","40.454158","-79.884742","","11","0","0","0","0","1","0","0","0","","0","0","0","","","3","N","0","","40 27:14.968","4","0","79 53:05.070","2","0","0","0","2301","0","0","0","N","0","0","0","3","02301","0","","1.0","1700.0","1","N","N","N","1","","2","1","1","","0","Y","","3","3","0","0","0","0","0","2","0","3","","04","","N","","","","","","","","","",""
"2023004614","","0","0","0","0","0","0","0","0","0","4","0","","02","1","2023","6","40.347699","-79.999163","","11","0","0","0","0","0","1","0","1","","0","0","0","","","0","","1","","40 20:51.718","7","0","79 59:56.985","0","0","0","0","2403","0","0","0","N","0","0","0","2","02403","0","","1.0","1646.0","1","N","N","N","0","","0","0","2","","3","Y","","2","0","0","0","0","0","0","2","0","2","","03","","N","","","","","","","","","",""
"2023002761","","2","0","0","0","0","0","0","0","0","2","0","","02","1","2023","2","40.362414","-79.867732","","11","0","0","0","0","0","0","0","0","","0","0","0","","","0","","1","","40 21:44.689","","0","79 52:03.835","9","0","0","0","2473","0","0","0","N","0","0","0","2","02473","0","","1.0","","1","N","N","N","0","","0","0","0","","0","","","2","0","0","0","0","0","1","2","0","2","","03","","N","","","","","","","","","",""
"2023004023","","1","0","0","0","0","0","0","0","0","4","0","","02","1","2023","5","40.430583","-80.012444","","11","0","0","0","0","0","0","0","0","","0","0","0","","","1","N","0","","40 25:50.100","","0","80 00:44.800","8","0","0","0","2301","0","0","0","N","0","0","0","2","02301","0","","1.0","","1","N","N","N","0","","0","0","1","","0","","","2","1","0","0","0","1","0","2","0","2","","","","N","","","","","","","","","",""
"2023005059","","1","0","0","0","0","0","0","0","0","4","0","","02","1","2023","1","40.442486","-80.003115","","11","0","0","0","0","0","0","0","0","","0","0","0","","","1","","1","","40 26:32.948","4","0","80 00:11.213","3","0","0","0","2301","0","0","0","N","0","0","0","2","02301","0","","1.0","49.0","1","N","","N","0","","1","0","1","","2","N","","2","1","0","0","0","0","1","2","0","2","","","","N","","","","","","","","","",""