"CRN","ARRIVAL_TM","AUTOMOBILE_COUNT","BELTED_DEATH_COUNT","BELTED_SUSP_SERIOUS_INJ_COUNT","BICYCLE_COUNT","BICYCLE_DEATH_COUNT","BICYCLE_SUSP_SERIOUS_INJ_COUNT","BUS_COUNT","CHLDPAS_DEATH_COUNT","CHLDPAS_SUSP_SERIOUS_INJ_COUNT","COLLISION_TYPE","COMM_VEH_COUNT","CONS_ZONE_SPD_LIM","COUNTY","CRASH_MONTH","CRASH_YEAR","DAY_OF_WEEK","DEC_LATITUDE","DEC_LONGITUDE","DISPATCH_TM","DISTRICT","DRIVER_COUNT_16YR","DRIVER_COUNT_17YR","DRIVER_COUNT_18YR","DRIVER_COUNT_19YR","DRIVER_COUNT_20YR","DRIVER_COUNT_50_64YR","DRIVER_COUNT_65_74YR","DRIVER_COUNT_75PLUS","EST_HRS_CLOSED","FATAL_COUNT","HEAVY_TRUCK_COUNT","HORSE_BUGGY_COUNT","HOUR_OF_DAY","ILLUMINATION","INJURY_COUNT","INTERSECTION_RELATED","INTERSECT_TYPE","LANE_CLOSED","LATITUDE","LN_CLOSE_DIR","LOCATION_TYPE","LONGITUDE","MAX_SEVERITY_LEVEL","MCYCLE_DEATH_COUNT","MCYCLE_SUSP_SERIOUS_INJ_COUNT","MOTORCYCLE_COUNT","MUNICIPALITY","NONMOTR_COUNT","NONMOTR_DEATH_COUNT","NONMOTR_SUSP_SERIOUS_INJ_COUNT","NTFY_HIWY_MAINT","PED_COUNT","PED_DEATH_COUNT","PED_SUSP_SERIOUS_INJ_COUNT","PERSON_COUNT","POLICE_AGCY","POSSIBLE_INJ_COUNT","RDWY_SURF_TYPE_CD","RELATION_TO_ROAD","ROADWAY_CLEARED","ROAD_CONDITION","SCH_BUS_IND","SCH_ZONE_IND","SECONDARY_CRASH","SMALL_TRUCK_COUNT","SPEC_JURIS_CD","SUSP_MINOR_INJ_COUNT","SUSP_SERIOUS_INJ_COUNT","SUV_COUNT","TCD_FUNC_CD","TCD_TYPE","TFC_DETOUR_IND","TIME_OF_DAY","TOTAL_UNITS","TOT_INJ_COUNT","UNBELTED_OCC_COUNT","UNB_DEATH_COUNT","UNB_SUSP_SERIOUS_INJ_COUNT","UNK_INJ_DEG_COUNT","UNK_INJ_PER_COUNT","URBAN_RURAL","VAN_COUNT","VEHICLE_COUNT","WEATHER1","WEATHER2","WORKERS_PRES","WORK_ZONE_IND","WORK_ZONE_LOC","WORK_ZONE_TYPE","WZ_CLOSE_DETOUR","WZ_FLAGGER","WZ_LAW_OFFCR_IND","WZ_LN_CLOSURE","WZ_MOVING","WZ_OTHER","WZ_SHLDER_MDN","WZ_WORKERS_INJ_KILLED"
"2023011685","","0","0","0","0","0","0","0","0","0","4","0","","02","2","2023","6","40.600357","-79.888678","","11","0","0","0","0","0","2","0","0","","0","0","0","","","0","","2","","40 36:01.285","","0","79 53:19.242","0","0","0","0","2220","0","0","0","N","0","0","0","2","02220","0","","1.0","","1","N","N","N","0","","0","0","2","","0","","","2","0","0","0","0","0","0","2","0","2","","02","","N","","","","","","","","","",""
"2023005030","","0","0","0","0","0","0","0","0","0","7","0","","02","1","2023","1","40.469833","-80.007444","","11","0","0","0","0","0","0","0","0","","0","0","0","","","0","N","0","","40 28:11.400","7","0","80 00:26.800","0","0","0","0","2301","0","0","0","N","0","0","0","1","02301","0","","2.0","1745.0","1","N","N","N","0","","0","0","1","","0","Y","","1","0","0","0","0","0","0","2","0","1","","03","","N","","","","","","","","","",""
"2023014402","","2","0","0","0","0","0","0","0","0","2","0","","02","2","2023","1","40.441421","-79.936469","","11","0","0","0","1","0","0","0","0","","0","0","0","","","0","N","0","","40 26:29.115","4","7","79 56:11.288","0","0","0","0","2301","0","0","0","N","0","0","0","5","02301","0","","1.0","1908.0","1","N","N","N","0","","0","0","0","","0","N","","2","0","0","0","0","0","0","2","0","2","","","","Y","","","","","","","","","",""
"2023019073","","1","0","0","0","0","0","0","0","0","98","0","","02","2","2023","1","40.504518","-79.859761","","11","0","0","0","0","0","0","0","0","","0","0","0","","","0","N","0","","40 30:16.264","","0","79 51:35.139","0","0","0","0","2112","0","0","0","N","0","0","0","2","68D02","0","","1.0","","1","N","N","N","0","","0","0","0","","0","","","1","0","0","0","0","0","0","2","0","1","","","","N","","","","","","","","","",""
"2023004230","","1","0","0","0","0","0","0","0","0","99","0","","02","1","2023","5","40.476555","-80.041171","","11","0","0","0","0","0","0","0","0","","0","0","0","","","0","N","0","","40 28:35.599","","0","80 02:28.216","9","0","0","0","2301","0","0","0","N","0","0","0","1","02301","0","","9.0","","9","N","N","N","0","","0","0","0","","0","","","1","0","0","0","0","0","1","2","0","1","","07","","N","","","","","","","","","",""
"2023016822","","1","0","0","0","0","0","0","0","0","1","0","","02","2","2023","2","40.61606","-80.093248","","11","0","0","0","0","0","1","1","0","","0","0","0","","","0","","1","","40 36:57.815","","0","80 05:35.694","9","0","0","0","2212","0","0","0","N","0","0","0","3","02505","0","","1.0","","9","N","N","N","0","","0","0","1","","2","","","2","0","0","0","0","0","1","2","0","2","","","","N","","","","","","","","","",""
"2023018485","","0","0","0","0","0","0","0","0","0","98","0","","02","2","2023","4","40.510313","-80.094573","","11","0","0","0","0","0","0","0","0","","0","0","0","","","1","","1","","40 30:37.125","1","0","80 05:40.463","4","0","0","1","2429","0","0","0","N","0","0","0","1","02215","1","","1.0","2230.0","1","N","N","N","0","","0","0","0","","2","N","","1","1","0","0","0","0","0","2","0","1","","","","N","","","","","","","","","",""
"2023019378","","0","0","0","0","0","0","0","0","0","4","0","","02","2","2023","3","40.463812","-79.824128","","11","0","0","0","0","0","0","1","0","","0","0","0","","","0","","5","","40 27:49.724","2","0","79 49:26.861","0","0","0","0","2113","0","0","0","N","0","0","0","2","02113","0","","1.0","2006.0","1","N","N","N","0","","0","0","2","","0","N","","2","0","0","0","0","0","0","2","0","2","","","","N","","","","","","","","","",""
"2023014853","","1","0","0","0","0","0","0","0","0","2","0","","02","2","2023","3","40.435615","-80.050462","","11","0","0","0","0","0","0","0","0","","0","0","0","","","3","N","3","","40 26:08.214","7","0","80 03:01.663","8","0","0","0","2301","0","0","0","N","0","0","0","3","02301","0","","1.0","915.0","1","N","N","N","0","","0","0","1","","0","N","","2","3","0","0","0","3","0","2","0","2","","03","","N","","","","","","","","","",""
"2023015698","","1","0","0","0","0","0","0","0","0","7","0","","02","1","2023","3","40.438936","-80.242602","","11","0","0","0","0","0","0","0","0","","0","0","0","","","0","N","0","","40 26:20.171","3","0","80 14:33.367","0","0","0","0","2214","0","0","0","N","0","0","0","1","68B03","0","","4.0","802.0","6","N","N","N","0","","0","0","0","","0","N","","1","0","0","0","0","0","0","2","0","1","","","","N","","","","","","","","","",""
"2023004143","","0","0","0","0","0","0","0","0","0","7","0","","02","1","2023","5","40.458661","-79.998379","","11","0","0","0","0","0","0","0","0","","0","0","0","","","0","","3","","40 27:31.180","","0","79 59:54.163","9","0","0","0","2301","0","0","0","N","0","0","0","1","02301","0","","1.0","","9","N","N","N","0","","0","0","1","","0","","","1","0","0","0","0","0","1","2","0","1","","07","","N","","","","","","","","","",""
"2023018010","","1","0","0","0","0","0","1","0","0","4","1","","02","2","2023","6","40.437628","-79.984223","","11","0","0","0","0","0","1","0","0","","0","0","0","","","0","","1","","40 26:15.459","","0","79 59:03.201","0","0","0","0","2301","0","0","0","N","0","0","0","2","02301","0","","1.0","","1","N","N","N","0","","0","0","0","","2","","","2","0","0","0","0","0","0","2","0","2","","","","N","","","","","","","","","",""
"2023019590","","1","0","0","0","0","0","0","0","0","99","0","","02","2","2023","1","40.32513","-80.12379","","11","0","0","0","0","1","0","0","0","","0","0","0","","","0","N","0","","40 19:30.468","2","0","80 07:25.645","0","0","0","0","2119","0","0","0","N","0","0","0","1","02119","0","","5.0","1429.0","1","N","N","N","0","","0","0","0","","0","N","","1","0","0","0","0","0","0","2","0","1","","","","N","","","","","","","","","",""
"2023003148","","2","0","0","0","0","0","0","0","0","1","0","","02","1","2023","2","40.541717","-80.045453","","11","0","0","0","0","0","0","0","0","","0","0","0","","","0","N","0","","40 32:30.182","3","0","80 02:43.631","0","0","0","0","2116","0","0","0","N","0","0","0","2","02116","0","","1.0","1605.0","1","N","N","N","0","","0","0","0","","0","N","","2","0","0","0","0","0","0","2","0","2","","03","","N","","","","","","","","","",""
"2023013608","","0","0","0","0","0","0","0","0","0","4","1","","02","2","2023","4","40.56701","-79.859258","","11","0","0","0","0","0","1","0","1","","0","1","0","","","1","","2","","40 34:01.236","6","0","79 51:33.330","3","0","0","0","2209","0","0","0","N","0","0","0","2","02209","0","","1.0","1607.0","1","N","N","N","0","","1","0","1","","0","Y","","2","1","0","0","0","0","0","2","0","2","","","","N","","","","","","","","","",""
"2023014665","","2","0","0","0","0","0","0","0","0","4","0","","02","2","2023","1","40.338396","-79.953241","","11","0","0","0","0","0","1","0","0","","0","0","0","","","0","N","0","","40 20:18.226","1","0","79 57:11.669","0","0","0","0","2454","0","0","0","N","0","0","0","2","02454","0","","1.0","2105.0","1","N","N","N","0","","0","0","0","","0","N","","2","0","0","0","0","0","0","2","0","2","","","","N","","","","","","","","","",""
"2023019414","","1","0","0","0","0","0","0","0","0","4","0","","02","2","2023","7","40.457357","-80.051509","","11","0","0","0","0","0","0","0","0","","0","0","0","","","0","N","0","","40 27:26.484","7","0","80 03:05.434","0","0","0","0","2301","0","0","0","N","0","0","0","1","02301","0","","1.0","30.0","1","N","N","N","0","","0","0","1","","0","Y","","2","0","0","0","0","0","0","2","0","2","","","","N","","","","","","","","","",""
"2023021622","","1","0","0","0","0","0","0","0","0","7","0","","02","2","2023","1","40.452655","-79.943679","","11","0","0","0","0","0","1","0","0","","0","0","0","","","0","","1","","40 27:09.557","2","0","79 56:37.244","0","0","0","0","2301","0","0","0","N","0","0","0","1","02301","0","","5.0","445.0","1","N","N","N","0","","0","0","0","","2","N","","1","0","1","0","0","0","0","2","0","1","","03","","N","","","","","","","","","",""
"2023016296","","0","0","0","0","0","0","0","0","0","7","0","","02","2","2023","6","40.495479","-79.979548","","11","0","0","0","0","0","1","0","0","","0","0","0","","","0","N","0","","40 29:43.726","6","0","79 58:46.371","0","0","0","0","2118","0","0","0","N","0","0","0","1","02118","0","","2.0","1537.0","1","N","N","N","0","","0","0","1","","0","Y","","1","0","0","0","0","0","0","2","0","1","","03","","N","","","","","","","","","",""
"2023018199","","1","0","0","0","0","0","0","0","0","4","0","","02","2","2023","7","40.458149","-79.934572","","11","0","0","0","0","0","0","0","0","","0","0","0","","","0","N","1","","40 27:29.338","6","0","79 56:04.458","0","0","0","0","2301","0","0","0","N","0","0","0","2","02301","0","","1.0","938.0","1","N","N","N","0","","0","0","1","","2","Y","","2","0","0","0","0","0","0","2","0","2","","03","","N","","","","","","","","","",""
"2023013461","","0","0","0","0","0","0","1","0","0","4","1","","02","2","2023","5","40.407433","-79.911334","","11","0","0","0","0","0","2","0","0","","0","0","0","","","1","","1","","40 24:26.759","","0","79 54:40.804","3","0","0","0","2438","0","0","0","N","0","0","0","3","02503","0","","1.0","","9","N","N","N","1","","1","0","1","","3","","","3","1","1","0","0","0","0","2","0","3","","03","","N","","","","","","","","","",""
"2023014434","","2","0","0","0","0","0","0","0","0","1","0","","02","2","2023","1","40.469832","-79.963717","","11","0","0","0","0","0","0","0","0","","0","0","0","","","0","N","2","","40 28:11.396","1","0","79 57:49.382","0","0","0","0","2301","0","0","0","N","0","0","0","5","02301","0","","1.0","2357.0","1","N","N","N","0","","0","0","2","","0","Y","","4","0","0","0","0","0","0","2","0","4","","03","","N","","","","","","","","","",""
"2023018989","","1","0","0","0","0","0","0","0","0","1","0","","02","2","2023","1","40.441265","-79.95918","","11","0","0","0","0","0","0","0","0","","0","0","0","","","0","","2","","40 26:28.554","4","0","79 57:33.047","0","0","0","0","2301","0","0","0","N","0","0","0","3","02301","0","","1.0","415.0","1","N","N","N","1","","0","0","0","","2","N","","2","0","0","0","0","0","0","2","0","2","","03","","N","","","","","","","","","",""
"2023019820","","0","0","0","0","0","0","0","0","0","1","0","","02","3","2023","4","40.635104","-79.943712","","11","0","0","0","0","0","0","0","1","","0","0","0","","","0","N","2","","40 38:06.373","4","0","79 56:37.362","0","0","0","0","2217","0","0","0","N","0","0","0","2","02505","0","","1.0","1940.0","1","N","N","N","1","","0","0","0","","0","N","","2","0","0","0","0","0","0","2","1","2","","","","N","","","","","","","","","",""
"2023015614","","0","0","0","0","0","0","0","0","0","7","0","","02","2","2023","1","40.416414","-79.886633","","11","0","0","0","0","0","0","0","0","","0","0","0","","","0","N","0","","40 24:59.090","2","0","79 53:11.880","0","0","0","0","2456","0","0","0","N","0","0","0","1","68B03","0","","4.0","511.0","1","N","N","N","0","","0","0","1","","0","Y","","1","0","0","0","0","0","0","2","0","1","","03","","N","","","","","","","","","",""
"2023018771","","0","0","0","0","0","0","0","0","0","6","0","","02","2","2023","1","40.364806","-80.043972","","11","0","0","0","0","0","1","1","0","","0","0","0","","","0","","2","","40 21:53.301","","0","80 02:38.300","0","0","0","0","2109","0","0","0","N","0","0","0","3","02109","0","","1.0","","1","N","N","N","0","","0","0","2","","0","","","2","0","0","0","0","0","0","2","0","2","","03","","N","","","","","","","","","",""
"2023015471","","0","0","0","0","0","0","0","0","0","1","1","","02","2","2023","4","40.595748","-79.947666","","11","0","0","0","0","0","0","0","0","","0","0","0","","","0","N","0","","40 35:44.693","1","7","79 56:51.598","0","0","0","0","2207","0","0","0","N","0","0","0","2","02207","0","","1.0","1445.0","1","N","N","N","1","","0","0","0","","0","N","","2","0","1","0","0","0","0","2","1","2","","04","","N","","","","","","","","","",""
"2023020200","","1","0","0","0","0","0","0","0","0","1","0","","02","2","2023","3","40.652381","-80.049912","","11","0","0","0","0","0","1","0","0","","0","0","0","","","0","N","0","","40 39:08.573","","0","80 02:59.684","0","0","0","0","2216","0","0","0","N","0","0","0","2","68T02","0","","1.0","","9","N","N","N","0","","0","0","1","","0","","","2","0","0","0","0","0","0","2","0","2","","07","","N","","","","","","","","","",""
"2023025448","","1","0","0","0","0","0","0","0","0","7","0","","02","3","2023","3","40.64612","-80.09583","","11","0","0","0","0","0","0","0","0","","0","0","0","","","1","N","0","","40 38:46.031","1","0","80 05:44.988","4","0","0","0","2212","0","0","0","Y","0","0","0","1","68B03","1","","3.0","100.0","6","N","N","N","0","","0","0","0","","0","N","","1","1","0","0","0","0","0","2","0","1","","","","N","","","","","","","","","",""
"2023008640","","1","0","0","0","0","0","0","0","0","1","0","","02","1","2023","4","40.438463","-80.152064","","11","0","0","0","0","0","1","0","0","","0","0","0","","","0","N","0","","40 26:18.468","","0","80 09:07.429","0","0","0","0","2115","0","0","0","N","0","0","0","3","68B03","0","","1.0","","1","N","N","N","0","","0","0","2","","0","","","3","0","0","0","0","0","0","2","0","3","","","","N","","","","","","","","","",""
"2023015231","","1","0","0","0","0","0","0","0","0","1","0","","02","2","2023","3","40.475145","-79.773378","","11","0","1","0","0","0","1","0","0","","0","0","0","","","0","N","0","","40 28:30.521","","0","79 46:24.160","0","0","0","0","2466","0","0","0","N","0","0","0","2","02466","0","","1.0","","1","N","N","N","0","","0","0","2","","0","N","","3","0","0","0","0","0","0","2","0","3","","03","","N","","","","","","","","","",""
"2023005637","","0","0","0","0","0","0","0","0","0","4","0","","02","1","2023","7","40.354566","-80.114794","","11","0","0","0","0","0","1","0","0","","0","0","0","","","0","","2","","40 21:16.437","","0","80 06:53.257","0","0","0","0","2102","0","0","0","N","0","0","0","3","02102","0","","1.0","","1","N","N","N","1","","0","0","1","","2","","","2","0","0","0","0","0","0","2","0","2","","03","","N","","","","","","","","","",""
"2023015468","","0","0","0","0","0","0","0","0","0","6","0","","02","2","2023","4","40.52839","-80.161615","","11","0","0","0","0","0","0","0","0","","0","0","0","","","0","","2","","40 31:42.204","1","0","80 09:41.814","0","0","0","0","2452","0","0","0","N","0","0","0","3","02458","0","","1.0","1503.0","1","N","N","N","0","","0","0","2","","0","N","","2","0","0","0","0","0","0","2","0","2","","03","","N","","","","","","","","","",""
"2023003031","","0","0","0","0","0","0","0","0","0","4","0","","02","1","2023","2","40.463868","-79.916778","","11","0","0","0","0","0","1","1","0","","0","0","0","","","0","","1","","40 27:49.924","","0","79 55:00.402","0","0","0","0","2301","0","0","0","N","0","0","0","2","02301","0","","1.0","","1","N","N","N","0","","0","0","2","","3","","","2","0","0","0","0","0","0","2","0","2","","03","","N","","","","","","","","","",""
"2023017923","","1","0","0","0","0","0","0","0","0","2","0","","02","2","2023","5","40.449456","-80.107355","","11","0","0","0","1","0","1","0","1","","0","0","0","","","2","N","1","","40 26:58.043","1","0","80 06:26.477","8","0","0","0","2115","0","0","0","N","0","0","0","3","02115","0","","1.0","1410.0","1","N","N","N","0","","0","0","2","","2","N","","3","2","0","0","0","2","0","2","0","3","","03","","N","","","","","","","","","",""
"2023015248","","2","0","0","0","0","0","0","0","0","4","0","","02","2","2023","4","40.436172","-79.978376","","11","0","0","0","0","0","0","0","0","","0","0","0","","","0","","2","","40 26:10.220","4","0","79 58:42.153","0","0","0","0","2301","0","0","0","N","0","0","0","1","02301","0","","1.0","1715.0","1","N","N","N","0","","0","0","0","","3","N","","2","0","0","0","0","0","0","2","0","2","","03","","N","","","","","","","","","",""
"2023015093","","1","0","0","0","0","0","0","0","0","7","0","","02","2","2023","3","40.542913","-80.035933","","11","0","0","1","0","0","0","0","0","","0","0","0","","","0","","5","","40 32:34.486","","0","80 02:09.359","0","0","0","0","2108","0","0","0","N","0","0","0","1","02108","0","","5.0","","1","N","N","N","0","","0","0","0","","2","","","1","0","0","0","0","0","0","2","0","1","","","","N","","","","","","","","","",""
"2023018662","","1","0","0","0","0","0","0","0","0","4","0","","02","2","2023","2","40.240878","-79.86012","","11","0","0","0","0","0","1","0","0","","0","0","0","","","0","N","1","","40 14:27.160","7","0","79 51:36.431","0","0","0","0","2105","0","0","0","N","0","0","0","2","02105","0","","1.0","840.0","1","N","N","N","0","","0","0","1","","3","Y","","2","0","0","0","0","0","0","1","0","2","","03","","N","","","","","","","","","",""
"2023019150","","2","0","0","0","0","0","0","0","0","4","0","","02","2","2023","2","40.438363","-79.772221","","11","0","0","0","0","0","0","0","0","","0","0","0","","","0","N","0","","40 26:18.107","3","7","79 46:19.995","0","0","0","0","2446","0","0","0","N","0","0","0","3","02446","0","","1.0","1258.0","9","N","N","N","0","","0","0","0","","0","N","","2","0","0","0","0","0","0","2","0","2","","","","N","","","","","","","","","",""
"2023019589","","1","0","0","0","0","0","0","0","0","2","0","","02","3","2023","4","40.387672","-80.043413","","11","0","0","0","0","0","0","0","0","","0","0","0","","","0","","2","","40 23:15.618","7","0","80 02:36.285","0","0","0","0","2109","0","0","0","N","0","0","0","2","02109","0","","1.0","1219.0","1","N","N","N","0","","0","0","1","","3","Y","","2","0","0","0","0","0","0","2","0","2","","03","","N","","","","","","","","","",""
"2023003537","","0","0","0","0","0","0","0","0","0","1","0","","02","1","2023","3","40.449692","-80.018296","","11","0","0","0","0","0","0","0","0","","0","0","0","","","0","","1","","40 26:58.890","","0","80 01:05.866","0","0","0","0","2301","0","0","0","N","0","0","0","5","02301","0","","1.0","","1","N","N","N","0","","0","0","1","","2","","","3","0","0","0","0","0","0","2","1","2","","03","","N","","","","","","","","","",""
"2023014432","","0","0","0","0","0","0","0","0","0","2","0","","02","2","2023","1","40.470877","-80.032117","","11","0","0","0","0","0","0","0","0","","0","0","0","","","0","N","2","","40 28:15.157","","0","80 01:55.621","9","0","0","0","2301","0","0","0","N","0","0","0","1","02301","0","","1.0","","1","N","N","N","0","","0","0","1","","0","","","2","0","0","0","0","0","1","2","1","2","","","","N","","","","","","","","","",""
"2023019808","","1","0","0","0","0","0","0","0","0","6","0","","02","3","2023","4","40.477665","-79.785487","","11","0","0","0","0","0","0","0","0","","0","0","0","","","2","N","1","","40 28:39.595","","0","79 47:07.754","3","0","0","0","2113","0","0","0","N","0","0","0","5","02113","0","","1.0","","9","N","N","N","0","","2","0","1","","0","","","2","2","0","0","0","0","0","2","0","2","","","","N","","","","","","","","","",""
"2023015421","","1","0","0","0","0","0","0","0","0","7","0","","02","1","2023","3","40.471669","-80.224348","","11","0","0","0","0","0","0","0","0","","0","0","0","","","0","N","0","","40 28:18.009","","0","80 13:27.654","0","0","0","0","2203","0","0","0","Y","0","0","0","1","68B03","0","","4.0","","6","N","N","N","0","","0","0","0","","0","","","1","0","0","0","0","0","0","2","0","1","","","","N","","","","","","","","","",""
"2023018219","","0","0","0","0","0","0","0","0","0","8","0","","02","2","2023","4","40.370189","-80.100776","","11","0","0","0","0","0","0","0","1","","0","0","0","","","1","N","0","","40 22:12.680","","7","80 06:02.794","2","0","0","0","2102","1","0","1","N","1","0","1","2","02102","0","","6.0","","9","N","N","N","0","","0","1","1","","0","","","2","1","0","0","0","0","0","2","0","1","","","","N","","","","","","","","","",""
"2023013772","","1","0","0","0","0","0","0","0","0","4","0","","02","2","2023","6","40.436691","-79.836671","","11","0","0","0","0","0","1","0","0","","0","0","0","","","2","","1","","40 26:12.087","","0","79 50:12.015","3","0","0","0","2419","0","0","0","N","0","0","0","2","02419","0","","1.0","","1","N","N","N","0","","2","0","1","","3","","","2","2","0","0","0","0","0","2","0","2","","","","N","","","","","","","","","",""
"2023015700","","1","0","0","0","0","0","0","0","0","7","0","","02","2","2023","5","40.454173","-80.181448","","11","0","0","0","0","0","0","1","0","","0","0","0","","","1","N","0","","40 27:15.021","3","0","80 10:53.213","4","0","0","0","2214","0","0","0","N","0","0","0","1","68B03","1","","4.0","801.0","1","N","N","N","0","","0","0","0","","0","N","","1","1","0","0","0","0","0","2","0","1","","","","N","","","","","","","","","",""
"2023014237","","2","0","0","0","0","0","0","0","0","1","0","","02","2","2023","1","40.483257","-79.852285","","11","0","0","0","0","0","0","0","0","","0","0","0","","","0","N","0","","40 28:59.725","","0","79 51:08.225","0","0","0","0","2113","0","0","0","N","0","0","0","1","02113","0","","4.0","","1","N","N","N","0","","0","0","1","","0","","","3","0","0","0","0","0","0","2","0","3","","03","","N","","","","","","","","","",""
"2023017946","","1","0","0","0","0","0","0","0","0","1","0","","02","2","2023","5","40.516908","-79.953591","","11","0","0","0","0","0","1","0","0","","0","0","0","","","1","N","0","","40 31:00.869","1","0","79 57:12.929","8","0","0","0","2118","0","0","0","N","0","0","0","2","02118","0","","1.0","1430.0","1","N","N","Y","1","","0","0","0","","0","N","","2","1","0","0","0","1","0","2","0","2","","03","","N","","","","","","","","","",""
"2023005639","","1","0","0","0","0","0","0","0","0","4","0","","02","1","2023","2","40.37024","-80.100807","","11","0","0","0","0","0","0","1","0","","0","0","0","","","0","","2","","40 22:12.863","3","7","80 06:02.906","0","0","0","0","2102","0","0","0","N","0","0","0","2","02102","0","","1.0","1814.0","1","N","N","N","0","","0","0","1","","2","N","","2","0","0","0","0","0","0","2","0","2","","03","","N","","","","","","","","","",""
"2023018712","","0","0","0","0","0","0","0","0","0","1","0","","02","2","2023","2","40.457239","-79.937445","","11","0","0","0","0","0","1","0","0","","0","0","0","","","4","N","0","","40 27:26.061","","0","79 56:14.801","3","0","0","0","2301","0","0","0","N","0","0","0","4","02301","0","","1.0","","1","N","N","N","1","","4","0","1","","0","","","3","4","0","0","0","0","0","2","1","3","","04","","N","","","","","","","","","",""
"2023018554","","0","0","0","0","0","0","0","0","0","7","0","","02","2","2023","7","40.443658","-79.753459","","11","0","0","0","0","0","0","0","0","","0","0","0","","","0","N","0","","40 26:37.169","","0","79 45:12.454","0","0","0","0","2446","0","0","0","N","0","0","0","3","68T02","0","","2.0","","1","N","N","N","0","","0","0","1","","0","","","1","0","0","0","0","0","0","2","0","1","","","","N","","","","","","","","","",""
"2023024250","","1","0","0","0","0","0","0","0","0","6","0","","02","3","2023","4","40.339051","-79.993075","","11","0","0","0","0","0","0","0","0","","0","0","0","","","0","N","0","","40 20:20.584","","0","79 59:35.071","0","0","0","0","2403","0","0","0","N","0","0","0","1","02403","0","","5.0","","1","N","N","N","0","","0","0","0","","0","","","2","0","0","0","0","0","0","2","1","2","","","","N","","","","","","","","","",""
"2023013987","","0","0","0","0","0","0","0","0","0","7","0","","02","2","2023","7","40.653172","-80.063628","","11","0","0","0","0","0","0","0","0","","0","0","0","","","0","N","0","","40 39:11.420","6","0","80 03:49.060","0","0","0","0","2216","0","0","0","N","0","0","0","1","02505","0","","5.0","256.0","1","N","N","N","0","","0","0","1","","0","N","","1","0","0","0","0","0","0","2","0","1","","03","","N","","","","","","","","","",""
"2023014313","","0","0","0","0","0","0","0","0","0","4","0","","02","2","2023","1","40.448743","-79.961563","","11","0","0","0","0","0","0","0","0","","0","0","0","","","1","N","2","","40 26:55.474","6","0","79 57:41.628","3","0","0","0","2301","0","0","0","N","0","0","0","2","02301","0","","1.0","1218.0","1","N","N","N","0","","1","0","2","","0","N","","2","1","0","0","0","0","0","2","0","2","","","","N","","","","","","","","","",""
"2023014156","","1","0","0","0","0","0","0","0","0","7","0","","02","2","2023","4","40.467886","-80.283125","","11","0","0","0","0","0","0","0","0","","0","0","0","","","0","N","0","","40 28:04.388","","0","80 16:59.249","0","0","0","0","2203","0","0","0","Y","0","0","0","1","02203","0","","5.0","","1","N","N","N","0","","0","0","0","","0","","","1","0","0","0","0","0","0","1","0","1","","","","N","","","","","","","","","",""
"2023010211","","2","0","0","0","0","0","0","0","0","1","0","","02","1","2023","3","40.398914","-79.988924","","11","0","0","0","0","0","0","0","0","","0","0","0","","","0","N","0","","40 23:56.091","","0","79 59:20.125","0","0","0","0","2301","0","0","0","N","0","0","0","2","02301","0","","6.0","","7","N","N","N","0","","0","0","0","","0","","","2","0","0","0","0","0","0","2","0","2","","10","","N","","","","","","","","","",""
"2023003755","","1","0","0","0","0","0","0","0","0","4","0","","02","1","2023","3","40.508276","-80.210538","","11","1","0","0","0","0","0","0","0","","0","0","0","","","1","N","0","","40 30:29.793","","7","80 12:37.936","3","0","0","0","2213","0","0","0","N","0","0","0","6","02213","0","","1.0","","9","N","N","N","0","","1","0","0","","3","","","2","1","0","0","0","0","0","2","1","2","","","","N","","","","","","","","","",""
"2023006565","","1","0","0","0","0","0","0","0","0","7","0","","02","1","2023","5","40.406722","-79.979278","","11","0","0","0","0","0","0","0","0","","0","0","0","","","0","N","0","","40 24:24.200","","0","79 58:45.400","0","0","0","0","2301","0","0","0","Y","0","0","0","1","02301","0","","4.0","","9","N","N","N","0","","0","0","0","","0","","","1","0","0","0","0","0","0","2","0","1","","98","","N","","","","","","","","","",""
"2023018963","","2","0","0","0","0","0","0","0","0","4","0","","02","2","2023","2","40.45082","-79.713563","","11","0","0","0","0","0","0","0","0","","0","0","0","","","1","","1","","40 27:02.952","","0","79 42:48.828","4","0","0","0","2466","0","0","0","N","0","0","0","3","02466","1","","1.0","","9","N","N","N","0","","0","0","0","","2","","","2","1","0","0","0","0","0","2","0","2","","03","","N","","","","","","","","","",""
"2023006362","","1","0","0","1","0","0","0","0","0","8","0","","02","1","2023","1","40.448881","-79.893879","","11","0","0","0","0","0","1","0","0","","0","0","0","","","1","","1","","40 26:55.970","4","0","79 53:37.966","3","0","0","0","2301","1","0","0","N","0","0","0","2","02301","0","","1.0","1500.0","1","N","N","N","0","","1","0","0","","3","Y","","2","1","0","0","0","0","0","2","0","1","","03","","N","","","","","","","","","",""
"2023002030","","1","0","0","0","0","0","0","0","0","4","0","","02","1","2023","3","40.419682","-79.928223","","11","0","0","0","0","0","0","0","0","","0","0","0","","","0","","2","","40 25:10.855","","0","79 55:41.603","0","0","0","0","2301","0","0","0","N","0","0","0","3","02301","0","","1.0","","9","N","N","N","0","","0","0","0","","3","","","2","0","0","0","0","0","0","2","1","2","","07","","N","","","","","","","","","",""