"CRN","ARRIVAL_TM","AUTOMOBILE_COUNT","BELTED_DEATH_COUNT","BELTED_SUSP_SERIOUS_INJ_COUNT","BICYCLE_COUNT","BICYCLE_DEATH_COUNT","BICYCLE_SUSP_SERIOUS_INJ_COUNT","BUS_COUNT","CHLDPAS_DEATH_COUNT","CHLDPAS_SUSP_SERIOUS_INJ_COUNT","COLLISION_TYPE","COMM_VEH_COUNT","CONS_ZONE_SPD_LIM","COUNTY","CRASH_MONTH","CRASH_YEAR","DAY_OF_WEEK","DEC_LATITUDE","DEC_LONGITUDE","DISPATCH_TM","DISTRICT","DRIVER_COUNT_16YR","DRIVER_COUNT_17YR","DRIVER_COUNT_18YR","DRIVER_COUNT_19YR","DRIVER_COUNT_20YR","DRIVER_COUNT_50_64YR","DRIVER_COUNT_65_74YR","DRIVER_COUNT_75PLUS","EST_HRS_CLOSED","FATAL_COUNT","HEAVY_TRUCK_COUNT","HORSE_BUGGY_COUNT","HOUR_OF_DAY","ILLUMINATION","INJURY_COUNT","INTERSECTION_RELATED","INTERSECT_TYPE","LANE_CLOSED","LATITUDE","LN_CLOSE_DIR","LOCATION_TYPE","LONGITUDE","MAX_SEVERITY_LEVEL","MCYCLE_DEATH_COUNT","MCYCLE_SUSP_SERIOUS_INJ_COUNT","MOTORCYCLE_COUNT","MUNICIPALITY","NONMOTR_COUNT","NONMOTR_DEATH_COUNT","NONMOTR_SUSP_SERIOUS_INJ_COUNT","NTFY_HIWY_MAINT","PED_COUNT","PED_DEATH_COUNT","PED_SUSP_SERIOUS_INJ_COUNT","PERSON_COUNT","POLICE_AGCY","POSSIBLE_INJ_COUNT","RDWY_SURF_TYPE_CD","RELATION_TO_ROAD","ROADWAY_CLEARED","ROAD_CONDITION","SCH_BUS_IND","SCH_ZONE_IND","SECONDARY_CRASH","SMALL_TRUCK_COUNT","SPEC_JURIS_CD","SUSP_MINOR_INJ_COUNT","SUSP_SERIOUS_INJ_COUNT","SUV_COUNT","TCD_FUNC_CD","TCD_TYPE","TFC_DETOUR_IND","TIME_OF_DAY","TOTAL_UNITS","TOT_INJ_COUNT","UNBELTED_OCC_COUNT","UNB_DEATH_COUNT","UNB_SUSP_SERIOUS_INJ_COUNT","UNK_INJ_DEG_COUNT","UNK_INJ_PER_COUNT","URBAN_RURAL","VAN_COUNT","VEHICLE_COUNT","WEATHER1","WEATHER2","WORKERS_PRES","WORK_ZONE_IND","WORK_ZONE_LOC","WORK_ZONE_TYPE","WZ_CLOSE_DETOUR","WZ_FLAGGER","WZ_LAW_OFFCR_IND","WZ_LN_CLOSURE","WZ_MOVING","WZ_OTHER","WZ_SHLDER_MDN","WZ_WORKERS_INJ_KILLED"
"2023002753","","0","0","0","0","0","0","0","0","0","7","0","","02","1","2023","1","40.409472","-79.982778","","11","0","0","0","0","0","0","0","0","","0","0","0","","","0","N","0","","40 24:34.100","","0","79 58:58.000","9","0","0","0","2447","0","0","0","N","0","0","0","1","02447","0","","4.0","","1","N","N","N","0","","0","0","1","","0","","","1","0","0","0","0","0","1","2","0","1","","","","N","","","","","","","","","",""
"2023024226","","2","0","0","0","0","0","0","0","0","5","0","","02","3","2023","4","40.34487","-79.961188","","11","0","0","0","0","0","1","0","0","","0","0","0","","","1","","1","","40 20:41.532","4","0","79 57:40.277","3","0","0","0","2473","0","0","0","N","0","0","0","2","02473","0","","1.0","1035.0","1","N","N","N","0","","1","0","0","","0","Y","","2","1","0","0","0","0","0","2","0","2","","03","","N","","","","","","","","","",""
"2023002756","","2","0","0","0","0","0","0","0","0","5","0","","02","1","2023","1","40.435583","-79.954389","","11","0","0","0","0","0","0","0","0","","0","0","0","","","0","N","0","","40 26:08.100","","0","79 57:15.800","0","0","0","0","2301","0","0","0","N","0","0","0","1","02301","0","","6.0","","1","N","N","N","1","","0","0","0","","0","","","3","0","0","0","0","0","0","2","0","3","","03","","N","","","","","","","","","",""
"2023003561","","0","0","0","0","0","0","0","0","0","1","0","","02","1","2023","5","40.615736","-80.094213","","11","0","0","0","0","0","4","0","0","","0","0","0","","","1","","1","","40 36:56.650","","2","80 05:39.165","3","0","0","0","2481","0","0","0","N","0","0","0","4","02481","0","","1.0","","1","N","N","N","0","","1","0","2","","0","","","4","1","0","0","0","0","0","2","2","4","","03","","N","","","","","","","","","",""
"2023023976","","1","0","0","0","0","0","0","0","0","1","0","","02","1","2023","7","40.428894","-79.932469","","11","0","0","0","0","0","0","1","0","","0","0","0","","","1","","6","","40 25:44.018","","2","79 55:56.890","3","0","0","0","2301","0","0","0","N","0","0","0","2","68B03","0","","1.0","","1","N","N","N","0","","1","0","1","","3","","","2","1","0","0","0","0","0","2","0","2","","","","N","","","","","","","","","",""
"2023002083","","1","0","0","0","0","0","0","0","0","4","0","","02","1","2023","5","40.463979","-79.952924","","11","0","0","0","0","0","1","0","0","","0","0","0","","","1","","3","","40 27:50.324","","0","79 57:10.527","8","0","0","0","2301","0","0","0","N","0","0","0","2","02301","0","","1.0","","1","N","N","N","0","","0","0","0","","0","N","","2","1","0","0","0","1","0","2","1","2","","","","N","","","","","","","","","",""
"2023015167","","0","0","0","0","0","0","0","0","0","1","0","","02","1","2023","6","40.427126","-79.919714","","11","0","0","0","0","0","1","0","0","","0","0","0","","","1","N","0","","40 25:37.653","","4","79 55:10.971","3","0","0","0","2301","0","0","0","N","0","0","0","3","68B03","0","","1.0","","1","N","N","Y","0","","1","0","3","","0","","","3","1","0","0","0","0","0","2","0","3","","","","N","","","","","","","","","",""
"2023008632","","1","0","0","0","0","0","0","0","0","7","0","","02","1","2023","6","40.551778","-80.086491","","11","0","0","0","0","0","0","0","0","","0","0","0","","","0","N","0","","40 33:06.402","","0","80 05:11.369","0","0","0","0","2215","0","0","0","N","0","0","0","1","68B03","0","","4.0","","9","N","N","N","0","","0","0","0","","0","","","1","0","1","0","0","0","0","2","0","1","","","","N","","","","","","","","","",""
"2023008156","","0","0","0","0","0","0","0","0","0","7","0","","02","1","2023","3","40.615089","-79.77534","","11","0","0","0","0","0","0","0","0","","0","0","0","","","1","N","0","","40 36:54.319","5","0","79 46:31.223","3","0","0","0","2206","0","0","0","Y","0","0","0","1","02206","0","","4.0","813.0","9","N","N","N","0","","1","0","1","","0","Y","","1","1","0","0","0","0","0","1","0","1","","03","","N","","","","","","","","","",""
"2023020679","","1","0","0","0","0","0","0","0","0","4","0","","02","3","2023","7","40.472424","-79.959722","","11","0","0","0","0","0","0","0","0","","0","0","0","","","1","N","1","","40 28:20.725","7","0","79 57:34.998","8","0","0","0","2301","0","0","0","N","0","0","0","2","02301","0","","1.0","1920.0","1","N","N","N","0","","0","0","1","","0","Y","","2","1","0","0","0","1","0","2","0","2","","03","","N","","","","","","","","","",""
"2023002328","","1","0","0","0","0","0","0","0","0","2","0","","02","1","2023","4","40.369843","-80.031163","","11","0","1","0","0","0","0","0","0","","0","0","0","","","2","N","0","","40 22:11.434","","0","80 01:52.186","8","0","0","0","2109","0","0","0","N","0","0","0","2","02109","0","","1.0","","9","N","N","N","0","","0","0","1","","0","","","2","2","0","0","0","2","0","2","0","2","","04","","N","","","","","","","","","",""
"2023008571","","1","0","0","0","0","0","0","0","0","7","0","","02","1","2023","7","40.390431","-79.86908","","11","0","0","0","0","0","0","0","0","","0","0","0","","","1","N","0","","40 23:25.552","2","0","79 52:08.687","4","0","0","0","2473","0","0","0","N","0","0","0","1","02473","1","","4.0","2305.0","9","N","N","N","0","","0","0","0","","0","N","","1","1","1","0","0","0","0","2","0","1","","","","N","","","","","","","","","",""
"2023008037","","1","0","0","0","0","0","0","0","0","4","0","","02","1","2023","3","40.438187","-80.191619","","11","0","0","1","0","0","0","0","0","","0","0","0","","","0","","2","","40 26:17.474","","0","80 11:29.829","0","0","0","0","2214","0","0","0","N","0","0","0","5","02214","0","","1.0","","1","N","N","N","0","","0","0","1","","0","","","2","0","0","0","0","0","0","2","0","2","","","","N","","","","","","","","","",""
"2023015424","","1","0","0","0","0","0","0","0","0","7","0","","02","2","2023","5","40.4742","-80.006303","","11","0","0","0","0","0","0","0","0","","0","0","0","","","0","N","0","","40 28:27.121","2","0","80 00:22.692","9","0","0","0","2301","0","0","0","N","0","0","0","1","68B03","0","","4.0","431.0","1","N","N","N","0","","0","0","0","","0","Y","","1","0","0","0","0","0","1","2","0","1","","03","","N","","","","","","","","","",""
"2023023529","","0","0","0","0","0","0","0","0","0","4","0","","02","3","2023","3","40.400098","-80.02374","","11","0","0","0","1","0","0","0","0","","0","0","0","","","1","N","2","","40 24:00.353","","0","80 01:25.464","3","0","0","0","2301","0","0","0","N","0","0","0","2","02301","0","","1.0","","7","N","N","N","1","","1","0","1","","3","","","2","1","0","0","0","0","0","2","0","2","","","","N","","","","","","","","","",""
"2023022857","","0","0","0","0","0","0","0","0","0","5","0","","02","3","2023","1","40.472143","-79.95928","","11","0","0","0","0","0","0","0","0","","0","0","0","","","0","N","0","","40 28:19.715","6","0","79 57:33.407","0","0","0","0","2301","0","0","0","N","0","0","0","1","02301","0","","6.0","156.0","1","N","N","N","0","","0","0","3","","0","Y","","3","0","0","0","0","0","0","2","0","3","","03","","N","","","","","","","","","",""
"2023006351","","0","0","0","0","0","0","0","0","0","2","0","","02","1","2023","2","40.454041","-79.912396","","11","0","0","0","0","0","1","0","1","","0","0","0","","","1","","1","","40 27:14.546","1","0","79 54:44.625","3","0","0","0","2301","0","0","0","N","0","0","0","2","02301","0","","1.0","1215.0","1","N","N","N","0","","1","0","2","","2","N","","2","1","0","0","0","0","0","2","0","2","","","","N","","","","","","","","","",""
"2023012157","","0","0","0","0","0","0","0","0","0","7","0","","02","2","2023","6","40.638395","-80.051658","","11","0","0","0","0","0","0","0","0","","0","0","0","","","0","N","2","","40 38:18.221","5","0","80 03:05.967","0","0","0","0","2216","0","0","0","Y","0","0","0","1","02505","0","","2.0","1654.0","2","N","N","N","0","","0","0","1","","0","N","","1","0","0","0","0","0","0","2","0","1","","03","","N","","","","","","","","","",""
"2023008218","","1","0","0","0","0","0","0","0","0","1","0","","02","1","2023","5","40.425726","-79.911479","","11","0","0","0","0","0","1","0","0","","0","0","0","","","0","N","0","","40 25:32.614","","4","79 54:41.324","0","0","0","0","2301","0","0","0","N","0","0","0","4","68B03","0","","1.0","","1","N","N","N","0","","0","0","2","","0","","","3","0","0","0","0","0","0","2","0","3","","","","N","","","","","","","","","",""
"2023008643","","1","0","0","0","0","0","0","0","0","7","0","","02","1","2023","6","40.510797","-80.049143","","11","0","0","1","0","0","0","0","0","","0","0","0","","","0","N","0","","40 30:38.869","","0","80 02:56.915","0","0","0","0","2116","0","0","0","N","0","0","0","1","68B03","0","","4.0","","9","N","N","N","0","","0","0","0","","0","","","1","0","0","0","0","0","0","2","0","1","","04","","N","","","","","","","","","",""
"2023009005","","0","0","0","0","0","0","0","0","0","7","0","","02","1","2023","4","40.569975","-80.116676","","11","0","0","1","0","0","0","0","0","","0","0","0","","","1","N","0","","40 34:11.911","","0","80 07:00.035","4","0","0","0","2460","0","0","0","N","0","0","0","1","68B03","1","","4.0","","9","N","N","N","0","","0","0","1","","0","","","1","1","0","0","0","0","0","2","0","1","","","","N","","","","","","","","","",""
"2023008634","","0","0","0","0","0","0","0","0","0","1","0","","02","1","2023","1","40.435204","-79.983319","","11","0","0","0","0","0","0","0","0","","0","0","0","","","0","N","0","","40 26:06.736","4","0","79 58:59.950","0","0","0","0","2301","0","0","0","N","0","0","0","5","68B03","0","","1.0","1847.0","1","N","N","N","1","","0","0","2","","0","N","","3","0","0","0","0","0","0","2","0","3","","","","N","","","","","","","","","",""
"2023008703","","1","0","0","0","0","0","0","0","0","4","0","","02","1","2023","6","40.391729","-80.049266","","11","0","0","0","0","0","1","0","0","","0","0","0","","","0","","1","","40 23:30.224","6","0","80 02:57.357","0","0","0","0","2109","0","0","0","N","0","0","0","3","02109","0","","1.0","2026.0","1","N","N","N","0","","0","0","1","","3","N","","2","0","0","0","0","0","0","2","0","2","","","","N","","","","","","","","","",""
"2023003483","","1","0","0","0","0","0","0","0","0","98","0","","02","1","2023","5","40.276652","-79.951374","","11","0","0","0","0","0","0","0","0","","0","0","0","","","1","N","0","","40 16:35.946","1","0","79 57:04.945","3","0","0","0","2440","0","0","0","N","0","0","0","1","68T09","0","","1.0","635.0","1","N","N","N","0","","1","0","0","","0","N","","1","1","0","0","0","0","0","1","0","1","","03","","N","","","","","","","","","",""
"2023007828","","0","0","0","0","0","0","0","0","0","7","0","","02","1","2023","7","40.439323","-80.008936","","11","0","0","0","0","0","0","0","0","","0","0","0","","","2","N","0","","40 26:21.561","3","8","80 00:32.169","2","0","0","0","2301","0","0","0","Y","0","0","0","2","68B03","0","","4.0","200.0","9","N","N","N","0","","0","1","1","","0","Y","","1","2","1","0","1","1","0","2","0","1","","","","N","","","","","","","","","",""
"2023007538","","1","0","0","0","0","0","0","0","0","4","0","","02","1","2023","2","40.379557","-80.172286","","11","0","1","0","0","0","0","0","0","","0","0","0","","","1","","2","","40 22:46.405","3","0","80 10:20.229","4","0","0","0","2119","0","0","0","N","0","0","0","3","02119","1","","1.0","955.0","9","N","N","N","0","","0","0","1","","0","N","","2","1","0","0","0","0","0","2","0","2","","","","N","","","","","","","","","",""
"2023001543","","1","0","0","0","0","0","0","0","0","2","0","","02","1","2023","5","40.343364","-79.884791","","11","0","0","0","0","0","0","0","0","","0","0","0","","","0","N","0","","40 20:36.112","","0","79 53:05.249","9","0","0","0","2304","0","0","0","N","0","0","0","2","02304","0","","1.0","","1","N","N","N","0","","0","0","1","","0","","","2","0","1","0","0","0","1","2","0","2","","03","","N","","","","","","","","","",""
"2023008867","","1","0","0","0","0","0","0","0","0","1","0","","02","1","2023","5","40.392731","-79.819126","","11","0","0","0","0","0","0","0","1","","0","0","0","","","0","N","0","","40 23:33.833","","0","79 49:08.853","0","0","0","0","2111","0","0","0","N","0","0","0","3","02111","0","","1.0","","1","N","N","N","0","","0","0","1","","0","","","2","0","0","0","0","0","0","2","0","2","","03","","N","","","","","","","","","",""
"2023011563","","0","0","1","0","0","0","0","0","0","7","0","","02","1","2023","3","40.652679","-80.113537","","11","0","0","0","0","0","0","0","1","","0","0","0","","","1","N","0","","40 39:09.643","","0","80 06:48.733","2","0","0","0","2212","0","0","0","N","0","0","0","1","02505","0","","5.0","","1","N","N","N","0","","0","1","1","","0","","","1","1","0","0","0","0","0","2","0","1","","","","N","","","","","","","","","",""
"2023003350","","1","0","0","0","0","0","0","0","0","7","0","","02","1","2023","2","40.363919","-80.042861","","11","0","0","0","0","0","0","0","0","","0","0","0","","","0","N","0","","40 21:50.110","","0","80 02:34.300","0","0","0","0","2109","0","0","0","N","0","0","0","1","02109","0","","4.0","","1","N","N","N","0","","0","0","0","","0","","","1","0","0","0","0","0","0","2","0","1","","03","","N","","","","","","","","","",""
"2023006867","0700","2","0","0","0","0","0","0","0","0","1","0","","02","1","2023","3","40.521478","-79.948841","0657","11","0","0","0","0","0","1","0","0","","0","0","0","06","","1","N","0","","40 31:17.320","5","7","79 56:55.829","3","0","0","0","2118","0","0","0","N","0","0","0","2","02118","0","","1.0","745.0","9","N","N","Y","0","","1","0","0","","0","N","0655","2","1","2","0","0","0","0","2","0","2","","","","N","","","","","","","","","",""
"2023002393","1250","0","0","0","0","0","0","0","0","0","5","0","","02","1","2023","3","40.50394","-80.010078","1245","11","0","0","0","0","0","1","1","0","","0","0","0","12","","1","N","0","","40 30:14.185","2","0","80 00:36.279","3","0","0","0","2116","0","0","0","Y","0","0","0","3","02116","0","","1.0","1328.0","9","N","N","Y","0","","1","0","2","","0","N","1242","2","1","0","0","0","0","0","2","0","2","","04","","N","","","","","","","","","",""
"2023006824","1840","0","0","0","0","0","0","0","0","0","1","0","","02","1","2023","6","40.476674","-79.788225","1830","11","0","0","0","0","0","1","0","0","","0","0","0","18","","1","N","0","","40 28:36.028","","0","79 47:17.611","3","0","0","0","2113","0","0","0","N","0","0","0","5","02113","0","","1.0","","9","N","N","N","0","","1","0","1","","0","","1800","2","1","0","0","0","0","0","2","1","2","","","","N","","","","","","","","","",""
"2023024274","0703","1","0","0","0","0","0","1","0","0","7","1","","02","3","2023","4","40.49048","-79.911279","0628","11","0","0","0","0","0","0","0","1","","0","0","0","06","","1","N","0","","40 29:25.729","1","3","79 54:40.604","8","0","0","0","2112","0","0","0","N","0","0","0","3","68D02","0","","3.0","745.0","2","N","N","N","0","","0","0","0","","0","N","0622","2","1","1","0","0","1","0","2","0","2","","","","N","","","","","","","","","",""
"2023004029","0836","1","0","0","0","0","0","0","0","0","7","0","","02","1","2023","5","40.39631","-80.009279","0824","11","0","0","0","0","0","0","0","0","","0","0","0","08","","1","N","2","","40 23:46.715","6","0","80 00:33.406","8","0","0","0","2301","0","0","0","N","0","0","0","1","02301","0","","2.0","905.0","9","N","N","N","0","","0","0","0","","0","Y","0824","1","1","1","0","0","1","0","2","0","1","","","","N","","","","","","","","","",""
"2023006995","1648","1","0","0","0","0","0","0","0","0","4","0","","02","1","2023","7","40.391592","-80.017076","1634","11","0","0","0","0","0","0","1","0","","0","0","0","16","","3","N","1","","40 23:29.731","","0","80 01:01.473","4","0","0","0","2301","0","0","0","N","0","0","0","6","02301","3","","1.0","","1","N","N","N","0","","0","0","1","","0","","1630","2","3","1","0","0","0","0","2","0","2","","03","","N","","","","","","","","","",""
"2023005029","1750","1","0","0","0","0","0","0","0","0","4","0","","02","1","2023","1","40.427175","-79.696768","1740","11","0","0","0","0","0","0","0","0","","0","0","0","17","","0","N","0","","40 25:37.831","","0","79 41:48.363","9","0","0","0","2446","0","0","0","N","0","0","0","3","02446","0","","1.0","","1","N","N","N","0","","0","0","1","","0","","1740","2","0","1","0","0","0","2","2","0","2","","03","","N","","","","","","","","","",""
"2023006830","2129","1","0","0","0","0","0","0","0","0","8","0","","02","1","2023","6","40.442723","-80.002191","2126","11","0","0","0","0","0","0","0","0","","0","0","0","21","","1","","2","","40 26:33.804","","0","80 00:07.886","3","0","0","0","2301","1","0","0","N","1","0","0","3","02301","0","","1.0","","9","N","N","N","0","","1","0","0","","0","","2126","2","1","0","0","0","0","0","2","0","1","","03","","N","","","","","","","","","",""
"2023008858","1752","1","0","0","1","0","0","0","0","0","4","0","","02","1","2023","5","40.454898","-79.938004","1746","11","0","0","0","0","0","0","1","0","","0","0","0","17","","1","","2","","40 27:17.631","","0","79 56:16.816","3","0","0","0","2301","1","0","0","N","0","0","0","2","02301","0","","1.0","","9","N","N","N","0","","1","0","0","","0","","1745","2","1","0","0","0","0","0","2","0","1","","10","","N","","","","","","","","","",""
"2023015429","1414","0","0","0","0","0","0","0","0","0","1","1","45","02","2","2023","4","40.519464","-80.132304","1413","11","0","0","0","0","0","1","0","0","","0","1","0","14","","0","N","0","","40 31:10.069","","0","80 07:56.295","0","0","0","0","2434","0","0","0","N","0","0","0","3","68B03","0","","1.0","","1","N","N","N","0","","0","0","1","","8","","1411","3","0","0","0","0","0","0","2","1","3","","03","Y","Y","2","2","N","N","Y","Y","N","N","N","N"
"2023003916","1646","2","0","0","0","0","0","0","0","0","4","0","","02","1","2023","4","40.536141","-79.841401","1643","11","0","0","0","0","0","0","1","0","","0","0","0","16","","0","","2","","40 32:10.108","","7","79 50:29.044","0","0","0","0","2208","0","0","0","N","0","0","0","4","02208","0","","1.0","","1","N","N","N","0","","0","0","0","","0","","1638","2","0","0","0","0","0","0","2","0","2","","03","","N","","","","","","","","","",""
"2023007643","0629","0","0","0","0","0","0","0","0","0","1","0","","02","1","2023","3","40.425642","-79.910905","0609","11","0","0","0","0","0","0","0","0","","0","0","0","06","","0","N","0","","40 25:32.310","","0","79 54:39.258","0","0","0","0","2301","0","0","0","N","0","0","0","2","68B03","0","","1.0","","9","N","N","N","1","","0","0","1","","0","","0600","2","0","0","0","0","0","0","2","0","2","","","","N","","","","","","","","","",""
"2023002311","0026","1","0","0","0","0","0","0","0","0","4","0","","02","1","2023","7","40.523765","-80.071929","0016","11","1","0","0","0","0","0","0","0","","0","0","0","00","","0","N","1","","40 31:25.554","1","0","80 04:18.945","0","0","0","0","2215","0","0","0","N","0","0","0","4","02215","0","","1.0","104.0","1","N","N","N","0","","0","0","1","","2","Y","0016","2","0","0","0","0","0","0","2","0","2","","03","","N","","","","","","","","","",""
"2023014322","1311","0","0","0","0","0","0","0","0","0","98","0","","02","2","2023","4","40.399825","-79.93579","1457","11","0","0","0","0","0","1","0","0","","0","0","0","12","","1","N","0","","40 23:59.370","2","3","79 56:08.845","3","0","0","0","2301","0","0","0","N","0","0","0","4","02301","0","","1.0","1530.0","1","N","N","N","2","","1","0","1","","0","N","1256","3","1","0","0","0","0","0","2","0","3","","04","","N","","","","","","","","","",""
"2023002116","1002","1","0","0","0","0","0","0","0","0","7","0","","02","1","2023","5","40.336169","-79.976702","1001","11","0","0","0","0","0","0","0","0","","0","0","0","09","","0","N","0","","40 20:10.207","1","7","79 58:36.126","0","0","0","0","2454","0","0","0","N","0","0","0","1","02454","0","","5.0","1035.0","1","N","N","N","0","","0","0","0","","2","N","0959","1","0","0","0","0","0","0","2","0","1","","03","","N","","","","","","","","","",""
"2023008206","2138","0","0","0","0","0","0","0","0","0","7","0","","02","1","2023","5","40.440362","-80.187538","2131","11","0","0","0","0","0","0","0","0","","0","0","0","21","","0","N","0","","40 26:25.304","","0","80 11:15.137","0","0","0","0","2214","0","0","0","N","0","0","0","1","68B03","0","","5.0","","9","N","N","N","0","","0","0","1","","0","","2125","1","0","0","0","0","0","0","2","0","1","","07","","N","","","","","","","","","",""
"2023002880","0747","0","0","0","0","0","0","0","0","0","1","0","","02","1","2023","2","40.571992","-80.023478","0742","11","0","0","0","0","0","0","0","0","","0","0","0","07","","0","N","0","","40 34:19.170","","0","80 01:24.520","0","0","0","0","2108","0","0","0","N","0","0","0","2","02108","0","","1.0","","1","N","N","N","0","","0","0","2","","0","","0742","2","0","0","0","0","0","0","2","0","2","","","","N","","","","","","","","","",""
"2023006735","1650","0","0","0","0","0","0","0","0","0","4","0","","02","1","2023","6","40.480642","-79.798526","1641","11","0","0","0","0","0","0","0","0","","0","0","0","16","","0","N","0","","40 28:50.312","","0","79 47:54.692","0","0","0","0","2113","0","0","0","N","0","0","0","1","02113","0","","6.0","","1","N","N","N","1","","0","0","2","","0","","1625","3","0","0","0","0","0","0","2","0","3","","03","","N","","","","","","","","","",""
"2023007022","1731","0","0","0","1","0","0","0","0","0","8","0","","02","1","2023","6","40.42567","-79.949858","1720","11","0","0","0","0","0","0","0","0","","0","0","0","17","","1","N","1","","40 25:32.411","","0","79 56:59.488","3","0","0","0","2301","1","0","0","N","0","0","0","3","02301","0","","1.0","","1","N","N","N","0","","1","0","1","","0","","1718","2","1","1","0","0","0","0","2","0","1","","03","","N","","","","","","","","","",""
"2023003565","0405","1","0","0","0","0","0","0","0","0","7","0","","02","1","2023","1","40.452684","-79.866644","0400","11","0","0","0","0","0","0","0","0","","0","0","0","04","","0","","2","","40 27:09.664","","0","79 51:59.919","0","0","0","0","2301","0","0","0","N","0","0","0","1","02301","0","","4.0","","1","N","N","N","0","","0","0","0","","0","N","0400","1","0","0","0","0","0","0","2","0","1","","03","","N","","","","","","","","","",""
"2023000238","0135","0","0","0","0","0","0","0","0","0","7","0","","02","1","2023","1","40.485402","-80.052595","0132","11","0","0","0","0","0","0","0","0","","0","0","0","01","","0","N","0","","40 29:07.447","5","0","80 03:09.343","0","0","0","0","2404","0","0","0","Y","0","0","0","1","02404","0","","2.0","300.0","9","N","","N","0","","0","0","1","","0","Y","0130","1","0","0","0","0","0","0","2","0","1","","","","N","","","","","","","","","",""
"2023004575","2210","2","0","0","0","0","0","0","0","0","4","0","","02","1","2023","6","40.454827","-79.965938","2203","11","0","0","0","0","0","0","0","0","","0","0","0","22","","0","N","2","","40 27:17.378","7","0","79 57:57.375","0","0","0","0","2301","0","0","0","N","0","0","0","3","02301","0","","1.0","2230.0","2","N","N","N","0","","0","0","0","","0","N","2200","2","0","0","0","0","0","0","2","0","2","","","","N","","","","","","","","","",""
"2023000304","1336","0","0","0","0","0","0","1","0","0","8","1","","02","1","2023","1","40.406278","-80.090028","1330","11","0","0","0","0","0","0","0","0","","0","0","0","13","","1","N","0","","40 24:22.600","","0","80 05:24.100","3","0","0","0","2415","1","0","0","N","1","0","0","4","02503","0","","1.0","","1","N","N","N","0","","1","0","0","","0","","1330","2","1","0","0","0","0","0","2","0","1","","03","","N","","","","","","","","","",""
"2023007846","1340","1","0","0","0","0","0","0","0","0","8","0","","02","1","2023","2","40.451612","-80.001141","1335","11","0","0","0","0","0","0","0","0","","0","0","0","13","","1","","1","","40 27:05.802","2","0","80 00:04.106","8","0","0","0","2301","1","0","0","N","1","0","0","2","02301","0","","1.0","1358.0","1","N","N","N","0","","0","0","0","","0","N","1330","2","1","0","0","0","1","0","2","0","1","","03","","N","","","","","","","","","",""
"2023000073","0155","0","0","0","0","0","0","0","0","0","7","0","","02","1","2023","1","40.41103","-79.955524","0152","11","0","0","0","0","0","0","0","0","","0","0","0","01","","1","","2","","40 24:39.708","7","0","79 57:19.887","8","0","0","0","2301","0","0","0","N","0","0","0","1","02301","0","","4.0","354.0","9","N","N","N","0","","0","0","1","","0","N","0152","1","1","0","0","0","1","0","2","0","1","","03","","N","","","","","","","","","",""
"2023014340","0005","1","0","0","0","0","0","0","0","0","7","0","","02","2","2023","7","40.357115","-80.050346","2357","11","0","0","0","0","0","0","0","0","","0","0","0","23","","1","N","0","","40 21:25.615","1","0","80 03:01.246","3","0","0","0","2109","0","0","0","N","0","0","0","1","02109","0","","4.0","30.0","1","N","N","N","0","","1","0","0","","0","N","2357","1","1","0","0","0","0","0","2","0","1","","03","","N","","","","","","","","","",""
"2023015127","0431","1","0","0","0","0","0","0","0","0","1","0","","02","2","2023","5","40.473412","-80.005784","0431","11","0","0","0","0","0","0","0","1","","0","0","0","03","","1","N","0","","40 28:24.282","2","0","80 00:20.821","8","0","0","0","2301","0","0","0","N","0","0","0","2","68B03","0","","1.0","430.0","1","N","N","Y","0","","0","0","1","","7","Y","0333","2","1","0","0","0","1","0","2","0","2","","","","N","","","","","","","","","",""
"2023008700","0938","1","0","0","0","0","0","0","0","0","5","1","","02","1","2023","5","40.4275","-79.984083","0927","11","0","0","0","0","0","0","0","0","","0","1","0","09","","0","N","0","","40 25:39.000","2","0","79 59:02.700","0","0","0","0","2301","0","0","0","N","0","0","0","1","02301","0","","1.0","928.0","1","N","N","N","0","","0","0","1","","0","Y","0927","3","0","0","0","0","0","0","2","0","3","","04","","N","","","","","","","","","",""
"2023003751","1603","1","0","0","0","0","0","0","0","0","1","0","","02","1","2023","3","40.376658","-80.067158","1559","11","0","0","0","0","0","2","0","0","","0","0","0","15","","1","N","0","","40 22:35.970","","0","80 04:01.770","8","0","0","0","2109","0","0","0","N","0","0","0","5","02109","0","","1.0","","1","N","N","N","0","","0","0","2","","2","","1550","3","1","0","0","0","1","0","2","0","3","","","","N","","","","","","","","","",""
"2023002536","2358","2","0","0","0","0","0","0","0","0","4","0","","02","1","2023","7","40.438294","-80.005763","2355","11","0","0","0","0","0","0","0","0","","0","0","0","22","","1","","3","","40 26:17.857","3","0","80 00:20.748","8","0","0","0","2301","0","0","0","N","0","0","0","2","02301","0","","1.0","23.0","1","N","N","N","0","","0","0","0","","2","N","2250","2","1","0","0","0","1","1","2","0","2","","03","","N","","","","","","","","","",""
"2023015242","1951","1","0","0","0","0","0","0","0","0","7","0","","02","2","2023","3","40.443493","-80.066602","1948","11","0","0","0","0","0","0","0","0","","0","0","0","19","","0","N","0","","40 26:36.574","","0","80 03:59.768","0","0","0","0","2439","0","0","0","N","0","0","0","1","02439","0","","4.0","","1","N","N","N","0","","0","0","0","","0","","1946","1","0","0","0","0","0","0","2","0","1","","03","","N","","","","","","","","","",""