"CRN","ARRIVAL_TM","AUTOMOBILE_COUNT","BELTED_DEATH_COUNT","BELTED_SUSP_SERIOUS_INJ_COUNT","BICYCLE_COUNT","BICYCLE_DEATH_COUNT","BICYCLE_SUSP_SERIOUS_INJ_COUNT","BUS_COUNT","CHLDPAS_DEATH_COUNT","CHLDPAS_SUSP_SERIOUS_INJ_COUNT","COLLISION_TYPE","COMM_VEH_COUNT","CONS_ZONE_SPD_LIM","COUNTY","CRASH_MONTH","CRASH_YEAR","DAY_OF_WEEK","DEC_LATITUDE","DEC_LONGITUDE","DISPATCH_TM","DISTRICT","DRIVER_COUNT_16YR","DRIVER_COUNT_17YR","DRIVER_COUNT_18YR","DRIVER_COUNT_19YR","DRIVER_COUNT_20YR","DRIVER_COUNT_50_64YR","DRIVER_COUNT_65_74YR","DRIVER_COUNT_75PLUS","EST_HRS_CLOSED","FATAL_COUNT","HEAVY_TRUCK_COUNT","HORSE_BUGGY_COUNT","HOUR_OF_DAY","ILLUMINATION","INJURY_COUNT","INTERSECTION_RELATED","INTERSECT_TYPE","LANE_CLOSED","LATITUDE","LN_CLOSE_DIR","LOCATION_TYPE","LONGITUDE","MAX_SEVERITY_LEVEL","MCYCLE_DEATH_COUNT","MCYCLE_SUSP_SERIOUS_INJ_COUNT","MOTORCYCLE_COUNT","MUNICIPALITY","NONMOTR_COUNT","NONMOTR_DEATH_COUNT","NONMOTR_SUSP_SERIOUS_INJ_COUNT","NTFY_HIWY_MAINT","PED_COUNT","PED_DEATH_COUNT","PED_SUSP_SERIOUS_INJ_COUNT","PERSON_COUNT","POLICE_AGCY","POSSIBLE_INJ_COUNT","RDWY_SURF_TYPE_CD","RELATION_TO_ROAD","ROADWAY_CLEARED","ROAD_CONDITION","SCH_BUS_IND","SCH_ZONE_IND","SECONDARY_CRASH","SMALL_TRUCK_COUNT","SPEC_JURIS_CD","SUSP_MINOR_INJ_COUNT","SUSP_SERIOUS_INJ_COUNT","SUV_COUNT","TCD_FUNC_CD","TCD_TYPE","TFC_DETOUR_IND","TIME_OF_DAY","TOTAL_UNITS","TOT_INJ_COUNT","UNBELTED_OCC_COUNT","UNB_DEATH_COUNT","UNB_SUSP_SERIOUS_INJ_COUNT","UNK_INJ_DEG_COUNT","UNK_INJ_PER_COUNT","URBAN_RURAL","VAN_COUNT","VEHICLE_COUNT","WEATHER1","WEATHER2","WORKERS_PRES","WORK_ZONE_IND","WORK_ZONE_LOC","WORK_ZONE_TYPE","WZ_CLOSE_DETOUR","WZ_FLAGGER","WZ_LAW_OFFCR_IND","WZ_LN_CLOSURE","WZ_MOVING","WZ_OTHER","WZ_SHLDER_MDN","WZ_WORKERS_INJ_KILLED"
"2023005476","0657","0","0","0","0","0","0","0","0","0","1","0","","02","1","2023","2","40.476771","-80.012335","0649","11","0","0","0","0","0","0","1","0","","0","0","0","06","","1","N","2","","40 28:36.376","1","0","80 00:44.406","4","0","0","0","2301","0","0","0","N","0","0","0","3","02301","1","","1.0","725.0","1","N","N","N","1","","0","0","1","","2","N","0649","2","1","0","0","0","0","0","2","0","2","","03","","N","","","","","","","","","",""
"2023001319","0700","1","0","0","0","0","0","0","0","0","4","1","","02","1","2023","3","40.549721","-79.959341","0647","11","0","0","0","0","0","1","0","0","","0","1","0","06","","0","N","1","","40 32:58.997","","6","79 57:33.628","0","0","0","0","2118","0","0","0","N","0","0","0","2","02118","0","","1.0","","9","N","N","N","0","","0","0","0","","1","","0647","2","0","0","0","0","0","0","2","0","2","","07","","N","","","","","","","","","",""
"2023002683","1905","1","0","0","0","0","0","0","0","0","4","0","","02","1","2023","1","40.461091","-79.866318","1857","11","0","0","0","0","0","0","0","0","","0","0","0","18","","0","","1","","40 27:39.926","","0","79 51:58.745","9","0","0","0","2113","0","0","0","N","0","0","0","2","02113","0","","1.0","","1","N","N","N","0","","0","0","1","","0","","1857","2","0","0","0","0","0","1","2","0","2","","03","","N","","","","","","","","","",""
"2023007186","0829","1","0","0","0","0","0","0","0","0","7","0","","02","1","2023","1","40.537446","-79.764026","0829","11","0","0","0","0","0","0","0","0","","0","0","0","08","","2","N","0","","40 32:14.805","4","0","79 45:50.495","4","0","0","0","2466","0","0","0","Y","0","0","0","3","02466","2","","2.0","942.0","2","N","N","Y","0","","0","0","1","","0","N","0829","2","2","0","0","0","0","0","1","0","2","","","","N","","","","","","","","","",""
"2023001731","2231","1","0","0","0","0","0","0","0","0","7","0","","02","1","2023","2","40.415386","-79.916745","2222","11","0","1","0","0","0","0","0","0","","0","0","0","22","","0","N","0","","40 24:55.391","","0","79 55:00.282","0","0","0","0","2301","0","0","0","N","0","0","0","2","02301","0","","4.0","","1","N","N","N","0","","0","0","0","","0","","2222","1","0","0","0","0","0","0","2","0","1","","03","","N","","","","","","","","","",""
"2023003241","2109","2","0","0","0","0","0","0","0","0","5","0","","02","1","2023","5","40.339504","-80.130993","2101","11","0","0","0","0","0","1","0","0","","0","0","0","21","","1","N","0","","40 20:22.213","2","0","80 07:51.574","8","0","0","0","2119","0","0","0","N","0","0","0","4","68B03","0","","1.0","2138.0","1","N","N","N","0","","0","0","0","","0","N","2100","2","1","0","0","0","1","0","2","0","2","","","","N","","","","","","","","","",""
"2023000155","1253","1","0","0","0","0","0","0","0","0","4","0","","02","1","2023","1","40.486953","-80.055027","1249","11","0","0","0","0","0","1","0","0","","0","0","0","12","","2","","2","","40 29:13.030","5","0","80 03:18.097","2","0","0","0","2404","0","0","0","Y","0","0","0","2","02404","0","","1.0","1400.0","1","N","N","Y","0","","0","2","1","","0","N","1246","2","2","1","0","1","0","0","2","0","2","","04","","N","","","","","","","","","",""
"2023002707","1841","1","0","0","0","0","0","0","0","0","1","0","","02","1","2023","1","40.382761","-79.820885","1841","11","0","0","0","0","0","0","0","0","","0","0","0","18","","1","N","2","","40 22:57.938","6","0","79 49:15.187","8","0","0","0","2111","0","0","0","N","0","0","0","5","02111","0","","1.0","1927.0","1","N","N","N","1","","0","0","1","","0","N","1840","3","1","0","0","0","1","1","2","0","3","","03","","N","","","","","","","","","",""
"2023023536","0152","0","0","0","0","0","0","0","0","0","7","0","","02","3","2023","6","40.29203","-79.963586","0148","11","0","0","0","0","0","1","0","0","","0","0","0","01","","0","N","0","","40 17:31.308","2","0","79 57:48.911","0","0","0","0","2440","0","0","0","N","0","0","0","1","02440","0","","2.0","237.0","1","N","N","N","0","","0","0","1","","0","N","0143","1","0","0","0","0","0","0","2","0","1","","","","N","","","","","","","","","",""
"2023006588","0640","0","0","0","0","0","0","1","0","0","6","1","","02","1","2023","4","40.515802","-79.959103","0640","11","0","0","0","0","0","0","0","1","","0","0","0","06","","0","","2","","40 30:56.888","5","0","79 57:32.769","0","0","0","0","2118","0","0","0","N","0","0","0","2","02118","0","","1.0","727.0","1","Y","N","N","0","","0","0","1","","0","Y","0640","2","0","0","0","0","0","0","2","0","2","","03","","Y","","","","","","","","","",""
"2023015738","1308","1","0","0","0","0","0","0","0","0","1","0","","02","2","2023","4","40.364678","-80.020312","1306","11","0","0","0","0","0","0","0","0","","0","0","0","13","","0","N","0","","40 21:52.840","","0","80 01:13.122","0","0","0","0","2416","0","0","0","N","0","0","0","3","02416","0","","1.0","","1","N","N","N","0","","0","0","1","","0","","1306","2","0","0","0","0","0","0","2","0","2","","03","","N","","","","","","","","","",""
"2023007228","1010","2","0","0","0","0","0","0","0","0","5","0","","02","1","2023","4","40.437143","-79.963077","1006","11","0","0","0","1","0","0","0","0","","0","0","0","10","","0","","1","","40 26:13.713","","0","79 57:47.077","0","0","0","0","2301","0","0","0","N","0","0","0","2","02301","0","","1.0","","1","N","N","N","1","","0","0","1","","2","N","1006","4","0","0","0","0","0","0","2","0","4","","03","","N","","","","","","","","","",""
"2023007925","1434","1","0","0","0","0","0","0","0","0","4","0","","02","1","2023","2","40.454888","-80.028916","1434","11","0","0","0","0","0","0","0","0","","0","0","0","14","","0","N","1","","40 27:17.596","7","0","80 01:44.097","0","0","0","0","2301","0","0","0","N","0","0","0","5","02301","0","","1.0","1515.0","9","N","N","N","0","","0","0","3","","2","N","1433","4","0","0","0","0","0","0","2","0","4","","10","","N","","","","","","","","","",""
"2023023202","0837","2","0","0","0","0","0","0","0","0","1","0","","02","3","2023","2","40.586015","-80.03789","0834","11","0","0","0","0","0","0","0","0","","0","0","0","08","","1","N","0","","40 35:09.654","1","0","80 02:16.405","4","0","0","0","2108","0","0","0","N","0","0","0","2","02108","1","","1.0","915.0","9","N","N","N","0","","0","0","0","","2","N","0834","2","1","0","0","0","0","0","2","0","2","","02","","N","","","","","","","","","",""
"2023007309","1916","1","0","0","0","0","0","0","0","0","1","0","","02","1","2023","1","40.651993","-80.054866","1913","11","0","0","0","0","0","0","0","0","","0","0","0","19","","0","","1","","40 39:07.175","","0","80 03:17.516","0","0","0","0","2216","0","0","0","N","0","0","0","2","02505","0","","1.0","","7","N","N","N","1","","0","0","0","","2","","1913","2","0","0","0","0","0","0","2","0","2","","04","","N","","","","","","","","","",""
"2023007689","0114","1","0","0","0","0","0","0","0","0","7","0","","02","1","2023","2","40.43611","-79.970497","0052","11","0","0","0","0","0","0","0","0","","0","0","0","00","","0","N","0","","40 26:09.995","4","0","79 58:13.790","0","0","0","0","2301","0","0","0","N","0","0","0","1","68B03","0","","4.0","132.0","9","N","N","N","0","","0","0","0","","0","N","0050","1","0","0","0","0","0","0","2","0","1","","10","","N","","","","","","","","","",""
"2023006346","0944","0","0","0","0","0","0","0","0","0","5","1","","02","1","2023","5","40.430594","-80.028311","0935","11","0","0","0","0","0","0","0","0","","0","1","0","09","","0","N","3","","40 25:50.139","4","2","80 01:41.918","0","0","0","0","2301","0","0","0","N","0","0","0","2","02301","0","","1.0","1110.0","9","N","N","N","0","","0","0","1","","0","N","0930","2","0","0","0","0","0","0","2","0","2","","07","","N","","","","","","","","","",""
"2023002098","0855","1","0","0","0","0","0","0","0","0","4","1","","02","1","2023","5","40.518162","-79.958937","0849","11","0","0","0","0","0","0","0","0","","0","0","0","99","","1","Y","0","","40 31:05.383","","7","79 57:32.172","8","0","0","0","2118","0","0","0","N","0","0","0","2","02118","0","","1.0","","1","N","N","N","0","","0","0","0","","0","","9999","2","1","0","0","0","1","0","2","1","2","","","","N","","","","","","","","","",""
"2023002608","0720","1","0","0","0","0","0","0","0","0","5","1","","02","1","2023","1","40.329944","-79.987333","0716","11","0","0","0","0","0","0","0","0","","0","1","0","07","","1","N","2","","40 19:47.800","1","0","79 59:14.400","3","0","0","0","2219","0","0","0","N","0","0","0","2","02219","0","","1.0","815.0","1","N","N","N","0","","1","0","0","","2","N","0715","2","1","0","0","0","0","0","2","0","2","","04","","N","","","","","","","","","",""
"2023007193","1701","0","0","0","0","0","0","0","0","0","7","0","","02","1","2023","2","40.506302","-79.956399","1651","11","0","0","0","0","0","0","0","0","","0","0","0","16","","0","N","0","","40 30:22.686","","0","79 57:23.036","0","0","0","0","2118","0","0","0","Y","0","0","0","1","02118","0","","5.0","","1","N","N","N","0","","0","0","1","","0","","1646","1","0","0","0","0","0","0","2","0","1","","03","","N","","","","","","","","","",""
"2023002633","1746","2","0","0","0","0","0","0","0","0","1","0","","02","1","2023","7","40.33798","-79.894971","1744","11","0","0","0","1","0","0","2","0","","0","0","0","17","","1","","1","","40 20:16.728","1","0","79 53:41.897","3","0","0","0","2473","0","0","0","N","0","0","0","3","02473","0","","1.0","1825.0","1","N","N","N","0","","1","0","1","","2","Y","1744","3","1","0","0","0","0","0","2","0","3","","","","N","","","","","","","","","",""
"2023007710","2254","1","0","0","0","0","0","0","0","0","7","0","","02","1","2023","6","40.452649","-79.951066","2249","11","0","0","0","0","0","0","0","0","","0","0","0","22","","0","N","0","","40 27:09.535","","0","79 57:03.839","0","0","0","0","2301","0","0","0","N","0","0","0","1","02301","0","","5.0","","9","N","N","N","0","","0","0","0","","0","","2245","1","0","0","0","0","0","0","2","0","1","","98","","N","","","","","","","","","",""
"2023007876","1529","1","0","0","0","0","0","0","0","0","1","0","","02","1","2023","2","40.460334","-79.808143","1525","11","0","0","0","0","0","0","1","0","","0","0","0","15","","0","N","0","","40 27:37.203","3","0","79 48:29.315","0","0","0","0","2113","0","0","0","N","0","0","0","1","02113","0","","2.0","1605.0","1","N","N","N","0","","0","0","1","","0","N","1524","2","0","0","0","0","0","0","2","0","2","","","","N","","","","","","","","","",""
"2023008642","0604","1","0","0","0","0","0","0","0","0","7","0","","02","1","2023","5","40.440453","-79.831718","0557","11","0","0","0","0","0","1","0","0","","0","0","0","05","","0","N","0","","40 26:25.630","3","0","79 49:54.184","0","0","0","0","2419","0","0","0","N","0","0","0","1","68B03","0","","2.0","717.0","1","N","N","N","0","","0","0","0","","0","N","0550","1","0","0","0","0","0","0","2","0","1","","","","N","","","","","","","","","",""
"2023006723","1230","1","0","0","0","0","0","0","0","0","1","0","","02","1","2023","6","40.460548","-79.842133","1228","11","0","0","0","0","0","0","0","0","","0","0","0","12","","1","N","0","","40 27:37.974","3","0","79 50:31.678","3","0","0","0","2113","0","0","0","N","0","0","0","4","02113","0","","1.0","1310.0","1","N","N","Y","1","","1","0","1","","0","N","1224","3","1","0","0","0","0","1","2","0","3","","03","","N","","","","","","","","","",""
"2023007722","0432","0","0","0","0","0","0","0","0","0","7","0","","02","1","2023","2","40.645373","-79.832288","0425","11","0","0","0","0","0","0","0","0","","0","0","0","04","","0","N","0","","40 38:43.341","3","0","79 49:56.238","0","0","0","0","2220","0","0","0","N","0","0","0","1","02220","0","","4.0","512.0","6","N","N","N","0","","0","0","1","","0","N","0421","1","0","0","0","0","0","0","1","0","1","","","","N","","","","","","","","","",""
"2023013020","0003","2","0","0","0","0","0","0","0","0","2","0","","02","2","2023","4","40.463348","-79.980853","0003","11","0","0","0","0","0","1","0","0","","0","0","0","00","","0","","1","","40 27:48.052","","0","79 58:51.071","0","0","0","0","2301","0","0","0","N","0","0","0","2","02301","0","","1.0","","1","N","N","N","0","","0","0","0","","2","N","0001","2","0","0","0","0","0","0","2","0","2","","03","","N","","","","","","","","","",""
"2023003171","0334","2","0","0","0","0","0","0","0","0","5","0","","02","1","2023","3","40.457699","-80.027512","0329","11","0","0","0","0","0","1","0","0","","0","0","0","03","","0","","1","","40 27:27.716","","0","80 01:39.043","0","0","0","0","2301","0","0","0","N","0","0","0","1","02301","0","","1.0","","1","N","N","N","0","","0","0","0","","0","","0328","2","0","0","0","0","0","0","2","0","2","","03","","N","","","","","","","","","",""
"2023015687","0421","1","0","0","0","0","0","0","0","0","1","0","","02","2","2023","6","40.462447","-79.944495","0414","11","0","0","0","0","0","0","0","0","","0","0","0","04","","0","","2","","40 27:44.809","","0","79 56:40.181","9","0","0","0","2301","0","0","0","N","0","0","0","1","02301","0","","2.0","","9","N","N","N","0","","0","0","3","","2","","0410","4","0","0","0","0","0","1","2","0","4","","07","","N","","","","","","","","","",""
"2023008635","1742","0","0","0","0","0","0","0","0","0","1","0","","02","1","2023","1","40.425912","-79.898418","1738","11","0","0","0","0","0","2","1","0","","0","0","0","17","","0","N","0","","40 25:33.282","","0","79 53:54.305","0","0","0","0","2301","0","0","0","N","0","0","0","4","68B03","0","","1.0","","1","N","N","N","0","","0","0","3","","0","","1735","3","0","0","0","0","0","0","2","0","3","","03","","N","","","","","","","","","",""
"2023004415","1720","1","0","0","0","0","0","0","0","0","1","0","","02","1","2023","5","40.373931","-80.074675","1719","11","0","0","0","0","0","0","1","0","","0","0","0","17","","0","N","0","","40 22:26.150","3","0","80 04:28.830","0","0","0","0","2109","0","0","0","N","0","0","0","2","02109","0","","1.0","1820.0","9","N","N","N","0","","0","0","1","","0","Y","1718","2","0","0","0","0","0","0","2","0","2","","04","","N","","","","","","","","","",""
"2023003101","1549","1","0","0","0","0","0","0","0","0","1","0","","02","1","2023","3","40.525387","-80.069505","1449","11","0","0","0","0","0","0","0","0","","0","0","0","14","","3","","6","","40 31:31.393","","2","80 04:10.219","3","0","0","0","2215","0","0","0","N","0","0","0","3","68B03","0","","1.0","","9","N","N","N","0","","3","0","1","","4","","1442","2","3","0","0","0","0","0","2","0","2","","04","","N","","","","","","","","","",""
"2023003744","1610","1","0","0","0","0","0","0","0","0","2","0","","02","1","2023","4","40.450997","-80.021673","1607","11","0","0","0","0","0","1","0","0","","0","0","0","16","","1","","2","","40 27:03.589","","0","80 01:18.023","3","0","0","0","2301","0","0","0","N","0","0","0","2","02301","0","","1.0","","1","N","N","N","0","","1","0","1","","0","N","1600","2","1","0","0","0","0","0","2","0","2","","03","","N","","","","","","","","","",""
"2023013467","0739","2","0","0","0","0","0","0","0","0","1","0","","02","2","2023","5","40.535908","-80.183014","0736","11","0","0","0","0","0","1","0","0","","0","0","0","07","","0","","1","","40 32:09.267","","0","80 10:58.852","0","0","0","0","2458","0","0","0","N","0","0","0","2","02458","0","","1.0","","1","N","N","N","0","","0","0","0","","2","","0730","2","0","0","0","0","0","0","2","0","2","","","","N","","","","","","","","","",""
"2023002419","1908","1","0","0","0","0","0","0","0","0","1","0","","02","1","2023","4","40.591671","-80.148786","1904","11","0","0","1","0","0","1","0","0","","0","0","0","19","","1","N","2","","40 35:30.014","4","0","80 08:55.629","4","0","0","0","2480","0","0","0","N","0","0","0","2","02480","1","","1.0","1945.0","9","N","N","N","1","","0","0","0","","0","N","1900","2","1","0","0","0","0","0","1","0","2","","","","N","","","","","","","","","",""
"2023006828","1954","1","0","0","0","0","0","0","0","0","1","0","","02","1","2023","6","40.323828","-79.892468","1954","11","0","0","0","0","0","0","0","0","","0","0","0","19","","0","N","0","","40 19:25.779","1","0","79 53:32.884","9","0","0","0","2433","0","0","0","N","0","0","0","1","02433","0","","1.0","2019.0","9","N","N","N","1","","0","0","0","","0","N","1954","2","0","0","0","0","0","1","2","0","2","","10","","N","","","","","","","","","",""
"2023008033","1747","1","0","0","0","0","0","1","0","0","5","1","","02","1","2023","2","40.451883","-80.171059","1734","11","0","0","0","0","0","1","1","0","","0","0","0","17","","0","N","0","","40 27:06.779","","0","80 10:15.811","9","0","0","0","2115","0","0","0","N","0","0","0","5","02503","0","","1.0","","9","N","N","N","1","","0","0","1","","0","","1734","5","0","0","0","0","0","1","2","0","5","","","","N","","","","","","","","","",""
"2023002796","1302","1","0","1","0","0","0","0","0","0","7","0","","02","1","2023","1","40.518512","-79.723194","1256","11","0","0","0","0","0","0","0","0","","0","0","0","12","","1","N","0","","40 31:06.643","4","0","79 43:23.499","2","0","0","0","2466","0","0","0","N","0","0","0","1","02466","0","","4.0","1326.0","1","N","N","N","0","","0","1","0","","0","N","1255","1","1","0","0","0","0","0","1","0","1","","03","","N","","","","","","","","","",""
"2023008203","1801","1","0","0","0","0","0","0","0","0","5","0","","02","1","2023","6","40.442449","-79.808391","1749","11","0","0","0","0","0","0","0","0","","0","0","0","17","","0","N","0","","40 26:32.815","","0","79 48:30.209","9","0","0","0","2113","0","0","0","N","0","0","0","2","68B03","0","","3.0","","1","N","N","N","0","","0","0","1","","0","","1748","2","0","0","0","0","0","1","2","0","2","","","","N","","","","","","","","","",""
"2023008311","1014","0","0","0","0","0","0","0","0","0","7","0","","02","1","2023","4","40.556817","-80.022529","1008","11","0","0","0","0","0","0","0","0","","0","0","0","10","","0","N","0","","40 33:24.542","2","0","80 01:21.105","0","0","0","0","2108","0","0","0","N","0","0","0","1","02108","0","","1.0","1050.0","2","N","N","N","0","","0","0","1","","0","N","1006","1","0","0","0","0","0","0","2","0","1","","06","","N","","","","","","","","","",""
"2023003308","0905","2","0","0","0","0","0","0","0","0","5","0","","02","1","2023","3","40.514434","-80.004928","0903","11","0","0","0","0","0","0","1","0","","0","0","0","09","","0","","1","","40 30:51.963","","0","80 00:17.740","0","0","0","0","2116","0","0","0","N","0","0","0","2","02116","0","","1.0","","1","","","N","0","","0","0","0","","2","N","0900","2","0","0","0","0","0","0","2","0","2","","","","N","","","","","","","","","",""
"2023003110","1824","1","0","0","0","0","0","0","0","0","7","0","","02","1","2023","6","40.458683","-80.188006","1819","11","0","0","1","0","0","0","0","0","","0","0","0","18","","0","","7","","40 27:31.257","","2","80 11:16.822","0","0","0","0","2213","0","0","0","N","0","0","0","1","68B03","0","","4.0","","1","N","N","N","0","","0","0","0","","0","","1819","1","0","0","0","0","0","0","2","0","1","","","","N","","","","","","","","","",""
"2023012800","1543","1","0","0","0","0","0","0","0","0","4","0","","02","2","2023","3","40.55453","-80.02124","1537","11","0","0","0","0","0","1","0","0","","0","0","0","15","","0","N","1","","40 33:16.307","1","0","80 01:16.463","0","0","0","0","2108","0","0","0","N","0","0","0","2","02108","0","","1.0","1606.0","1","N","N","N","1","","0","0","0","","2","N","1530","2","0","0","0","0","0","0","2","0","2","","","","N","","","","","","","","","",""
"2023011931","1554","0","0","0","0","0","0","0","0","0","4","0","","02","2","2023","7","40.465016","-79.981698","1550","11","0","0","0","0","0","1","1","0","","0","0","0","15","","1","","2","","40 27:54.057","7","0","79 58:54.112","3","0","0","0","2301","0","0","0","N","0","0","0","4","02301","0","","1.0","1630.0","1","N","N","N","0","","1","0","2","","0","Y","1546","2","1","0","0","0","0","0","2","0","2","","03","","N","","","","","","","","","",""
"2023003249","0759","1","0","0","0","0","0","0","0","0","1","0","","02","1","2023","2","40.43001","-79.879973","0717","11","0","0","0","0","0","0","0","0","","0","0","0","07","","0","N","0","","40 25:48.035","","0","79 52:47.901","0","0","0","0","2426","0","0","0","N","0","0","0","2","68B03","0","","1.0","","1","N","N","N","0","","0","0","1","","0","","0717","2","0","0","0","0","0","0","2","0","2","","03","","N","","","","","","","","","",""
"2023001804","1317","0","0","0","0","0","0","0","0","0","7","0","","02","1","2023","5","40.345314","-79.992053","1315","11","0","0","0","0","0","0","0","1","","0","0","0","13","","0","N","0","","40 20:43.131","","0","79 59:31.390","0","0","0","0","2403","0","0","0","Y","0","0","0","1","02403","0","","2.0","","1","N","N","N","1","","0","0","0","","0","","1310","1","0","0","0","0","0","0","2","0","1","","03","","N","","","","","","","","","",""
"2023015196","0012","1","0","0","0","0","0","0","0","0","7","0","","02","2","2023","2","40.582849","-79.954177","0008","11","0","0","0","0","0","0","0","0","","0","0","0","00","","0","N","0","","40 34:58.258","","0","79 57:15.036","0","0","0","0","2207","0","0","0","N","0","0","0","1","02207","0","","5.0","","1","N","N","N","0","","0","0","0","","0","","0003","1","0","0","0","0","0","0","2","0","1","","03","","N","","","","","","","","","",""
"2023006355","1245","0","0","0","0","0","0","0","0","0","2","0","","02","1","2023","5","40.476509","-80.031692","1242","11","0","0","0","0","0","2","0","0","","0","0","0","12","","2","","1","","40 28:35.432","","0","80 01:54.091","4","0","0","0","2301","0","0","0","N","0","0","0","2","02301","2","","1.0","","1","","","N","0","","0","0","2","","2","","1242","2","2","0","0","0","0","0","2","0","2","","03","","N","","","","","","","","","",""
"2023001416","1439","0","0","0","0","0","0","0","0","0","7","0","","02","1","2023","4","40.596336","-79.829551","1434","11","0","0","0","0","0","0","0","0","","0","0","0","14","","0","N","0","","40 35:46.809","5","0","79 49:46.384","0","0","0","0","2209","0","0","0","Y","0","0","0","1","02209","0","","5.0","1511.0","9","N","N","N","0","","0","0","1","","0","Y","1434","1","0","0","0","0","0","0","1","0","1","","","","N","","","","","","","","","",""
"2023007482","1153","0","0","1","0","0","0","0","0","0","2","1","","02","1","2023","4","40.373729","-79.844765","1151","11","0","0","0","0","0","1","0","0","","0","1","0","11","","2","","1","","40 22:25.425","5","0","79 50:41.154","2","0","0","0","2303","0","0","0","N","0","0","0","3","02501","0","","1.0","1530.0","9","N","N","N","0","","1","1","1","","2","Y","1151","2","2","0","0","0","0","0","2","0","2","","","","N","","","","","","","","","",""
"2023006926","0845","0","0","0","0","0","0","0","0","0","1","0","","02","1","2023","7","40.396255","-79.998137","0839","11","0","0","0","0","0","1","0","0","","0","0","0","08","","0","N","1","","40 23:46.518","","0","79 59:53.294","0","0","0","0","2301","0","0","0","N","0","0","0","3","02301","0","","1.0","","1","N","N","N","0","","0","0","3","","0","","0830","3","0","0","0","0","0","0","2","0","3","","03","","N","","","","","","","","","",""
"2023007633","2251","2","0","0","0","0","0","0","0","0","5","0","","02","1","2023","5","40.43443","-79.996419","2218","11","0","0","0","1","0","0","0","0","","0","0","0","22","","0","N","0","","40 26:03.948","4","0","79 59:47.110","0","0","0","0","2301","0","0","0","N","0","0","0","2","68B03","0","","1.0","2251.0","9","N","N","N","0","","0","0","0","","0","N","2210","2","0","0","0","0","0","0","2","0","2","","","","N","","","","","","","","","",""
"2023004303","0118","3","0","0","0","0","0","0","0","0","1","0","","02","1","2023","2","40.404903","-79.881747","0111","11","0","0","0","0","0","0","0","0","","0","0","0","00","","2","N","0","","40 24:17.650","4","3","79 52:54.290","3","0","0","0","2475","0","0","0","N","0","0","0","5","68B03","0","","1.0","247.0","1","N","N","N","0","","2","0","1","","2","N","0055","5","2","0","0","0","0","1","2","0","5","","","","N","","","","","","","","","",""
"2023004237","2321","1","0","0","0","0","0","0","0","0","4","0","","02","1","2023","5","40.477665","-79.785487","2321","11","0","0","0","0","0","0","1","0","","0","0","0","23","","0","","1","","40 28:39.595","","0","79 47:07.754","9","0","0","0","2113","0","0","0","N","0","0","0","2","02113","0","","1.0","","9","N","N","N","0","","0","0","1","","2","","2314","2","0","0","0","0","0","1","2","0","2","","","","N","","","","","","","","","",""
"2023008226","1914","0","0","0","0","0","0","0","0","0","7","0","","02","1","2023","1","40.468209","-80.242354","1857","11","0","0","0","0","0","0","0","0","","0","0","0","18","","0","N","0","","40 28:05.551","","0","80 14:32.474","0","0","0","0","2203","0","0","0","N","0","0","0","1","68B03","0","","4.0","","9","N","N","N","0","","0","0","1","","0","","1852","1","0","0","0","0","0","0","2","0","1","","","","N","","","","","","","","","",""
"2023014733","1942","2","0","0","0","0","0","0","0","0","4","0","","02","2","2023","2","40.38563","-79.97872","1934","11","0","0","0","0","0","0","0","0","","0","0","0","19","","0","N","2","","40 23:08.268","","0","79 58:43.391","0","0","0","0","2301","0","0","0","N","0","0","0","2","02301","0","","1.0","","1","N","N","N","0","","0","0","0","","3","N","1934","2","0","0","0","0","0","0","2","0","2","","03","","N","","","","","","","","","",""
"2023002090","0931","0","0","0","0","0","0","0","0","0","4","1","","02","1","2023","6","40.354994","-79.878773","0926","11","0","0","0","0","0","1","0","1","","0","1","0","09","","1","","9","","40 21:17.978","5","0","79 52:43.581","8","0","0","0","2423","0","0","0","N","0","0","0","3","02304","0","","1.0","1006.0","1","N","N","Y","0","","0","0","2","","0","N","0926","3","1","0","0","0","1","0","2","0","3","","03","","N","","","","","","","","","",""
"2023002751","2101","0","0","0","0","0","0","0","0","0","7","0","","02","1","2023","3","40.388338","-79.963984","2059","11","0","0","0","0","0","0","0","0","","0","0","0","20","","0","N","0","","40 23:18.016","5","0","79 57:50.343","0","0","0","0","2403","0","0","0","Y","0","0","0","1","02403","0","","4.0","430.0","9","N","N","N","1","","0","0","0","","0","Y","2056","1","0","0","0","0","0","0","2","0","1","","03","","N","","","","","","","","","",""
"2023002055","0826","1","0","0","0","0","0","0","0","0","1","1","","02","1","2023","6","40.419611","-79.927167","0815","11","0","0","0","0","0","1","0","0","","0","1","0","07","","0","","5","","40 25:10.600","","0","79 55:37.800","0","0","0","0","2301","0","0","0","N","0","0","0","2","02301","0","","1.0","","1","N","N","N","0","","0","0","0","","0","","0752","2","0","0","0","0","0","0","2","0","2","","03","","N","","","","","","","","","",""
"2023010780","0658","1","0","0","0","0","0","0","0","0","1","0","","02","2","2023","4","40.539299","-80.181698","0658","11","0","0","0","0","0","1","0","0","","0","0","0","06","","0","N","0","","40 32:21.475","2","0","80 10:54.112","0","0","0","0","2458","0","0","0","N","0","0","0","2","02458","0","","1.0","727.0","1","N","N","N","1","","0","0","0","","2","N","0648","2","0","0","0","0","0","0","2","0","2","","03","","N","","","","","","","","","",""