"CRN","ARRIVAL_TM","AUTOMOBILE_COUNT","BELTED_DEATH_COUNT","BELTED_SUSP_SERIOUS_INJ_COUNT","BICYCLE_COUNT","BICYCLE_DEATH_COUNT","BICYCLE_SUSP_SERIOUS_INJ_COUNT","BUS_COUNT","CHLDPAS_DEATH_COUNT","CHLDPAS_SUSP_SERIOUS_INJ_COUNT","COLLISION_TYPE","COMM_VEH_COUNT","CONS_ZONE_SPD_LIM","COUNTY","CRASH_MONTH","CRASH_YEAR","DAY_OF_WEEK","DEC_LATITUDE","DEC_LONGITUDE","DISPATCH_TM","DISTRICT","DRIVER_COUNT_16YR","DRIVER_COUNT_17YR","DRIVER_COUNT_18YR","DRIVER_COUNT_19YR","DRIVER_COUNT_20YR","DRIVER_COUNT_50_64YR","DRIVER_COUNT_65_74YR","DRIVER_COUNT_75PLUS","EST_HRS_CLOSED","FATAL_COUNT","HEAVY_TRUCK_COUNT","HORSE_BUGGY_COUNT","HOUR_OF_DAY","ILLUMINATION","INJURY_COUNT","INTERSECTION_RELATED","INTERSECT_TYPE","LANE_CLOSED","LATITUDE","LN_CLOSE_DIR","LOCATION_TYPE","LONGITUDE","MAX_SEVERITY_LEVEL","MCYCLE_DEATH_COUNT","MCYCLE_SUSP_SERIOUS_INJ_COUNT","MOTORCYCLE_COUNT","MUNICIPALITY","NONMOTR_COUNT","NONMOTR_DEATH_COUNT","NONMOTR_SUSP_SERIOUS_INJ_COUNT","NTFY_HIWY_MAINT","PED_COUNT","PED_DEATH_COUNT","PED_SUSP_SERIOUS_INJ_COUNT","PERSON_COUNT","POLICE_AGCY","POSSIBLE_INJ_COUNT","RDWY_SURF_TYPE_CD","RELATION_TO_ROAD","ROADWAY_CLEARED","ROAD_CONDITION","SCH_BUS_IND","SCH_ZONE_IND","SECONDARY_CRASH","SMALL_TRUCK_COUNT","SPEC_JURIS_CD","SUSP_MINOR_INJ_COUNT","SUSP_SERIOUS_INJ_COUNT","SUV_COUNT","TCD_FUNC_CD","TCD_TYPE","TFC_DETOUR_IND","TIME_OF_DAY","TOTAL_UNITS","TOT_INJ_COUNT","UNBELTED_OCC_COUNT","UNB_DEATH_COUNT","UNB_SUSP_SERIOUS_INJ_COUNT","UNK_INJ_DEG_COUNT","UNK_INJ_PER_COUNT","URBAN_RURAL","VAN_COUNT","VEHICLE_COUNT","WEATHER1","WEATHER2","WORKERS_PRES","WORK_ZONE_IND","WORK_ZONE_LOC","WORK_ZONE_TYPE","WZ_CLOSE_DETOUR","WZ_FLAGGER","WZ_LAW_OFFCR_IND","WZ_LN_CLOSURE","WZ_MOVING","WZ_OTHER","WZ_SHLDER_MDN","WZ_WORKERS_INJ_KILLED"
"2023027172","1617","0","0","0","0","0","0","0","0","0","1","0","","02","3","2023","2","40.540278","-79.972267","1615","11","0","0","0","0","0","2","0","0","","0","0","0","16","","2","","2","","40 32:25.000","5","0","79 58:20.161","3","0","0","0","2118","0","0","0","N","0","0","0","3","02118","1","","1.0","1703.0","1","N","N","N","0","","1","0","2","","0","Y","1613","2","2","0","0","0","0","0","2","0","2","","03","","N","","","","","","","","","",""
"2023011096","2024","1","0","0","0","0","0","0","0","0","4","0","","02","2","2023","4","40.615745","-80.094226","2020","11","0","0","0","0","0","1","0","0","","0","0","0","20","","1","","1","","40 36:56.683","","2","80 05:39.212","3","0","0","0","2481","0","0","0","N","0","0","0","2","02481","0","","1.0","","1","N","N","N","0","","1","0","1","","2","","2016","2","1","0","0","0","0","0","2","0","2","","","","N","","","","","","","","","",""
"2023006810","0634","0","0","0","0","0","0","0","0","0","7","0","","02","1","2023","5","40.611242","-79.946359","0626","11","0","0","0","0","0","0","0","1","","0","0","0","06","","0","N","0","","40 36:40.472","","5","79 56:46.893","0","0","0","0","2207","0","0","0","N","0","0","0","2","68T02","0","","3.0","","9","N","N","N","0","","0","0","1","","8","","0626","1","0","0","0","0","0","0","2","0","1","","07","","N","","","","","","","","","",""
"2023027661","1830","1","0","0","0","0","0","0","0","0","4","0","","02","3","2023","2","40.354831","-79.840821","1827","11","0","0","0","0","0","0","0","0","","0","0","0","18","","0","N","2","","40 21:17.391","","0","79 50:26.956","0","0","0","0","2304","0","0","0","N","0","0","0","3","02304","0","","1.0","","1","N","N","N","0","","0","0","1","","0","","1827","2","0","0","0","0","0","0","2","0","2","","03","","N","","","","","","","","","",""
"2023028306","0025","1","0","0","0","0","0","0","0","0","7","0","","02","3","2023","5","40.481535","-79.885574","0006","11","0","0","0","0","0","1","0","0","","0","0","0","00","","0","N","0","","40 28:53.525","","0","79 53:08.068","0","0","0","0","2113","0","0","0","N","0","0","0","1","02113","0","","4.0","","1","N","N","N","0","","0","0","0","","0","","0003","1","0","0","0","0","0","0","2","0","1","","03","","N","","","","","","","","","",""
"2023008866","1820","2","0","0","0","0","0","0","0","0","4","0","","02","1","2023","5","40.44294","-80.024999","1815","11","0","0","0","0","0","0","0","0","","0","0","0","18","","0","N","0","","40 26:34.583","","0","80 01:29.998","0","0","0","0","2301","0","0","0","N","0","0","0","2","02301","0","","1.0","","1","N","N","N","0","","0","0","0","","0","","1810","2","0","0","0","0","0","0","2","0","2","","02","","N","","","","","","","","","",""
"2023012285","2322","2","0","0","0","0","0","0","0","0","5","0","","02","2","2023","7","40.414221","-80.009583","2258","11","0","0","0","0","1","0","0","0","","0","0","0","22","","0","","1","","40 24:51.197","","4","80 00:34.499","0","0","0","0","2301","0","0","0","N","0","0","0","2","02301","0","","1.0","","1","N","N","N","0","","0","0","0","","0","","2250","2","0","0","0","0","0","0","2","0","2","","03","","N","","","","","","","","","",""
"2023027252","2329","0","0","0","0","0","0","0","0","0","7","0","","02","3","2023","5","40.416844","-80.086117","2329","11","0","0","0","0","0","0","0","0","","0","0","0","23","","1","N","0","","40 25:00.638","","0","80 05:10.020","3","0","0","0","2415","0","0","0","N","0","0","0","2","68B01","0","","4.0","","1","N","N","N","0","","1","0","1","","0","","2327","1","1","2","0","0","0","1","2","0","1","","03","","N","","","","","","","","","",""
"2023007624","1802","1","0","0","0","0","0","0","0","0","1","0","","02","1","2023","2","40.383861","-79.894667","1753","11","0","0","0","0","0","1","0","0","","0","0","0","17","","1","N","0","","40 23:01.900","5","0","79 53:40.800","4","0","0","0","2448","0","0","0","N","0","0","0","2","02448","1","","1.0","1847.0","9","N","N","N","0","","0","0","1","","0","Y","1753","2","1","0","0","0","0","0","2","0","2","","07","","N","","","","","","","","","",""
"2023011826","1357","0","0","0","0","0","0","0","0","0","7","0","","02","1","2023","5","40.517944","-79.981667","1357","11","0","0","0","0","0","0","0","0","","0","0","0","13","","0","N","0","","40 31:04.600","","0","79 58:54.000","0","0","0","0","2118","0","0","0","N","0","0","0","1","02118","0","","4.0","","7","N","N","N","0","","0","0","1","","0","","1357","1","0","0","0","0","0","0","2","0","1","","10","","N","","","","","","","","","",""
"2023027441","1315","2","0","0","0","0","0","0","0","0","4","0","","02","3","2023","5","40.438106","-79.960787","1308","11","0","0","0","0","1","0","1","0","","0","0","0","13","","0","","2","","40 26:17.180","1","0","79 57:38.834","0","0","0","0","2301","0","0","0","N","0","0","0","2","02301","0","","1.0","1325.0","1","N","N","N","0","","0","0","0","","0","N","1304","2","0","0","0","0","0","0","2","0","2","","","","N","","","","","","","","","",""
"2023008293","1420","2","0","0","0","0","0","0","0","0","4","0","","02","1","2023","3","40.438747","-79.95986","1414","11","0","0","0","0","0","0","0","0","","0","0","0","14","","1","N","1","","40 26:19.489","","0","79 57:35.496","3","0","0","0","2301","0","0","0","N","0","0","0","2","02301","0","","1.0","","1","N","N","N","0","","1","0","0","","3","","1410","2","1","0","0","0","0","0","2","0","2","","03","","N","","","","","","","","","",""
"2023027704","1346","1","0","0","0","0","0","0","0","0","6","0","","02","3","2023","6","40.583793","-79.992074","1341","11","0","0","0","0","0","0","1","0","","0","0","0","13","","0","N","3","","40 35:01.654","","0","79 59:31.465","0","0","0","0","2108","0","0","0","N","0","0","0","2","02501","0","","1.0","","1","N","N","N","0","","0","0","1","","3","","1337","2","0","0","0","0","0","0","1","0","2","","","","N","","","","","","","","","",""
"2023010423","0910","0","0","0","0","0","0","0","0","0","7","0","","02","1","2023","3","40.397078","-79.980961","0858","11","0","0","0","0","0","0","0","0","","0","0","0","08","","0","N","0","","40 23:49.480","7","0","79 58:51.459","0","0","0","0","2301","0","0","0","N","0","0","0","1","02301","0","","4.0","20.0","2","N","N","N","0","","0","0","1","","0","N","0850","1","0","0","0","0","0","0","2","0","1","","03","","N","","","","","","","","","",""
"2023026900","2258","0","0","0","0","0","0","0","0","0","7","0","","02","3","2023","5","40.425662","-79.909887","2254","11","0","0","0","0","0","0","0","0","","0","0","0","22","","0","N","0","","40 25:32.383","","0","79 54:35.592","0","0","0","0","2301","0","0","0","Y","0","0","0","1","68B03","0","","4.0","","9","N","N","N","0","","0","0","1","","0","","2250","1","0","0","0","0","0","0","2","0","1","","07","","N","","","","","","","","","",""
"2023011686","1519","1","0","0","0","0","0","0","0","0","4","0","","02","2","2023","5","40.380528","-80.104528","1514","11","0","0","0","0","0","0","1","0","","0","0","0","15","","3","N","0","","40 22:49.900","6","7","80 06:16.300","3","0","0","0","2102","0","0","0","N","0","0","0","5","02102","0","","1.0","1553.0","1","N","N","N","0","","3","0","1","","3","N","1514","2","3","0","0","0","0","0","2","0","2","","","","N","","","","","","","","","",""
"2023009323","0138","3","0","0","0","0","0","0","0","0","5","0","","02","1","2023","7","40.419833","-79.995778","0133","11","0","0","0","0","0","0","0","0","","0","0","0","01","","1","N","0","","40 25:11.400","2","0","79 59:44.800","3","0","0","0","2301","0","0","0","N","0","0","0","3","02301","0","","6.0","230.0","1","N","N","N","0","","1","0","0","","0","Y","0130","3","1","0","0","0","0","0","2","0","3","","03","","N","","","","","","","","","",""
"2023027731","1715","1","0","0","0","0","0","0","0","0","7","0","","02","3","2023","3","40.425799","-79.910813","1710","11","0","0","0","0","0","0","0","0","","0","0","0","17","","1","N","0","","40 25:32.878","","4","79 54:38.926","3","0","0","0","2301","0","0","0","N","0","0","0","1","68B03","0","","4.0","","1","N","N","N","0","","1","0","0","","0","","1708","1","1","0","0","0","0","0","2","0","1","","03","","N","","","","","","","","","",""
"2023026765","1400","0","0","1","0","0","0","0","0","0","1","1","","02","3","2023","2","40.379323","-79.853508","1400","11","0","0","0","0","0","1","2","0","","0","1","0","14","","2","N","2","","40 22:45.562","","3","79 51:12.628","2","0","0","0","2303","0","0","0","N","0","0","0","6","02303","0","","1.0","","1","N","N","N","1","","0","1","2","","0","","1400","5","2","0","0","0","1","0","2","1","5","","03","","N","","","","","","","","","",""
"2023010462","1208","0","0","0","0","0","0","0","0","0","7","0","","02","1","2023","3","40.324499","-79.816169","1203","11","0","0","0","0","0","0","0","0","","0","0","0","12","","0","N","0","","40 19:28.198","6","0","79 48:58.209","0","0","0","0","2477","0","0","0","Y","0","0","0","1","02477","0","","2.0","1310.0","6","N","N","N","0","","0","0","1","","0","N","1203","1","0","0","0","0","0","0","2","0","1","","10","","N","","","","","","","","","",""
"2023010891","1103","0","0","0","0","0","0","0","0","0","4","0","","02","1","2023","3","40.363573","-80.045334","1059","11","0","0","0","0","0","0","0","0","","0","0","0","10","","0","","3","","40 21:48.862","","0","80 02:43.202","0","0","0","0","2109","0","0","0","N","0","0","0","2","02109","0","","1.0","","9","N","N","N","0","","0","0","1","","3","","1057","2","0","0","0","0","0","0","2","1","2","","03","","N","","","","","","","","","",""
"2023008390","0940","0","0","0","0","0","0","0","0","0","7","0","","02","1","2023","4","40.329628","-80.071351","0938","11","0","0","0","0","0","0","1","0","","0","0","0","09","","1","N","0","","40 19:46.659","1","0","80 04:16.862","4","0","0","0","2123","0","0","0","N","0","0","0","1","02123","1","","4.0","1027.0","7","N","N","N","0","","0","0","1","","0","Y","0938","1","1","0","0","0","0","0","2","0","1","","","","N","","","","","","","","","",""
"2023009136","2143","1","0","0","0","0","0","0","0","0","1","0","","02","1","2023","4","40.450498","-79.927494","2139","11","0","0","0","0","0","1","0","0","","0","0","0","21","","0","","2","","40 27:01.792","3","0","79 55:38.980","0","0","0","0","2301","0","0","0","N","0","0","0","2","02301","0","","1.0","2212.0","98","N","N","N","0","","0","0","1","","2","N","2135","2","0","0","0","0","0","0","2","0","2","","","","N","","","","","","","","","",""
"2023026672","0803","2","0","0","0","0","0","0","0","0","2","0","","02","3","2023","6","40.496193","-80.067672","0803","11","0","0","0","0","0","1","0","0","","0","0","0","08","","2","N","2","","40 29:46.296","1","0","80 04:03.619","8","0","0","0","2402","0","0","0","N","0","0","0","3","02402","0","","1.0","834.0","9","N","N","N","0","","0","0","1","","0","N","0803","3","2","0","0","0","2","0","2","0","3","","03","","N","","","","","","","","","",""
"2023013576","1105","0","0","0","0","0","0","0","0","0","4","0","","02","1","2023","7","40.419224","-79.882219","1101","11","0","0","0","0","0","0","0","0","","0","0","0","10","","0","","2","","40 25:09.205","","0","79 52:55.990","0","0","0","0","2463","0","0","0","N","0","0","0","2","02463","0","","1.0","","1","N","N","N","0","","0","0","2","","3","","1059","2","0","0","0","0","0","0","2","0","2","","03","","N","","","","","","","","","",""
"2023007701","2011","0","0","0","0","0","0","0","0","0","7","0","","02","1","2023","2","40.459643","-79.993453","1959","11","0","0","0","0","0","0","0","0","","0","0","0","19","","0","N","0","","40 27:34.714","7","0","79 59:36.430","0","0","0","0","2301","0","0","0","N","0","0","0","1","02301","0","","4.0","2030.0","1","N","N","Y","0","","0","0","1","","0","N","1955","1","0","0","0","0","0","0","2","0","1","","03","","N","","","","","","","","","",""
"2023009330","0630","0","0","0","0","0","0","0","0","0","4","0","","02","1","2023","4","40.368313","-80.08413","0628","11","0","0","0","0","0","0","0","0","","0","0","0","06","","1","","1","","40 22:05.926","6","0","80 05:02.867","3","0","0","0","2117","0","0","0","N","0","0","0","2","02117","0","","1.0","730.0","1","N","N","N","0","","1","0","2","","2","Y","0628","2","1","0","0","0","0","0","2","0","2","","","","N","","","","","","","","","",""
"2023008384","0913","0","0","0","0","0","0","0","0","0","4","0","","02","1","2023","3","40.470015","-79.922005","0913","11","0","0","0","0","0","0","0","1","","0","0","0","09","","0","","1","","40 28:12.054","","0","79 55:19.219","0","0","0","0","2301","0","0","0","N","0","0","0","2","02301","0","","1.0","","9","N","N","N","0","","0","0","2","","0","","0913","2","0","0","0","0","0","0","2","0","2","","98","","N","","","","","","","","","",""
"2023008668","0801","1","0","0","0","0","0","0","0","0","7","0","","02","1","2023","4","40.433991","-79.753167","0756","11","0","0","0","0","0","0","0","0","","0","0","0","07","","0","","1","","40 26:02.366","","0","79 45:11.401","0","0","0","0","2446","0","0","0","N","0","0","0","1","02446","0","","2.0","","6","N","N","N","0","","0","0","0","","2","","0754","1","0","0","0","0","0","0","2","0","1","","","","N","","","","","","","","","",""
"2023006732","2110","1","0","0","0","0","0","0","0","0","7","0","","02","1","2023","5","40.321101","-79.942218","2107","11","0","0","0","0","0","0","0","0","","0","0","0","21","","0","","1","","40 19:15.963","","0","79 56:31.984","0","0","0","0","2454","0","0","0","N","0","0","0","1","02454","0","","3.0","","1","N","N","N","0","","0","0","0","","2","N","2103","2","0","0","0","0","0","0","2","0","1","","","","N","","","","","","","","","",""
"2023010024","2115","2","0","0","0","0","0","0","0","0","5","0","","02","1","2023","1","40.391972","-80.014833","2105","11","0","0","0","0","0","1","0","0","","0","0","0","21","","0","N","0","","40 23:31.100","","0","80 00:53.400","9","0","0","0","2301","0","0","0","N","0","0","0","5","02301","0","","1.0","","9","N","N","N","0","","0","0","1","","0","","2100","3","0","0","0","0","0","1","2","0","3","","98","","N","","","","","","","","","",""
"2023009114","1234","1","0","0","0","0","0","0","0","0","4","0","","02","1","2023","6","40.438552","-80.005748","1230","11","0","0","0","0","0","1","0","0","","0","0","0","12","","0","","5","","40 26:18.786","","2","80 00:20.693","0","0","0","0","2301","0","0","0","N","0","0","0","2","02301","0","","1.0","","1","N","N","N","0","","0","0","1","","2","","1225","2","0","0","0","0","0","0","2","0","2","","03","","N","","","","","","","","","",""
"2023024859","1253","1","0","0","0","0","0","0","0","0","4","0","","02","3","2023","6","40.427061","-79.723378","1250","11","0","0","0","1","0","0","0","0","","0","0","0","12","","0","N","2","","40 25:37.418","","0","79 43:24.160","0","0","0","0","2446","0","0","0","N","0","0","0","2","02446","0","","1.0","","9","N","N","N","0","","0","0","1","","2","","1248","2","0","0","0","0","0","0","2","0","2","","","","N","","","","","","","","","",""
"2023010245","2248","0","0","0","0","0","0","0","0","0","4","0","","02","1","2023","7","40.328144","-79.836756","2246","11","0","0","0","0","0","0","0","1","","0","0","0","22","","1","","2","","40 19:41.318","","0","79 50:12.323","8","0","0","0","2304","0","0","0","N","0","0","0","5","02304","0","","1.0","","99","N","N","N","0","","0","0","2","","0","","2244","2","1","0","0","0","1","0","2","0","2","","03","","N","","","","","","","","","",""
"2023029628","0928","0","0","0","0","0","0","0","0","0","7","0","","02","1","2023","5","40.437988","-79.756535","0601","11","0","0","0","0","0","1","0","0","","1","0","0","05","","2","","7","","40 26:16.757","3","2","79 45:23.526","1","0","0","0","2446","0","0","0","Y","0","0","0","10","68B03","0","1","4.0","840.0","9","N","N","N","0","0","1","0","0","","0","Y","0541","1","2","9","1","0","1","0","2","1","1","","10","","N","","","","","","","","","",""
"2023010502","0841","0","0","0","0","0","0","0","0","0","7","0","","02","1","2023","3","40.500753","-80.209233","0841","11","0","0","0","0","0","0","0","0","","0","0","0","08","","0","N","0","","40 30:02.710","2","0","80 12:33.240","0","0","0","0","2213","0","0","0","N","0","0","0","1","02213","0","","2.0","858.0","1","N","N","N","0","","0","0","1","","0","N","0841","1","0","0","0","0","0","0","2","0","1","","","","N","","","","","","","","","",""
"2023025851","1633","2","0","0","0","0","0","0","0","0","1","0","","02","3","2023","7","40.514503","-80.007012","1631","11","0","0","0","0","1","1","0","0","","0","0","0","16","","0","N","0","","40 30:52.212","","0","80 00:25.242","0","0","0","0","2116","0","0","0","N","0","0","0","3","02116","0","","1.0","","1","N","N","N","0","","0","0","0","","0","N","1629","2","0","0","0","0","0","0","2","0","2","","03","","N","","","","","","","","","",""
"2023024704","1643","0","0","0","0","0","0","0","0","0","4","0","","02","3","2023","6","40.654356","-80.091634","1638","11","0","0","0","0","0","0","0","1","","0","0","0","16","","2","","1","","40 39:15.680","3","0","80 05:29.884","3","0","0","0","2212","0","0","0","N","0","0","0","2","02505","0","","1.0","1720.0","9","N","N","N","1","","2","0","1","","2","N","1635","2","2","0","0","0","0","0","2","0","2","","07","","N","","","","","","","","","",""
"2023011797","2322","0","0","0","0","0","0","0","0","0","7","0","","02","2","2023","6","40.385841","-79.913106","2320","11","0","0","0","0","0","0","0","0","","0","0","0","23","","1","","2","","40 23:09.026","6","0","79 54:47.180","8","0","0","0","2448","0","0","0","N","0","0","0","1","02448","0","","2.0","226.0","1","N","N","N","0","","0","0","1","","0","Y","2319","1","1","1","0","0","1","0","2","0","1","","03","","N","","","","","","","","","",""
"2023009597","2045","1","0","0","0","0","0","0","0","0","4","0","","02","1","2023","7","40.491779","-80.047874","2043","11","0","0","0","0","0","1","0","0","","0","0","0","20","","1","","3","","40 29:30.404","6","0","80 02:52.345","8","0","0","0","2404","0","0","0","N","0","0","0","2","02404","0","","1.0","2116.0","1","N","N","N","0","","0","0","1","","0","Y","2043","2","1","0","0","0","1","0","2","0","2","","","","N","","","","","","","","","",""
"2023021935","0935","1","0","0","0","0","0","0","0","0","7","0","","02","1","2023","1","40.59211","-80.096276","0925","11","0","0","0","0","0","1","0","0","","0","0","0","09","","1","N","0","","40 35:31.597","1","0","80 05:46.593","3","0","0","0","2481","0","0","0","N","0","0","0","1","68B03","0","","3.0","950.0","9","N","N","N","0","","1","0","0","","0","N","0920","1","1","0","0","0","0","0","2","0","1","","","","N","","","","","","","","","",""
"2023006943","0955","2","0","0","0","0","0","0","0","0","4","0","","02","1","2023","7","40.440466","-79.991539","0951","11","0","0","0","1","0","0","0","0","","0","0","0","09","","2","","1","","40 26:25.677","4","0","79 59:29.539","3","0","0","0","2301","0","0","0","N","0","0","0","3","02301","1","","1.0","1050.0","1","N","N","N","0","","1","0","0","","2","N","0950","2","2","1","0","0","0","0","2","0","2","","","","N","","","","","","","","","",""
"2023009205","1858","2","0","0","0","0","0","0","0","0","4","0","","02","1","2023","4","40.348531","-80.05226","1852","11","0","0","0","0","0","1","1","0","","0","0","0","18","","1","","1","","40 20:54.713","2","0","80 03:08.137","3","0","0","0","2407","0","0","0","N","0","0","0","3","02407","0","","1.0","1930.0","9","N","N","N","0","","1","0","1","","2","N","1849","3","1","0","0","0","0","0","2","0","3","","","","N","","","","","","","","","",""
"2023029383","2348","1","0","0","0","0","0","0","0","0","1","0","","02","3","2023","2","40.309964","-79.891243","2346","11","0","0","0","0","0","0","0","0","","0","0","0","23","","1","","1","","40 18:35.872","1","0","79 53:28.473","3","0","0","0","2302","0","0","0","N","0","0","0","3","02302","0","","1.0","33.0","1","N","N","N","0","","1","0","1","","2","Y","2344","2","1","2","0","0","0","0","2","0","2","","","","N","","","","","","","","","",""
"2023010572","1852","1","0","0","0","0","0","0","0","0","7","0","","02","1","2023","3","40.460528","-79.954389","1842","11","0","0","0","0","0","0","0","0","","0","0","0","18","","0","N","0","","40 27:37.900","","0","79 57:15.800","0","0","0","0","2301","0","0","0","N","0","0","0","1","02301","0","","2.0","","1","N","N","N","0","","0","0","0","","0","","1835","1","0","0","0","0","0","0","2","0","1","","03","","N","","","","","","","","","",""
"2023027848","0542","1","0","0","0","0","0","0","0","0","7","0","","02","3","2023","1","40.356236","-79.996847","0540","11","0","0","0","0","0","0","0","0","","0","0","0","05","","1","N","0","","40 21:22.450","","0","79 59:48.650","4","0","0","0","2476","0","0","0","N","0","0","0","1","02476","1","","4.0","","1","N","N","N","0","","0","0","0","","0","","0539","1","1","0","0","0","0","0","2","0","1","","","","N","","","","","","","","","",""
"2023028201","2249","1","0","0","0","0","0","0","0","0","7","0","","02","3","2023","3","40.357527","-79.830263","2240","11","0","1","0","0","0","0","0","0","","0","0","0","22","","0","N","0","","40 21:27.097","","0","79 49:48.946","0","0","0","0","2477","0","0","0","Y","0","0","0","1","02477","0","","2.0","","8","N","N","N","0","","0","0","0","","0","","2240","1","0","0","0","0","0","0","2","0","1","","","","N","","","","","","","","","",""
"2023027104","1851","1","0","1","0","0","0","0","0","0","4","0","","02","3","2023","6","40.389848","-79.831901","1851","11","0","0","0","0","0","2","0","0","","0","0","0","18","","1","N","0","","40 23:23.452","6","0","79 49:54.845","2","0","0","0","2111","0","0","0","N","0","0","0","4","02111","0","","1.0","2034.0","9","N","N","N","0","","0","1","1","","0","Y","1851","3","1","2","0","0","0","0","2","1","3","","07","","N","","","","","","","","","",""
"2023010488","1554","1","0","0","0","0","0","0","0","0","4","0","","02","1","2023","3","40.457213","-79.758509","1544","11","0","0","0","0","0","1","0","1","","0","0","0","15","","0","","2","","40 27:25.965","7","0","79 45:30.634","0","0","0","0","2446","0","0","0","N","0","0","0","6","02446","0","","1.0","1644.0","9","N","N","N","0","","0","0","2","","3","Y","1544","3","0","0","0","0","0","0","2","0","3","","04","","N","","","","","","","","","",""
"2023010435","0929","0","0","0","0","0","0","0","0","0","8","0","","02","1","2023","2","40.444751","-80.000931","0920","11","0","0","0","0","0","0","0","0","","0","0","0","09","","1","Y","0","","40 26:41.103","2","3","80 00:03.351","8","0","0","0","2301","1","0","0","N","1","0","0","2","02301","0","","1.0","1010.0","1","N","N","N","0","","0","0","1","","0","Y","0920","2","1","0","0","0","1","0","2","0","1","","","","N","","","","","","","","","",""
"2023007347","0220","1","0","0","0","0","0","0","0","0","8","0","","02","1","2023","1","40.410473","-79.9553","0215","11","0","0","0","0","0","0","0","0","","0","0","0","02","","2","N","0","","40 24:37.702","7","0","79 57:19.081","2","0","0","0","2403","1","0","1","N","1","0","1","3","02403","0","","1.0","716.0","9","N","N","Y","0","","1","1","1","","0","Y","0210","3","2","0","0","0","0","0","2","0","2","","","","N","","","","","","","","","",""
"2023026924","1417","0","0","0","0","0","0","0","0","0","1","0","","02","3","2023","6","40.583764","-80.104449","1414","11","0","0","1","0","0","1","0","0","","0","0","0","14","","0","","2","","40 35:01.551","1","0","80 06:16.015","0","0","0","0","2481","0","0","0","N","0","0","0","2","02481","0","","1.0","1455.0","1","N","N","N","0","","0","0","2","","0","N","1410","2","0","0","0","0","0","0","2","0","2","","03","","N","","","","","","","","","",""
"2023009318","2328","1","0","0","0","0","0","0","0","0","2","0","","02","1","2023","6","40.543778","-79.811811","2323","11","0","0","0","0","0","0","0","0","","0","0","0","23","","0","N","0","","40 32:37.600","","0","79 48:42.520","0","0","0","0","2208","0","0","0","N","0","0","0","1","02208","0","","6.0","","1","N","N","N","0","","0","0","1","","0","","2320","2","0","0","0","0","0","0","2","0","2","","03","","N","","","","","","","","","",""
"2023008695","0901","1","0","0","0","0","0","0","0","0","7","0","","02","1","2023","5","40.566694","-79.981167","0858","11","0","0","0","0","0","0","0","0","","0","0","0","08","","1","N","0","","40 34:00.100","6","0","79 58:52.200","3","0","0","0","2207","0","0","0","N","0","0","0","1","02207","0","","4.0","926.0","9","N","N","N","0","","1","0","0","","0","N","0858","1","1","0","0","0","0","0","2","0","1","","10","","N","","","","","","","","","",""
"2023010484","1555","0","0","0","0","0","0","0","0","0","4","0","","02","1","2023","3","40.545939","-80.011135","1545","11","0","0","0","0","0","0","0","0","","0","0","0","15","","0","","2","","40 32:45.379","","7","80 00:40.085","0","0","0","0","2116","0","0","0","N","0","0","0","2","02116","0","","1.0","","1","N","N","N","0","","0","0","2","","0","","1545","2","0","0","0","0","0","0","2","0","2","","03","","N","","","","","","","","","",""
"2023009687","1353","0","0","0","0","0","0","0","0","0","4","0","","02","1","2023","1","40.46325","-79.826583","1346","11","0","0","0","0","0","0","0","0","","0","0","0","13","","0","","1","","40 27:47.700","","7","79 49:35.700","0","0","0","0","2113","0","0","0","N","0","0","0","4","02113","0","","1.0","","1","N","N","N","0","","0","0","2","","0","","1344","2","0","0","0","0","0","0","2","0","2","","03","","N","","","","","","","","","",""
"2023010249","2105","2","0","0","0","0","0","0","0","0","4","0","","02","1","2023","1","40.352141","-80.050563","2101","11","0","0","0","0","0","0","0","0","","0","0","0","21","","1","","2","","40 21:07.706","2","7","80 03:02.027","3","0","0","0","2109","0","0","0","N","0","0","0","3","02109","0","","1.0","2145.0","9","N","N","N","0","","1","0","0","","2","N","2100","2","1","0","0","0","0","0","2","0","2","","","","N","","","","","","","","","",""
"2023010562","1630","0","0","0","0","0","0","0","0","0","7","0","","02","1","2023","3","40.42282","-79.939946","1624","11","0","0","0","0","0","0","0","1","","0","0","0","16","","1","N","0","","40 25:22.153","7","0","79 56:23.805","3","0","0","0","2301","0","0","0","N","0","0","0","1","02301","0","","4.0","1800.0","7","N","N","N","0","","1","0","2","","0","N","1624","2","1","0","0","0","0","0","2","0","2","","","","N","","","","","","","","","",""
"2023027384","1652","1","0","0","0","0","0","0","0","0","7","0","","02","3","2023","6","40.60341","-79.766425","1652","11","0","0","0","0","0","1","0","1","","0","0","0","16","","1","N","0","","40 36:12.276","2","0","79 45:59.131","4","0","0","0","2464","0","0","0","Y","0","0","0","3","68D02","1","","2.0","1738.0","1","N","N","N","0","","0","0","1","","0","N","1643","2","1","0","0","0","0","0","2","0","2","","03","","N","","","","","","","","","",""
"2023023287","2011","0","0","0","0","0","0","0","0","0","4","1","","02","3","2023","6","40.552848","-80.115739","2006","11","0","0","0","0","0","2","0","0","","0","1","0","19","","0","","3","","40 33:10.254","","0","80 06:56.659","0","0","0","0","2215","0","0","0","Y","0","0","0","2","02215","0","","1.0","","9","N","N","N","1","","0","0","0","","2","","1950","2","0","2","0","0","0","0","2","0","2","","","","N","","","","","","","","","",""