"CRN","ARRIVAL_TM","AUTOMOBILE_COUNT","BELTED_DEATH_COUNT","BELTED_SUSP_SERIOUS_INJ_COUNT","BICYCLE_COUNT","BICYCLE_DEATH_COUNT","BICYCLE_SUSP_SERIOUS_INJ_COUNT","BUS_COUNT","CHLDPAS_DEATH_COUNT","CHLDPAS_SUSP_SERIOUS_INJ_COUNT","COLLISION_TYPE","COMM_VEH_COUNT","CONS_ZONE_SPD_LIM","COUNTY","CRASH_MONTH","CRASH_YEAR","DAY_OF_WEEK","DEC_LATITUDE","DEC_LONGITUDE","DISPATCH_TM","DISTRICT","DRIVER_COUNT_16YR","DRIVER_COUNT_17YR","DRIVER_COUNT_18YR","DRIVER_COUNT_19YR","DRIVER_COUNT_20YR","DRIVER_COUNT_50_64YR","DRIVER_COUNT_65_74YR","DRIVER_COUNT_75PLUS","EST_HRS_CLOSED","FATAL_COUNT","HEAVY_TRUCK_COUNT","HORSE_BUGGY_COUNT","HOUR_OF_DAY","ILLUMINATION","INJURY_COUNT","INTERSECTION_RELATED","INTERSECT_TYPE","LANE_CLOSED","LATITUDE","LN_CLOSE_DIR","LOCATION_TYPE","LONGITUDE","MAX_SEVERITY_LEVEL","MCYCLE_DEATH_COUNT","MCYCLE_SUSP_SERIOUS_INJ_COUNT","MOTORCYCLE_COUNT","MUNICIPALITY","NONMOTR_COUNT","NONMOTR_DEATH_COUNT","NONMOTR_SUSP_SERIOUS_INJ_COUNT","NTFY_HIWY_MAINT","PED_COUNT","PED_DEATH_COUNT","PED_SUSP_SERIOUS_INJ_COUNT","PERSON_COUNT","POLICE_AGCY","POSSIBLE_INJ_COUNT","RDWY_SURF_TYPE_CD","RELATION_TO_ROAD","ROADWAY_CLEARED","ROAD_CONDITION","SCH_BUS_IND","SCH_ZONE_IND","SECONDARY_CRASH","SMALL_TRUCK_COUNT","SPEC_JURIS_CD","SUSP_MINOR_INJ_COUNT","SUSP_SERIOUS_INJ_COUNT","SUV_COUNT","TCD_FUNC_CD","TCD_TYPE","TFC_DETOUR_IND","TIME_OF_DAY","TOTAL_UNITS","TOT_INJ_COUNT","UNBELTED_OCC_COUNT","UNB_DEATH_COUNT","UNB_SUSP_SERIOUS_INJ_COUNT","UNK_INJ_DEG_COUNT","UNK_INJ_PER_COUNT","URBAN_RURAL","VAN_COUNT","VEHICLE_COUNT","WEATHER1","WEATHER2","WORKERS_PRES","WORK_ZONE_IND","WORK_ZONE_LOC","WORK_ZONE_TYPE","WZ_CLOSE_DETOUR","WZ_FLAGGER","WZ_LAW_OFFCR_IND","WZ_LN_CLOSURE","WZ_MOVING","WZ_OTHER","WZ_SHLDER_MDN","WZ_WORKERS_INJ_KILLED"
"2023009428","1233","0","0","0","0","0","0","0","0","0","4","0","","02","1","2023","6","40.452824","-80.164989","1223","11","0","0","0","0","0","0","0","0","","0","0","0","12","","0","","2","","40 27:10.168","3","0","80 09:53.960","0","0","0","0","2115","0","0","0","N","0","0","0","2","02115","0","","1.0","1325.0","1","N","N","N","0","","0","0","2","","2","N","1223","2","0","0","0","0","0","0","2","0","2","","03","","N","","","","","","","","","",""
"2023019445","0107","1","0","0","0","0","0","0","0","0","7","0","","02","1","2023","3","40.445359","-79.847015","0107","11","0","0","0","0","1","0","0","0","","0","0","0","01","","0","N","0","","40 26:43.294","3","0","79 50:49.254","0","0","0","0","2419","0","0","0","N","0","0","0","1","68B03","0","","2.0","204.0","6","N","N","N","0","","0","0","0","","0","N","0106","1","0","0","0","0","0","0","2","0","1","","","","N","","","","","","","","","",""
"2023010505","1718","0","0","0","0","0","0","0","0","0","1","0","","02","1","2023","5","40.53163","-80.189305","1712","11","0","0","1","0","0","0","0","0","","0","0","0","17","","1","Y","0","","40 31:53.867","","3","80 11:21.497","4","0","0","0","2213","0","0","0","N","0","0","0","5","02213","1","","1.0","","9","N","N","N","2","","0","0","1","","2","","1712","3","1","0","0","0","0","0","2","0","3","","","","N","","","","","","","","","",""
"2023009832","1952","2","0","0","0","0","0","0","0","0","4","0","","02","1","2023","1","40.437283","-79.975968","1858","11","0","0","0","0","0","0","0","0","","0","0","0","18","","0","","1","","40 26:14.219","","0","79 58:33.486","0","0","0","0","2301","0","0","0","N","0","0","0","2","02301","0","","1.0","","9","N","N","N","0","","0","0","0","","0","","1858","2","0","0","0","0","0","0","2","0","2","","06","","N","","","","","","","","","",""
"2023012143","1900","0","0","0","0","0","0","0","0","0","8","0","","02","2","2023","7","40.430629","-79.892544","1858","11","0","0","0","0","0","0","0","0","","0","0","0","18","","1","","2","","40 25:50.263","5","0","79 53:33.158","2","0","0","0","2463","1","0","1","N","1","0","1","2","02463","0","","1.0","1921.0","1","N","N","N","0","","0","1","0","","0","N","1856","2","1","0","0","0","0","1","2","0","1","","03","","N","","","","","","","","","",""
"2023011967","1614","2","0","0","0","0","0","0","0","0","4","0","","02","2","2023","7","40.34767","-79.947263","1611","11","0","0","0","0","0","0","0","0","","0","0","0","16","","0","","2","","40 20:51.612","2","0","79 56:50.147","0","0","0","0","2473","0","0","0","N","0","0","0","4","02473","0","","1.0","1700.0","1","N","N","N","0","","0","0","0","","3","Y","1611","2","0","0","0","0","0","0","2","0","2","","03","","N","","","","","","","","","",""
"2023008372","2151","0","0","0","0","0","0","0","0","0","5","0","","02","1","2023","7","40.494548","-79.859612","2150","11","0","0","0","0","0","0","0","0","","0","0","0","21","","0","N","0","","40 29:40.371","5","0","79 51:34.603","0","0","0","0","2408","0","0","0","N","0","0","0","1","02408","0","","6.0","2340.0","1","N","N","N","3","","0","0","2","","0","Y","2149","5","0","0","0","0","0","0","2","0","5","","03","","N","","","","","","","","","",""
"2023028706","1552","0","0","0","0","0","0","0","0","0","98","0","","02","3","2023","6","40.402759","-80.001022","1539","11","0","0","0","0","0","0","0","0","","0","0","0","15","","0","N","0","","40 24:09.934","2","0","80 00:03.678","0","0","0","0","2301","0","0","0","N","0","0","0","2","02301","0","","1.0","1625.0","9","","","N","0","","0","0","1","","0","Y","1535","1","0","0","0","0","0","0","2","0","1","","07","","N","","","","","","","","","",""
"2023008393","2234","1","0","0","0","0","0","0","0","0","1","0","","02","1","2023","2","40.357689","-79.999647","2229","11","0","0","0","0","0","0","0","0","","0","0","0","22","","0","","1","","40 21:27.682","","0","79 59:58.728","0","0","0","0","2476","0","0","0","N","0","0","0","2","02476","0","","1.0","","1","N","N","N","0","","0","0","1","","2","","2229","2","0","0","0","0","0","0","2","0","2","","","","N","","","","","","","","","",""
"2023012061","1624","1","0","0","0","0","0","0","0","0","7","0","","02","1","2023","3","40.52101","-79.852754","1602","11","0","0","0","0","0","0","0","0","","0","0","0","16","","0","N","0","","40 31:15.636","","0","79 51:09.913","0","0","0","0","2208","0","0","0","N","0","0","0","1","68D02","0","","3.0","","1","N","N","N","0","","0","0","0","","0","","1602","1","0","0","0","0","0","0","2","0","1","","","","N","","","","","","","","","",""
"2023027443","1232","0","0","0","0","0","0","0","0","0","7","1","","02","3","2023","4","40.538918","-80.023902","1228","11","0","0","0","0","0","0","0","0","","0","1","0","12","","0","N","0","","40 32:20.106","","0","80 01:26.048","0","0","0","0","2116","0","0","0","N","0","0","0","1","02116","0","","2.0","","1","N","N","N","0","","0","0","0","","0","","1225","1","0","0","0","0","0","0","2","0","1","","03","","N","","","","","","","","","",""
"2023008532","1559","0","0","0","0","0","0","0","0","0","98","0","","02","1","2023","2","40.358129","-80.212954","1559","11","0","0","0","0","0","1","0","0","","0","0","0","15","","0","N","0","","40 21:29.265","1","0","80 12:46.633","0","0","0","0","2119","0","0","0","N","0","0","0","1","68T09","0","","1.0","1602.0","9","N","N","N","0","","0","0","1","","0","Y","1559","1","0","0","0","0","0","0","1","0","1","","03","","N","","","","","","","","","",""
"2023015422","0200","1","0","0","0","0","0","0","0","0","7","0","","02","2","2023","5","40.439288","-80.008502","0200","11","0","0","0","0","0","0","0","0","","0","0","0","01","","0","","7","","40 26:21.438","3","2","80 00:30.606","9","0","0","0","2301","0","0","0","Y","0","0","0","1","68B03","0","","4.0","245.0","1","N","N","N","0","","0","0","0","","0","N","0151","1","0","0","0","0","0","1","2","0","1","","","","N","","","","","","","","","",""
"2023026858","1750","1","0","0","0","0","0","0","0","0","1","0","","02","3","2023","5","40.348168","-79.947286","1740","11","0","0","0","0","0","1","0","0","","0","0","0","17","","1","","1","","40 20:53.403","","0","79 56:50.231","3","0","0","0","2473","0","0","0","N","0","0","0","2","02473","0","","1.0","","9","N","N","N","0","","1","0","1","","2","","1740","2","1","0","0","0","0","0","2","0","2","","03","","N","","","","","","","","","",""
"2023011891","0800","1","0","0","0","0","0","0","0","0","2","0","","02","2","2023","6","40.457129","-79.977059","0740","11","0","0","0","0","0","1","0","0","","0","0","0","07","","0","N","0","","40 27:25.664","","0","79 58:37.413","0","0","0","0","2301","0","0","0","N","0","0","0","1","02301","0","","6.0","","99","N","N","N","1","","0","0","0","","0","","0700","2","0","0","0","0","0","0","2","0","2","","","","N","","","","","","","","","",""
"2023026872","0216","1","0","0","0","0","0","0","0","0","2","0","","02","3","2023","7","40.389049","-79.995192","0210","11","0","0","0","0","0","0","0","0","","0","0","0","02","","0","N","2","","40 23:20.576","","0","79 59:42.691","0","0","0","0","2301","0","0","0","N","0","0","0","2","02301","0","","5.0","","9","N","N","N","1","","0","0","0","","0","","0210","2","0","0","0","0","0","0","2","0","2","","07","","N","","","","","","","","","",""
"2023028336","1017","2","0","0","0","0","0","0","0","0","4","0","","02","3","2023","4","40.454784","-80.182796","1009","11","0","0","0","0","0","0","0","0","","0","0","0","10","","0","N","0","","40 27:17.224","","0","80 10:58.064","0","0","0","0","2214","0","0","0","Y","0","0","0","2","68B03","0","","1.0","","1","N","N","N","0","","0","0","0","","0","","1007","2","0","0","0","0","0","0","2","0","2","","","","N","","","","","","","","","",""
"2023011800","0647","2","0","0","0","0","0","0","0","0","4","0","","02","2","2023","6","40.486353","-80.009735","0642","11","0","0","0","0","0","1","0","0","","0","0","0","06","","1","","3","","40 29:10.869","7","0","80 00:35.046","3","0","0","0","2301","0","0","0","N","0","0","0","2","02301","0","","1.0","750.0","1","N","N","N","0","","1","0","0","","0","N","0639","2","1","0","0","0","0","0","2","0","2","","03","","N","","","","","","","","","",""
"2023027022","1752","0","0","0","0","0","0","0","0","0","1","0","","02","2","2023","3","40.425826","-79.902042","1744","11","0","0","0","0","0","0","1","0","","0","0","0","17","","3","N","0","","40 25:32.973","","0","79 54:07.350","3","0","0","0","2301","0","0","0","N","0","0","0","3","68B03","2","","1.0","","1","N","N","N","0","","1","0","2","","0","","1735","2","3","0","0","0","0","0","2","0","2","","","","N","","","","","","","","","",""
"2023013463","1150","1","0","0","0","0","0","0","0","0","1","0","","02","1","2023","6","40.442661","-79.937592","1123","11","0","0","0","0","0","0","0","0","","0","0","0","11","","0","","2","","40 26:33.579","2","0","79 56:15.330","0","0","0","0","2301","0","0","0","N","0","0","0","1","02301","0","","6.0","1223.0","1","N","N","N","1","","0","0","0","","0","N","1123","3","0","0","0","0","0","0","2","1","3","","03","","N","","","","","","","","","",""
"2023028022","0645","1","0","0","0","0","0","0","0","0","7","0","","02","3","2023","3","40.433552","-80.050549","0630","11","0","0","0","0","0","0","0","0","","0","0","0","06","","0","","2","","40 26:00.786","","0","80 03:01.978","0","0","0","0","2301","0","0","0","N","0","0","0","0","02301","0","","4.0","","1","N","N","N","0","","0","0","0","","0","","0630","1","0","0","0","0","0","0","2","0","1","","04","","N","","","","","","","","","",""
"2023008164","2255","2","0","0","0","0","0","0","0","0","1","0","","02","1","2023","3","40.447132","-79.895174","2251","11","0","0","0","0","0","2","1","0","","0","0","0","22","","1","","1","","40 26:49.676","3","0","79 53:42.625","8","0","0","0","2301","0","0","0","N","0","0","0","6","02301","0","","1.0","2330.0","1","N","N","N","0","","0","0","3","","2","N","2250","5","1","0","0","0","1","0","2","0","5","","","","N","","","","","","","","","",""
"2023026326","0052","1","0","0","0","0","0","0","0","0","7","0","","02","3","2023","5","40.396737","-79.924743","0049","11","0","0","0","0","0","1","0","0","","1","0","0","00","","1","Y","0","","40 23:48.254","7","0","79 55:29.074","1","0","0","0","2472","0","0","0","N","0","0","0","2","02501","0","1","5.0","635.0","1","N","N","N","0","0","0","1","0","","0","Y","0046","1","1","2","1","1","0","0","2","0","1","","","","N","","","","","","","","","",""
"2023027086","0125","1","0","0","0","0","0","0","0","0","4","0","","02","3","2023","1","40.455589","-79.966229","0152","11","0","0","0","0","0","0","0","0","","0","0","0","01","","2","","5","","40 27:20.119","3","0","79 57:58.425","8","0","0","0","2301","0","0","0","N","0","0","0","5","02301","0","","1.0","200.0","1","N","N","Y","0","","0","0","2","","2","Y","0115","3","2","0","0","0","2","1","2","0","3","","03","","N","","","","","","","","","",""
"2023027263","0805","1","0","0","0","0","0","0","0","0","1","0","","02","3","2023","3","40.434227","-79.86694","0754","11","0","0","0","0","0","0","0","0","","0","0","0","07","","0","","7","","40 26:03.217","4","2","79 52:00.985","0","0","0","0","2478","0","0","0","N","0","0","0","2","68B03","0","","1.0","835.0","1","N","N","N","1","","0","0","0","","0","N","0754","2","0","0","0","0","0","0","2","0","2","","","","N","","","","","","","","","",""
"2023009691","2245","2","0","0","0","0","0","0","0","0","2","0","","02","1","2023","7","40.427714","-79.964091","2237","11","0","0","0","0","0","1","0","0","","0","0","0","22","","2","","1","","40 25:39.769","3","0","79 57:50.728","3","0","0","0","2301","0","0","0","N","0","0","0","3","02301","0","","1.0","2315.0","1","N","N","Y","0","","2","0","0","","0","Y","2235","2","2","0","0","0","0","0","2","0","2","","","","N","","","","","","","","","",""
"2023007674","0045","0","0","0","0","0","0","0","0","0","7","0","","02","1","2023","1","40.45167","-79.995269","0029","11","0","0","0","0","0","0","0","0","","0","0","0","00","","1","N","0","","40 27:06.012","","2","79 59:42.967","3","0","0","0","2301","0","0","0","N","0","0","0","1","68B03","0","","4.0","","1","N","N","N","0","","1","0","1","","0","","0023","1","1","0","0","0","0","0","2","0","1","","","","N","","","","","","","","","",""
"2023028576","1506","2","0","0","0","0","0","0","0","0","4","1","","02","3","2023","5","40.442983","-79.772982","1500","11","0","0","0","0","0","0","0","1","","0","0","0","14","","0","","1","","40 26:34.737","","0","79 46:22.734","0","0","0","0","2446","0","0","0","N","0","0","0","2","02446","0","","1.0","","1","N","N","N","0","","0","0","0","","0","","1452","2","0","0","0","0","0","0","2","0","2","","","","N","","","","","","","","","",""
"2023007291","1950","1","0","0","0","0","0","0","0","0","8","0","","02","1","2023","1","40.428002","-79.925311","1950","11","0","0","0","0","0","0","0","0","","0","0","0","19","","1","","3","","40 25:40.807","","0","79 55:31.119","3","0","0","0","2301","1","0","0","N","1","0","0","2","02301","0","","1.0","","9","N","N","N","0","","1","0","0","","2","","1950","2","1","0","0","0","0","0","2","0","1","","07","","N","","","","","","","","","",""
"2023026278","1012","1","0","0","0","0","0","0","0","0","4","0","","02","3","2023","4","40.370496","-79.982327","1008","11","0","0","0","0","0","0","1","1","","0","0","0","10","","0","","1","","40 22:13.785","","0","79 58:56.377","0","0","0","0","2413","0","0","0","N","0","0","0","5","02413","0","","1.0","","1","N","N","N","0","","0","0","1","","0","N","1004","2","0","0","0","0","0","0","2","0","2","","","","N","","","","","","","","","",""
"2023014299","1526","0","0","0","0","0","0","0","0","0","1","0","","02","2","2023","7","40.348893","-79.938631","1520","11","0","0","0","0","0","0","0","0","","0","0","0","15","","2","Y","0","","40 20:56.016","","0","79 56:19.071","8","0","0","0","2473","0","0","0","N","0","0","0","4","02473","0","","1.0","","1","N","N","N","0","","0","0","2","","0","","1520","2","2","0","0","0","2","0","2","0","2","","03","","N","","","","","","","","","",""
"2023025487","0803","1","0","0","0","0","0","0","0","0","7","0","","02","1","2023","1","40.42748","-79.890759","0736","11","0","0","0","0","0","0","0","0","","0","0","0","07","","1","N","0","","40 25:38.928","3","3","79 53:26.733","4","0","0","0","2426","0","0","0","N","0","0","0","1","68B03","1","","3.0","100.0","2","N","N","N","0","","0","0","0","","0","N","0731","1","1","0","0","0","0","0","2","0","1","","","","N","","","","","","","","","",""
"2023011804","0040","0","0","0","0","0","0","0","0","0","7","0","","02","2","2023","7","40.43207","-80.027778","0033","11","0","0","0","0","0","0","0","0","","0","0","0","00","","0","","7","","40 25:55.453","","2","80 01:39.999","0","0","0","0","2301","0","0","0","N","0","0","0","2","02301","0","","7.0","","1","N","N","N","0","","0","0","0","","0","","0026","1","0","0","0","0","0","0","2","1","1","","","","N","","","","","","","","","",""
"2023009871","0027","1","0","0","0","0","0","0","0","0","7","0","","02","1","2023","2","40.337361","-79.835528","0027","11","0","0","0","0","0","0","0","0","","0","0","0","00","","0","N","0","","40 20:14.500","5","0","79 50:07.900","9","0","0","0","2304","0","0","0","N","0","0","0","1","02304","0","","4.0","124.0","9","N","N","N","0","","0","0","0","","0","Y","0027","1","0","0","0","0","0","1","2","0","1","","07","","N","","","","","","","","","",""
"2023010880","1610","1","0","0","0","0","0","0","0","0","7","0","","02","2","2023","4","40.425278","-79.945278","1603","11","0","0","0","0","0","0","0","0","","0","0","0","15","","0","N","2","","40 25:31.000","3","0","79 56:43.000","0","0","0","0","2301","0","0","0","N","0","0","0","1","02301","0","","4.0","1640.0","1","N","N","N","0","","0","0","0","","0","N","1550","1","0","0","0","0","0","0","2","0","1","","03","","N","","","","","","","","","",""
"2023024672","1330","0","0","0","0","0","0","0","0","0","7","0","","02","3","2023","6","40.51201","-80.034951","1324","11","0","0","0","0","0","1","0","0","","0","0","0","13","","0","N","0","","40 30:43.236","3","0","80 02:05.824","0","0","0","0","2116","0","0","0","N","0","0","0","1","02116","0","","5.0","1418.0","9","N","N","N","0","","0","0","1","","0","N","1324","1","0","0","0","0","0","0","2","0","1","","","","N","","","","","","","","","",""
"2023027615","0639","1","0","0","0","0","0","0","0","0","1","0","","02","3","2023","2","40.430559","-80.026747","0627","11","0","0","0","0","0","1","0","0","","0","0","0","06","","0","N","0","","40 25:50.012","","0","80 01:36.290","0","0","0","0","2301","0","0","0","N","0","0","0","2","68B03","0","","1.0","","1","N","N","N","0","","0","0","1","","0","","0625","2","0","0","0","0","0","0","2","0","2","","","","N","","","","","","","","","",""
"2023011718","1947","2","0","0","0","0","0","0","0","0","1","0","","02","1","2023","2","40.427191","-79.891214","1936","11","0","0","0","0","0","1","0","0","","0","0","0","19","","2","N","0","","40 25:37.889","3","3","79 53:28.370","8","0","0","0","2301","0","0","0","N","0","0","0","2","68B03","0","","1.0","2038.0","9","N","N","N","0","","0","0","0","","0","N","1934","2","2","0","0","0","2","0","2","0","2","","","","N","","","","","","","","","",""
"2023007877","0838","1","0","0","0","0","0","0","0","0","7","0","","02","1","2023","3","40.323073","-79.820748","0834","11","0","0","1","0","0","0","0","0","","0","0","0","08","","0","","2","","40 19:23.063","","0","79 49:14.692","0","0","0","0","2304","0","0","0","N","0","0","0","1","02304","0","","2.0","","1","N","N","N","0","","0","0","0","","2","","0834","1","0","0","0","0","0","0","2","0","1","","03","","N","","","","","","","","","",""
"2023008348","0944","1","0","0","0","0","0","0","0","0","7","0","","02","1","2023","4","40.541","-79.874306","0930","11","0","1","0","0","0","0","0","0","","0","0","0","09","","0","N","0","","40 32:27.600","","0","79 52:27.500","0","0","0","0","2432","0","0","0","N","0","0","0","1","02432","0","","5.0","","7","N","N","N","0","","0","0","0","","0","","0930","1","0","0","0","0","0","0","2","0","1","","06","","N","","","","","","","","","",""
"2023027358","1140","0","0","0","0","0","0","0","0","0","5","0","","02","1","2023","3","40.469671","-80.245279","1125","11","0","0","1","0","0","0","1","0","","0","0","0","11","","0","N","0","","40 28:10.814","4","0","80 14:43.003","0","0","0","0","2203","0","0","0","Y","0","0","0","4","68B03","0","","1.0","1300.0","1","N","N","N","0","","0","0","2","","0","N","1123","2","0","0","0","0","0","0","2","0","2","","03","","N","","","","","","","","","",""
"2023006859","0131","1","0","0","0","0","0","0","0","0","6","0","","02","1","2023","7","40.450651","-80.044272","0129","11","0","0","0","0","0","1","1","0","","0","0","0","01","","0","N","0","","40 27:02.342","","4","80 02:39.379","0","0","0","0","2301","0","0","0","N","0","0","0","2","02301","0","","1.0","","9","N","N","N","0","","0","0","1","","0","","0129","2","0","0","0","0","0","0","2","0","2","","10","","N","","","","","","","","","",""
"2023014170","1645","1","0","0","0","0","0","0","0","0","1","0","","02","1","2023","7","40.427637","-79.891162","1630","11","0","0","0","0","0","0","0","0","","0","0","0","16","","2","","2","","40 25:39.492","4","2","79 53:28.183","3","0","0","0","2426","0","0","0","N","0","0","0","5","68B03","0","","1.0","1720.0","1","N","N","N","0","","1","0","1","","0","N","1610","3","2","0","0","0","1","0","2","1","3","","","","N","","","","","","","","","",""
"2023027049","1932","1","0","0","0","0","0","0","0","0","6","0","","02","3","2023","7","40.422202","-80.007714","1927","11","0","0","0","0","0","0","1","0","","0","0","0","19","","0","N","1","","40 25:19.927","","0","80 00:27.770","0","0","0","0","2301","0","0","0","N","0","0","0","3","02301","0","","1.0","","1","N","N","Y","0","","0","0","1","","3","","1927","3","0","0","0","0","0","0","2","1","3","","03","","N","","","","","","","","","",""
"2023027730","0842","3","0","0","0","0","0","0","0","0","1","0","","02","3","2023","3","40.492068","-79.893523","0834","11","0","0","0","0","1","0","0","0","","0","0","0","08","","1","N","0","","40 29:31.444","","0","79 53:36.681","4","0","0","0","2432","0","0","0","N","0","0","0","4","68D02","1","","1.0","","1","N","N","N","0","","0","0","1","","0","","0831","4","1","0","0","0","0","0","2","0","4","","","","N","","","","","","","","","",""
"2023010436","1040","1","0","0","0","0","0","0","0","0","7","0","","02","1","2023","3","40.463573","-79.844744","1037","11","0","0","0","0","0","0","0","0","","0","0","0","10","","0","N","0","","40 27:48.861","","0","79 50:41.079","0","0","0","0","2113","0","0","0","N","0","0","0","1","02113","0","","4.0","","6","N","N","N","0","","0","0","0","","0","N","1032","1","0","0","0","0","0","0","2","0","1","","","","N","","","","","","","","","",""
"2023029670","0822","0","0","0","0","0","0","0","0","0","7","1","","02","3","2023","4","40.438552","-80.005748","0800","11","0","0","0","0","0","0","1","0","","0","0","0","07","","0","N","0","","40 26:18.786","3","0","80 00:20.693","0","0","0","0","2301","0","0","0","Y","0","0","0","1","68B03","0","","2.0","957.0","1","Y","N","N","0","","0","0","0","","0","Y","0759","1","0","0","0","0","0","0","2","1","1","","03","","N","","","","","","","","","",""
"2023009667","1350","0","0","0","0","0","0","0","0","0","0","0","","02","1","2023","7","40.385697","-79.821498","1347","11","0","0","0","0","0","0","0","0","","0","0","0","13","","1","N","0","","40 23:08.510","","7","79 49:17.391","8","0","0","1","2111","0","0","0","N","0","0","0","1","02111","0","","1.0","","1","N","N","N","1","","0","0","0","","3","","1346","3","1","0","0","0","1","0","2","0","2","","","","N","","","","","","","","","",""
"2023007293","1508","1","0","0","0","0","0","0","0","0","1","0","","02","1","2023","1","40.488932","-80.079382","1502","11","0","0","0","0","0","1","0","0","","0","0","0","15","","1","","2","","40 29:20.155","5","0","80 04:45.774","3","0","0","0","2122","0","0","0","N","0","0","0","2","02122","0","","1.0","1530.0","9","N","N","N","0","","1","0","1","","0","N","1501","2","1","1","0","0","0","0","2","0","2","","07","","N","","","","","","","","","",""
"2023027939","1718","1","0","0","0","0","0","0","0","0","1","0","","02","3","2023","2","40.442995","-79.99177","1653","11","0","0","0","0","1","1","0","0","","0","0","0","16","","2","N","0","","40 26:34.782","","0","79 59:30.371","4","0","0","0","2301","0","0","0","N","0","0","0","3","68B03","2","","1.0","","1","N","N","N","0","","0","0","1","","0","","1650","2","2","0","0","0","0","0","2","0","2","","03","","N","","","","","","","","","",""
"2023008155","2040","1","0","0","0","0","0","0","0","0","8","0","","02","1","2023","3","40.453937","-80.006142","2036","11","0","0","0","0","0","0","0","0","","0","0","0","20","","1","","2","","40 27:14.172","","0","80 00:22.111","3","0","0","0","2301","1","0","0","N","1","0","0","2","02301","0","","1.0","","1","N","N","N","0","","1","0","0","","2","","2030","2","1","0","0","0","0","0","2","0","1","","03","","N","","","","","","","","","",""
"2023026938","0929","1","0","0","0","0","0","0","0","0","4","0","","02","3","2023","7","40.52885","-79.850142","0925","11","1","0","0","0","0","0","0","0","","0","0","0","09","","2","N","2","","40 31:43.859","7","3","79 51:00.512","4","0","0","0","2208","0","0","0","N","0","0","0","3","02208","1","","1.0","1005.0","9","N","N","N","0","","0","0","1","","2","N","0923","2","2","0","0","0","1","0","2","0","2","","","","N","","","","","","","","","",""
"2023009837","2055","0","0","0","0","0","0","0","0","0","7","0","","02","1","2023","1","40.42916","-79.999261","2050","11","0","0","0","0","0","0","0","0","","0","0","0","20","","0","","1","","40 25:44.976","","4","79 59:57.339","0","0","0","0","2301","0","0","0","N","0","0","0","1","02301","0","","2.0","","9","N","N","N","0","","0","0","1","","0","","2048","1","0","0","0","0","0","0","2","0","1","","07","","N","","","","","","","","","",""
"2023009211","1640","1","0","0","0","0","0","0","0","0","1","0","","02","1","2023","6","40.416444","-79.976528","1637","11","0","0","0","0","0","0","0","0","","0","0","0","16","","0","N","0","","40 24:59.200","3","0","79 58:35.500","9","0","0","0","2301","0","0","0","N","0","0","0","1","02301","0","","6.0","1721.0","1","N","N","N","0","","0","0","1","","0","N","1633","2","0","0","0","0","0","1","2","0","2","","03","","N","","","","","","","","","",""
"2023009620","0010","3","0","0","0","0","0","0","0","0","5","0","","02","1","2023","1","40.425305","-79.965999","0004","11","0","0","0","0","0","0","0","0","","0","0","0","00","","0","N","0","","40 25:31.098","4","0","79 57:57.598","0","0","0","0","2301","0","0","0","N","0","0","0","1","02301","0","","6.0","200.0","1","N","N","N","0","","0","0","0","","0","N","0001","3","0","0","0","0","0","0","2","0","3","","03","","N","","","","","","","","","",""
"2023027738","0818","1","0","0","0","0","0","0","0","0","7","0","","02","3","2023","5","40.490956","-79.887074","0805","11","0","0","1","0","0","0","0","0","","0","0","0","08","","0","N","0","","40 29:27.441","1","0","79 53:13.466","0","0","0","0","2301","0","0","0","N","0","0","0","2","68D02","0","","4.0","100.0","9","N","N","N","0","","0","0","0","","0","N","0800","1","0","0","0","0","0","0","2","0","1","","07","","N","","","","","","","","","",""
"2023028089","0836","0","0","0","0","0","0","1","0","0","8","1","","02","3","2023","4","40.44422","-79.948619","0836","11","0","0","0","0","0","0","1","0","","0","0","0","08","","1","Y","0","","40 26:39.191","","7","79 56:55.030","3","0","0","0","2301","1","0","0","N","1","0","0","2","02301","0","","1.0","","1","N","N","N","0","","1","0","0","","0","","0836","2","1","0","0","0","0","0","2","0","1","","03","","N","","","","","","","","","",""
"2023006721","1544","1","0","0","0","0","0","0","0","0","8","0","","02","1","2023","6","40.341142","-79.836804","1541","11","0","0","0","0","0","0","0","0","","0","0","0","15","","1","","2","","40 20:28.111","5","0","79 50:12.494","8","0","0","0","2304","1","0","0","N","1","0","0","2","02304","0","","1.0","1600.0","1","N","N","N","0","","0","0","0","","0","N","1539","2","1","0","0","0","1","0","2","0","1","","","","N","","","","","","","","","",""
"2023008277","0823","1","0","0","0","0","0","0","0","0","7","0","","02","1","2023","4","40.338931","-79.955821","0817","11","0","0","0","0","0","1","0","0","","0","0","0","08","","0","N","0","","40 20:20.151","2","0","79 57:20.954","0","0","0","0","2454","0","0","0","N","0","0","0","1","02454","0","","4.0","938.0","6","N","N","N","0","","0","0","0","","0","N","0817","2","0","0","0","0","0","0","2","0","1","","","","N","","","","","","","","","",""
"2023008180","2039","0","0","0","0","0","0","0","0","0","7","0","","02","1","2023","3","40.579213","-79.952492","2037","11","0","0","0","0","0","0","0","0","","0","0","0","20","","0","N","0","","40 34:45.167","6","0","79 57:08.970","0","0","0","0","2207","0","0","0","Y","0","0","0","1","02207","0","","2.0","2145.0","1","N","N","N","0","","0","0","1","","0","Y","2035","1","0","0","0","0","0","0","2","0","1","","04","","N","","","","","","","","","",""