"CRN","ARRIVAL_TM","AUTOMOBILE_COUNT","BELTED_DEATH_COUNT","BELTED_SUSP_SERIOUS_INJ_COUNT","BICYCLE_COUNT","BICYCLE_DEATH_COUNT","BICYCLE_SUSP_SERIOUS_INJ_COUNT","BUS_COUNT","CHLDPAS_DEATH_COUNT","CHLDPAS_SUSP_SERIOUS_INJ_COUNT","COLLISION_TYPE","COMM_VEH_COUNT","CONS_ZONE_SPD_LIM","COUNTY","CRASH_MONTH","CRASH_YEAR","DAY_OF_WEEK","DEC_LATITUDE","DEC_LONGITUDE","DISPATCH_TM","DISTRICT","DRIVER_COUNT_16YR","DRIVER_COUNT_17YR","DRIVER_COUNT_18YR","DRIVER_COUNT_19YR","DRIVER_COUNT_20YR","DRIVER_COUNT_50_64YR","DRIVER_COUNT_65_74YR","DRIVER_COUNT_75PLUS","EST_HRS_CLOSED","FATAL_COUNT","HEAVY_TRUCK_COUNT","HORSE_BUGGY_COUNT","HOUR_OF_DAY","ILLUMINATION","INJURY_COUNT","INTERSECTION_RELATED","INTERSECT_TYPE","LANE_CLOSED","LATITUDE","LN_CLOSE_DIR","LOCATION_TYPE","LONGITUDE","MAX_SEVERITY_LEVEL","MCYCLE_DEATH_COUNT","MCYCLE_SUSP_SERIOUS_INJ_COUNT","MOTORCYCLE_COUNT","MUNICIPALITY","NONMOTR_COUNT","NONMOTR_DEATH_COUNT","NONMOTR_SUSP_SERIOUS_INJ_COUNT","NTFY_HIWY_MAINT","PED_COUNT","PED_DEATH_COUNT","PED_SUSP_SERIOUS_INJ_COUNT","PERSON_COUNT","POLICE_AGCY","POSSIBLE_INJ_COUNT","RDWY_SURF_TYPE_CD","RELATION_TO_ROAD","ROADWAY_CLEARED","ROAD_CONDITION","SCH_BUS_IND","SCH_ZONE_IND","SECONDARY_CRASH","SMALL_TRUCK_COUNT","SPEC_JURIS_CD","SUSP_MINOR_INJ_COUNT","SUSP_SERIOUS_INJ_COUNT","SUV_COUNT","TCD_FUNC_CD","TCD_TYPE","TFC_DETOUR_IND","TIME_OF_DAY","TOTAL_UNITS","TOT_INJ_COUNT","UNBELTED_OCC_COUNT","UNB_DEATH_COUNT","UNB_SUSP_SERIOUS_INJ_COUNT","UNK_INJ_DEG_COUNT","UNK_INJ_PER_COUNT","URBAN_RURAL","VAN_COUNT","VEHICLE_COUNT","WEATHER1","WEATHER2","WORKERS_PRES","WORK_ZONE_IND","WORK_ZONE_LOC","WORK_ZONE_TYPE","WZ_CLOSE_DETOUR","WZ_FLAGGER","WZ_LAW_OFFCR_IND","WZ_LN_CLOSURE","WZ_MOVING","WZ_OTHER","WZ_SHLDER_MDN","WZ_WORKERS_INJ_KILLED"
"2023045264","","0","0","0","0","0","0","0","0","0","4","0","","02","5","2023","2","40.477585","-79.842812","","11","0","0","0","0","0","1","0","0","","0","0","0","","","1","N","3","","40 28:39.307","4","0","79 50:34.123","8","0","0","0","2113","0","0","0","N","0","0","0","2","02113","0","","1.0","1230.0","1","N","N","N","1","","0","0","1","","3","N","","2","1","0","0","0","1","0","2","0","2","","03","","N","","","","","","","","","",""
"2023044957","","0","0","0","0","0","0","0","0","0","4","1","","02","5","2023","1","40.441237","-79.959152","","11","0","0","0","0","0","1","0","0","","0","0","0","","","1","","2","","40 26:28.454","","0","79 57:32.947","3","0","0","0","2301","0","0","0","N","0","0","0","2","02301","0","","1.0","","1","N","N","N","0","","1","0","1","","8","","","2","1","0","0","0","0","0","2","1","2","","","","N","","","","","","","","","",""
"2023031093","","2","0","0","0","0","0","0","0","0","1","0","","02","4","2023","7","40.355199","-79.83524","","11","0","0","0","0","0","1","0","0","","0","0","0","","","3","","2","","40 21:18.717","","0","79 50:06.865","3","0","0","0","2304","0","0","0","N","0","0","0","4","02304","0","","1.0","","1","N","N","N","0","","3","0","0","","2","","","2","3","4","0","0","0","0","2","0","2","","03","","N","","","","","","","","","",""
"2023043606","","0","0","0","0","0","0","0","0","0","98","0","","02","5","2023","1","40.273983","-79.957012","","11","0","0","0","0","0","0","0","0","","0","0","0","","","0","N","0","","40 16:26.338","","0","79 57:25.244","0","0","0","0","2440","0","0","0","N","0","0","0","2","68T09","0","","1.0","","1","N","N","N","0","","0","0","1","","0","","","1","0","0","0","0","0","0","1","0","1","","","","N","","","","","","","","","",""
"2023046033","","0","0","0","0","0","0","0","0","0","1","0","","02","5","2023","4","40.614082","-80.099495","","11","0","0","0","0","0","0","0","0","","0","0","0","","","0","N","0","","40 36:50.696","","0","80 05:58.181","0","0","0","0","2481","0","0","0","N","0","0","0","3","02481","0","","1.0","","1","N","N","Y","0","","0","0","3","","0","","","3","0","0","0","0","0","0","1","0","3","","03","","N","","","","","","","","","",""
"2023044059","","2","0","0","0","0","0","0","0","0","1","0","45","02","4","2023","3","40.496668","-79.91724","","11","0","0","0","0","0","3","1","0","","0","0","0","","","1","N","0","","40 29:48.004","1","0","79 55:02.065","3","0","0","0","2112","0","0","0","N","0","0","0","4","68D02","0","","1.0","1350.0","1","N","N","N","0","","1","0","2","","0","N","","4","1","0","0","0","0","0","2","0","4","","","Y","Y","4","1","N","N","N","Y","N","N","Y","N"
"2023039550","","0","0","0","0","0","0","0","0","0","0","0","","02","4","2023","1","40.648617","-79.743591","","11","0","0","0","0","0","0","0","0","","0","0","0","","","1","N","0","","40 38:55.020","","0","79 44:36.926","8","0","0","1","2202","0","0","0","N","0","0","0","1","68D02","0","","4.0","","1","N","N","N","0","","0","0","0","","0","","","1","1","0","0","0","1","0","1","0","1","","03","","N","","","","","","","","","",""
"2023046423","","1","0","0","0","0","0","0","0","0","7","0","","02","5","2023","5","40.484184","-79.83744","","11","0","0","0","0","0","0","0","0","","0","0","0","","","1","","3","","40 29:03.062","","0","79 50:14.783","4","0","0","0","2113","0","0","0","N","0","0","0","1","02113","1","","5.0","","1","N","N","N","0","","0","0","0","","0","","","1","1","0","0","0","0","0","2","0","1","","","","N","","","","","","","","","",""
"2023031230","","0","0","0","0","0","0","0","0","0","7","0","","02","4","2023","1","40.39291","-79.87023","","11","0","0","0","0","0","0","0","0","","0","0","0","","","0","N","0","","40 23:34.477","","0","79 52:12.828","0","0","0","0","2473","0","0","0","N","0","0","0","1","02473","0","","3.0","","1","N","N","N","0","","0","0","1","","0","","","1","0","1","0","0","0","0","2","0","1","","03","","N","","","","","","","","","",""
"2023041266","","3","0","0","0","0","0","0","0","0","1","0","","02","4","2023","4","40.425838","-79.901815","","11","0","0","0","0","0","1","0","0","","0","0","0","","","1","N","0","","40 25:33.017","","0","79 54:06.535","8","0","0","0","2301","0","0","0","N","0","0","0","3","68B03","0","","1.0","","1","N","N","N","0","","0","0","0","","0","","","3","1","0","0","0","1","1","2","0","3","","","","N","","","","","","","","","",""
"2023033616","","2","0","0","0","0","0","0","0","0","5","0","","02","4","2023","3","40.348415","-80.112475","","11","0","0","0","0","0","1","0","0","","0","0","0","","","0","N","0","","40 20:54.293","","0","80 06:44.911","0","0","0","0","2119","0","0","0","N","0","0","0","2","02119","0","","1.0","","1","N","N","N","0","","0","0","0","","0","","","2","0","0","0","0","0","0","2","0","2","","","","N","","","","","","","","","",""
"2023031278","","1","0","0","0","0","0","0","0","0","7","0","","02","4","2023","1","40.452779","-79.997366","","11","0","0","0","0","0","0","0","0","","0","0","0","","","0","Y","0","","40 27:10.006","","2","79 59:50.518","9","0","0","0","2301","0","0","0","N","0","0","0","1","02301","0","","2.0","","1","N","N","N","0","","0","0","0","","0","","","1","0","0","0","0","0","1","2","0","1","","","","N","","","","","","","","","",""
"2023034738","","0","0","0","0","0","0","0","0","0","7","0","","02","4","2023","1","40.393754","-79.836916","","11","0","0","0","0","0","0","0","0","","0","0","0","","","1","","3","","40 23:37.516","","3","79 50:12.899","8","0","0","1","2425","0","0","0","N","0","0","0","1","68B03","0","","2.0","","1","N","N","N","0","","0","0","0","","3","","","1","1","0","0","0","1","0","2","0","1","","03","","N","","","","","","","","","",""
"2023031022","","0","0","0","0","0","0","0","0","0","4","0","","02","4","2023","6","40.30364","-79.963229","","11","0","0","0","0","0","1","0","0","","0","0","0","","","0","","2","","40 18:13.104","5","0","79 57:47.626","0","0","0","0","2440","0","0","0","N","0","0","0","6","02440","0","","1.0","23.0","1","N","N","N","0","","0","0","2","","3","N","","2","0","0","0","0","0","0","2","0","2","","","","N","","","","","","","","","",""
"2023029470","","0","0","0","0","0","0","0","0","0","4","0","","02","4","2023","7","40.39614","-80.023683","","11","0","1","0","0","0","1","0","0","","0","0","0","","","1","","1","","40 23:46.105","3","0","80 01:25.260","3","0","0","0","2301","0","0","0","N","0","0","0","3","02301","0","","1.0","1521.0","1","N","N","N","0","","1","0","3","","2","N","","3","1","0","0","0","0","0","2","0","3","","03","","N","","","","","","","","","",""
"2023043843","","1","0","0","0","0","0","0","0","0","6","0","","02","5","2023","6","40.389785","-79.932809","","11","0","0","0","1","0","0","0","0","","0","0","0","","","0","N","0","","40 23:23.225","","0","79 55:58.113","0","0","0","0","2301","0","0","0","N","0","0","0","1","02301","0","","6.0","","1","N","N","N","0","","0","0","1","","0","","","2","0","0","0","0","0","0","2","0","2","","03","","N","","","","","","","","","",""
"2023045062","","1","0","0","0","0","0","0","0","0","1","0","","02","5","2023","1","40.499998","-80.072874","","11","0","0","0","0","0","0","0","0","","0","0","0","","","0","N","2","","40 29:59.993","","0","80 04:22.348","0","0","0","0","2402","0","0","0","N","0","0","0","4","02402","0","","1.0","","1","N","N","N","1","","0","0","0","","0","","","2","0","1","0","0","0","0","2","0","2","","03","","N","","","","","","","","","",""
"2023036429","","0","0","0","0","0","0","0","0","0","0","0","","02","4","2023","1","40.540947","-80.256764","","11","0","0","0","0","0","0","0","0","","0","0","0","","","1","N","0","","40 32:27.410","","7","80 15:24.350","3","0","0","1","2213","0","0","0","N","0","0","0","1","02213","0","","1.0","","1","N","N","N","0","","1","0","0","","0","","","2","1","0","0","0","0","0","2","0","1","","03","","N","","","","","","","","","",""
"2023033309","","0","0","0","0","0","0","0","0","0","5","0","","02","4","2023","3","40.434672","-79.986871","","11","0","0","0","1","0","0","0","0","","0","0","0","","","0","N","0","","40 26:04.820","","3","79 59:12.735","0","0","0","0","2301","0","0","0","N","0","0","0","2","68B03","0","","1.0","","1","N","N","N","0","","0","0","2","","0","","","2","0","0","0","0","0","0","2","0","2","","03","","N","","","","","","","","","",""
"2023050187","","1","0","0","0","0","0","0","0","0","1","0","","02","6","2023","3","40.548342","-80.018268","","11","0","0","0","0","0","1","1","0","","0","0","0","","","2","Y","0","","40 32:54.032","1","0","80 01:05.764","8","0","0","0","2116","0","0","0","N","0","0","0","4","02116","0","","1.0","1806.0","1","N","N","N","0","","0","0","1","","0","N","","2","2","0","0","0","2","0","2","0","2","","03","","N","","","","","","","","","",""
"2023032023","","0","0","0","0","0","0","0","0","0","7","0","","02","4","2023","2","40.354651","-80.112488","","11","0","0","0","0","0","0","0","0","","0","0","0","","","0","Y","0","","40 21:16.745","3","3","80 06:44.958","0","0","0","0","2414","0","0","0","N","0","0","0","1","02414","0","","2.0","30.0","1","N","N","N","0","","0","0","0","","0","Y","","1","0","0","0","0","0","0","2","1","1","","","","N","","","","","","","","","",""
"2023032828","","1","0","0","0","0","0","0","0","0","4","0","","02","4","2023","4","40.501986","-79.985011","","11","0","0","0","0","0","0","0","0","","0","0","0","","","1","N","0","","40 30:07.150","","0","79 59:06.041","8","0","0","1","2118","0","0","0","N","0","0","0","1","02118","0","","4.0","","9","N","N","N","0","","0","0","0","","0","N","","2","1","0","0","0","1","0","2","0","2","","","","N","","","","","","","","","",""
"2023044520","","0","0","0","0","0","0","0","0","0","8","0","","02","4","2023","6","40.456356","-79.759654","","11","0","0","0","0","0","0","0","0","","0","0","0","","","1","N","0","","40 27:22.882","1","0","79 45:34.756","2","0","0","0","2446","1","0","1","N","1","0","1","2","02446","0","","2.0","2340.0","1","N","N","N","0","","0","1","1","","0","Y","","2","1","0","0","0","0","1","2","0","1","","","","N","","","","","","","","","",""
"2023037394","","0","0","0","0","0","0","0","0","0","1","0","","02","4","2023","6","40.454466","-79.994756","","11","0","0","0","0","0","0","1","0","","0","0","0","","","2","","7","","40 27:16.078","","2","79 59:41.122","4","0","0","0","2301","0","0","0","N","0","0","0","3","02301","2","","1.0","","9","N","N","N","1","","0","0","1","","0","","","2","2","0","0","0","0","0","2","0","2","","","","N","","","","","","","","","",""
"2023027808","","0","0","0","0","0","0","0","0","0","7","0","","02","3","2023","7","40.292058","-79.880529","","11","0","0","0","0","0","0","0","0","","0","0","0","","","0","N","0","","40 17:31.407","","0","79 52:49.906","0","0","0","0","2302","0","0","0","N","0","0","0","1","02302","0","","4.0","","1","N","N","N","0","","0","0","1","","0","","","1","0","1","0","0","0","0","2","0","1","","03","","N","","","","","","","","","",""
"2023030874","","1","0","0","0","0","0","0","0","0","4","0","","02","4","2023","4","40.521975","-79.842617","","11","0","0","0","0","0","0","1","1","","0","0","0","","","0","","1","","40 31:19.110","","0","79 50:33.420","0","0","0","0","2451","0","0","0","N","0","0","0","2","02451","0","","1.0","","1","N","N","N","0","","0","0","1","","3","","","2","0","0","0","0","0","0","2","0","2","","03","","N","","","","","","","","","",""
"2023030193","","1","0","0","0","0","0","0","0","0","0","0","","02","3","2023","4","40.666348","-80.050762","","11","1","0","0","0","0","0","0","0","","0","0","0","","","0","","11","","40 39:58.854","6","0","80 03:02.744","0","0","0","0","2216","0","0","0","N","0","0","0","1","02505","0","","4.0","1723.0","1","N","N","N","0","","0","0","0","","0","Y","","1","0","0","0","0","0","0","2","0","1","","","","N","","","","","","","","","",""
"2023047855","","0","0","0","0","0","0","0","0","0","6","1","","02","5","2023","4","40.597072","-80.113751","","11","0","0","0","0","0","1","0","0","","0","1","0","","","1","N","0","","40 35:49.459","3","0","80 06:49.504","4","0","0","1","2481","0","0","0","N","0","0","0","2","02481","1","","1.0","1400.0","1","N","N","N","0","","0","0","0","","0","N","","2","1","0","0","0","0","0","2","0","2","","03","","N","","","","","","","","","",""
"2023042597","","0","0","0","0","0","0","0","0","0","7","0","","02","5","2023","7","40.491895","-79.757805","","11","1","0","0","0","0","0","0","0","","0","0","0","","","0","N","0","","40 29:30.821","3","0","79 45:28.099","0","0","0","0","2466","0","0","0","N","0","0","0","2","02466","0","","4.0","2054.0","1","N","N","N","0","","0","0","1","","0","N","","1","0","0","0","0","0","0","2","0","1","","03","","N","","","","","","","","","",""
"2023033498","","0","0","0","0","0","0","0","0","0","4","0","","02","4","2023","4","40.503498","-79.936316","","11","1","0","0","0","0","0","0","0","","0","0","0","","","0","","2","","40 30:12.592","5","0","79 56:10.737","0","0","0","0","2118","0","0","0","N","0","0","0","5","02118","0","","1.0","1537.0","1","N","N","N","0","","0","0","2","","3","Y","","2","0","0","0","0","0","0","2","0","2","","03","","N","","","","","","","","","",""
"2023045530","","1","0","0","0","0","0","0","0","0","7","0","","02","5","2023","7","40.431342","-79.958653","","11","0","0","0","0","0","0","0","0","","0","0","0","","","0","N","0","","40 25:52.832","3","0","79 57:31.152","9","0","0","0","2301","0","0","0","N","0","0","0","1","68B03","0","","4.0","920.0","9","N","N","N","0","","0","0","0","","0","N","","1","0","0","0","0","0","1","2","0","1","","","","N","","","","","","","","","",""
"2023040683","","1","0","0","0","0","0","1","0","0","5","1","","02","5","2023","6","40.440328","-79.887973","","11","0","0","0","0","0","1","1","0","","0","0","0","","","1","N","0","","40 26:25.180","","0","79 53:16.701","3","0","0","0","2301","0","0","0","N","0","0","0","2","02503","0","","1.0","","1","N","N","N","0","","1","0","0","","0","","","2","1","0","0","0","0","0","2","0","2","","","","N","","","","","","","","","",""
"2023045129","","0","0","0","0","0","0","0","0","0","1","0","","02","5","2023","1","40.528426","-79.951323","","11","0","0","0","0","0","1","0","0","","0","0","0","","","0","N","0","","40 31:42.332","2","0","79 57:04.761","0","0","0","0","2118","0","0","0","N","0","0","0","2","02118","0","","1.0","1731.0","1","N","N","N","0","","0","0","1","","0","N","","2","0","0","0","0","0","0","2","1","2","","","","N","","","","","","","","","",""
"2023037271","","0","0","0","0","0","0","0","0","0","4","0","","02","4","2023","5","40.414224","-80.009629","","11","0","0","0","0","0","1","0","0","","0","0","0","","","1","","3","","40 24:51.207","2","1","80 00:34.663","3","0","0","0","2301","0","0","0","N","0","0","0","4","02301","0","","1.0","1430.0","1","N","N","N","0","","1","0","2","","2","N","","2","1","0","0","0","0","0","2","0","2","","03","","N","","","","","","","","","",""
"2023031437","","1","0","0","0","0","0","0","0","0","4","0","","02","4","2023","5","40.381585","-79.859718","","11","1","0","0","0","0","0","0","0","","0","0","0","","","2","","1","","40 22:53.705","7","0","79 51:34.985","3","0","0","0","2303","0","0","0","N","0","0","0","2","02303","0","","1.0","2319.0","1","N","N","N","0","","2","0","0","","0","N","","2","2","1","0","0","0","0","2","1","2","","03","","N","","","","","","","","","",""
"2023043407","","0","0","0","0","0","0","0","0","0","7","0","","02","4","2023","1","40.428862","-79.838001","","11","0","0","0","0","0","0","0","0","","1","0","0","","","3","N","0","","40 25:43.904","6","0","79 50:16.805","1","0","0","0","2419","0","0","0","N","0","0","0","4","02501","0","2","5.0","1130.0","9","N","N","N","0","0","3","0","1","","0","Y","","1","3","4","1","0","0","0","2","0","1","","","","N","","","","","","","","","",""
"2023043286","","1","1","0","0","0","0","0","0","0","7","0","","02","3","2023","4","40.592827","-80.095813","","11","0","0","1","0","0","0","0","0","","1","0","0","","","1","N","0","","40 35:34.176","1","0","80 05:44.925","1","0","0","0","2481","0","0","0","Y","0","0","0","2","68B03","0","1","3.0","10.0","9","N","N","N","0","0","1","0","0","","0","N","","1","1","0","0","0","0","0","2","0","1","","","","N","","","","","","","","","",""
"2023032280","","1","0","0","0","0","0","0","0","0","4","0","","02","4","2023","4","40.363268","-79.850567","","11","0","0","0","0","0","1","0","0","","0","0","0","","","0","","2","","40 21:47.766","","0","79 51:02.040","0","0","0","0","2303","0","0","0","N","0","0","0","4","02303","0","","1.0","","1","N","N","N","0","","0","0","1","","3","","","2","0","0","0","0","0","0","2","0","2","","","","N","","","","","","","","","",""
"2023024372","","1","0","0","0","0","0","0","0","0","1","0","","02","3","2023","4","40.436252","-79.969391","","11","0","1","0","0","0","1","0","0","","0","0","0","","","0","","6","","40 26:10.507","","2","79 58:09.807","0","0","0","0","2301","0","0","0","N","0","0","0","3","02301","0","","1.0","","1","N","N","N","0","","0","0","1","","4","","","2","0","0","0","0","0","0","2","0","2","","03","","N","","","","","","","","","",""
"2023031951","","2","0","0","0","0","0","0","0","0","1","0","","02","4","2023","3","40.464778","-79.934361","","11","0","0","0","0","0","0","0","0","","0","0","0","","","0","N","0","","40 27:53.200","","0","79 56:03.700","0","0","0","0","2301","0","0","0","N","0","0","0","2","02301","0","","6.0","","1","N","N","N","0","","0","0","0","","2","","","2","0","0","0","0","0","0","2","0","2","","03","","N","","","","","","","","","",""
"2023025781","","2","0","0","0","0","0","0","0","0","4","0","","02","3","2023","3","40.42551","-79.926678","","11","0","0","0","1","0","0","0","0","","0","0","0","","","0","","1","","40 25:31.835","","2","79 55:36.040","0","0","0","0","2301","0","0","0","N","0","0","0","2","02301","0","","1.0","","1","N","N","N","0","","0","0","0","","3","","","2","0","0","0","0","0","0","2","0","2","","03","","N","","","","","","","","","",""
"2023031297","","0","0","0","0","0","0","0","0","0","7","0","","02","4","2023","1","40.429671","-79.869942","","11","0","0","0","0","0","0","0","0","","0","0","0","","","0","N","0","","40 25:46.814","","0","79 52:11.792","0","0","0","0","2431","0","0","0","N","0","0","0","1","02431","0","","4.0","","1","N","N","N","0","","0","0","1","","0","","","1","0","0","0","0","0","0","2","0","1","","03","","N","","","","","","","","","",""
"2023045262","","1","0","0","0","0","0","0","0","0","4","0","","02","5","2023","2","40.438111","-79.985103","","11","0","0","0","0","0","1","0","0","","0","0","0","","","0","","1","","40 26:17.198","5","0","79 59:06.371","0","0","0","0","2301","0","0","0","N","0","0","0","3","02301","0","","1.0","1130.0","1","N","N","N","0","","0","0","1","","3","Y","","2","0","0","0","0","0","0","2","0","2","","03","","N","","","","","","","","","",""
"2023043663","","1","0","0","0","0","0","0","0","0","7","0","","02","5","2023","2","40.49676","-79.83479","","11","0","0","0","0","0","0","0","0","","0","0","0","","","0","N","2","","40 29:48.336","","0","79 50:05.244","0","0","0","0","2113","0","0","0","N","0","0","0","1","02113","0","","5.0","","1","N","N","N","0","","0","0","0","","3","","","1","0","0","0","0","0","0","2","0","1","","","","N","","","","","","","","","",""
"2023038038","","1","0","0","0","0","0","1","0","0","1","1","","02","4","2023","5","40.521413","-79.959617","","11","0","0","0","0","0","0","0","0","","0","0","0","","","1","N","1","","40 31:17.087","7","0","79 57:34.621","3","0","0","0","2118","0","0","0","N","0","0","0","3","02503","0","","1.0","2115.0","1","N","N","N","0","","1","0","2","","3","Y","","4","1","0","0","0","0","0","2","0","4","","","","N","","","","","","","","","",""
"2023046369","","1","0","0","0","0","0","0","0","0","4","0","","02","5","2023","5","40.489479","-79.819853","","11","0","0","0","0","0","1","0","0","","0","0","0","","","0","","1","","40 29:22.124","","0","79 49:11.470","0","0","0","0","2113","0","0","0","N","0","0","0","2","02113","0","","1.0","","1","N","N","N","0","","0","0","1","","3","","","2","0","0","0","0","0","0","2","0","2","","98","","N","","","","","","","","","",""
"2023045922","","0","0","0","0","0","0","0","0","0","1","2","","02","5","2023","3","40.334399","-79.983046","","11","0","0","0","0","0","1","0","0","","0","2","0","","","1","N","0","","40 20:03.838","2","0","79 58:58.964","3","0","0","0","2403","0","0","0","N","0","0","0","2","02403","0","","1.0","620.0","1","N","N","N","0","","1","0","0","","0","Y","","2","1","1","0","0","0","0","2","0","2","","","","N","","","","","","","","","",""
"2023048041","","1","0","0","0","0","0","0","0","0","7","0","","02","5","2023","2","40.508999","-80.03662","","11","0","0","0","0","0","0","0","0","","0","0","0","","","0","N","0","","40 30:32.398","","0","80 02:11.833","0","0","0","0","2116","0","0","0","N","0","0","0","1","02116","0","","4.0","","1","N","N","N","0","","0","0","0","","0","N","","1","0","0","0","0","0","0","2","0","1","","","","N","","","","","","","","","",""
"2023028853","","0","0","0","0","0","0","0","0","0","7","0","","02","3","2023","6","40.310139","-79.891972","","11","0","0","0","0","0","0","0","0","","0","0","0","","","0","N","0","","40 18:36.500","","0","79 53:31.100","0","0","0","0","2302","0","0","0","N","0","0","0","1","02302","0","","4.0","","9","N","N","N","0","","0","0","1","","0","","","1","0","0","0","0","0","0","2","0","1","","07","","N","","","","","","","","","",""
"2023029744","","1","0","0","0","0","0","0","0","0","7","0","","02","4","2023","3","40.41103","-79.955546","","11","0","0","0","0","0","0","0","0","","0","0","0","","","0","","2","","40 24:39.708","3","0","79 57:19.967","0","0","0","0","2301","0","0","0","N","0","0","0","1","02301","0","","2.0","150.0","1","N","N","N","0","","0","0","0","","2","N","","1","0","1","0","0","0","0","2","0","1","","03","","N","","","","","","","","","",""
"2023044945","","0","0","0","0","0","0","0","0","0","4","0","","02","5","2023","6","40.408186","-80.083674","","11","0","0","0","0","0","1","0","0","","0","0","0","","","1","N","2","","40 24:29.468","5","0","80 05:01.226","3","0","0","0","2415","0","0","0","N","0","0","0","2","02415","0","","1.0","825.0","1","N","N","N","0","","1","0","2","","3","N","","2","1","0","0","0","0","0","2","0","2","","03","","N","","","","","","","","","",""
"2023027991","","0","0","0","0","0","0","0","0","0","5","0","","02","3","2023","6","40.429944","-79.892306","","11","0","0","0","0","0","0","0","0","","0","0","0","","","0","N","0","","40 25:47.800","","0","79 53:32.300","0","0","0","0","2463","0","0","0","N","0","0","0","1","02463","0","","6.0","","1","","","N","0","","0","0","1","","0","","","2","0","0","0","0","0","0","2","1","2","","","","N","","","","","","","","","",""
"2023049131","","2","0","0","0","0","0","0","0","0","2","0","","02","5","2023","6","40.44171","-79.857783","","11","0","0","0","0","0","1","0","0","","0","0","0","","","1","N","0","","40 26:30.157","4","0","79 51:28.018","3","0","0","0","2419","0","0","0","N","0","0","0","4","68B03","0","","1.0","1815.0","1","N","N","Y","0","","1","0","0","","0","N","","3","1","0","0","0","0","0","2","1","3","","03","","N","","","","","","","","","",""
"2023045535","","1","0","0","0","0","0","0","0","0","7","0","","02","5","2023","7","40.439533","-80.009834","","11","0","0","0","0","0","0","0","0","","0","0","0","","","0","N","0","","40 26:22.319","3","0","80 00:35.403","0","0","0","0","2301","0","0","0","N","0","0","0","1","68B03","0","","4.0","1232.0","9","N","N","N","0","","0","0","0","","0","N","","1","0","0","0","0","0","0","2","0","1","","","","N","","","","","","","","","",""
"2023032499","","2","0","0","0","0","0","0","0","0","4","0","","02","4","2023","5","40.465467","-79.946449","","11","0","0","0","0","0","1","0","0","","0","0","0","","","1","","1","","40 27:55.680","","0","79 56:47.216","3","0","0","0","2301","0","0","0","N","0","0","0","2","02301","0","","1.0","","1","N","N","N","0","","1","0","0","","2","","","2","1","0","0","0","0","0","2","0","2","","03","","N","","","","","","","","","",""
"2023045632","","1","0","0","0","0","0","0","0","0","1","0","","02","5","2023","3","40.518958","-80.130792","","11","0","0","0","0","0","1","0","0","","0","0","0","","","0","N","0","","40 31:08.250","1","0","80 07:50.851","0","0","0","0","2434","0","0","0","N","0","0","0","4","68B03","0","","1.0","915.0","1","N","N","N","0","","0","0","1","","0","N","","3","0","0","0","0","0","0","2","1","3","","07","","N","","","","","","","","","",""
"2023035042","","1","0","0","0","0","0","0","0","0","1","0","","02","4","2023","1","40.439229","-79.861544","","11","0","0","1","0","0","0","0","0","","0","0","0","","","0","N","0","","40 26:21.226","","0","79 51:41.558","9","0","0","0","2419","0","0","0","N","0","0","0","5","68B03","0","","1.0","","1","N","N","N","1","","0","0","0","","0","","","2","0","0","0","0","0","1","2","0","2","","03","","N","","","","","","","","","",""
"2023031228","0033","0","0","0","0","0","0","0","0","0","1","0","","02","4","2023","1","40.544658","-80.188014","0030","11","1","0","0","0","0","0","0","0","","0","0","0","00","","0","N","0","","40 32:40.769","3","0","80 11:16.849","0","0","0","0","2458","0","0","0","N","0","0","0","1","02458","0","","6.0","100.0","1","N","N","N","0","","0","0","2","","0","N","0030","2","0","0","0","0","0","0","2","0","2","","03","","N","","","","","","","","","",""
"2023045917","0006","1","0","0","0","0","0","0","0","0","4","0","","02","5","2023","3","40.350462","-79.877501","0002","11","0","0","0","0","0","0","0","0","","0","0","0","00","","0","Y","0","","40 21:01.663","4","0","79 52:39.003","0","0","0","0","2304","0","0","0","N","0","0","0","1","02304","0","","1.0","102.0","1","N","N","N","0","","0","0","1","","0","N","0000","2","0","0","0","0","0","0","2","0","2","","03","","N","","","","","","","","","",""
"2023031053","1354","0","0","0","0","0","0","0","0","0","7","0","","02","4","2023","6","40.277639","-79.831306","1352","11","0","0","0","0","0","0","0","0","","0","0","0","13","","1","N","0","","40 16:39.500","","0","79 49:52.700","8","0","0","0","2105","0","0","0","N","0","0","0","1","02105","0","","5.0","","1","N","N","N","0","","0","0","1","","0","","1352","1","1","0","0","0","1","0","2","0","1","","","","N","","","","","","","","","",""
"2023031350","0513","1","0","0","0","0","0","0","0","0","7","0","","02","4","2023","1","40.423671","-79.887016","0511","11","0","0","0","0","0","0","0","0","","0","0","0","05","","0","N","0","","40 25:25.217","7","0","79 53:13.257","9","0","0","0","2463","0","0","0","N","0","0","0","1","02463","0","","5.0","1430.0","1","N","N","N","0","","0","0","0","","0","Y","0511","1","0","0","0","0","0","1","2","0","1","","03","","N","","","","","","","","","",""
"2023046319","1415","0","0","0","0","0","0","0","0","0","0","0","","02","5","2023","5","40.553678","-79.835823","1405","11","0","0","0","0","0","1","0","0","","0","0","0","14","","0","N","0","","40 33:13.239","","0","79 50:08.961","0","0","0","0","2208","0","0","0","N","0","0","0","1","68T02","0","","1.0","","1","N","N","N","1","","0","0","0","","0","","1400","1","0","0","0","0","0","0","2","0","1","","","","N","","","","","","","","","",""