"CRN","ARRIVAL_TM","AUTOMOBILE_COUNT","BELTED_DEATH_COUNT","BELTED_SUSP_SERIOUS_INJ_COUNT","BICYCLE_COUNT","BICYCLE_DEATH_COUNT","BICYCLE_SUSP_SERIOUS_INJ_COUNT","BUS_COUNT","CHLDPAS_DEATH_COUNT","CHLDPAS_SUSP_SERIOUS_INJ_COUNT","COLLISION_TYPE","COMM_VEH_COUNT","CONS_ZONE_SPD_LIM","COUNTY","CRASH_MONTH","CRASH_YEAR","DAY_OF_WEEK","DEC_LATITUDE","DEC_LONGITUDE","DISPATCH_TM","DISTRICT","DRIVER_COUNT_16YR","DRIVER_COUNT_17YR","DRIVER_COUNT_18YR","DRIVER_COUNT_19YR","DRIVER_COUNT_20YR","DRIVER_COUNT_50_64YR","DRIVER_COUNT_65_74YR","DRIVER_COUNT_75PLUS","EST_HRS_CLOSED","FATAL_COUNT","HEAVY_TRUCK_COUNT","HORSE_BUGGY_COUNT","HOUR_OF_DAY","ILLUMINATION","INJURY_COUNT","INTERSECTION_RELATED","INTERSECT_TYPE","LANE_CLOSED","LATITUDE","LN_CLOSE_DIR","LOCATION_TYPE","LONGITUDE","MAX_SEVERITY_LEVEL","MCYCLE_DEATH_COUNT","MCYCLE_SUSP_SERIOUS_INJ_COUNT","MOTORCYCLE_COUNT","MUNICIPALITY","NONMOTR_COUNT","NONMOTR_DEATH_COUNT","NONMOTR_SUSP_SERIOUS_INJ_COUNT","NTFY_HIWY_MAINT","PED_COUNT","PED_DEATH_COUNT","PED_SUSP_SERIOUS_INJ_COUNT","PERSON_COUNT","POLICE_AGCY","POSSIBLE_INJ_COUNT","RDWY_SURF_TYPE_CD","RELATION_TO_ROAD","ROADWAY_CLEARED","ROAD_CONDITION","SCH_BUS_IND","SCH_ZONE_IND","SECONDARY_CRASH","SMALL_TRUCK_COUNT","SPEC_JURIS_CD","SUSP_MINOR_INJ_COUNT","SUSP_SERIOUS_INJ_COUNT","SUV_COUNT","TCD_FUNC_CD","TCD_TYPE","TFC_DETOUR_IND","TIME_OF_DAY","TOTAL_UNITS","TOT_INJ_COUNT","UNBELTED_OCC_COUNT","UNB_DEATH_COUNT","UNB_SUSP_SERIOUS_INJ_COUNT","UNK_INJ_DEG_COUNT","UNK_INJ_PER_COUNT","URBAN_RURAL","VAN_COUNT","VEHICLE_COUNT","WEATHER1","WEATHER2","WORKERS_PRES","WORK_ZONE_IND","WORK_ZONE_LOC","WORK_ZONE_TYPE","WZ_CLOSE_DETOUR","WZ_FLAGGER","WZ_LAW_OFFCR_IND","WZ_LN_CLOSURE","WZ_MOVING","WZ_OTHER","WZ_SHLDER_MDN","WZ_WORKERS_INJ_KILLED"
"2023043648","2133","0","0","0","0","0","0","0","0","0","2","1","","02","5","2023","3","40.481607","-79.953417","2128","11","0","0","0","0","0","1","0","0","","0","1","0","21","","0","","1","","40 28:53.784","2","0","79 57:12.301","0","0","0","0","2301","0","0","0","N","0","0","0","3","02301","0","","1.0","2200.0","1","N","N","N","0","","0","0","1","","2","N","2120","2","0","0","0","0","0","0","2","0","2","","03","","N","","","","","","","","","",""
"2023048164","1053","2","0","0","0","0","0","0","0","0","4","0","","02","6","2023","5","40.398822","-80.044915","1041","11","0","0","0","0","0","0","0","0","","0","0","0","10","","0","N","2","","40 23:55.759","","0","80 02:41.694","0","0","0","0","2301","0","0","0","N","0","0","0","3","02301","0","","1.0","","1","N","N","N","0","","0","0","0","","3","","1038","2","0","0","0","0","0","0","2","0","2","","03","","N","","","","","","","","","",""
"2023033985","2348","1","0","0","0","0","0","0","0","0","7","0","","02","4","2023","5","40.378816","-79.80112","2342","11","0","0","0","0","0","0","0","0","","0","0","0","23","","0","N","0","","40 22:43.739","6","0","79 48:04.031","9","0","0","0","2111","0","0","0","N","0","0","0","1","02111","0","","4.0","55.0","1","N","N","N","1","","0","0","0","","0","Y","2342","2","0","0","0","0","0","1","2","0","2","","03","","N","","","","","","","","","",""
"2023031045","0553","1","0","0","0","0","0","0","0","0","7","0","99","02","4","2023","7","40.441536","-80.003326","0543","11","0","0","0","0","0","0","0","0","","0","0","0","05","","0","N","0","","40 26:29.530","","0","80 00:11.974","0","0","0","0","2301","0","0","0","N","0","0","0","1","02301","0","","1.0","","1","N","N","N","0","","0","0","0","","0","","0535","1","0","0","0","0","0","0","2","0","1","","03","N","Y","4","2","","","N","Y","","","","N"
"2023031013","0055","0","0","0","0","0","0","0","0","0","4","0","","02","4","2023","6","40.517524","-80.267409","0051","11","0","0","0","0","0","0","0","1","","0","0","0","00","","0","N","0","","40 31:03.088","1","7","80 16:02.673","0","0","0","0","2203","0","0","0","N","0","0","0","2","02203","0","","1.0","147.0","1","N","N","N","1","","0","0","1","","0","N","0050","2","0","1","0","0","0","0","2","0","2","","","","N","","","","","","","","","",""
"2023037640","1146","1","0","0","0","0","0","0","0","0","4","0","","02","4","2023","4","40.430468","-79.806118","1142","11","0","0","0","0","0","1","0","1","","0","0","0","11","","1","N","0","","40 25:49.683","3","7","79 48:22.024","3","0","0","0","2124","0","0","0","N","0","0","0","3","02124","0","","1.0","1213.0","1","N","N","N","0","","1","0","1","","2","N","1142","2","1","1","0","0","0","0","2","0","2","","03","","N","","","","","","","","","",""
"2023026723","1440","2","0","0","0","0","0","0","0","0","6","0","","02","3","2023","2","40.533534","-80.187238","1434","11","0","0","0","0","0","0","0","1","","0","0","0","14","","0","N","0","","40 32:00.724","","3","80 11:14.056","0","0","0","0","2458","0","0","0","N","0","0","0","3","02458","0","","1.0","","1","N","N","N","0","","0","0","0","","0","","1431","2","0","0","0","0","0","0","2","0","2","","","","N","","","","","","","","","",""
"2023032623","0957","0","0","0","0","0","0","0","0","0","4","0","","02","4","2023","5","40.465996","-80.158124","0953","11","0","0","0","0","0","0","1","0","","0","0","0","09","","3","N","0","","40 27:57.584","3","0","80 09:29.246","3","0","0","0","2115","0","0","0","N","0","0","0","4","02115","1","","1.0","1015.0","9","N","N","N","0","","1","0","2","","0","N","0948","3","3","0","0","0","1","0","2","1","3","","","","N","","","","","","","","","",""
"2023045248","0805","1","0","0","0","0","0","1","0","0","1","1","","02","5","2023","2","40.457035","-79.934759","0802","11","0","0","0","0","0","1","0","0","","0","0","0","08","","2","N","0","","40 27:25.326","6","0","79 56:05.132","3","0","0","0","2301","0","0","0","N","0","0","0","2","02503","1","","1.0","851.0","1","N","N","N","0","","1","0","0","","0","N","0802","2","2","0","0","0","0","0","2","0","2","","03","","N","","","","","","","","","",""
"2023044405","1420","1","0","0","0","0","0","0","0","0","2","0","","02","5","2023","5","40.545217","-80.035907","1414","11","0","0","0","1","0","0","0","0","","0","0","0","14","","0","","2","","40 32:42.782","5","0","80 02:09.265","0","0","0","0","2108","0","0","0","N","0","0","0","2","02108","0","","1.0","1452.0","1","N","N","N","0","","0","0","1","","3","N","1412","2","0","0","0","0","0","0","2","0","2","","","","N","","","","","","","","","",""
"2023030303","1442","1","0","0","0","0","0","0","0","0","1","0","","02","4","2023","4","40.444806","-79.89475","1437","11","0","0","0","0","0","0","1","0","","0","0","0","14","","1","N","0","","40 26:41.300","2","0","79 53:41.100","4","0","0","0","2301","0","0","0","N","0","0","0","1","02301","1","","6.0","1520.0","1","N","N","N","0","","0","0","1","","0","N","1436","2","1","0","0","0","0","0","2","0","2","","03","","N","","","","","","","","","",""
"2023020710","0217","2","0","0","0","0","0","0","0","0","4","0","","02","2","2023","7","40.447299","-79.944149","0217","11","0","0","0","0","0","0","0","0","","0","0","0","02","","0","","2","","40 26:50.275","4","0","79 56:38.937","0","0","0","0","2301","0","0","0","N","0","0","0","3","02301","0","","1.0","300.0","1","N","N","N","0","","0","0","0","","0","Y","0217","2","0","0","0","0","0","0","2","0","2","","","","N","","","","","","","","","",""
"2023012039","0540","1","0","0","0","0","0","0","0","0","5","0","","02","2","2023","7","40.460853","-79.875277","0534","11","0","0","0","0","0","0","0","0","","0","0","0","05","","0","N","0","","40 27:39.069","6","0","79 52:30.996","0","0","0","0","2113","0","0","0","N","0","0","0","1","02113","0","","6.0","630.0","1","N","N","N","0","","0","0","1","","0","Y","0534","2","0","1","0","0","0","0","2","0","2","","03","","N","","","","","","","","","",""
"2023030319","1753","1","0","0","0","0","0","0","0","0","5","0","","02","4","2023","4","40.442403","-80.023506","1748","11","0","0","0","0","1","0","0","0","","0","0","0","17","","0","N","0","","40 26:32.651","","0","80 01:24.620","0","0","0","0","2301","0","0","0","N","0","0","0","2","02301","0","","1.0","","1","N","N","N","0","","0","0","1","","0","","1740","2","0","0","0","0","0","0","2","0","2","","03","","N","","","","","","","","","",""
"2023027421","0800","1","0","0","0","0","0","0","0","0","99","0","","02","3","2023","2","40.463105","-80.029586","0755","11","0","0","0","0","0","0","0","0","","0","0","0","06","","0","N","0","","40 27:47.179","","0","80 01:46.511","9","0","0","0","2301","0","0","0","N","0","0","0","1","02301","0","","9.0","","1","N","N","N","0","","0","0","0","","0","","0645","1","0","0","0","0","0","1","2","0","1","","03","","N","","","","","","","","","",""
"2023031224","2358","0","0","0","0","0","0","0","0","0","7","0","","02","4","2023","7","40.464102","-80.020542","2350","11","0","0","0","0","0","0","0","0","","0","0","0","23","","0","","2","","40 27:50.766","","0","80 01:13.952","0","0","0","0","2301","0","0","0","N","0","0","0","1","02301","0","","4.0","","1","N","N","N","0","","0","0","1","","0","","2355","1","0","0","0","0","0","0","2","0","1","","","","N","","","","","","","","","",""
"2023046238","1630","0","0","0","0","0","0","0","0","0","2","0","","02","5","2023","4","40.437004","-79.771217","1628","11","0","0","0","0","0","0","0","0","","0","0","0","16","","2","Y","0","","40 26:13.213","1","7","79 46:16.382","3","0","0","0","2446","0","0","0","N","0","0","0","3","02446","1","","1.0","1700.0","1","N","N","N","0","","1","0","2","","0","N","1627","2","2","0","0","0","0","0","2","0","2","","03","","N","","","","","","","","","",""
"2023045205","1656","1","0","0","0","0","0","0","0","0","1","0","","02","5","2023","4","40.442052","-79.837249","1626","11","0","0","0","0","0","0","0","0","","0","0","0","16","","0","","7","","40 26:31.387","","2","79 50:14.095","0","0","0","0","2419","0","0","0","N","0","0","0","2","68B03","0","","1.0","","1","N","N","N","1","","0","0","0","","0","","1624","2","0","0","0","0","0","0","2","0","2","","03","","N","","","","","","","","","",""
"2023034447","1102","0","0","0","0","0","0","0","0","0","4","0","","02","4","2023","4","40.568234","-80.016487","1059","11","0","0","0","0","0","0","0","0","","0","0","0","10","","0","N","0","","40 34:05.643","","7","80 00:59.353","0","0","0","0","2108","0","0","0","N","0","0","0","2","02108","0","","1.0","","1","N","","N","0","","0","0","2","","0","","1059","2","0","0","0","0","0","0","2","0","2","","","","N","","","","","","","","","",""
"2023044984","1253","1","0","0","0","0","0","0","0","0","3","0","","02","5","2023","1","40.632279","-79.936431","1248","11","0","0","0","0","0","1","0","0","","0","0","0","12","","1","N","0","","40 37:56.203","4","0","79 56:11.150","8","0","0","0","2217","0","0","0","N","0","0","0","2","02505","0","","1.0","1317.0","1","N","N","N","1","","0","0","0","","0","N","1245","2","1","0","0","0","1","0","2","0","2","","03","","N","","","","","","","","","",""
"2023044191","1302","1","0","0","0","0","0","0","0","0","4","0","","02","5","2023","4","40.386268","-80.048193","1258","11","0","0","0","0","0","0","1","0","","0","0","0","12","","1","","2","","40 23:10.564","","0","80 02:53.494","3","0","0","0","2109","0","0","0","N","0","0","0","2","02109","0","","1.0","","1","N","N","N","0","","1","0","1","","3","","1255","2","1","0","0","0","0","0","2","0","2","","03","","N","","","","","","","","","",""
"2023042475","0659","1","0","0","0","0","0","0","0","0","7","0","","02","5","2023","7","40.375969","-79.907019","0658","11","0","0","0","0","0","0","0","0","","0","0","0","06","","1","N","0","","40 22:33.487","6","0","79 54:25.269","4","0","0","0","2448","0","0","0","N","0","0","0","1","02448","1","","5.0","814.0","9","N","N","N","0","","0","0","1","","0","N","0658","2","1","0","0","0","0","0","2","0","2","","07","","N","","","","","","","","","",""
"2023018456","1111","1","0","0","0","0","0","0","0","0","4","0","","02","2","2023","1","40.494858","-80.065418","1109","11","0","0","1","0","0","0","0","0","","0","0","0","11","","1","N","0","","40 29:41.489","6","7","80 03:55.504","8","0","0","0","2402","0","0","0","N","0","0","0","3","02402","0","","1.0","1142.0","1","N","N","Y","0","","0","0","1","","0","N","1106","3","1","0","0","0","1","0","2","1","3","","","","N","","","","","","","","","",""
"2023033505","1945","1","0","0","0","0","0","0","0","0","4","0","","02","4","2023","4","40.358361","-80.105639","1942","11","0","0","0","0","0","0","0","0","","0","0","0","19","","0","Y","0","","40 21:30.100","","0","80 06:20.300","0","0","0","0","2414","0","0","0","N","0","0","0","2","02414","0","","6.0","","1","N","N","N","1","","0","0","0","","0","","1940","2","0","0","0","0","0","0","2","0","2","","","","N","","","","","","","","","",""
"2023016481","2045","3","0","0","0","0","0","0","0","0","4","0","","02","2","2023","1","40.458024","-79.947383","2032","11","0","0","0","0","1","0","0","0","","0","0","0","20","","0","","1","","40 27:28.887","","0","79 56:50.579","0","0","0","0","2301","0","0","0","N","0","0","0","3","02301","0","","1.0","","1","N","N","N","0","","0","0","0","","3","","2027","3","0","0","0","0","0","0","2","0","3","","03","","N","","","","","","","","","",""
"2023031455","1227","0","0","0","0","0","0","0","0","0","4","0","","02","4","2023","1","40.438228","-79.779331","1224","11","0","0","0","0","0","0","0","0","","0","0","0","12","","1","","2","","40 26:17.619","","0","79 46:45.590","8","0","0","0","2446","0","0","0","N","0","0","0","3","02446","0","","1.0","","1","N","N","N","0","","0","0","2","","3","","1224","2","1","0","0","0","1","0","2","0","2","","","","N","","","","","","","","","",""
"2023028964","1330","1","0","0","0","0","0","0","0","0","7","0","","02","3","2023","4","40.478361","-80.130667","1329","11","1","0","0","0","0","0","0","0","","0","0","0","13","","0","N","0","","40 28:42.100","","0","80 07:50.400","0","0","0","0","2115","0","0","0","N","0","0","0","1","02115","0","","4.0","","1","N","N","N","0","","0","0","0","","0","N","1329","1","0","0","0","0","0","0","2","0","1","","","","N","","","","","","","","","",""
"2023012583","1448","2","0","0","0","0","0","0","0","0","1","0","","02","2","2023","1","40.425825","-79.910983","1430","11","0","0","0","0","0","0","0","0","","0","0","0","14","","0","N","0","","40 25:32.969","","0","79 54:39.540","0","0","0","0","2301","0","0","0","N","0","0","0","3","68B03","0","","1.0","","1","N","N","N","0","","0","0","0","","0","","1416","2","0","0","0","0","0","0","2","0","2","","","","N","","","","","","","","","",""
"2023018260","1340","2","0","0","0","0","0","0","0","0","4","0","","02","2","2023","7","40.531001","-80.015045","1335","11","0","0","0","0","0","0","0","0","","0","0","0","13","","0","","3","","40 31:51.602","","0","80 00:54.163","0","0","0","0","2116","0","0","0","N","0","0","0","3","02116","0","","1.0","","1","","","N","0","","0","0","0","","0","N","1335","2","0","0","0","0","0","0","2","0","2","","","","N","","","","","","","","","",""
"2023029930","1444","0","0","0","0","0","0","0","0","0","1","0","","02","4","2023","3","40.464722","-79.979639","1438","11","0","0","0","0","0","2","0","0","","0","0","0","14","","0","","1","","40 27:53.000","","8","79 58:46.700","0","0","0","0","2301","0","0","0","N","0","0","0","2","02301","0","","1.0","","1","N","N","N","2","","0","0","0","","2","","1435","2","0","0","0","0","0","0","2","0","2","","","","N","","","","","","","","","",""
"2023013816","1701","0","0","0","0","0","0","0","0","0","4","0","","02","2","2023","6","40.450669","-79.892523","1649","11","0","0","0","0","0","1","0","0","","0","0","0","16","","2","","1","","40 27:02.407","2","0","79 53:33.083","8","0","0","0","2301","0","0","0","N","0","0","0","3","02301","0","","1.0","35.0","1","N","N","N","0","","0","0","2","","3","Y","1649","2","2","0","0","0","2","0","2","0","2","","03","","N","","","","","","","","","",""
"2023031909","1800","1","0","0","0","0","0","0","0","0","4","0","","02","3","2023","3","40.365108","-79.982845","1757","11","0","0","0","0","0","0","0","0","","0","0","0","17","","0","","2","","40 21:54.388","","0","79 58:58.241","0","0","0","0","2413","0","0","0","N","0","0","0","2","02413","0","","1.0","","1","N","N","N","0","","0","0","1","","3","","1757","2","0","0","0","0","0","0","2","0","2","","","","N","","","","","","","","","",""
"2023029319","1846","1","0","0","1","0","0","0","0","0","8","0","","02","4","2023","1","40.450436","-80.045201","1843","11","0","0","0","0","0","0","0","0","","0","0","0","18","","1","","3","","40 27:01.571","1","0","80 02:42.723","8","0","0","0","2301","1","0","0","N","0","0","0","2","02301","0","","1.0","1920.0","1","N","N","N","0","","0","0","0","","2","N","1840","2","1","1","0","0","1","0","2","0","1","","03","","N","","","","","","","","","",""
"2023032293","1505","1","0","0","0","0","0","0","0","0","4","0","","02","4","2023","4","40.395385","-79.997485","1459","11","0","0","0","0","0","0","0","0","","0","0","0","14","","1","","2","","40 23:43.387","","0","79 59:50.945","8","0","0","0","2301","0","0","0","N","0","0","0","4","02301","0","","1.0","","1","N","N","Y","0","","0","0","1","","3","","1459","2","1","0","0","0","1","0","2","0","2","","","","N","","","","","","","","","",""
"2023032949","1858","0","0","0","1","0","0","0","0","0","8","0","","02","4","2023","5","40.449546","-79.951026","1855","11","0","0","0","0","0","1","0","0","","0","0","0","18","","1","N","0","","40 26:58.365","","7","79 57:03.694","3","0","0","0","2301","1","0","0","N","0","0","0","3","02506","0","","1.0","","1","N","N","Y","1","","1","0","1","","0","N","1850","3","1","0","0","0","0","0","2","0","2","","","","N","","","","","","","","","",""
"2023032400","1822","1","0","0","0","0","0","0","0","0","4","0","","02","4","2023","4","40.455493","-79.86817","1821","11","0","0","0","0","0","0","0","0","","0","0","0","18","","1","N","0","","40 27:19.774","","0","79 52:05.411","3","0","0","1","2301","0","0","0","N","0","0","0","2","02301","0","","1.0","","1","N","N","N","0","","1","0","0","","0","","1819","2","1","0","0","0","0","0","2","0","2","","","","N","","","","","","","","","",""
"2023027314","1638","0","0","0","0","0","0","0","0","0","7","0","","02","3","2023","1","40.498097","-80.105131","1633","11","0","0","0","0","0","1","0","0","","0","0","0","16","","0","N","0","","40 29:53.149","1","0","80 06:18.473","0","0","0","0","2122","0","0","0","N","0","0","0","1","02122","0","","4.0","1745.0","1","N","N","N","0","","0","0","1","","0","N","1632","1","0","0","0","0","0","0","2","0","1","","03","","N","","","","","","","","","",""
"2023044719","1250","1","0","0","0","0","0","0","0","0","1","0","","02","5","2023","6","40.516384","-80.00443","1240","11","0","0","1","0","0","0","1","0","","0","0","0","12","","0","Y","0","","40 30:58.981","1","0","80 00:15.947","0","0","0","0","2116","0","0","0","N","0","0","0","2","02116","0","","1.0","1315.0","1","N","N","N","0","","0","0","1","","2","N","1235","2","0","0","0","0","0","0","2","0","2","","03","","N","","","","","","","","","",""
"2023021953","0820","0","0","0","0","0","0","0","0","0","7","0","","02","2","2023","4","40.426992","-79.89158","0814","11","0","0","0","0","0","0","0","0","","0","0","0","08","","0","N","0","","40 25:37.170","","0","79 53:29.687","0","0","0","0","2301","0","0","0","Y","0","0","0","1","68B03","0","","2.0","","9","N","N","N","1","","0","0","0","","0","","0812","1","0","0","0","0","0","0","2","0","1","","07","","N","","","","","","","","","",""
"2023013176","1355","1","0","0","0","0","0","0","0","0","4","0","","02","2","2023","4","40.429037","-79.998325","1345","11","0","0","0","0","0","0","0","0","","0","0","0","13","","1","","1","","40 25:44.532","","0","79 59:53.971","8","0","0","0","2301","0","0","0","N","0","0","0","2","02301","0","","1.0","","1","N","N","N","0","","0","0","1","","2","","1345","2","1","0","0","0","1","0","2","0","2","","03","","N","","","","","","","","","",""
"2023044713","0924","0","0","0","0","0","0","0","0","0","1","0","","02","5","2023","6","40.383157","-79.827797","0922","11","0","0","0","0","0","0","0","0","","0","0","0","09","","0","N","1","","40 22:59.366","","0","79 49:40.068","0","0","0","0","2111","0","0","0","N","0","0","0","3","02111","0","","1.0","","1","N","N","N","1","","0","0","1","","2","","0921","2","0","0","0","0","0","0","2","0","2","","04","","N","","","","","","","","","",""
"2023038212","2313","1","0","0","0","0","0","0","0","0","4","0","","02","4","2023","1","40.451899","-79.951997","2307","11","0","0","0","0","0","0","0","0","","0","0","0","23","","1","N","1","","40 27:06.836","","0","79 57:07.188","3","0","0","1","2301","0","0","0","N","0","0","0","2","02301","0","","1.0","","1","N","N","N","0","","1","0","0","","2","","2307","2","1","0","0","0","0","0","2","0","2","","03","","N","","","","","","","","","",""
"2023034366","1348","0","0","0","0","0","0","0","0","0","7","0","","02","4","2023","1","40.615488","-79.757558","1342","11","0","0","0","0","0","0","0","0","","0","0","0","13","","2","N","0","","40 36:55.757","2","2","79 45:27.208","4","0","0","0","2202","0","0","0","N","0","0","0","2","68D02","2","","3.0","1414.0","1","N","N","N","0","","0","0","1","","0","Y","1340","1","2","0","0","0","0","0","2","0","1","","","","N","","","","","","","","","",""
"2023044462","1753","1","0","0","0","0","0","0","0","0","7","0","","02","5","2023","5","40.388729","-79.869896","1753","11","0","0","0","1","0","0","0","0","","0","0","0","17","","0","N","0","","40 23:19.426","7","0","79 52:11.625","0","0","0","0","2473","0","0","0","N","0","0","0","1","02473","0","","2.0","1820.0","1","N","N","N","0","","0","0","0","","0","N","1753","1","0","0","0","0","0","0","2","0","1","","","","N","","","","","","","","","",""
"2023027844","2259","1","0","0","0","0","0","0","0","0","6","0","","02","3","2023","2","40.438833","-80.041139","2259","11","0","0","0","0","0","0","0","0","","0","0","0","22","","0","N","0","","40 26:19.800","5","0","80 02:28.100","9","0","0","0","2301","0","0","0","N","0","0","0","1","02301","0","","6.0","2345.0","1","","","N","0","","0","0","1","","0","N","2259","2","0","0","0","0","0","1","2","0","2","","04","","N","","","","","","","","","",""
"2023017699","0733","2","0","0","0","0","0","0","0","0","2","0","","02","2","2023","2","40.507131","-80.201606","0728","11","0","0","0","0","0","1","0","0","","0","0","0","07","","0","N","0","","40 30:25.670","1","0","80 12:05.780","0","0","0","0","2213","0","0","0","N","0","0","0","2","02213","0","","1.0","100.0","1","N","N","N","0","","0","0","0","","0","N","0725","2","0","0","0","0","0","0","2","0","2","","03","","N","","","","","","","","","",""
"2023021164","1731","2","0","0","0","0","0","0","0","0","4","0","","02","3","2023","2","40.33552","-79.811005","1728","11","0","0","0","0","0","0","0","0","","0","0","0","17","","2","N","0","","40 20:07.872","1","7","79 48:39.619","8","0","0","0","2477","0","0","0","N","0","0","0","2","02477","0","","1.0","1758.0","1","N","N","N","0","","0","0","0","","0","Y","1725","2","2","0","0","0","2","0","2","0","2","","","","N","","","","","","","","","",""
"2023029474","0926","0","0","0","0","0","0","0","0","0","7","0","","02","4","2023","2","40.453376","-80.05416","0926","11","0","0","0","0","0","0","0","0","","0","0","0","09","","0","","3","","40 27:12.152","","0","80 03:14.975","0","0","0","0","2301","0","0","0","Y","0","0","0","1","02301","0","","4.0","","1","N","N","N","0","","0","0","1","","0","","0916","1","0","0","0","0","0","0","2","0","1","","","","N","","","","","","","","","",""
"2023033223","2307","1","0","0","0","0","0","0","0","0","6","1","","02","4","2023","2","40.492994","-80.302358","2305","11","0","0","0","1","0","0","0","0","","0","1","0","22","","1","N","0","","40 29:34.779","","0","80 18:08.490","3","0","0","0","2203","0","0","0","N","0","0","0","2","02203","0","","1.0","","1","N","N","N","0","","1","0","0","","0","","2202","2","1","0","0","0","0","0","2","0","2","","03","","N","","","","","","","","","",""
"2023036107","1624","1","0","0","0","0","0","0","0","0","4","0","","02","4","2023","1","40.542294","-80.183243","1618","11","0","0","0","1","0","1","0","0","","0","0","0","16","","0","","1","","40 32:32.257","1","0","80 10:59.675","0","0","0","0","2458","0","0","0","N","0","0","0","3","02458","0","","1.0","1653.0","1","N","N","N","0","","0","0","1","","3","N","1612","2","0","3","0","0","0","0","2","0","2","","03","","N","","","","","","","","","",""
"2023032528","1416","1","0","0","0","0","0","0","0","0","4","0","","02","3","2023","4","40.635077","-79.940282","1414","11","0","0","0","0","0","0","2","0","","0","0","0","14","","0","N","0","","40 38:06.276","4","7","79 56:25.014","0","0","0","0","2217","0","0","0","N","0","0","0","2","02505","0","","1.0","1502.0","1","N","N","N","0","","0","0","1","","0","N","1414","2","0","0","0","0","0","0","2","0","2","","","","N","","","","","","","","","",""
"2023032103","1906","0","0","0","0","0","0","0","0","0","7","0","","02","4","2023","3","40.389166","-80.017379","1901","11","0","0","0","0","0","0","0","0","","0","0","0","19","","0","","2","","40 23:20.996","2","0","80 01:02.565","0","0","0","0","2301","0","0","0","N","0","0","0","1","02301","0","","4.0","2000.0","1","","","N","0","","0","0","1","","0","N","1901","1","0","0","0","0","0","0","2","0","1","","03","","N","","","","","","","","","",""
"2023012055","0340","1","0","0","0","0","0","0","0","0","0","0","","02","2","2023","1","40.460869","-79.870258","0333","11","0","0","0","0","0","0","1","0","","0","0","0","03","","0","N","0","","40 27:39.128","4","0","79 52:12.927","0","0","0","0","2113","0","0","0","N","0","0","0","1","02113","0","","1.0","429.0","1","N","N","N","0","","0","0","0","","0","N","0333","1","0","0","0","0","0","0","2","0","1","","","","N","","","","","","","","","",""
"2023034730","0223","1","0","0","0","0","0","0","0","0","7","0","","02","4","2023","7","40.441974","-79.804979","0219","11","0","0","0","0","0","0","0","0","","0","0","0","02","","0","N","0","","40 26:31.108","3","0","79 48:17.924","0","0","0","0","2113","0","0","0","Y","0","0","0","2","68B03","0","","2.0","300.0","8","N","N","N","0","","0","0","0","","0","Y","0205","1","0","0","0","0","0","0","2","0","1","","","","N","","","","","","","","","",""
"2023045237","0823","1","0","0","0","0","0","0","0","0","1","0","","02","5","2023","2","40.473234","-79.84821","0806","11","0","0","0","0","0","0","0","0","","0","0","0","08","","0","","2","","40 28:23.641","2","0","79 50:53.556","0","0","0","0","2113","0","0","0","N","0","0","0","2","02113","0","","1.0","850.0","1","N","N","N","0","","0","0","1","","0","Y","0806","2","0","0","0","0","0","0","2","0","2","","03","","N","","","","","","","","","",""
"2023015811","0900","1","0","0","0","0","0","0","0","0","4","0","","02","2","2023","6","40.462268","-79.925383","0842","11","0","0","0","0","0","0","0","0","","0","0","0","08","","1","","1","","40 27:44.165","","0","79 55:31.380","3","0","0","0","2301","0","0","0","N","0","0","0","3","02301","0","","1.0","","1","N","N","N","0","","1","0","1","","3","","0800","2","1","0","0","0","0","0","2","0","2","","03","","N","","","","","","","","","",""
"2023027292","1820","2","0","0","0","0","0","0","0","0","4","0","","02","3","2023","1","40.410095","-80.080746","1816","11","0","0","0","0","0","2","0","0","","0","0","0","18","","1","","1","","40 24:36.343","4","2","80 04:50.687","3","0","0","0","2415","0","0","0","N","0","0","0","3","02415","0","","1.0","1844.0","1","N","N","N","0","","1","0","0","","3","Y","1816","2","1","0","0","0","0","0","2","0","2","","03","","N","","","","","","","","","",""
"2023032596","0850","1","0","0","0","0","0","0","0","0","1","0","","02","4","2023","5","40.338001","-79.984309","0845","11","0","0","0","0","0","1","0","0","","0","0","0","08","","0","","2","","40 20:16.803","","0","79 59:03.513","0","0","0","0","2403","0","0","0","N","0","0","0","2","02403","0","","1.0","","1","N","N","N","0","","0","0","1","","0","","0843","2","0","0","0","0","0","0","2","0","2","","","","N","","","","","","","","","",""
"2023031216","0306","0","0","0","0","0","0","0","0","0","7","0","","02","4","2023","7","40.394379","-79.899811","0306","11","0","0","0","0","0","0","0","0","","0","0","0","03","","0","N","0","","40 23:39.764","2","0","79 53:59.321","0","0","0","0","2448","0","0","0","N","0","0","0","1","02448","0","","4.0","337.0","1","","","N","0","","0","0","1","","0","Y","0306","1","0","0","0","0","0","0","2","0","1","","03","","N","","","","","","","","","",""
"2023045993","1423","0","0","0","0","0","0","0","0","0","7","1","","02","5","2023","2","40.550378","-79.827326","1406","11","0","0","0","0","0","0","0","0","","0","1","0","14","","1","N","0","","40 33:01.361","4","0","79 49:38.374","8","0","0","0","2208","0","0","0","N","0","0","0","1","68T02","0","","2.0","1918.0","1","N","N","N","0","","0","0","0","","0","N","1405","1","1","0","0","0","1","0","2","0","1","","","","N","","","","","","","","","",""