"CRN","ARRIVAL_TM","AUTOMOBILE_COUNT","BELTED_DEATH_COUNT","BELTED_SUSP_SERIOUS_INJ_COUNT","BICYCLE_COUNT","BICYCLE_DEATH_COUNT","BICYCLE_SUSP_SERIOUS_INJ_COUNT","BUS_COUNT","CHLDPAS_DEATH_COUNT","CHLDPAS_SUSP_SERIOUS_INJ_COUNT","COLLISION_TYPE","COMM_VEH_COUNT","CONS_ZONE_SPD_LIM","COUNTY","CRASH_MONTH","CRASH_YEAR","DAY_OF_WEEK","DEC_LATITUDE","DEC_LONGITUDE","DISPATCH_TM","DISTRICT","DRIVER_COUNT_16YR","DRIVER_COUNT_17YR","DRIVER_COUNT_18YR","DRIVER_COUNT_19YR","DRIVER_COUNT_20YR","DRIVER_COUNT_50_64YR","DRIVER_COUNT_65_74YR","DRIVER_COUNT_75PLUS","EST_HRS_CLOSED","FATAL_COUNT","HEAVY_TRUCK_COUNT","HORSE_BUGGY_COUNT","HOUR_OF_DAY","ILLUMINATION","INJURY_COUNT","INTERSECTION_RELATED","INTERSECT_TYPE","LANE_CLOSED","LATITUDE","LN_CLOSE_DIR","LOCATION_TYPE","LONGITUDE","MAX_SEVERITY_LEVEL","MCYCLE_DEATH_COUNT","MCYCLE_SUSP_SERIOUS_INJ_COUNT","MOTORCYCLE_COUNT","MUNICIPALITY","NONMOTR_COUNT","NONMOTR_DEATH_COUNT","NONMOTR_SUSP_SERIOUS_INJ_COUNT","NTFY_HIWY_MAINT","PED_COUNT","PED_DEATH_COUNT","PED_SUSP_SERIOUS_INJ_COUNT","PERSON_COUNT","POLICE_AGCY","POSSIBLE_INJ_COUNT","RDWY_SURF_TYPE_CD","RELATION_TO_ROAD","ROADWAY_CLEARED","ROAD_CONDITION","SCH_BUS_IND","SCH_ZONE_IND","SECONDARY_CRASH","SMALL_TRUCK_COUNT","SPEC_JURIS_CD","SUSP_MINOR_INJ_COUNT","SUSP_SERIOUS_INJ_COUNT","SUV_COUNT","TCD_FUNC_CD","TCD_TYPE","TFC_DETOUR_IND","TIME_OF_DAY","TOTAL_UNITS","TOT_INJ_COUNT","UNBELTED_OCC_COUNT","UNB_DEATH_COUNT","UNB_SUSP_SERIOUS_INJ_COUNT","UNK_INJ_DEG_COUNT","UNK_INJ_PER_COUNT","URBAN_RURAL","VAN_COUNT","VEHICLE_COUNT","WEATHER1","WEATHER2","WORKERS_PRES","WORK_ZONE_IND","WORK_ZONE_LOC","WORK_ZONE_TYPE","WZ_CLOSE_DETOUR","WZ_FLAGGER","WZ_LAW_OFFCR_IND","WZ_LN_CLOSURE","WZ_MOVING","WZ_OTHER","WZ_SHLDER_MDN","WZ_WORKERS_INJ_KILLED"
"2023035965","1813","2","0","0","0","0","0","0","0","0","4","0","","02","4","2023","5","40.488056","-79.801534","1804","11","0","0","1","0","0","0","0","0","","0","0","0","18","","0","N","2","","40 29:17.002","","0","79 48:05.521","0","0","0","0","2113","0","0","0","N","0","0","0","2","02113","0","","1.0","","1","Y","N","N","0","","0","0","0","","0","","1800","2","0","0","0","0","0","0","2","0","2","","03","","N","","","","","","","","","",""
"2023029378","0258","0","0","0","0","0","0","0","0","0","7","0","","02","4","2023","2","40.42275","-79.966583","0251","11","0","0","0","0","0","0","0","0","","0","0","0","02","","1","N","0","","40 25:21.900","5","0","79 57:59.700","3","0","0","0","2301","0","0","0","N","0","0","0","1","02301","0","","4.0","345.0","1","N","N","N","0","","1","0","1","","0","N","0245","1","1","1","0","0","0","0","2","0","1","","","","N","","","","","","","","","",""
"2023029462","1750","0","0","0","0","0","0","0","0","0","0","0","","02","4","2023","1","40.397128","-79.987984","1725","11","0","0","0","0","0","0","0","0","","0","0","0","17","","1","N","0","","40 23:49.661","5","0","79 59:16.743","2","0","1","1","2301","0","0","0","N","0","0","0","1","02301","0","","1.0","1851.0","1","N","N","N","0","","0","1","0","","0","Y","1708","1","1","0","0","0","0","0","2","0","1","","","","N","","","","","","","","","",""
"2023029220","1140","0","0","0","0","0","0","0","0","0","1","0","","02","3","2023","3","40.437651","-79.739146","1136","11","0","0","0","0","0","0","1","0","","0","0","0","11","","1","N","0","","40 26:15.542","3","0","79 44:20.925","3","0","0","0","2446","0","0","0","N","0","0","0","2","02446","0","","1.0","1230.0","1","N","N","N","0","","1","0","1","","0","N","1136","2","1","0","0","0","0","0","2","1","2","","03","","N","","","","","","","","","",""
"2023043659","2353","2","0","0","0","0","0","0","0","0","1","0","","02","5","2023","6","40.427061","-79.723378","2353","11","0","0","0","0","0","0","0","0","","0","0","0","23","","0","","2","","40 25:37.418","","0","79 43:24.160","0","0","0","0","2446","0","0","0","N","0","0","0","2","02446","0","","1.0","","1","N","N","N","0","","0","0","0","","2","","2350","2","0","0","0","0","0","0","2","0","2","","","","N","","","","","","","","","",""
"2023043805","1450","0","0","0","0","0","0","0","0","0","7","1","99","02","5","2023","3","40.439278","-79.985003","1447","11","0","0","0","0","0","0","0","0","","0","1","0","14","","0","","1","","40 26:21.400","","0","79 59:06.010","0","0","0","0","2301","0","0","0","N","0","0","0","2","02301","0","","5.0","","1","N","N","N","0","","0","0","0","","0","","1447","1","0","2","0","0","0","0","2","0","1","","03","Y","Y","4","1","Y","","N","","","","","N"
"2023031512","1000","1","0","0","0","0","0","0","0","0","7","1","","02","4","2023","2","40.473722","-79.818694","0957","11","0","0","0","0","0","0","0","0","","0","1","0","09","","1","N","0","","40 28:25.400","","0","79 49:07.300","3","0","0","0","2113","0","0","0","N","0","0","0","1","02113","0","","4.0","","1","N","N","N","0","","1","0","0","","0","","0955","2","1","0","0","0","0","0","2","0","2","","","","N","","","","","","","","","",""
"2023041785","0715","1","0","0","0","0","0","0","0","0","4","0","","02","5","2023","5","40.452339","-79.983934","0712","11","0","0","0","0","0","0","0","0","","0","0","0","07","","0","N","1","","40 27:08.420","","0","79 59:02.162","0","0","0","0","2301","0","0","0","N","0","0","0","2","02301","0","","1.0","","1","N","N","N","0","","0","0","1","","3","","0709","2","0","0","0","0","0","0","2","0","2","","03","","N","","","","","","","","","",""
"2023029463","0023","0","0","0","0","0","0","0","0","0","1","0","","02","3","2023","5","40.354472","-79.967806","0014","11","0","0","0","0","0","0","0","0","","0","0","0","00","","0","N","0","","40 21:16.100","","0","79 58:04.100","0","0","0","0","2403","0","0","0","N","0","0","0","1","02403","0","","6.0","","1","N","N","N","0","","0","0","3","","0","","0012","3","0","0","0","0","0","0","2","0","3","","","","N","","","","","","","","","",""
"2023028833","1753","2","0","0","0","0","0","0","0","0","4","0","","02","3","2023","3","40.348887","-79.947662","1746","11","0","0","0","0","0","0","0","0","","0","0","0","17","","0","N","0","","40 20:55.994","","7","79 56:51.584","9","0","0","0","2473","0","0","0","N","0","0","0","2","02473","0","","1.0","","1","N","N","N","0","","0","0","0","","3","","1745","3","0","0","0","0","0","1","2","0","2","","03","","N","","","","","","","","","",""
"2023021613","1931","0","0","0","0","0","0","0","0","0","4","0","","02","3","2023","3","40.347986","-79.974333","1928","11","0","0","0","0","0","1","0","0","","0","0","0","19","","0","N","0","","40 20:52.748","","7","79 58:27.598","0","0","0","0","2403","0","0","0","N","0","0","0","4","02403","0","","1.0","","1","N","N","N","0","","0","0","2","","0","","1920","2","0","0","0","0","0","0","2","0","2","","03","","N","","","","","","","","","",""
"2023028863","2244","0","0","0","0","0","0","0","0","0","7","0","","02","3","2023","5","40.388058","-79.883708","2234","11","0","0","0","0","0","0","0","0","","0","0","0","22","","0","N","0","","40 23:17.010","","0","79 53:01.350","0","0","0","0","2473","0","0","0","N","0","0","0","1","02473","0","","4.0","","1","N","N","N","0","","0","0","1","","0","","2234","1","0","0","0","0","0","0","2","0","1","","03","","N","","","","","","","","","",""
"2023019560","1319","0","0","0","0","0","0","0","0","0","7","0","90","02","3","2023","4","40.504167","-79.816139","1310","11","0","0","0","0","0","0","1","0","","0","0","0","13","","0","N","0","","40 30:15.000","4","0","79 48:58.100","0","0","0","0","2113","0","0","0","N","0","0","0","1","02113","0","","1.0","1346.0","1","N","N","N","0","","0","0","1","","0","N","1306","1","0","0","0","0","0","0","2","0","1","","","Y","Y","4","8","","","N","Y","","","","N"
"2023030393","1909","1","0","0","0","0","0","0","0","0","4","0","","02","4","2023","4","40.328573","-79.944953","1906","11","0","0","0","0","0","0","1","0","","0","0","0","19","","1","","2","","40 19:42.861","2","0","79 56:41.829","2","0","1","1","2454","0","0","0","N","0","0","0","2","02454","0","","1.0","1948.0","1","N","N","N","0","","0","1","0","","2","Y","1906","2","1","0","0","0","0","0","2","0","2","","03","","N","","","","","","","","","",""
"2023044122","0846","1","0","0","0","0","0","0","0","0","1","0","","02","5","2023","5","40.466736","-79.837367","0845","11","0","0","0","0","0","0","1","1","","0","0","0","08","","0","N","2","","40 28:00.249","","0","79 50:14.522","0","0","0","0","2113","0","0","0","N","0","0","0","3","02113","0","","1.0","","1","N","N","N","0","","0","0","1","","0","","0845","2","0","0","0","0","0","0","2","0","2","","98","","N","","","","","","","","","",""
"2023018411","2249","0","0","0","0","0","0","0","0","0","6","0","","02","2","2023","7","40.383778","-79.992972","2241","11","0","0","0","0","0","1","0","0","","0","0","0","22","","0","N","0","","40 23:01.600","","0","79 59:34.700","0","0","0","0","2301","0","0","0","N","0","0","0","4","02301","0","","1.0","","1","N","N","N","0","","0","0","2","","0","","2241","2","0","0","0","0","0","0","2","0","2","","03","","N","","","","","","","","","",""
"2023022234","1646","0","0","0","0","0","0","0","0","0","4","0","","02","3","2023","5","40.391827","-80.016741","1645","11","0","0","0","0","1","0","0","0","","0","0","0","16","","0","","1","","40 23:30.578","1","0","80 01:00.266","0","0","0","0","2301","0","0","0","N","0","0","0","2","02301","0","","1.0","1730.0","1","N","N","N","0","","0","0","2","","2","Y","1640","2","0","0","0","0","0","0","2","0","2","","","","N","","","","","","","","","",""
"2023043259","0313","1","0","0","0","0","0","0","0","0","7","0","","02","5","2023","1","40.343364","-79.884791","0312","11","0","0","0","0","0","0","0","0","","0","0","0","03","","0","N","0","","40 20:36.112","3","0","79 53:05.249","0","0","0","0","2304","0","0","0","N","0","0","0","1","02304","0","","2.0","456.0","1","N","N","N","0","","0","0","0","","0","N","0305","1","0","1","0","0","0","0","2","0","1","","03","","N","","","","","","","","","",""
"2023017091","1944","1","0","0","0","0","0","0","0","0","8","0","","02","2","2023","2","40.387918","-79.901967","1944","11","0","0","0","0","0","1","0","0","","0","0","0","19","","1","","2","","40 23:16.504","5","0","79 54:07.081","2","0","0","0","2448","1","0","1","N","1","0","1","2","02448","0","","1.0","2003.0","9","N","N","N","0","","0","1","0","","0","Y","1942","2","1","0","0","0","0","0","2","0","1","","07","","N","","","","","","","","","",""
"2023036616","1400","1","0","0","0","0","0","0","0","0","1","0","","02","4","2023","3","40.503358","-79.987031","1355","11","0","0","0","0","0","1","0","0","","0","0","0","13","","0","N","0","","40 30:12.088","1","0","79 59:13.312","0","0","0","0","2116","0","0","0","N","0","0","0","2","02116","0","","1.0","1420.0","1","N","N","N","0","","0","0","1","","0","N","1355","2","0","0","0","0","0","0","2","0","2","","","","N","","","","","","","","","",""
"2023029235","0423","1","0","0","0","0","0","0","0","0","7","0","","02","4","2023","1","40.444418","-80.028882","0420","11","0","0","0","0","0","0","0","0","","0","0","0","04","","0","Y","0","","40 26:39.903","","0","80 01:43.975","0","0","0","0","2301","0","0","0","N","0","0","0","1","02301","0","","2.0","","9","N","N","N","0","","0","0","0","","0","","0417","1","0","0","0","0","0","0","2","0","1","","07","","N","","","","","","","","","",""
"2023030249","0838","1","0","0","0","0","0","0","0","0","4","0","","02","4","2023","4","40.46166","-79.922077","0830","11","0","0","0","1","0","0","0","0","","0","0","0","08","","0","","1","","40 27:41.975","1","0","79 55:19.476","0","0","0","0","2301","0","0","0","N","0","0","0","3","02301","0","","1.0","35.0","1","N","N","N","0","","0","0","1","","2","Y","0830","2","0","0","0","0","0","0","2","0","2","","03","","N","","","","","","","","","",""
"2023036656","0610","0","0","0","0","0","0","0","0","0","4","0","","02","4","2023","5","40.41004","-80.080774","0609","11","0","0","0","1","0","0","0","0","","0","0","0","06","","0","N","1","","40 24:36.143","2","0","80 04:50.785","0","0","0","0","2415","0","0","0","N","0","0","0","2","02415","0","","1.0","650.0","1","N","N","N","0","","0","0","1","","3","Y","0607","2","0","0","0","0","0","0","2","1","2","","03","","N","","","","","","","","","",""
"2023027182","1417","0","0","0","0","0","0","0","0","0","1","0","","02","3","2023","1","40.47761","-79.842786","1412","11","0","0","0","0","0","1","0","0","","0","0","0","14","","1","","1","","40 28:39.396","","0","79 50:34.030","8","0","0","0","2113","0","0","0","N","0","0","0","3","02113","0","","1.0","","1","N","N","N","0","","0","0","2","","3","N","1412","2","1","0","0","0","1","0","2","0","2","","03","","N","","","","","","","","","",""
"2023016959","1018","0","0","0","0","0","0","0","0","0","4","0","","02","2","2023","3","40.443111","-79.917417","1016","11","0","0","0","0","0","0","1","0","","0","0","0","10","","0","N","0","","40 26:35.200","","7","79 55:02.700","0","0","0","0","2301","0","0","0","N","0","0","0","3","02301","0","","1.0","","1","N","N","N","0","","0","0","1","","0","","1010","2","0","0","0","0","0","0","2","1","2","","04","","N","","","","","","","","","",""
"2023012855","1715","1","0","0","0","0","0","0","0","0","4","0","","02","2","2023","3","40.449004","-79.951837","1706","11","0","0","0","0","0","0","0","0","","0","0","0","17","","0","","1","","40 26:56.415","","0","79 57:06.614","0","0","0","0","2301","0","0","0","N","0","0","0","2","02301","0","","1.0","","1","N","N","N","0","","0","0","1","","3","","1705","2","0","0","0","0","0","0","2","0","2","","03","","N","","","","","","","","","",""
"2023036267","0152","1","0","0","0","0","0","0","0","0","7","0","","02","2","2023","7","40.439611","-80.009645","0142","11","0","0","0","0","0","0","0","0","","0","0","0","01","","0","N","0","","40 26:22.599","3","3","80 00:34.721","0","0","0","0","2301","0","0","0","N","0","0","0","1","68B03","0","","2.0","200.0","1","N","N","N","0","","0","0","0","","0","N","0142","1","0","0","0","0","0","0","2","0","1","","03","","N","","","","","","","","","",""
"2023042582","2353","1","0","0","0","0","0","0","0","0","4","0","25","02","4","2023","6","40.355464","-80.11413","2348","11","0","0","0","0","0","0","0","0","","0","0","0","23","","1","","1","","40 21:19.669","","0","80 06:50.868","4","0","0","0","2414","0","0","0","N","0","0","0","4","02414","1","","1.0","","9","N","N","N","0","","0","0","1","","2","","2346","2","1","0","0","0","0","0","2","0","2","","","N","Y","4","1","N","N","N","N","N","N","Y","N"
"2023020794","1404","1","0","0","0","0","0","0","0","0","4","0","","02","3","2023","1","40.444018","-79.991034","1400","11","0","0","0","0","0","0","0","0","","0","0","0","14","","1","N","0","","40 26:38.465","2","3","79 59:27.723","3","0","0","0","2301","0","0","0","N","0","0","0","6","02301","0","","1.0","1431.0","1","N","N","N","0","","1","0","1","","0","N","1400","2","1","0","0","0","0","0","2","0","2","","","","N","","","","","","","","","",""
"2023023294","1530","1","0","0","0","0","0","0","0","0","1","0","","02","3","2023","6","40.399917","-80.044975","1530","11","0","0","0","0","0","1","0","1","","0","0","0","15","","2","N","0","","40 23:59.700","","0","80 02:41.910","4","0","0","0","2301","0","0","0","N","0","0","0","3","02416","1","","1.0","","1","N","N","N","0","","0","0","1","","0","","1530","2","2","0","0","0","1","0","2","0","2","","04","","N","","","","","","","","","",""
"2023029953","0845","0","0","0","0","0","0","0","0","0","1","0","","02","4","2023","3","40.355938","-80.051726","0840","11","0","0","0","0","0","0","0","0","","0","0","0","08","","0","N","0","","40 21:21.375","4","0","80 03:06.212","0","0","0","0","2109","0","0","0","N","0","0","0","2","02109","0","","1.0","910.0","1","N","N","N","0","","0","0","2","","0","Y","0834","2","0","0","0","0","0","0","2","0","2","","03","","N","","","","","","","","","",""
"2023017524","2011","0","0","0","0","0","0","0","0","0","6","0","","02","2","2023","4","40.344465","-79.884076","2007","11","0","0","0","0","0","1","0","0","","0","0","0","20","","0","","3","","40 20:40.075","3","3","79 53:02.672","9","0","0","0","2433","0","0","0","N","0","0","0","3","02433","0","","1.0","2053.0","9","N","N","N","0","","0","0","2","","0","N","2004","2","0","0","0","0","0","1","2","0","2","","","","N","","","","","","","","","",""
"2023027096","0256","1","0","0","0","0","0","0","0","0","7","0","","02","3","2023","1","40.427258","-80.023102","0250","11","0","0","0","0","0","0","0","0","","0","0","0","02","","0","N","0","","40 25:38.127","1","0","80 01:23.167","9","0","0","0","2301","0","0","0","Y","0","0","0","3","02301","0","","2.0","320.0","1","N","N","N","0","","0","0","0","","0","N","0248","1","0","0","0","0","0","3","2","0","1","","03","","N","","","","","","","","","",""
"2023034167","1457","1","0","0","0","0","0","0","0","0","4","0","","02","4","2023","3","40.441733","-80.035258","1454","11","0","0","0","0","0","2","0","0","","0","0","0","14","","0","N","2","","40 26:30.238","","0","80 02:06.928","0","0","0","0","2301","0","0","0","N","0","0","0","2","02301","0","","1.0","","1","N","N","N","0","","0","0","1","","3","","1445","2","0","0","0","0","0","0","2","0","2","","03","","N","","","","","","","","","",""
"2023029903","0904","0","0","0","0","0","0","0","0","0","7","0","","02","4","2023","3","40.29035","-79.835612","0900","11","0","0","0","0","0","0","1","0","","0","0","0","08","","1","Y","0","","40 17:25.259","5","0","79 50:08.204","8","0","0","0","2105","0","0","0","Y","0","0","0","1","02105","0","","2.0","1030.0","1","N","N","N","1","","0","0","0","","0","Y","0858","1","1","1","0","0","1","0","1","0","1","","03","","N","","","","","","","","","",""
"2023032026","1140","0","0","0","0","0","0","0","0","0","1","0","","02","4","2023","4","40.319007","-79.899032","1133","11","0","0","0","0","0","1","0","0","","0","0","0","11","","0","N","0","","40 19:08.424","","0","79 53:56.515","0","0","0","0","2440","0","0","0","N","0","0","0","4","02440","0","","1.0","","1","N","N","N","0","","0","0","3","","2","","1133","4","0","0","0","0","0","0","2","1","4","","03","","N","","","","","","","","","",""
"2023018589","0650","1","0","0","0","0","0","0","0","0","7","0","","02","2","2023","1","40.426369","-79.927564","0645","11","0","0","0","0","0","0","0","0","","0","0","0","06","","1","N","0","","40 25:34.927","","0","79 55:39.229","3","0","0","0","2301","0","0","0","N","0","0","0","1","02301","0","","4.0","","1","N","","N","0","","1","0","0","","0","","0640","1","1","0","0","0","0","0","2","0","1","","03","","N","","","","","","","","","",""
"2023023951","1148","1","0","0","0","0","0","0","0","0","5","0","","02","2","2023","6","40.438352","-79.862949","1136","11","0","0","0","0","0","0","0","0","","0","0","0","11","","2","","7","","40 26:18.067","4","2","79 51:46.616","3","0","0","0","2419","0","0","0","Y","0","0","0","3","68B03","0","","1.0","1220.0","1","N","N","N","0","","2","0","1","","0","N","1134","2","2","0","0","0","0","0","2","0","2","","","","N","","","","","","","","","",""
"2023032959","2245","0","0","0","0","0","0","0","0","0","8","0","","02","4","2023","3","40.448261","-79.898652","2214","11","0","0","0","0","0","1","0","0","","1","0","0","22","","0","N","0","","40 26:53.739","7","0","79 53:55.147","1","0","0","0","2301","1","1","0","N","1","1","0","2","02301","0","2","1.0","211.0","1","N","N","N","0","0","0","0","0","","0","Y","2201","2","0","1","0","0","0","0","2","1","1","","","","N","","","","","","","","","",""
"2023037293","1735","1","0","0","0","0","0","0","0","0","1","0","","02","4","2023","5","40.578913","-79.953214","1730","11","0","0","0","0","0","0","0","0","","0","0","0","17","","0","","2","","40 34:44.086","","0","79 57:11.572","0","0","0","0","2207","0","0","0","N","0","0","0","2","02207","0","","1.0","","1","N","N","N","0","","0","0","1","","0","","1729","2","0","0","0","0","0","0","2","0","2","","","","N","","","","","","","","","",""
"2023034755","1210","1","0","0","0","0","0","0","0","0","1","0","","02","4","2023","1","40.428556","-79.928508","1156","11","0","0","0","0","0","1","1","0","","0","0","0","11","","2","N","0","","40 25:42.801","","4","79 55:42.627","3","0","0","0","2301","0","0","0","N","0","0","0","2","68B03","0","","1.0","","1","N","N","N","0","","2","0","1","","0","","1156","2","2","0","0","0","0","0","2","0","2","","","","N","","","","","","","","","",""
"2023031316","1547","2","0","0","0","0","0","0","0","0","1","0","","02","4","2023","1","40.412963","-80.007924","1539","11","0","0","0","0","0","0","0","0","","0","0","0","15","","1","N","1","","40 24:46.666","","4","80 00:28.527","3","0","0","0","2301","0","0","0","N","0","0","0","5","02301","0","","1.0","","1","N","N","N","0","","1","0","1","","0","","1539","3","1","0","0","0","0","0","2","0","3","","03","","N","","","","","","","","","",""
"2023020125","2000","1","0","0","0","0","0","0","0","0","4","0","","02","3","2023","5","40.465072","-79.919868","1956","11","0","0","0","0","1","0","0","0","","0","0","0","19","","0","","1","","40 27:54.258","","0","79 55:11.524","0","0","0","0","2301","0","0","0","N","0","0","0","2","02301","0","","1.0","","1","N","N","N","0","","0","0","1","","2","","1956","2","0","0","0","0","0","0","2","0","2","","03","","N","","","","","","","","","",""
"2023031396","1545","3","0","0","0","0","0","0","0","0","1","0","","02","4","2023","3","40.344047","-80.025741","1541","11","0","0","0","0","0","1","0","0","","0","0","0","15","","1","Y","0","","40 20:38.570","","0","80 01:32.669","4","0","0","0","2407","0","0","0","N","0","0","0","5","02407","1","","1.0","","1","N","N","N","0","","0","0","0","","2","","1541","4","1","1","0","0","0","0","2","1","4","","03","","N","","","","","","","","","",""
"2023042614","0811","2","0","0","0","0","0","0","0","0","4","0","","02","5","2023","5","40.473575","-80.074236","0807","11","0","0","0","0","0","0","0","0","","0","0","0","08","","0","","1","","40 28:24.870","6","0","80 04:27.249","0","0","0","0","2122","0","0","0","N","0","0","0","2","02122","0","","1.0","832.0","1","N","N","N","0","","0","0","0","","3","N","0806","2","0","1","0","0","0","0","2","0","2","","","","N","","","","","","","","","",""
"2023021856","1554","2","0","0","0","0","0","0","0","0","4","0","","02","3","2023","4","40.439622","-80.005046","1548","11","0","0","0","0","0","0","1","0","","0","0","0","15","","0","","1","","40 26:22.639","","0","80 00:18.166","9","0","0","0","2301","0","0","0","N","0","0","0","2","02301","0","","1.0","","1","N","N","N","0","","0","0","0","","2","","1545","2","0","0","0","0","0","1","2","0","2","","98","","N","","","","","","","","","",""
"2023017702","1058","0","0","0","0","0","0","0","0","0","7","0","","02","2","2023","2","40.363676","-80.026352","1055","11","0","0","0","0","0","0","0","0","","0","0","0","10","","0","Y","0","","40 21:49.234","","0","80 01:34.867","0","0","0","0","2416","0","0","0","N","0","0","0","1","02416","0","","4.0","","1","N","N","N","0","","0","0","0","","0","","1055","1","0","0","0","0","0","0","2","1","1","","03","","N","","","","","","","","","",""
"2023012302","1254","2","0","0","0","0","0","0","0","0","1","0","","02","2","2023","1","40.476199","-79.778913","1249","11","0","0","0","1","0","0","0","1","","0","0","0","12","","1","Y","0","","40 28:34.316","","0","79 46:44.086","4","0","0","0","2466","0","0","0","N","0","0","0","2","02466","1","","1.0","","1","N","N","N","0","","0","0","0","","0","N","1245","2","1","0","0","0","0","0","2","0","2","","03","","N","","","","","","","","","",""
"2023014661","1831","2","0","0","0","0","0","0","0","0","4","0","","02","2","2023","2","40.352514","-79.840057","1829","11","0","0","0","0","0","1","0","0","","0","0","0","18","","0","N","0","","40 21:09.052","","0","79 50:24.206","0","0","0","0","2304","0","0","0","N","0","0","0","3","02433","0","","1.0","","1","N","N","N","0","","0","0","0","","0","","1829","2","0","0","0","0","0","0","2","0","2","","","","N","","","","","","","","","",""
"2023031657","1712","0","0","0","0","0","0","0","0","0","1","0","","02","4","2023","2","40.389201","-79.933924","1655","11","0","0","0","0","0","0","0","0","","0","0","0","16","","0","N","6","","40 23:21.124","","2","79 56:02.126","0","0","0","0","2301","0","0","0","N","0","0","0","2","02301","0","","1.0","","1","N","N","N","0","","0","0","2","","0","","1650","2","0","0","0","0","0","0","2","0","2","","","","N","","","","","","","","","",""
"2023031283","1342","0","0","0","0","0","0","1","0","0","1","1","","02","4","2023","7","40.449164","-79.985406","1340","11","0","0","0","0","0","1","1","0","","0","0","0","13","","0","","2","","40 26:56.989","3","0","79 59:07.460","0","0","0","0","2301","0","0","0","N","0","0","0","2","02503","0","","1.0","1428.0","1","N","N","N","0","","0","0","1","","2","Y","1335","2","0","0","0","0","0","0","2","0","2","","","","N","","","","","","","","","",""
"2023029937","1444","1","0","0","0","0","0","0","0","0","1","0","","02","4","2023","2","40.353358","-79.823288","1441","11","0","0","0","0","0","0","0","0","","0","0","0","14","","1","N","0","","40 21:12.089","","0","79 49:23.835","4","0","0","0","2477","0","0","0","N","0","0","0","2","02477","1","","1.0","","1","N","N","N","1","","0","0","0","","0","","1441","2","1","0","0","0","0","0","2","0","2","","03","","N","","","","","","","","","",""
"2023031659","1800","1","0","0","0","0","0","0","0","0","2","0","","02","4","2023","2","40.449412","-79.827128","1756","11","0","0","0","0","0","1","0","0","","0","0","0","17","","3","","2","","40 26:57.884","2","0","79 49:37.659","3","0","0","0","2113","0","0","0","N","0","0","0","4","02113","0","","1.0","1850.0","1","N","N","N","0","","3","0","1","","3","Y","1756","2","3","1","0","0","0","0","2","0","2","","03","","N","","","","","","","","","",""
"2023029001","1653","1","0","0","0","0","0","0","0","0","7","0","","02","3","2023","4","40.573511","-80.158754","1650","11","0","1","0","0","0","0","0","0","","0","0","0","16","","0","","3","","40 34:24.638","4","0","80 09:31.513","0","0","0","0","2459","0","0","0","N","0","0","0","1","02459","0","","4.0","1743.0","1","N","N","N","0","","0","0","0","","0","N","1640","1","0","0","0","0","0","0","1","0","1","","03","","N","","","","","","","","","",""
"2023029128","0115","0","0","0","0","0","0","0","0","0","5","0","","02","4","2023","1","40.457676","-79.978046","0111","11","0","0","0","0","0","0","0","0","","0","0","0","01","","0","N","0","","40 27:27.635","","0","79 58:40.965","0","0","0","0","2301","0","0","0","N","0","0","0","2","02301","0","","4.0","","9","N","N","N","0","","0","0","2","","0","","0111","2","0","0","0","0","0","0","2","0","2","","","","N","","","","","","","","","",""
"2023029248","1959","0","0","0","0","0","0","0","0","0","8","0","","02","3","2023","4","40.524825","-79.841378","1958","11","0","0","0","0","0","0","0","0","","0","0","0","16","","1","N","0","","40 31:29.371","","0","79 50:28.961","3","0","0","0","2451","1","0","0","N","1","0","0","2","02451","0","","1.0","","1","N","N","N","1","","1","0","0","","0","","1600","2","1","0","0","0","0","0","2","0","1","","","","N","","","","","","","","","",""
"2023022702","1225","1","0","0","0","0","0","0","0","0","1","0","","02","3","2023","6","40.460167","-79.94625","1217","11","0","0","0","0","0","1","0","0","","0","0","0","12","","2","N","0","","40 27:36.600","","0","79 56:46.500","4","0","0","0","2301","0","0","0","N","0","0","0","6","02301","2","","1.0","","9","N","N","N","0","","0","0","1","","0","","1216","2","2","0","0","0","0","0","2","0","2","","07","","N","","","","","","","","","",""
"2023034694","1859","1","0","0","0","0","0","0","0","0","8","0","","02","4","2023","4","40.593296","-80.105652","1855","11","0","0","0","0","0","0","1","0","","0","0","0","18","","2","N","0","","40 35:35.867","","0","80 06:20.346","3","0","0","0","2481","2","0","0","N","2","0","0","4","02481","0","","1.0","","1","N","N","N","0","","1","0","0","","0","","1850","3","2","0","0","0","1","0","2","0","1","","03","","N","","","","","","","","","",""
"2023026014","0749","0","0","0","0","0","0","0","0","0","1","0","","02","3","2023","4","40.413045","-79.752562","0747","11","0","0","0","0","0","0","0","1","","0","0","0","07","","1","Y","0","","40 24:46.963","5","0","79 45:09.223","8","0","0","0","2446","0","0","0","N","0","0","0","4","02446","0","","1.0","830.0","1","N","N","N","0","","0","0","2","","0","Y","0745","2","1","0","0","0","1","0","2","0","2","","","","N","","","","","","","","","",""
"2023015173","0717","2","0","0","0","0","0","0","0","0","4","0","","02","2","2023","4","40.434083","-79.764403","0715","11","0","0","0","0","0","1","0","0","","0","0","0","07","","2","","2","","40 26:02.700","4","0","79 45:51.850","3","0","0","0","2446","0","0","0","N","0","0","0","3","02446","0","","1.0","751.0","1","N","N","N","0","","2","0","0","","2","N","0715","2","2","1","0","0","0","0","2","0","2","","","","N","","","","","","","","","",""