"CRN","ARRIVAL_TM","AUTOMOBILE_COUNT","BELTED_DEATH_COUNT","BELTED_SUSP_SERIOUS_INJ_COUNT","BICYCLE_COUNT","BICYCLE_DEATH_COUNT","BICYCLE_SUSP_SERIOUS_INJ_COUNT","BUS_COUNT","CHLDPAS_DEATH_COUNT","CHLDPAS_SUSP_SERIOUS_INJ_COUNT","COLLISION_TYPE","COMM_VEH_COUNT","CONS_ZONE_SPD_LIM","COUNTY","CRASH_MONTH","CRASH_YEAR","DAY_OF_WEEK","DEC_LATITUDE","DEC_LONGITUDE","DISPATCH_TM","DISTRICT","DRIVER_COUNT_16YR","DRIVER_COUNT_17YR","DRIVER_COUNT_18YR","DRIVER_COUNT_19YR","DRIVER_COUNT_20YR","DRIVER_COUNT_50_64YR","DRIVER_COUNT_65_74YR","DRIVER_COUNT_75PLUS","EST_HRS_CLOSED","FATAL_COUNT","HEAVY_TRUCK_COUNT","HORSE_BUGGY_COUNT","HOUR_OF_DAY","ILLUMINATION","INJURY_COUNT","INTERSECTION_RELATED","INTERSECT_TYPE","LANE_CLOSED","LATITUDE","LN_CLOSE_DIR","LOCATION_TYPE","LONGITUDE","MAX_SEVERITY_LEVEL","MCYCLE_DEATH_COUNT","MCYCLE_SUSP_SERIOUS_INJ_COUNT","MOTORCYCLE_COUNT","MUNICIPALITY","NONMOTR_COUNT","NONMOTR_DEATH_COUNT","NONMOTR_SUSP_SERIOUS_INJ_COUNT","NTFY_HIWY_MAINT","PED_COUNT","PED_DEATH_COUNT","PED_SUSP_SERIOUS_INJ_COUNT","PERSON_COUNT","POLICE_AGCY","POSSIBLE_INJ_COUNT","RDWY_SURF_TYPE_CD","RELATION_TO_ROAD","ROADWAY_CLEARED","ROAD_CONDITION","SCH_BUS_IND","SCH_ZONE_IND","SECONDARY_CRASH","SMALL_TRUCK_COUNT","SPEC_JURIS_CD","SUSP_MINOR_INJ_COUNT","SUSP_SERIOUS_INJ_COUNT","SUV_COUNT","TCD_FUNC_CD","TCD_TYPE","TFC_DETOUR_IND","TIME_OF_DAY","TOTAL_UNITS","TOT_INJ_COUNT","UNBELTED_OCC_COUNT","UNB_DEATH_COUNT","UNB_SUSP_SERIOUS_INJ_COUNT","UNK_INJ_DEG_COUNT","UNK_INJ_PER_COUNT","URBAN_RURAL","VAN_COUNT","VEHICLE_COUNT","WEATHER1","WEATHER2","WORKERS_PRES","WORK_ZONE_IND","WORK_ZONE_LOC","WORK_ZONE_TYPE","WZ_CLOSE_DETOUR","WZ_FLAGGER","WZ_LAW_OFFCR_IND","WZ_LN_CLOSURE","WZ_MOVING","WZ_OTHER","WZ_SHLDER_MDN","WZ_WORKERS_INJ_KILLED"
"2023014308","1059","2","0","0","0","0","0","0","0","0","1","0","","02","2","2023","7","40.525246","-79.84075","1057","11","0","0","0","0","0","0","0","1","","0","0","0","10","","0","N","0","","40 31:30.886","","0","79 50:26.701","0","0","0","0","2451","0","0","0","N","0","0","0","1","02451","0","","6.0","","1","N","N","Y","0","","0","0","1","","0","N","1055","3","0","0","0","0","0","0","2","0","3","","03","","N","","","","","","","","","",""
"2023028484","1850","0","0","0","0","0","0","0","0","0","8","0","","02","3","2023","5","40.438544","-80.004034","1845","11","0","0","0","0","0","1","0","0","","0","0","0","18","","1","","1","","40 26:18.757","","0","80 00:14.521","3","0","0","0","2301","1","0","0","N","1","0","0","2","02301","0","","1.0","","1","N","N","N","0","","1","0","1","","0","","1845","2","1","1","0","0","0","0","2","0","1","","","","N","","","","","","","","","",""
"2023014080","0750","0","0","0","0","0","0","0","0","0","1","0","","02","2","2023","3","40.591998","-79.94803","0745","11","0","0","0","0","0","0","0","0","","0","0","0","07","","0","Y","0","","40 35:31.193","","0","79 56:52.907","0","0","0","0","2207","0","0","0","N","0","0","0","2","02207","0","","1.0","","1","N","N","N","0","","0","0","2","","0","","0744","2","0","0","0","0","0","0","2","0","2","","03","","N","","","","","","","","","",""
"2023012782","0815","1","0","0","0","0","0","0","0","0","7","0","","02","2","2023","3","40.435671","-79.963138","0757","11","0","0","0","0","0","0","0","0","","0","0","0","07","","0","","2","","40 26:08.414","","0","79 57:47.296","0","0","0","0","2301","0","0","0","N","0","0","0","1","02301","0","","4.0","","1","N","N","N","0","","0","0","0","","0","","0750","1","0","0","0","0","0","0","2","0","1","","03","","N","","","","","","","","","",""
"2023035780","1505","0","0","0","0","0","0","0","0","0","5","1","45","02","4","2023","5","40.494669","-79.905299","1448","11","0","0","0","1","0","1","1","0","","0","1","0","14","","5","N","0","","40 29:40.808","2","0","79 54:19.076","4","0","0","0","2401","0","0","0","N","0","0","0","8","68D02","5","","1.0","1430.0","1","N","N","N","0","","0","0","2","","0","N","1448","3","5","0","0","0","0","0","2","0","3","","","Y","Y","4","1","N","N","N","Y","N","N","N","N"
"2023028679","1330","1","0","0","0","0","0","0","0","0","1","0","","02","3","2023","6","40.414935","-80.01136","1319","11","0","0","0","0","1","0","1","0","","0","0","0","13","","0","","3","","40 24:53.765","2","2","80 00:40.897","0","0","0","0","2301","0","0","0","N","0","0","0","3","02301","0","","1.0","1400.0","9","N","N","N","0","","0","0","1","","2","Y","1319","2","0","0","0","0","0","0","2","0","2","","04","","N","","","","","","","","","",""
"2023025436","1500","1","0","0","0","0","0","0","0","0","7","0","","02","3","2023","6","40.474229","-80.005475","1437","11","0","0","0","0","0","0","1","0","","0","0","0","14","","0","N","0","","40 28:27.225","","2","80 00:19.709","9","0","0","0","2301","0","0","0","N","0","0","0","1","68B03","0","","2.0","","9","N","N","N","0","","0","0","0","","0","","1436","1","0","0","0","0","0","1","2","0","1","","04","","N","","","","","","","","","",""
"2023032122","2114","1","0","0","0","0","0","0","0","0","7","0","","02","4","2023","2","40.49924","-79.755989","2114","11","0","0","0","0","0","0","0","0","","0","0","0","21","","0","N","0","","40 29:57.265","5","0","79 45:21.559","0","0","0","0","2466","0","0","0","N","0","0","0","1","02466","0","","2.0","2142.0","1","N","N","N","0","","0","0","0","","0","N","2112","1","0","0","0","0","0","0","2","0","1","","03","","N","","","","","","","","","",""
"2023024872","2215","1","0","0","0","0","0","0","0","0","7","0","","02","3","2023","4","40.431861","-79.710667","2208","11","0","0","0","0","0","0","1","0","","0","0","0","22","","0","N","0","","40 25:54.700","","0","79 42:38.400","0","0","0","0","2446","0","0","0","Y","0","0","0","1","02446","0","","2.0","","1","N","N","N","0","","0","0","0","","0","N","2205","1","0","0","0","0","0","0","2","0","1","","03","","N","","","","","","","","","",""
"2023020733","1254","1","0","0","0","0","0","0","0","0","1","0","","02","3","2023","6","40.432919","-79.798986","1252","11","0","0","0","1","0","0","0","0","","0","0","0","12","","2","Y","0","","40 25:58.508","3","0","79 47:56.351","8","0","0","0","2446","0","0","0","N","0","0","0","3","02446","0","","1.0","1320.0","9","N","N","N","0","","0","0","1","","0","N","1251","2","2","0","0","0","2","0","2","0","2","","07","","N","","","","","","","","","",""
"2023042593","1552","2","0","0","0","0","0","0","0","0","4","0","","02","5","2023","5","40.454041","-79.912396","1538","11","0","0","0","0","0","0","0","0","","0","0","0","15","","1","N","1","","40 27:14.546","7","0","79 54:44.625","3","0","0","0","2301","0","0","0","N","0","0","0","2","02301","0","","1.0","1600.0","1","N","N","N","0","","1","0","0","","2","N","1535","2","1","0","0","0","0","0","2","0","2","","03","","N","","","","","","","","","",""
"2023020606","1536","1","0","0","0","0","0","0","0","0","7","0","","02","3","2023","7","40.444385","-80.028999","1531","11","0","0","0","0","0","0","0","0","","0","0","0","15","","1","Y","0","","40 26:39.786","","0","80 01:44.395","3","0","0","0","2301","0","0","0","N","0","0","0","2","02301","0","","2.0","","1","N","N","N","0","","1","0","0","","0","","1531","1","1","0","0","0","0","0","2","0","1","","","","N","","","","","","","","","",""
"2023021588","1759","1","0","0","0","0","0","0","0","0","1","0","","02","3","2023","3","40.436535","-79.826826","1754","11","0","0","0","0","0","1","0","0","","0","0","0","17","","1","N","0","","40 26:11.527","6","0","79 49:36.572","3","0","0","0","2419","0","0","0","N","0","0","0","2","02419","0","","1.0","1820.0","1","N","N","N","0","","1","0","1","","0","N","1750","2","1","0","0","0","0","0","2","0","2","","03","","N","","","","","","","","","",""
"2023043846","1507","1","0","0","0","0","0","0","0","0","1","1","","02","5","2023","4","40.429878","-79.714343","1456","11","0","0","0","0","0","0","0","0","","0","1","0","14","","1","N","0","","40 25:47.559","","0","79 42:51.633","4","0","0","0","2446","0","0","0","N","0","0","0","2","02446","1","","1.0","","1","N","N","N","0","","0","0","0","","0","","1454","2","1","0","0","0","0","0","2","0","2","","03","","N","","","","","","","","","",""
"2023025425","1551","4","0","0","0","0","0","0","0","0","1","0","","02","3","2023","1","40.421053","-80.042639","1542","11","0","0","1","0","0","0","1","0","","0","0","0","15","","3","N","0","","40 25:15.790","4","0","80 02:33.499","3","0","0","0","2435","0","0","0","N","0","0","0","9","68B03","0","","1.0","1625.0","1","N","N","N","0","","3","0","0","","0","Y","1537","5","3","0","0","0","0","0","2","1","5","","","","N","","","","","","","","","",""
"2023021276","1519","2","0","0","0","0","0","0","0","0","6","0","","02","3","2023","7","40.482957","-79.973208","1519","11","0","0","0","0","0","0","0","0","","0","0","0","15","","1","N","0","","40 28:58.644","","0","79 58:23.547","3","0","0","0","2445","0","0","0","N","0","0","0","1","02445","0","","6.0","","1","N","N","N","1","","1","0","1","","0","","1519","4","1","1","0","0","0","0","2","0","4","","","","N","","","","","","","","","",""
"2023028029","0100","1","0","0","0","0","0","0","0","0","2","0","","02","3","2023","4","40.455519","-79.943343","0053","11","0","0","0","0","0","0","0","0","","0","0","0","00","","1","N","0","","40 27:19.870","","0","79 56:36.035","2","0","0","0","2301","0","0","0","N","0","0","0","1","02301","0","","6.0","","1","N","N","N","2","","0","1","0","","0","","0051","3","1","1","0","1","0","0","2","0","3","","","","N","","","","","","","","","",""
"2023030723","2049","2","0","0","0","0","0","0","0","0","4","0","","02","4","2023","4","40.385871","-79.967129","2045","11","0","0","0","0","0","0","0","1","","0","0","0","20","","1","","1","","40 23:09.136","","0","79 58:01.665","3","0","0","0","2403","0","0","0","N","0","0","0","4","02403","0","","1.0","","9","N","N","N","0","","1","0","0","","3","","2042","2","1","0","0","0","0","0","2","0","2","","","","N","","","","","","","","","",""
"2023022585","2240","1","0","0","0","0","0","0","0","0","7","0","","02","3","2023","6","40.500833","-79.795083","2230","11","0","0","0","0","0","0","0","0","","0","0","0","22","","0","N","0","","40 30:03.000","","0","79 47:42.300","0","0","0","0","2113","0","0","0","N","0","0","0","1","02113","0","","4.0","","9","N","N","N","0","","0","0","0","","0","","2228","1","0","0","0","0","0","0","2","0","1","","","","N","","","","","","","","","",""
"2023016126","2202","1","0","0","0","0","0","0","0","0","2","0","","02","2","2023","4","40.43325","-79.923028","2159","11","0","0","0","0","0","0","0","0","","0","0","0","21","","0","N","0","","40 25:59.700","","0","79 55:22.900","0","0","0","0","2301","0","0","0","N","0","0","0","2","02301","0","","6.0","","1","N","N","N","0","","0","0","0","","0","","2155","2","0","0","0","0","0","0","2","1","2","","03","","N","","","","","","","","","",""
"2023032883","0929","0","0","0","0","0","0","0","0","0","4","0","","02","4","2023","3","40.554975","-79.971146","0922","11","0","0","0","0","0","1","0","0","","0","0","0","09","","0","","3","","40 33:17.909","5","0","79 58:16.126","0","0","0","0","2207","0","0","0","N","0","0","0","3","02207","0","","1.0","954.0","1","N","N","Y","0","","0","0","2","","3","N","0920","3","0","0","0","0","0","0","2","1","3","","03","","N","","","","","","","","","",""
"2023015240","1815","2","0","0","0","0","0","0","0","0","1","0","","02","2","2023","3","40.403369","-80.040841","1809","11","0","0","0","0","0","0","0","0","","0","0","0","18","","1","","1","","40 24:12.129","4","0","80 02:27.027","3","0","0","0","2301","0","0","0","N","0","0","0","3","02301","0","","1.0","1933.0","1","N","N","N","1","","1","0","0","","2","Y","1805","3","1","0","0","0","0","1","2","0","3","","03","","N","","","","","","","","","",""
"2023033330","2233","1","0","0","0","0","0","0","0","0","1","1","","02","4","2023","5","40.438647","-80.192798","2227","11","0","0","0","0","0","1","0","0","","0","1","0","22","","0","N","0","","40 26:19.128","4","0","80 11:34.074","0","0","0","0","2214","0","0","0","N","0","0","0","3","68B03","0","","1.0","2314.0","1","N","N","N","0","","0","0","0","","0","N","2225","2","0","0","0","0","0","0","2","0","2","","03","","N","","","","","","","","","",""
"2023015388","2343","0","0","0","0","0","0","0","0","0","5","0","","02","2","2023","4","40.455889","-79.902944","2236","11","0","0","0","0","0","0","0","0","","0","0","0","23","","1","N","0","","40 27:21.200","4","0","79 54:10.600","3","0","0","0","2301","0","0","0","N","0","0","0","2","02301","0","","1.0","1230.0","1","N","N","N","0","","1","0","2","","0","N","2330","2","1","0","0","0","0","0","2","0","2","","","","N","","","","","","","","","",""
"2023012633","2316","1","0","0","0","0","0","0","0","0","7","0","","02","2","2023","1","40.428917","-79.998872","2310","11","0","0","0","0","0","0","0","0","","0","0","0","23","","0","N","0","","40 25:44.102","2","0","79 59:55.940","0","0","0","0","2301","0","0","0","N","0","0","0","1","02301","0","","4.0","15.0","1","N","N","N","0","","0","0","0","","2","N","2309","1","0","0","0","0","0","0","2","0","1","","04","","N","","","","","","","","","",""
"2023017339","1650","0","0","0","0","0","0","0","0","0","1","0","","02","2","2023","3","40.352699","-80.109757","1646","11","0","0","0","1","0","0","0","0","","0","0","0","16","","0","","2","","40 21:09.717","6","0","80 06:35.126","0","0","0","0","2414","0","0","0","N","0","0","0","2","02414","0","","1.0","1718.0","1","N","N","N","1","","0","0","0","","0","Y","1644","2","0","0","0","0","0","0","2","1","2","","03","","N","","","","","","","","","",""
"2023030285","1255","2","0","0","0","0","0","0","0","0","4","0","","02","4","2023","4","40.3498","-79.856139","1255","11","0","0","0","0","1","1","0","0","","0","0","0","12","","0","","1","","40 20:59.280","2","0","79 51:22.100","0","0","0","0","2304","0","0","0","N","0","0","0","3","02304","0","","1.0","1254.0","1","N","N","N","0","","0","0","0","","0","N","1255","2","0","0","0","0","0","0","2","0","2","","03","","N","","","","","","","","","",""
"2023033487","1305","1","0","0","0","0","0","0","0","0","1","0","","02","4","2023","1","40.450153","-79.88435","1300","11","0","0","0","0","0","1","0","0","","0","0","0","13","","1","N","2","","40 27:00.552","","0","79 53:03.660","3","0","0","0","2301","0","0","0","N","0","0","0","2","02301","0","","1.0","","1","N","N","N","1","","1","0","0","","0","","1300","2","1","0","0","0","0","0","2","0","2","","03","","N","","","","","","","","","",""
"2023017940","1037","0","0","0","0","0","0","0","0","0","1","0","","02","2","2023","6","40.402106","-80.000681","1032","11","0","0","0","0","0","1","0","0","","0","0","0","10","","0","","1","","40 24:07.583","1","0","80 00:02.450","0","0","0","0","2301","0","0","0","N","0","0","0","3","02301","0","","1.0","1050.0","1","N","N","N","3","","0","0","0","","2","N","1030","3","0","0","0","0","0","0","2","0","3","","03","","N","","","","","","","","","",""
"2023012802","1617","0","0","0","0","0","0","0","0","0","4","0","","02","2","2023","1","40.324894","-80.081701","1615","11","0","0","0","0","0","0","0","0","","0","0","0","16","","1","","1","","40 19:29.618","2","0","80 04:54.122","3","0","0","0","2123","0","0","0","N","0","0","0","2","02123","0","","1.0","1700.0","1","N","N","N","0","","1","0","1","","2","Y","1615","2","1","0","0","0","0","0","2","1","2","","03","","N","","","","","","","","","",""
"2023016341","1110","1","0","0","0","0","0","0","0","0","7","0","","02","2","2023","1","40.431507","-80.027121","1108","11","0","0","0","0","0","0","0","0","","0","0","0","11","","0","Y","0","","40 25:53.425","","8","80 01:37.636","0","0","0","0","2301","0","0","0","Y","0","0","0","1","02301","0","","2.0","","1","N","N","N","0","","0","0","0","","0","","1108","1","0","0","0","0","0","0","2","0","1","","03","","N","","","","","","","","","",""
"2023019135","1102","0","0","0","0","0","0","0","0","0","8","0","","02","2","2023","3","40.491489","-79.865918","1100","11","0","0","0","0","0","0","1","0","","0","0","0","11","","1","","2","","40 29:29.360","","0","79 51:57.303","8","0","0","0","2112","1","0","0","N","1","0","0","2","02112","0","","1.0","","9","N","N","N","0","","0","0","1","","2","N","1100","2","1","0","0","0","1","0","2","0","1","","","","N","","","","","","","","","",""
"2023031861","0820","1","0","0","0","0","0","0","0","0","7","0","","02","4","2023","3","40.474239","-79.908208","0800","11","0","0","0","0","0","0","0","0","","0","0","0","07","","0","N","2","","40 28:27.259","3","0","79 54:29.550","0","0","0","0","2301","0","0","0","N","0","0","0","1","02301","0","","2.0","840.0","1","N","N","N","0","","0","0","0","","0","Y","0759","1","0","0","0","0","0","0","2","0","1","","","","N","","","","","","","","","",""
"2023020464","2230","0","0","0","0","0","0","0","0","0","1","0","","02","2","2023","3","40.40234","-80.095633","2228","11","0","0","0","0","0","0","0","0","","0","0","0","02","","0","N","0","","40 24:08.423","","0","80 05:44.279","0","0","0","0","2415","0","0","0","N","0","0","0","1","02415","0","","6.0","","1","N","N","N","1","","0","0","2","","0","","0228","3","0","0","0","0","0","0","2","0","3","","03","","N","","","","","","","","","",""
"2023016612","1059","0","0","0","0","0","0","0","0","0","3","0","","02","2","2023","2","40.386785","-79.992137","1048","11","0","0","1","0","0","0","0","0","","0","0","0","10","","0","N","2","","40 23:12.426","2","0","79 59:31.694","0","0","0","0","2301","0","0","0","N","0","0","0","2","02301","0","","1.0","1051.0","1","N","N","N","1","","0","0","1","","3","Y","1048","2","0","0","0","0","0","0","2","0","2","","03","","N","","","","","","","","","",""
"2023033727","1349","3","0","0","0","0","0","0","0","0","5","0","","02","4","2023","1","40.400637","-79.938785","1333","11","0","0","0","0","0","0","0","0","","0","0","0","13","","0","","1","","40 24:02.293","","0","79 56:19.625","9","0","0","0","2301","0","0","0","N","0","0","0","3","02301","0","","4.0","","1","N","N","Y","0","","0","0","0","","3","","1330","3","0","0","0","0","0","3","2","0","3","","03","","N","","","","","","","","","",""
"2023010019","","1","0","0","0","0","0","0","0","0","1","0","","02","1","2023","4","","","","11","0","0","0","1","0","0","0","0","","0","0","0","07","","1","N","0","","","","0","","8","0","0","0","2301","0","0","0","N","0","0","0","2","00000","0","","1.0","","1","","","N","0","","0","0","1","","0","","0720","2","1","1","0","0","1","0","1","0","2","","","","N","","","","","","","","","",""
"2023013485","1156","1","0","0","0","0","0","0","0","0","7","0","","02","2","2023","5","40.436793","-79.971865","1145","11","0","0","0","0","0","0","0","0","","0","0","0","11","","0","N","0","","40 26:12.454","3","0","79 58:18.715","9","0","0","0","2301","0","0","0","N","0","0","0","1","02301","0","","2.0","1210.0","1","N","N","N","0","","0","0","0","","0","N","1145","1","0","0","0","0","0","1","2","0","1","","03","","N","","","","","","","","","",""
"2023027599","1906","0","0","0","0","0","0","0","0","0","1","0","","02","2","2023","1","40.44936","-80.002575","1842","11","0","0","0","0","0","0","1","0","","0","0","0","18","","2","","7","","40 26:57.697","","2","80 00:09.271","3","0","0","0","2301","0","0","0","N","0","0","0","4","68B03","0","","1.0","","1","N","N","N","0","","2","0","2","","0","","1839","2","2","0","0","0","0","0","2","0","2","","03","","N","","","","","","","","","",""
"2023033307","1400","1","0","0","0","0","0","0","0","0","1","0","","02","4","2023","1","40.420089","-80.050378","1348","11","0","0","0","0","0","1","0","0","","0","0","0","13","","0","","6","","40 25:12.320","","2","80 03:01.359","0","0","0","0","2435","0","0","0","N","0","0","0","2","68B03","0","","1.0","","1","N","N","N","1","","0","0","0","","3","","1345","2","0","0","0","0","0","0","2","0","2","","03","","N","","","","","","","","","",""
"2023019591","0640","1","0","0","0","0","0","0","0","0","1","0","","02","2","2023","3","40.514415","-80.158153","0637","11","0","0","0","0","0","0","0","0","","0","0","0","06","","0","N","0","","40 30:51.893","5","0","80 09:29.351","9","0","0","0","2420","0","0","0","N","0","0","0","1","02420","0","","1.0","720.0","9","N","N","N","0","","0","0","1","","0","N","0637","2","0","0","0","0","0","1","2","0","2","","04","","N","","","","","","","","","",""
"2023034421","0758","0","0","0","0","0","0","0","0","0","5","0","","02","4","2023","3","40.502975","-80.126934","0749","11","0","0","0","0","0","1","0","1","","0","0","0","07","","1","N","0","","40 30:10.710","4","0","80 07:36.963","8","0","0","0","2115","0","0","0","N","0","0","0","2","02115","0","","1.0","827.0","1","N","N","N","0","","0","0","2","","0","N","0749","2","1","0","0","0","1","0","2","0","2","","","","N","","","","","","","","","",""
"2023019420","2235","2","0","0","0","0","0","0","0","0","4","0","","02","2","2023","3","40.405989","-79.912226","2235","11","0","0","0","0","0","0","0","0","","0","0","0","22","","0","","1","","40 24:21.561","","3","79 54:44.012","0","0","0","0","2438","0","0","0","N","0","0","0","2","02438","0","","1.0","","1","N","N","N","0","","0","0","0","","2","","2235","2","0","0","0","0","0","0","2","0","2","","","","N","","","","","","","","","",""
"2023013952","1851","1","0","0","0","0","0","0","0","0","7","0","","02","2","2023","6","40.451524","-80.018907","1846","11","0","0","0","0","0","0","0","0","","0","0","0","18","","1","","1","","40 27:05.485","","0","80 01:08.065","3","0","0","0","2301","0","0","0","N","0","0","0","1","02301","0","","2.0","","1","N","N","N","0","","1","0","0","","2","","1843","1","1","0","0","0","0","0","2","0","1","","03","","N","","","","","","","","","",""
"2023032626","1223","0","0","0","0","0","0","0","0","0","7","0","","02","4","2023","4","40.552851","-80.106038","1223","11","0","0","0","0","0","0","0","0","","0","0","0","12","","0","N","0","","40 33:10.265","3","0","80 06:21.735","0","0","0","0","2215","0","0","0","N","0","0","0","1","02215","0","","9.0","1242.0","1","N","N","N","0","","0","0","1","","0","N","1222","1","0","0","0","0","0","0","2","0","1","","","","N","","","","","","","","","",""
"2023031219","0437","1","0","0","0","0","0","0","0","0","7","0","","02","4","2023","7","40.437625","-79.709033","0433","11","0","0","0","0","0","0","0","0","","0","0","0","04","","0","N","0","","40 26:15.450","7","0","79 42:32.520","9","0","0","0","2446","0","0","0","N","0","0","0","1","02446","0","","5.0","515.0","1","N","N","N","0","","0","0","0","","0","N","0433","1","0","0","0","0","0","1","2","0","1","","","","N","","","","","","","","","",""
"2023015108","1842","1","0","0","0","0","0","0","0","0","1","0","","02","2","2023","4","40.528708","-79.84961","1839","11","0","0","0","0","0","0","1","0","","0","0","0","18","","0","Y","0","","40 31:43.347","4","3","79 50:58.596","0","0","0","0","2208","0","0","0","N","0","0","0","2","02208","0","","1.0","1917.0","1","N","N","N","1","","0","0","0","","2","N","1839","2","0","0","0","0","0","0","2","0","2","","","","N","","","","","","","","","",""
"2023018358","0044","0","0","0","0","0","0","0","0","0","7","0","","02","2","2023","1","40.0","-80.0","0042","11","0","0","0","0","0","0","0","0","","0","0","0","00","","0","N","0","","40 00:00.000","4","2","80 00:00.000","0","0","0","0","2301","0","0","0","Y","0","0","0","1","02116","0","","2.0","115.0","1","","","N","0","","0","0","1","","2","N","0040","1","0","1","0","0","0","0","1","0","1","","","","N","","","","","","","","","",""
"2023013024","2219","1","0","0","0","0","0","0","0","0","1","0","","02","2","2023","3","40.429771","-79.923781","2213","11","0","0","0","0","0","1","0","0","","0","0","0","22","","0","N","0","","40 25:47.175","","0","79 55:25.613","0","0","0","0","2301","0","0","0","N","0","0","0","1","02301","0","","6.0","","9","N","N","N","0","","0","0","1","","0","","2210","2","0","0","0","0","0","0","2","0","2","","","","N","","","","","","","","","",""
"2023012131","1310","1","0","0","0","0","0","0","0","0","4","0","","02","2","2023","1","40.458525","-79.975001","1300","11","0","0","0","0","0","1","0","0","","0","0","0","12","","0","","1","","40 27:30.689","4","0","79 58:30.005","0","0","0","0","2301","0","0","0","N","0","0","0","2","02301","0","","1.0","1340.0","1","N","N","N","0","","0","0","0","","3","N","1250","2","0","0","0","0","0","0","2","1","2","","03","","N","","","","","","","","","",""
"2023029132","1937","1","0","0","0","0","0","0","0","0","6","0","","02","3","2023","6","40.647391","-80.032974","1931","11","0","0","0","1","0","0","0","0","","0","0","0","19","","0","N","0","","40 38:50.608","1","0","80 01:58.705","0","0","0","0","2216","0","0","0","N","0","0","0","3","02505","0","","1.0","2022.0","9","N","N","N","0","","0","0","1","","0","N","1927","2","0","0","0","0","0","0","1","0","2","","","","N","","","","","","","","","",""
"2023018439","0852","0","0","0","0","0","0","0","0","0","4","0","","02","2","2023","4","40.513745","-79.968018","0849","11","0","0","0","0","0","0","1","0","","0","0","0","99","","0","","1","","40 30:49.483","","0","79 58:04.863","0","0","0","0","2118","0","0","0","N","0","0","0","2","02118","0","","1.0","","9","N","N","N","0","","0","0","2","","3","","9999","2","0","0","0","0","0","0","2","0","2","","","","N","","","","","","","","","",""
"2023026552","1643","0","0","0","0","0","0","0","0","0","1","0","","02","2","2023","2","40.665031","-79.703812","1643","11","0","0","0","0","0","0","0","1","","0","0","0","16","","1","","2","","40 39:54.111","2","0","79 42:13.723","4","0","0","0","2106","0","0","0","N","0","0","0","4","02106","1","","1.0","1750.0","1","N","N","Y","0","","0","0","3","","2","N","1637","3","1","0","0","0","0","0","1","0","3","","","","N","","","","","","","","","",""
"2023015590","1440","1","0","0","0","0","0","0","0","0","5","0","","02","2","2023","4","40.494489","-79.946429","1435","11","0","0","0","0","0","0","0","0","","0","0","0","14","","0","N","0","","40 29:40.160","1","0","79 56:47.145","0","0","0","0","2430","0","0","0","N","0","0","0","1","02430","0","","6.0","1448.0","1","N","N","N","1","","0","0","1","","0","N","1433","3","0","0","0","0","0","0","2","0","3","","","","N","","","","","","","","","",""
"2023017306","1520","1","0","0","0","0","0","0","0","0","7","0","","02","2","2023","1","40.383798","-79.96967","1519","11","0","0","0","0","0","0","0","0","","0","0","0","15","","0","N","0","","40 23:01.673","","7","79 58:10.811","9","0","0","0","2413","0","0","0","N","0","0","0","2","02413","0","","4.0","","1","N","N","N","0","","0","0","0","","0","","1519","1","0","0","0","0","0","1","2","0","1","","03","","N","","","","","","","","","",""
"2023014150","1525","0","0","0","0","0","0","0","0","0","1","0","","02","2","2023","7","40.473423","-79.972396","1522","11","0","0","0","0","0","0","0","0","","0","0","0","15","","0","","6","","40 28:24.321","2","2","79 58:20.624","0","0","0","0","2445","0","0","0","N","0","0","0","4","02445","0","","1.0","1558.0","1","N","N","Y","0","","0","0","4","","0","N","1520","4","0","0","0","0","0","0","2","0","4","","04","","N","","","","","","","","","",""
"2023017297","1054","1","0","0","0","0","0","0","0","0","1","0","","02","2","2023","7","40.44195","-80.075761","1049","11","0","0","0","0","0","1","0","0","","0","0","0","10","","0","","1","","40 26:31.019","4","0","80 04:32.739","0","0","0","0","2439","0","0","0","N","0","0","0","2","02439","0","","1.0","1121.0","1","N","N","N","0","","0","0","1","","8","N","1049","3","0","0","0","0","0","0","2","0","2","","03","","N","","","","","","","","","",""
"2023012764","1136","0","0","0","0","0","0","0","0","0","4","0","","02","2","2023","2","40.448051","-80.01781","1131","11","0","0","0","0","0","1","0","1","","0","0","0","11","","2","","1","","40 26:52.985","","0","80 01:04.117","3","0","0","0","2301","0","0","0","N","0","0","0","3","02301","0","","1.0","","1","N","N","N","1","","2","0","1","","2","","1130","2","2","0","0","0","0","0","2","0","2","","03","","N","","","","","","","","","",""
"2023014861","0811","1","0","0","0","0","0","0","0","0","1","0","","02","2","2023","3","40.439812","-80.017293","0800","11","0","0","0","0","0","1","0","0","","0","0","0","07","","0","N","0","","40 26:23.323","4","0","80 01:02.255","9","0","0","0","2301","0","0","0","N","0","0","0","2","02301","0","","1.0","811.0","1","N","N","N","0","","0","0","1","","0","N","0750","2","0","0","0","0","0","1","2","0","2","","04","","N","","","","","","","","","",""
"2023013979","1319","2","0","0","0","0","0","0","0","0","4","0","","02","2","2023","1","40.359455","-79.907981","1319","11","0","0","0","0","0","1","0","0","","0","0","0","13","","0","N","0","","40 21:34.037","3","7","79 54:28.733","0","0","0","0","2473","0","0","0","N","0","0","0","4","02473","0","","1.0","1400.0","1","N","N","N","0","","0","0","0","","0","N","1319","2","0","1","0","0","0","0","2","0","2","","03","","N","","","","","","","","","",""