"CRN","ARRIVAL_TM","AUTOMOBILE_COUNT","BELTED_DEATH_COUNT","BELTED_SUSP_SERIOUS_INJ_COUNT","BICYCLE_COUNT","BICYCLE_DEATH_COUNT","BICYCLE_SUSP_SERIOUS_INJ_COUNT","BUS_COUNT","CHLDPAS_DEATH_COUNT","CHLDPAS_SUSP_SERIOUS_INJ_COUNT","COLLISION_TYPE","COMM_VEH_COUNT","CONS_ZONE_SPD_LIM","COUNTY","CRASH_MONTH","CRASH_YEAR","DAY_OF_WEEK","DEC_LATITUDE","DEC_LONGITUDE","DISPATCH_TM","DISTRICT","DRIVER_COUNT_16YR","DRIVER_COUNT_17YR","DRIVER_COUNT_18YR","DRIVER_COUNT_19YR","DRIVER_COUNT_20YR","DRIVER_COUNT_50_64YR","DRIVER_COUNT_65_74YR","DRIVER_COUNT_75PLUS","EST_HRS_CLOSED","FATAL_COUNT","HEAVY_TRUCK_COUNT","HORSE_BUGGY_COUNT","HOUR_OF_DAY","ILLUMINATION","INJURY_COUNT","INTERSECTION_RELATED","INTERSECT_TYPE","LANE_CLOSED","LATITUDE","LN_CLOSE_DIR","LOCATION_TYPE","LONGITUDE","MAX_SEVERITY_LEVEL","MCYCLE_DEATH_COUNT","MCYCLE_SUSP_SERIOUS_INJ_COUNT","MOTORCYCLE_COUNT","MUNICIPALITY","NONMOTR_COUNT","NONMOTR_DEATH_COUNT","NONMOTR_SUSP_SERIOUS_INJ_COUNT","NTFY_HIWY_MAINT","PED_COUNT","PED_DEATH_COUNT","PED_SUSP_SERIOUS_INJ_COUNT","PERSON_COUNT","POLICE_AGCY","POSSIBLE_INJ_COUNT","RDWY_SURF_TYPE_CD","RELATION_TO_ROAD","ROADWAY_CLEARED","ROAD_CONDITION","SCH_BUS_IND","SCH_ZONE_IND","SECONDARY_CRASH","SMALL_TRUCK_COUNT","SPEC_JURIS_CD","SUSP_MINOR_INJ_COUNT","SUSP_SERIOUS_INJ_COUNT","SUV_COUNT","TCD_FUNC_CD","TCD_TYPE","TFC_DETOUR_IND","TIME_OF_DAY","TOTAL_UNITS","TOT_INJ_COUNT","UNBELTED_OCC_COUNT","UNB_DEATH_COUNT","UNB_SUSP_SERIOUS_INJ_COUNT","UNK_INJ_DEG_COUNT","UNK_INJ_PER_COUNT","URBAN_RURAL","VAN_COUNT","VEHICLE_COUNT","WEATHER1","WEATHER2","WORKERS_PRES","WORK_ZONE_IND","WORK_ZONE_LOC","WORK_ZONE_TYPE","WZ_CLOSE_DETOUR","WZ_FLAGGER","WZ_LAW_OFFCR_IND","WZ_LN_CLOSURE","WZ_MOVING","WZ_OTHER","WZ_SHLDER_MDN","WZ_WORKERS_INJ_KILLED"
"2023014227","2005","2","0","0","0","0","0","0","0","0","1","0","","02","2","2023","7","40.40342","-80.001314","1956","11","0","0","0","0","0","0","0","0","","0","0","0","19","","0","N","0","","40 24:12.312","2","0","80 00:04.731","0","0","0","0","2301","0","0","0","N","0","0","0","4","02301","0","","1.0","2035.0","1","N","N","N","0","","0","0","1","","0","N","1955","3","0","0","0","0","0","0","2","0","3","","03","","N","","","","","","","","","",""
"2023018752","1547","0","0","0","0","0","0","0","0","0","8","0","","02","2","2023","2","40.436017","-79.922896","1545","11","0","0","0","0","0","0","0","0","","0","0","0","15","","1","","1","","40 26:09.660","","0","79 55:22.425","3","0","0","0","2301","1","0","0","N","1","0","0","2","02301","0","","1.0","","9","N","N","N","0","","1","0","1","","2","","1543","2","1","1","0","0","0","0","2","0","1","","04","","N","","","","","","","","","",""
"2023034337","1407","1","0","0","0","0","0","0","0","0","2","0","","02","4","2023","3","40.408758","-79.821526","1404","11","0","0","0","0","0","1","0","0","","0","0","0","14","","2","N","0","","40 24:31.528","5","0","79 49:17.493","3","0","0","0","2467","0","0","0","N","0","0","0","3","02467","0","","1.0","1449.0","1","N","N","N","0","","2","0","1","","0","Y","1402","2","2","0","0","0","0","0","2","0","2","","","","N","","","","","","","","","",""
"2023016470","1619","0","0","0","0","0","0","0","0","0","1","0","","02","2","2023","1","40.44828","-80.010478","1614","11","0","0","0","0","0","0","0","1","","0","0","0","16","","0","","1","","40 26:53.808","4","0","80 00:37.721","0","0","0","0","2301","0","0","0","N","0","0","0","3","02301","0","","1.0","1645.0","1","N","N","N","1","","0","0","1","","2","N","1610","2","0","0","0","0","0","0","2","0","2","","03","","N","","","","","","","","","",""
"2023033205","1310","0","0","0","0","0","0","0","0","0","4","0","","02","4","2023","6","40.445766","-80.151378","1304","11","0","0","1","0","0","1","0","0","","0","0","0","13","","1","","2","","40 26:44.758","2","0","80 09:04.961","3","0","0","0","2115","0","0","0","N","0","0","0","2","02115","0","","1.0","1415.0","1","N","N","N","0","","1","0","2","","3","N","1300","2","1","0","0","0","0","0","2","0","2","","","","N","","","","","","","","","",""
"2023034573","1803","1","0","0","0","0","0","0","0","0","1","0","","02","4","2023","4","40.449471","-80.00339","1800","11","0","0","0","0","0","1","0","0","","0","0","0","18","","0","N","0","","40 26:58.097","","0","80 00:12.204","0","0","0","0","2301","0","0","0","N","0","0","0","3","02301","0","","1.0","","1","N","N","N","2","","0","0","0","","0","","1800","3","0","0","0","0","0","0","2","0","3","","03","","N","","","","","","","","","",""
"2023014403","1605","3","0","0","0","0","0","0","0","0","6","0","","02","2","2023","1","40.475778","-79.998667","1601","11","0","0","0","0","0","1","0","0","","0","0","0","15","","0","N","0","","40 28:32.800","7","0","79 59:55.200","0","0","0","0","2301","0","0","0","N","0","0","0","1","02301","0","","6.0","1630.0","1","N","N","N","0","","0","0","1","","0","Y","1558","4","0","0","0","0","0","0","2","0","4","","03","","N","","","","","","","","","",""
"2023013989","0239","3","0","0","0","0","0","0","0","0","5","0","","02","2","2023","7","40.453556","-79.892833","0232","11","0","0","0","0","0","0","0","0","","0","0","0","02","","0","N","0","","40 27:12.800","","0","79 53:34.200","9","0","0","0","2301","0","0","0","N","0","0","0","1","02301","0","","6.0","","1","N","N","N","0","","0","0","2","","3","","0232","5","0","0","0","0","0","1","2","0","5","","03","","N","","","","","","","","","",""
"2023014932","2033","1","0","0","0","0","0","0","0","0","4","0","","02","2","2023","7","40.333852","-79.946507","2030","11","0","0","0","1","0","0","0","0","","0","0","0","20","","0","N","0","","40 20:01.868","1","7","79 56:47.425","0","0","0","0","2454","0","0","0","N","0","0","0","2","02454","0","","1.0","2119.0","1","N","N","N","0","","0","0","1","","0","N","2030","2","0","0","0","0","0","0","2","0","2","","","","N","","","","","","","","","",""
"2023032143","1610","1","0","0","0","0","0","0","0","0","4","0","","02","4","2023","2","40.40163","-80.083017","1607","11","0","0","0","0","0","1","0","0","","0","0","0","16","","0","N","2","","40 24:05.867","","0","80 04:58.862","0","0","0","0","2415","0","0","0","N","0","0","0","3","02415","0","","1.0","","1","N","N","N","0","","0","0","0","","3","","1600","2","0","0","0","0","0","0","2","1","2","","03","","N","","","","","","","","","",""
"2023032027","1807","2","0","0","0","0","0","0","0","0","6","0","","02","4","2023","3","40.34678","-79.792446","1800","11","0","0","0","0","0","0","1","0","","0","0","0","17","","0","","2","","40 20:48.408","1","0","79 47:32.805","0","0","0","0","2477","0","0","0","N","0","0","0","3","02477","0","","1.0","1831.0","1","N","N","N","0","","0","0","0","","3","N","1756","2","0","0","0","0","0","0","2","0","2","","","","N","","","","","","","","","",""
"2023017604","1122","1","0","0","0","0","0","0","0","0","5","0","","02","2","2023","4","40.438286","-79.830486","1118","11","0","0","0","0","0","1","0","0","","0","0","0","11","","0","","1","","40 26:17.828","","0","79 49:49.750","0","0","0","0","2419","0","0","0","N","0","0","0","3","02419","0","","1.0","","9","N","N","N","0","","0","0","1","","2","","1118","2","0","0","0","0","0","0","2","0","2","","04","","N","","","","","","","","","",""
"2023012050","0132","0","0","0","0","0","0","0","0","0","7","0","","02","2","2023","1","40.455602","-79.97288","0128","11","0","0","0","0","0","0","0","0","","0","0","0","01","","1","","2","","40 27:20.167","","0","79 58:22.367","3","0","0","0","2301","0","0","0","N","0","0","0","1","02301","0","","4.0","","1","N","N","N","0","","1","0","1","","0","","0123","2","1","0","0","0","0","0","2","0","1","","03","","N","","","","","","","","","",""
"2023031966","1646","0","0","0","0","0","0","0","0","0","7","0","","02","4","2023","3","40.500936","-79.768119","1604","11","0","0","0","0","0","0","0","0","","0","0","0","16","","0","N","2","","40 30:03.371","2","0","79 46:05.228","0","0","0","0","2466","0","0","0","N","0","0","0","2","02466","0","","5.0","1644.0","1","N","N","N","1","","0","0","1","","3","N","1603","2","0","0","0","0","0","0","2","0","2","","","","N","","","","","","","","","",""
"2023031601","2126","0","0","0","0","0","0","0","0","0","2","0","","02","4","2023","2","40.384553","-80.025383","2120","11","0","0","0","0","0","2","0","0","","0","0","0","21","","2","N","0","","40 23:04.390","","0","80 01:31.380","3","0","0","0","2109","0","0","0","N","0","0","0","2","02109","0","","1.0","","1","N","N","N","1","","1","0","1","","0","","2115","2","2","1","0","0","1","0","2","0","2","","03","","N","","","","","","","","","",""
"2023015688","0507","0","0","0","0","0","0","0","0","0","7","0","","02","2","2023","6","40.276378","-79.891057","0503","11","0","0","0","0","0","0","0","0","","0","0","0","05","","1","","6","","40 16:34.962","1","8","79 53:27.805","8","0","0","0","2428","0","0","0","N","0","0","0","1","02428","0","","2.0","545.0","9","N","N","N","0","","0","0","1","","3","N","0500","1","1","0","0","0","1","0","2","0","1","","","","N","","","","","","","","","",""
"2023033461","1100","2","0","0","0","0","0","0","0","0","5","1","","02","4","2023","6","40.34837","-79.944808","1055","11","0","0","0","0","0","0","1","0","","0","1","0","10","","3","","1","","40 20:54.133","6","0","79 56:41.310","2","0","0","0","2473","0","0","0","N","0","0","0","4","02473","0","","1.0","1130.0","1","N","N","Y","0","","2","1","0","","2","Y","1055","3","3","0","0","0","0","0","2","0","3","","03","","N","","","","","","","","","",""
"2023033103","1635","1","0","0","0","0","0","0","0","0","4","0","","02","4","2023","6","40.433165","-79.752349","1630","11","0","0","1","0","0","0","0","0","","0","0","0","16","","1","N","0","","40 25:59.394","2","7","79 45:08.456","8","0","0","0","2446","0","0","0","N","0","0","0","2","02446","0","","1.0","1703.0","1","N","N","N","0","","0","0","1","","0","Y","1630","2","1","0","0","0","1","0","2","0","2","","03","","N","","","","","","","","","",""
"2023017879","0100","0","0","0","0","0","0","0","0","0","0","0","","02","2","2023","6","40.49185","-79.785573","0045","11","0","0","0","0","0","0","0","0","","0","0","0","00","","1","","3","","40 29:30.660","","0","79 47:08.061","3","0","0","1","2113","0","0","0","N","0","0","0","1","02113","0","","1.0","","1","N","N","N","0","","1","0","0","","0","","0045","1","1","0","0","0","0","0","2","0","1","","","","N","","","","","","","","","",""
"2023031123","1708","1","0","0","0","0","0","0","0","0","5","0","","02","4","2023","4","40.352573","-79.851011","1708","11","0","0","0","0","0","2","0","0","","0","0","0","17","","1","","2","","40 21:09.264","","0","79 51:03.640","3","0","0","0","2304","0","0","0","N","0","0","0","2","02304","0","","1.0","","1","N","N","N","0","","1","0","1","","2","","1705","2","1","1","0","0","0","0","2","0","2","","","","N","","","","","","","","","",""
"2023032315","2108","2","0","0","0","0","0","0","0","0","5","0","","02","4","2023","2","40.367969","-80.033531","2105","11","0","0","0","0","0","0","0","0","","0","0","0","21","","0","N","0","","40 22:04.690","1","0","80 02:00.710","0","0","0","0","2416","0","0","0","N","0","0","0","1","02416","0","","2.0","30.0","1","N","N","N","0","","0","0","0","","0","N","2104","2","0","0","0","0","0","0","2","0","2","","03","","N","","","","","","","","","",""
"2023017168","1530","0","0","0","0","0","0","0","0","0","7","0","55","02","2","2023","1","40.554614","-80.11659","1518","11","0","0","0","0","0","0","0","0","","0","0","0","15","","1","","7","","40 33:16.611","","2","80 06:59.725","8","0","0","0","2460","0","0","0","Y","0","0","0","1","68B03","0","","7.0","","1","N","N","N","0","","0","0","1","","0","","1518","1","1","0","0","0","1","0","2","0","1","","03","N","Y","4","1","","","N","Y","","","","N"
"2023015547","1718","1","0","0","0","0","0","0","0","0","4","0","","02","2","2023","5","40.487403","-79.918049","1704","11","0","0","0","0","0","1","1","0","","0","0","0","17","","0","","2","","40 29:14.651","","0","79 55:04.977","0","0","0","0","2301","0","0","0","N","0","0","0","4","02301","0","","1.0","","1","N","N","N","0","","0","0","1","","2","","1704","2","0","0","0","0","0","0","2","0","2","","03","","N","","","","","","","","","",""
"2023020770","1633","1","0","0","0","0","0","0","0","0","4","0","","02","2","2023","2","40.372602","-80.099508","1631","11","0","0","0","0","0","1","0","0","","0","0","0","16","","1","","3","","40 22:21.368","","2","80 05:58.229","8","0","0","0","2119","0","0","0","N","0","0","0","2","02119","0","","1.0","","9","N","N","N","0","","0","0","1","","2","","1629","2","1","0","0","0","1","0","2","0","2","","","","N","","","","","","","","","",""
"2023030148","1705","1","0","0","0","0","0","0","0","0","1","1","","02","4","2023","3","40.480719","-79.964844","1700","11","0","0","0","0","0","1","0","0","","0","1","0","16","","1","N","0","","40 28:50.590","1","0","79 57:53.440","3","0","0","0","2118","0","0","0","N","0","0","0","4","02118","0","","1.0","1802.0","1","N","N","N","1","","1","0","1","","0","N","1658","4","1","0","0","0","0","0","2","0","4","","03","","N","","","","","","","","","",""
"2023018593","0619","1","0","0","0","0","0","0","0","0","4","0","","02","2","2023","6","40.435845","-79.958943","0610","11","0","0","0","0","0","1","0","0","","0","0","0","06","","0","N","0","","40 26:09.043","5","7","79 57:32.194","0","0","0","0","2301","0","0","0","N","0","0","0","2","02301","0","","1.0","0.0","1","N","N","Y","0","","0","0","1","","0","Y","0610","2","0","0","0","0","0","0","2","0","2","","03","","N","","","","","","","","","",""
"2023032178","1337","1","0","0","0","0","0","0","0","0","1","1","","02","3","2023","4","40.44336","-80.161741","1335","11","0","0","0","0","0","0","0","0","","0","1","0","13","","0","N","0","","40 26:36.096","3","0","80 09:42.269","0","0","0","0","2115","0","0","0","N","0","0","0","2","68B03","0","","1.0","1400.0","1","N","N","N","0","","0","0","0","","0","N","1333","2","0","0","0","0","0","0","2","0","2","","","","N","","","","","","","","","",""
"2023019089","1640","1","0","0","0","0","0","0","0","0","4","0","","02","2","2023","7","40.464439","-79.96253","1630","11","0","0","0","0","0","1","0","0","","0","0","0","16","","1","","1","","40 27:51.979","","0","79 57:45.107","8","0","0","0","2301","0","0","0","N","0","0","0","3","02301","0","","1.0","","1","N","N","N","0","","0","0","1","","3","","1625","2","1","0","0","0","1","0","2","0","2","","03","","N","","","","","","","","","",""
"2023012274","2111","0","0","0","0","0","0","0","0","0","4","0","","02","2","2023","1","40.430028","-79.988634","2106","11","0","0","0","0","0","0","0","0","","0","0","0","21","","0","","2","","40 25:48.101","","3","79 59:19.082","0","0","0","0","2301","0","0","0","N","0","0","0","4","02301","0","","1.0","","1","N","N","N","0","","0","0","2","","2","","2103","2","0","0","0","0","0","0","2","0","2","","03","","N","","","","","","","","","",""
"2023022368","0834","0","0","0","0","0","0","0","0","0","7","0","","02","3","2023","4","40.448911","-79.714011","0834","11","0","0","0","0","0","0","0","0","","0","0","0","04","","0","N","0","","40 26:56.080","","0","79 42:50.438","0","0","0","0","2466","0","0","0","N","0","0","0","1","02466","0","","5.0","","1","N","N","N","0","","0","0","1","","0","","0400","1","0","0","0","0","0","0","2","0","1","","","","N","","","","","","","","","",""
"2023022307","0246","2","0","0","0","0","0","0","0","0","2","0","","02","3","2023","1","40.529548","-80.169034","0244","11","0","0","0","0","0","0","0","0","","0","0","0","02","","1","N","0","","40 31:46.371","5","0","80 10:08.523","3","0","0","0","2452","0","0","0","N","0","0","0","3","02458","0","","1.0","340.0","1","N","N","N","0","","1","0","0","","0","Y","0243","2","1","0","0","0","0","1","2","0","2","","03","","N","","","","","","","","","",""
"2023014266","1353","1","0","0","0","0","0","0","0","0","7","0","","02","2","2023","3","40.423756","-79.737201","1316","11","0","0","0","0","0","0","0","0","","0","0","0","13","","0","N","0","","40 25:25.520","3","0","79 44:13.924","0","0","0","0","2446","0","0","0","N","0","0","0","1","68T09","0","","4.0","1330.0","1","N","N","N","0","","0","0","0","","0","N","1315","1","0","0","0","0","0","0","2","0","1","","","","N","","","","","","","","","",""
"2023034833","1109","0","0","0","0","0","0","0","0","0","7","0","","02","4","2023","5","40.629358","-79.933471","1105","11","0","0","0","0","0","1","0","0","","0","0","0","11","","1","N","0","","40 37:45.687","3","0","79 56:00.497","8","0","0","1","2217","0","0","0","N","0","0","0","1","02505","0","","5.0","1145.0","1","N","N","N","0","","0","0","0","","0","N","1105","1","1","0","0","0","1","0","2","0","1","","","","N","","","","","","","","","",""
"2023014487","1429","2","0","0","0","0","0","0","0","0","4","0","","02","2","2023","1","40.452883","-79.920712","1427","11","0","0","0","0","0","1","0","0","","0","0","0","14","","2","","1","","40 27:10.380","","0","79 55:14.564","3","0","0","0","2301","0","0","0","N","0","0","0","3","02301","0","","1.0","","1","N","N","N","0","","2","0","0","","2","","1427","2","2","1","0","0","0","0","2","0","2","","","","N","","","","","","","","","",""
"2023016166","1627","0","0","0","0","0","0","0","0","0","8","0","","02","2","2023","7","40.453294","-80.001705","1616","11","0","0","0","0","0","1","0","0","","0","0","0","16","","1","","1","","40 27:11.857","","0","80 00:06.138","3","0","0","0","2301","1","0","0","N","1","0","0","2","02301","0","","1.0","","1","N","N","N","1","","1","0","0","","2","","1614","2","1","0","0","0","0","0","2","0","1","","03","","N","","","","","","","","","",""
"2023034152","1516","0","0","0","0","0","0","1","0","0","5","1","","02","4","2023","3","40.471806","-80.000861","1514","11","0","0","0","0","0","0","1","1","","0","0","0","15","","1","N","0","","40 28:18.500","","0","80 00:03.100","3","0","0","0","2301","0","0","0","N","0","0","0","12","02301","0","","1.0","","1","Y","N","N","0","","1","0","1","","0","","1514","2","1","0","0","0","0","0","2","0","2","","03","","N","","","","","","","","","",""
"2023015872","1604","1","0","0","0","0","0","0","0","0","1","0","","02","2","2023","4","40.37163","-80.008841","1600","11","0","0","0","0","0","0","0","0","","0","0","0","16","","0","N","0","","40 22:17.867","","0","80 00:31.826","0","0","0","0","2416","0","0","0","N","0","0","0","2","02416","0","","1.0","","1","N","N","Y","1","","0","0","0","","2","","1600","2","0","0","0","0","0","0","2","0","2","","03","","N","","","","","","","","","",""
"2023013862","1740","0","0","0","0","0","0","0","0","0","4","0","","02","2","2023","6","40.465423","-79.956664","1740","11","0","0","0","0","0","0","1","0","","0","0","0","17","","0","","1","","40 27:55.521","","0","79 57:23.990","0","0","0","0","2301","0","0","0","N","0","0","0","2","02301","0","","1.0","","1","N","N","N","1","","0","0","1","","3","","1735","2","0","0","0","0","0","0","2","0","2","","03","","N","","","","","","","","","",""
"2023032470","2258","1","0","0","0","0","0","0","0","0","4","0","","02","4","2023","2","40.52919","-80.035082","2253","11","0","0","0","1","1","0","0","0","","0","0","0","22","","1","","1","","40 31:45.084","2","0","80 02:06.294","3","0","0","0","2116","0","0","0","N","0","0","0","5","02116","0","","1.0","2332.0","1","N","N","N","0","","1","0","1","","2","N","2250","2","1","0","0","0","0","0","2","0","2","","98","","N","","","","","","","","","",""
"2023034016","1528","2","0","0","0","0","0","0","0","0","4","0","","02","4","2023","1","40.352757","-79.821461","1524","11","0","0","0","0","1","1","0","0","","0","0","0","15","","2","","1","","40 21:09.924","5","0","79 49:17.259","8","0","0","0","2477","0","0","0","N","0","0","0","2","02477","0","","1.0","1550.0","1","N","N","N","0","","0","0","0","","3","Y","1520","2","2","0","0","0","2","0","2","0","2","","03","","N","","","","","","","","","",""
"2023014328","2214","1","0","0","0","0","0","0","0","0","4","0","","02","2","2023","7","40.493034","-79.910991","2210","11","0","0","0","0","0","0","0","0","","0","0","0","22","","0","","2","","40 29:34.921","","2","79 54:39.568","0","0","0","0","2112","0","0","0","N","0","0","0","3","02112","0","","1.0","","1","N","N","N","0","","0","0","1","","0","","2200","2","0","0","0","0","0","0","2","0","2","","98","","N","","","","","","","","","",""
"2023034734","1242","1","0","0","0","0","0","0","0","0","1","0","","02","4","2023","6","40.460388","-79.999681","1213","11","0","0","0","0","0","0","0","0","","0","0","0","11","","0","","7","","40 27:37.396","","2","79 59:58.850","0","0","0","0","2301","0","0","0","N","0","0","0","2","68B03","0","","1.0","","1","N","N","N","0","","0","0","1","","0","","1149","2","0","1","0","0","0","0","2","0","2","","04","","N","","","","","","","","","",""
"2023015865","1637","2","0","0","0","0","0","0","0","0","4","0","","02","2","2023","6","40.451917","-79.920472","1630","11","0","0","0","0","0","0","0","0","","0","0","0","16","","0","N","0","","40 27:06.900","","7","79 55:13.700","0","0","0","0","2301","0","0","0","N","0","0","0","4","02301","0","","1.0","","1","N","N","N","0","","0","0","0","","0","","1629","2","0","0","0","0","0","0","2","0","2","","03","","N","","","","","","","","","",""
"2023013645","2035","1","0","0","0","0","0","0","0","0","6","0","","02","2","2023","5","40.381343","-79.905851","2031","11","0","0","0","0","0","0","0","0","","0","0","0","20","","0","N","0","","40 22:52.835","6","0","79 54:21.065","0","0","0","0","2448","0","0","0","N","0","0","0","1","02448","0","","1.0","2122.0","1","N","N","N","0","","0","0","1","","0","Y","2031","2","0","0","0","0","0","0","2","0","2","","03","","N","","","","","","","","","",""
"2023018722","1230","1","0","0","0","0","0","0","0","0","4","0","","02","2","2023","1","40.450015","-80.183328","1228","11","0","1","0","0","0","0","1","0","","0","0","0","12","","1","","1","","40 27:00.054","","0","80 10:59.981","3","0","0","0","2214","0","0","0","N","0","0","0","2","02214","0","","1.0","","1","N","N","N","0","","1","0","1","","2","","1226","2","1","1","0","0","0","0","2","0","2","","03","","N","","","","","","","","","",""
"2023012836","1339","0","0","0","0","0","0","0","0","0","7","0","","02","2","2023","3","40.432222","-80.137611","1337","11","0","0","0","0","0","0","0","0","","0","0","0","13","","2","N","0","","40 25:56.000","6","0","80 08:15.400","3","0","0","0","2115","0","0","0","N","0","0","0","2","02115","1","","2.0","1520.0","1","N","N","N","2","","1","0","0","","0","N","1335","2","2","1","0","0","0","0","2","0","2","","","","N","","","","","","","","","",""
"2023031661","1817","0","0","0","0","0","0","0","0","0","4","0","","02","4","2023","2","40.38498","-79.994867","1810","11","0","0","0","0","1","0","0","0","","0","0","0","18","","1","","2","","40 23:05.929","1","0","79 59:41.521","3","0","0","0","2301","0","0","0","N","0","0","0","5","02301","0","","1.0","1830.0","1","N","N","N","0","","1","0","2","","2","Y","1808","2","1","0","0","0","0","0","2","0","2","","03","","N","","","","","","","","","",""
"2023016096","1137","1","0","0","0","0","0","0","0","0","1","0","","02","2","2023","7","40.568238","-80.022143","1130","11","0","0","1","0","0","1","0","0","","0","0","0","11","","1","","2","","40 34:05.657","","0","80 01:19.716","4","0","0","0","2108","0","0","0","N","0","0","0","3","02108","1","","1.0","","1","N","N","N","0","","0","0","1","","4","","1129","2","1","0","0","0","0","0","2","0","2","","","","N","","","","","","","","","",""
"2023016109","1220","1","0","0","0","0","0","0","0","0","4","0","","02","2","2023","7","40.438949","-79.764695","1217","11","0","0","0","0","0","0","1","0","","0","0","0","12","","0","N","0","","40 26:20.218","3","7","79 45:52.902","0","0","0","0","2446","0","0","0","N","0","0","0","4","02446","0","","1.0","1300.0","1","N","N","Y","0","","0","0","1","","0","N","1215","3","0","1","0","0","0","0","2","1","3","","03","","N","","","","","","","","","",""
"2023031422","0236","1","0","0","0","0","0","0","0","0","7","0","","02","4","2023","1","40.325345","-79.888443","0235","11","0","0","0","0","0","0","0","0","","0","0","0","02","","0","N","0","","40 19:31.243","","0","79 53:18.393","0","0","0","0","2433","0","0","0","N","0","0","0","2","02433","0","","5.0","","1","N","N","N","0","","0","0","0","","0","","0230","1","0","0","0","0","0","0","2","0","1","","","","N","","","","","","","","","",""
"2023035095","1236","0","0","0","0","0","0","0","0","0","6","1","","02","4","2023","6","40.520021","-79.842859","1235","11","0","0","0","0","0","0","0","1","","0","1","0","12","","0","N","2","","40 31:12.075","4","0","79 50:34.291","0","0","0","0","2451","0","0","0","N","0","0","0","1","02451","0","","4.0","1235.0","1","N","N","N","0","","0","0","1","","0","N","1235","2","0","0","0","0","0","0","2","0","2","","03","","N","","","","","","","","","",""
"2023015411","1726","0","0","0","0","0","0","0","0","0","4","0","","02","2","2023","4","40.3645","-79.983472","1723","11","0","0","0","0","0","0","0","0","","0","0","0","17","","1","N","0","","40 21:52.200","","7","79 59:00.500","8","0","0","0","2413","0","0","0","N","0","0","0","3","02413","0","","1.0","","1","N","N","N","0","","0","0","1","","0","","1723","2","1","0","0","0","1","0","2","1","2","","","","N","","","","","","","","","",""
"2023033329","1601","1","0","0","0","0","0","0","0","0","1","0","","02","4","2023","5","40.434783","-79.96581","1555","11","0","0","0","0","0","0","1","0","","0","0","0","15","","1","N","0","","40 26:05.219","4","0","79 57:56.916","3","0","0","0","2301","0","0","0","N","0","0","0","2","68B03","0","","1.0","1615.0","1","N","N","N","0","","1","0","1","","0","N","1555","2","1","0","0","0","0","0","2","0","2","","","","N","","","","","","","","","",""
"2023032131","1822","1","0","0","0","0","0","0","0","0","7","0","","02","4","2023","3","40.456455","-79.823052","1817","11","0","0","1","0","0","0","0","0","","0","0","0","18","","0","N","0","","40 27:23.238","","0","79 49:22.986","0","0","0","0","2113","0","0","0","N","0","0","0","1","02113","0","","2.0","","1","N","N","N","0","","0","0","0","","0","","1812","1","0","0","0","0","0","0","2","0","1","","03","","N","","","","","","","","","",""
"2023018321","1844","0","0","0","0","0","0","0","0","0","0","0","","02","2","2023","7","40.473545","-79.852639","1842","11","0","0","0","0","0","0","0","0","","0","0","0","18","","1","N","0","","40 28:24.762","7","0","79 51:09.502","2","0","0","0","2113","0","0","0","N","0","0","0","1","02113","0","","5.0","2020.0","1","N","N","N","1","","0","1","0","","0","Y","1841","1","1","1","0","1","0","0","2","0","1","","03","","N","","","","","","","","","",""
"2023021412","1838","1","0","0","0","0","0","0","0","0","1","0","","02","2","2023","7","40.512564","-79.958155","1837","11","0","0","0","0","0","1","0","0","","0","0","0","18","","1","N","0","","40 30:45.232","","0","79 57:29.358","8","0","0","0","2118","0","0","0","N","0","0","0","2","02118","0","","1.0","","1","N","N","N","0","","0","0","1","","0","","1837","2","1","0","0","0","1","0","2","0","2","","03","","N","","","","","","","","","",""
"2023018422","0815","1","0","0","0","0","0","0","0","0","7","0","","02","2","2023","1","40.466181","-80.034244","0811","11","0","0","0","0","0","0","0","0","","0","0","0","08","","1","N","0","","40 27:58.251","1","0","80 02:03.278","3","0","0","0","2301","0","0","0","N","0","0","0","1","02301","0","","3.0","830.0","1","N","N","N","0","","1","0","0","","2","N","0811","1","1","0","0","0","0","0","2","0","1","","","","N","","","","","","","","","",""
"2023013955","1843","1","0","0","0","0","0","0","0","0","5","0","","02","2","2023","6","40.4486","-80.012118","1839","11","0","0","0","0","0","0","0","0","","0","0","0","18","","0","N","0","","40 26:54.961","","3","80 00:43.625","9","0","0","0","2301","0","0","0","N","0","0","0","2","02301","0","","1.0","","1","N","N","N","1","","0","0","0","","0","","1830","2","0","0","0","0","0","1","2","0","2","","03","","N","","","","","","","","","",""
"2023018298","1733","1","0","0","0","0","0","0","0","0","7","0","","02","2","2023","7","40.435436","-79.824714","1728","11","0","0","0","0","0","1","0","0","","0","0","0","17","","0","N","0","","40 26:07.569","4","0","79 49:28.972","0","0","0","0","2419","0","0","0","N","0","0","0","1","02419","0","","2.0","1826.0","1","N","N","N","0","","0","0","0","","0","N","1728","1","0","0","0","0","0","0","2","0","1","","","","N","","","","","","","","","",""
"2023024251","0207","1","0","0","0","0","0","0","0","0","7","0","","02","2","2023","6","40.380991","-79.814598","0204","11","0","0","0","0","0","0","0","0","","0","0","0","02","","1","N","0","","40 22:51.566","4","0","79 48:52.553","8","0","0","0","2424","0","0","0","N","0","0","0","2","02424","0","","5.0","249.0","1","N","N","N","0","","0","0","0","","0","N","0200","1","1","0","0","0","1","0","2","0","1","","","","N","","","","","","","","","",""