"CRN","ARRIVAL_TM","AUTOMOBILE_COUNT","BELTED_DEATH_COUNT","BELTED_SUSP_SERIOUS_INJ_COUNT","BICYCLE_COUNT","BICYCLE_DEATH_COUNT","BICYCLE_SUSP_SERIOUS_INJ_COUNT","BUS_COUNT","CHLDPAS_DEATH_COUNT","CHLDPAS_SUSP_SERIOUS_INJ_COUNT","COLLISION_TYPE","COMM_VEH_COUNT","CONS_ZONE_SPD_LIM","COUNTY","CRASH_MONTH","CRASH_YEAR","DAY_OF_WEEK","DEC_LATITUDE","DEC_LONGITUDE","DISPATCH_TM","DISTRICT","DRIVER_COUNT_16YR","DRIVER_COUNT_17YR","DRIVER_COUNT_18YR","DRIVER_COUNT_19YR","DRIVER_COUNT_20YR","DRIVER_COUNT_50_64YR","DRIVER_COUNT_65_74YR","DRIVER_COUNT_75PLUS","EST_HRS_CLOSED","FATAL_COUNT","HEAVY_TRUCK_COUNT","HORSE_BUGGY_COUNT","HOUR_OF_DAY","ILLUMINATION","INJURY_COUNT","INTERSECTION_RELATED","INTERSECT_TYPE","LANE_CLOSED","LATITUDE","LN_CLOSE_DIR","LOCATION_TYPE","LONGITUDE","MAX_SEVERITY_LEVEL","MCYCLE_DEATH_COUNT","MCYCLE_SUSP_SERIOUS_INJ_COUNT","MOTORCYCLE_COUNT","MUNICIPALITY","NONMOTR_COUNT","NONMOTR_DEATH_COUNT","NONMOTR_SUSP_SERIOUS_INJ_COUNT","NTFY_HIWY_MAINT","PED_COUNT","PED_DEATH_COUNT","PED_SUSP_SERIOUS_INJ_COUNT","PERSON_COUNT","POLICE_AGCY","POSSIBLE_INJ_COUNT","RDWY_SURF_TYPE_CD","RELATION_TO_ROAD","ROADWAY_CLEARED","ROAD_CONDITION","SCH_BUS_IND","SCH_ZONE_IND","SECONDARY_CRASH","SMALL_TRUCK_COUNT","SPEC_JURIS_CD","SUSP_MINOR_INJ_COUNT","SUSP_SERIOUS_INJ_COUNT","SUV_COUNT","TCD_FUNC_CD","TCD_TYPE","TFC_DETOUR_IND","TIME_OF_DAY","TOTAL_UNITS","TOT_INJ_COUNT","UNBELTED_OCC_COUNT","UNB_DEATH_COUNT","UNB_SUSP_SERIOUS_INJ_COUNT","UNK_INJ_DEG_COUNT","UNK_INJ_PER_COUNT","URBAN_RURAL","VAN_COUNT","VEHICLE_COUNT","WEATHER1","WEATHER2","WORKERS_PRES","WORK_ZONE_IND","WORK_ZONE_LOC","WORK_ZONE_TYPE","WZ_CLOSE_DETOUR","WZ_FLAGGER","WZ_LAW_OFFCR_IND","WZ_LN_CLOSURE","WZ_MOVING","WZ_OTHER","WZ_SHLDER_MDN","WZ_WORKERS_INJ_KILLED"
"2023040238","1320","3","0","0","0","0","0","0","0","0","5","0","","02","5","2023","6","40.435127","-79.956423","1315","11","0","0","0","0","0","0","1","0","","0","0","0","","","0","N","1","","40 26:06.457","1","0","79 57:23.124","0","0","0","0","2301","0","0","0","N","0","0","0","4","02301","0","","1.0","1345.0","1","N","N","N","0","","0","0","0","","2","N","","3","0","0","0","0","0","0","2","0","3","","03","","N","","","","","","","","","",""
"2023025404","1748","1","0","0","0","0","0","0","0","0","4","0","","02","3","2023","2","40.472889","-79.708167","1738","11","0","0","0","0","0","1","0","1","","0","0","0","","","0","N","0","","40 28:22.400","","0","79 42:29.400","0","0","0","0","2466","0","0","0","N","0","0","0","3","02466","0","","1.0","","1","N","N","N","1","","0","0","0","","0","","","2","0","0","0","0","0","0","2","0","2","","03","","N","","","","","","","","","",""
"2023026212","0400","1","0","0","0","0","0","0","0","0","0","0","","02","3","2023","1","40.31821","-80.027413","0357","11","0","0","0","0","1","0","0","0","","0","0","0","","","1","N","0","","40 19:05.555","","0","80 01:38.686","4","0","0","0","2407","0","0","0","N","0","0","0","2","02407","1","","4.0","","1","N","N","N","0","","0","0","0","","0","","","1","1","2","0","0","0","0","2","0","1","","03","","N","","","","","","","","","",""
"2023013161","1135","1","0","0","0","0","0","0","0","0","4","0","","02","2","2023","4","40.446375","-79.996638","1132","11","1","0","0","0","0","0","0","0","","0","0","0","","","0","","2","","40 26:46.950","4","0","79 59:47.898","0","0","0","0","2301","0","0","0","N","0","0","0","4","02301","0","","1.0","1227.0","1","N","N","N","0","","0","0","1","","2","N","","2","0","0","0","0","0","0","2","0","2","","","","N","","","","","","","","","",""
"2023018974","0215","0","0","0","0","0","0","0","0","0","7","0","","02","2","2023","2","40.396301","-79.873939","0208","11","0","0","0","0","0","0","0","0","","0","0","0","","","1","N","0","","40 23:46.684","1","0","79 52:26.180","8","0","0","0","2473","0","0","0","N","0","0","0","1","02473","0","","3.0","250.0","1","N","N","N","0","","0","0","1","","0","N","","1","1","0","0","0","1","0","2","0","1","","03","","N","","","","","","","","","",""
"2023016613","1134","1","0","0","0","0","0","0","0","0","5","0","","02","2","2023","2","40.438612","-80.014831","1128","11","0","0","0","0","0","0","0","0","","0","0","0","","","1","N","0","","40 26:19.002","1","0","80 00:53.391","3","0","0","0","2301","0","0","0","N","0","0","0","2","02301","0","","1.0","1140.0","1","N","N","N","0","","1","0","1","","0","Y","","2","1","0","0","0","0","0","2","0","2","","03","","N","","","","","","","","","",""
"2023018829","1810","1","0","0","0","0","0","0","0","0","1","0","","02","2","2023","2","40.416208","-79.925493","1800","11","0","0","0","0","0","1","0","0","","0","0","0","","","0","N","0","","40 24:58.350","","0","79 55:31.775","0","0","0","0","2301","0","0","0","N","0","0","0","2","02301","0","","1.0","","9","N","N","N","0","","0","0","1","","0","","","2","0","0","0","0","0","0","2","0","2","","07","","N","","","","","","","","","",""
"2023029187","1100","1","0","0","0","0","0","0","0","0","4","0","","02","3","2023","5","40.648488","-79.937276","1055","11","0","0","0","0","0","1","0","0","","0","0","0","","","0","","2","","40 38:54.556","","0","79 56:14.194","0","0","0","0","2217","0","0","0","N","0","0","0","3","02505","0","","1.0","","1","N","N","Y","0","","0","0","1","","3","","","2","0","0","0","0","0","0","2","0","2","","03","","N","","","","","","","","","",""
"2023016843","1425","1","0","0","0","0","0","0","0","0","4","0","","02","2","2023","2","40.469492","-79.962242","1415","11","0","0","0","0","0","0","0","0","","0","0","0","","","0","","1","","40 28:10.171","7","0","79 57:44.072","0","0","0","0","2301","0","0","0","N","0","0","0","3","02301","0","","1.0","1445.0","1","N","N","N","0","","0","0","1","","3","N","","2","0","0","0","0","0","0","2","0","2","","03","","N","","","","","","","","","",""
"2023031583","1358","0","0","0","0","0","0","0","0","0","8","0","","02","4","2023","2","40.454154","-79.944436","1353","11","0","0","0","0","0","0","0","0","","0","0","0","","","1","N","2","","40 27:14.955","4","0","79 56:39.968","2","0","0","0","2301","1","0","1","N","1","0","1","3","02301","0","","1.0","1415.0","1","N","N","N","0","","0","1","1","","2","N","","2","1","0","0","0","0","0","2","0","1","","","","N","","","","","","","","","",""
"2023040482","2312","2","0","0","0","0","0","0","0","0","1","0","","02","5","2023","7","40.462246","-79.858514","2308","11","0","0","0","0","0","0","0","0","","0","0","0","","","0","N","0","","40 27:44.087","6","0","79 51:30.649","9","0","0","0","2113","0","0","0","N","0","0","0","2","02113","0","","6.0","2356.0","1","N","N","N","0","","0","0","0","","0","N","","2","0","0","0","0","0","1","2","0","2","","03","","N","","","","","","","","","",""
"2023024561","1829","0","0","0","0","0","0","0","0","0","0","0","","02","3","2023","5","40.438028","-79.913083","1825","11","0","0","0","0","0","0","0","0","","0","0","0","","","1","","1","","40 26:16.900","3","0","79 54:47.098","3","0","0","1","2301","0","0","0","N","0","0","0","3","02301","0","","1.0","1900.0","1","N","N","N","0","","1","0","1","","2","N","","2","1","0","0","0","0","0","2","0","2","","03","","N","","","","","","","","","",""
"2023015856","1427","2","0","0","0","0","0","0","0","0","4","0","","02","2","2023","6","40.549582","-79.914146","1424","11","0","0","0","0","1","1","0","0","","0","0","0","","","0","","1","","40 32:58.496","","0","79 54:50.925","0","0","0","0","2209","0","0","0","N","0","0","0","2","02209","0","","1.0","","1","N","N","N","0","","0","0","0","","2","","","2","0","0","0","0","0","0","2","0","2","","03","","N","","","","","","","","","",""
"2023017674","1317","1","0","0","0","0","0","0","0","0","4","0","","02","2","2023","5","40.450056","-79.929","1313","11","0","0","0","0","0","1","0","0","","0","0","0","","","0","N","0","","40 27:00.200","4","7","79 55:44.400","0","0","0","0","2301","0","0","0","N","0","0","0","2","02301","0","","1.0","1400.0","1","N","N","N","0","","0","0","1","","0","Y","","2","0","0","0","0","0","0","2","0","2","","","","N","","","","","","","","","",""
"2023025004","2315","1","0","0","0","0","0","0","0","0","1","0","","02","3","2023","7","40.436886","-79.896445","2306","11","0","0","0","0","0","0","0","0","","0","0","0","","","1","","2","","40 26:12.788","","0","79 53:47.201","3","0","0","0","2301","0","0","0","N","0","0","0","2","02301","0","","1.0","","1","N","N","N","0","","1","0","1","","0","N","","2","1","0","0","0","0","0","2","0","2","","","","N","","","","","","","","","",""
"2023024995","1750","2","0","0","0","0","0","0","0","0","4","0","","02","3","2023","7","40.372086","-79.845864","1750","11","0","0","0","0","0","0","0","0","","0","0","0","","","0","","2","","40 22:19.511","7","0","79 50:45.112","0","0","0","0","2303","0","0","0","N","0","0","0","2","02303","0","","1.0","1825.0","1","N","N","N","0","","0","0","1","","0","Y","","3","0","0","0","0","0","0","2","0","3","","","","N","","","","","","","","","",""
"2023026725","1520","1","0","0","0","0","0","0","0","0","4","0","","02","3","2023","6","40.491192","-80.019989","1515","11","0","0","0","0","0","0","0","0","","0","0","0","","","3","N","0","","40 29:28.292","5","0","80 01:11.961","3","0","0","0","2301","0","0","0","N","0","0","0","3","02301","0","","6.0","1615.0","1","N","N","N","0","","3","0","2","","0","Y","","3","3","0","0","0","0","0","2","0","3","","04","","N","","","","","","","","","",""
"2023025254","1315","1","0","0","0","0","0","0","0","0","4","0","","02","3","2023","1","40.447044","-80.158343","1309","11","0","0","0","0","0","1","0","0","","0","0","0","","","0","N","0","","40 26:49.360","1","7","80 09:30.035","0","0","0","0","2115","0","0","0","N","0","0","0","2","02115","0","","1.0","1400.0","1","N","N","N","0","","0","0","1","","2","N","","2","0","0","0","0","0","0","2","0","2","","","","N","","","","","","","","","",""
"2023027346","2358","0","0","0","0","0","0","0","0","0","7","0","","02","3","2023","7","40.446336","-79.994464","2353","11","0","0","0","0","0","0","0","0","","0","0","0","","","1","N","0","","40 26:46.811","2","0","79 59:40.072","3","0","0","0","2301","0","0","0","N","0","0","0","1","02301","0","","4.0","100.0","1","N","N","N","0","","1","0","1","","0","N","","1","1","0","0","0","0","0","2","0","1","","","","N","","","","","","","","","",""
"2023041032","1036","0","0","0","0","0","0","0","0","0","1","2","","02","5","2023","5","40.444829","-79.8446","1034","11","0","0","0","0","0","0","0","0","","0","2","0","","","0","N","0","","40 26:41.386","3","2","79 50:40.560","0","0","0","0","2419","0","0","0","Y","0","0","0","2","02419","0","","1.0","1300.0","1","N","N","N","0","","0","0","0","","3","Y","","2","0","0","0","0","0","0","2","0","2","","","","N","","","","","","","","","",""
"2023024734","1731","1","0","0","0","0","0","0","0","0","4","0","","02","3","2023","6","40.428502","-79.975994","1721","11","0","0","0","0","0","1","0","1","","0","0","0","","","0","N","0","","40 25:42.607","","0","79 58:33.577","0","0","0","0","2301","0","0","0","N","0","0","0","5","02301","0","","1.0","","9","N","N","N","0","","0","0","1","","0","","","2","0","0","0","0","0","0","2","0","2","","07","","N","","","","","","","","","",""
"2023026968","1745","1","0","0","0","0","0","0","0","0","5","0","","02","3","2023","3","40.444297","-79.949001","1739","11","0","0","0","0","0","0","0","0","","0","0","0","","","0","N","0","","40 26:39.468","","0","79 56:56.403","0","0","0","0","2301","0","0","0","N","0","0","0","6","02301","0","","1.0","","1","N","N","N","1","","0","0","2","","2","","","4","0","0","0","0","0","0","2","0","4","","03","","N","","","","","","","","","",""
"2023028153","0112","0","0","0","0","0","0","0","0","0","7","0","","02","3","2023","1","40.365313","-80.11526","0104","11","0","0","0","0","0","0","0","0","","0","0","0","","","0","N","0","","40 21:55.127","","0","80 06:54.935","0","0","0","0","2414","0","0","0","N","0","0","0","1","02414","0","","4.0","","1","N","N","N","0","","0","0","1","","0","","","1","0","0","0","0","0","0","2","0","1","","03","","N","","","","","","","","","",""
"2023042315","1653","1","0","0","0","0","0","0","0","0","1","0","","02","5","2023","3","40.442167","-79.762452","1618","11","0","0","0","0","0","0","0","0","","0","0","0","","","2","N","0","","40 26:31.801","3","0","79 45:44.828","4","0","0","0","2446","0","0","0","N","0","0","0","2","68B03","1","","1.0","1653.0","1","N","N","N","0","","0","0","1","","0","N","","2","2","0","0","0","1","0","2","0","2","","","","N","","","","","","","","","",""
"2023029126","2125","2","0","0","0","0","0","0","0","0","4","0","","02","3","2023","6","40.413189","-80.074158","2122","11","0","0","0","0","0","0","0","0","","0","0","0","","","0","N","0","","40 24:47.479","6","0","80 04:26.970","0","0","0","0","2117","0","0","0","N","0","0","0","2","02117","0","","1.0","2229.0","9","N","N","N","0","","0","0","0","","0","N","","2","0","0","0","0","0","0","2","0","2","","","","N","","","","","","","","","",""
"2023041270","2121","0","0","0","0","0","0","0","0","0","4","2","","02","4","2023","2","40.401787","-80.106629","2109","11","0","0","0","0","0","0","0","0","","0","2","0","","","0","Y","0","","40 24:06.434","2","0","80 06:23.864","0","0","0","0","2102","0","0","0","N","0","0","0","2","68B03","0","","1.0","300.0","1","N","N","N","0","","0","0","0","","0","Y","","2","0","0","0","0","0","0","2","0","2","","","","N","","","","","","","","","",""
"2023027511","1735","1","0","0","0","0","0","0","0","0","7","0","","02","3","2023","3","40.296306","-79.893917","1100","11","0","0","0","0","0","0","1","0","","0","0","0","","","1","N","0","","40 17:46.700","5","0","79 53:38.100","4","0","0","0","2302","0","0","0","N","0","0","0","1","02302","1","","4.0","1930.0","1","N","N","N","0","","0","0","0","","0","Y","","1","1","0","0","0","0","0","2","0","1","","03","","N","","","","","","","","","",""
"2023032308","1553","0","0","0","0","0","0","0","0","0","7","0","","02","4","2023","4","40.604469","-80.116869","1549","11","0","0","0","0","0","0","0","0","","0","0","0","","","0","N","0","","40 36:16.090","","0","80 07:00.728","0","0","0","0","2481","0","0","0","N","0","0","0","1","02481","0","","4.0","","1","N","N","N","0","","0","0","0","","0","","","1","0","0","0","0","0","0","2","1","1","","","","N","","","","","","","","","",""
"2023032611","2128","1","0","0","0","0","0","0","0","0","4","0","","02","3","2023","5","40.348096","-79.849502","2124","11","0","0","0","0","0","1","0","0","","0","0","0","","","1","","1","","40 20:53.144","","0","79 50:58.206","4","0","0","0","2304","0","0","0","N","0","0","0","3","02304","1","","1.0","","9","N","N","N","0","","0","0","1","","0","","","2","1","0","0","0","0","0","2","0","2","","","","N","","","","","","","","","",""
"2023042005","2021","1","0","0","0","0","0","0","0","0","4","0","","02","5","2023","5","40.361385","-79.962281","2017","11","0","0","0","0","0","0","2","0","","0","0","0","","","1","","2","","40 21:40.986","","0","79 57:44.211","3","0","0","0","2403","0","0","0","N","0","0","0","2","02403","0","","1.0","","1","N","N","N","0","","1","0","1","","3","","","2","1","0","0","0","0","0","2","0","2","","","","N","","","","","","","","","",""
"2023025056","1812","0","0","0","0","0","0","0","0","0","7","0","","02","3","2023","6","40.310332","-79.937525","1809","11","0","0","0","0","0","0","1","0","","0","0","0","","","0","N","0","","40 18:37.194","2","0","79 56:15.090","0","0","0","0","2440","0","0","0","N","0","0","0","1","02440","0","","3.0","1842.0","1","N","N","N","0","","0","0","1","","0","N","","1","0","0","0","0","0","0","2","0","1","","","","N","","","","","","","","","",""
"2023039011","1532","1","0","0","0","0","0","1","0","0","4","1","","02","4","2023","4","40.44773","-80.068468","1529","11","0","0","0","0","1","1","0","0","","0","0","0","","","0","","1","","40 26:51.827","","0","80 04:06.484","0","0","0","0","2301","0","0","0","N","0","0","0","3","02301","0","","1.0","","1","Y","N","Y","0","","0","0","0","","3","","","2","0","0","0","0","0","0","2","0","2","","03","","N","","","","","","","","","",""
"2023045778","1456","1","0","0","0","0","0","0","0","0","1","0","","02","5","2023","1","40.3851","-80.066547","1448","11","0","0","0","0","0","0","0","0","","0","0","0","","","1","N","0","","40 23:06.360","","0","80 03:59.570","3","0","0","0","2109","0","0","0","N","0","0","0","1","02109","0","","1.0","","1","N","N","N","0","","1","0","1","","0","","","2","1","1","0","0","0","0","2","0","2","","03","","N","","","","","","","","","",""
"2023039980","1531","0","0","0","0","0","0","1","0","0","6","1","","02","5","2023","3","40.510945","-79.957019","1528","11","0","0","0","0","0","0","0","1","","0","0","0","","","0","","2","","40 30:39.402","6","0","79 57:25.268","0","0","0","0","2118","0","0","0","N","0","0","0","31","02118","0","","1.0","1603.0","9","Y","N","N","0","","0","0","1","","0","Y","","2","0","1","0","0","0","0","2","0","2","","07","","N","","","","","","","","","",""
"2023024740","1734","2","0","0","0","0","0","0","0","0","4","0","","02","3","2023","6","40.458507","-80.069208","1726","11","0","0","0","0","0","1","0","0","","0","0","0","","","0","","1","","40 27:30.624","7","0","80 04:09.148","0","0","0","0","2301","0","0","0","N","0","0","0","2","02301","0","","1.0","1800.0","9","N","N","N","0","","0","0","0","","0","N","","2","0","0","0","0","0","0","2","0","2","","04","","N","","","","","","","","","",""
"2023025816","1525","1","0","0","0","0","0","0","0","0","4","0","","02","3","2023","3","40.461694","-79.96606","1515","11","0","0","0","0","0","0","0","0","","0","0","0","","","1","","1","","40 27:42.100","","0","79 57:57.816","3","0","0","0","2301","0","0","0","N","0","0","0","3","02301","0","","1.0","","1","N","N","N","0","","1","0","1","","3","","","2","1","0","0","0","0","0","2","0","2","","","","N","","","","","","","","","",""
"2023024690","1414","2","0","0","0","0","0","0","0","0","4","0","","02","3","2023","6","40.529938","-79.771293","1430","11","0","0","0","0","0","0","1","0","","0","0","0","","","1","","2","","40 31:47.775","7","0","79 46:16.655","3","0","0","0","2466","0","0","0","N","0","0","0","2","02466","0","","1.0","1457.0","9","N","N","N","0","","1","0","0","","3","N","","2","1","0","0","0","0","0","1","0","2","","07","","N","","","","","","","","","",""
"2023025011","0012","2","0","0","0","0","0","0","0","0","4","0","","02","3","2023","1","40.448214","-79.986879","0006","11","0","0","0","0","0","0","0","0","","0","0","0","","","0","","2","","40 26:53.572","","0","79 59:12.763","9","0","0","0","2301","0","0","0","N","0","0","0","2","02301","0","","1.0","","1","N","N","N","0","","0","0","0","","2","","","2","0","0","0","0","0","1","2","0","2","","03","","N","","","","","","","","","",""
"2023041071","0646","0","0","0","0","0","0","0","0","0","1","0","","02","5","2023","4","40.416969","-80.086483","0637","11","0","0","0","0","1","1","0","0","","0","0","0","","","2","N","0","","40 25:01.089","3","0","80 05:11.338","3","0","0","0","2415","0","0","0","N","0","0","0","5","68B03","1","","1.0","700.0","9","N","N","N","1","","1","0","4","","0","N","","5","2","0","0","0","0","0","2","0","5","","","","N","","","","","","","","","",""
"2023024741","1735","1","0","0","0","0","0","0","0","0","4","0","","02","3","2023","6","40.461697","-79.966031","1727","11","0","0","0","0","0","0","0","0","","0","0","0","","","0","","1","","40 27:42.108","3","0","79 57:57.711","0","0","0","0","2301","0","0","0","N","0","0","0","2","02301","0","","1.0","1755.0","9","N","N","N","0","","0","0","1","","0","N","","2","0","0","0","0","0","0","2","0","2","","07","","N","","","","","","","","","",""
"2023026403","1647","2","0","0","0","0","0","0","0","0","4","0","","02","3","2023","5","40.34993","-79.893581","1645","11","0","0","0","0","0","1","0","0","","0","0","0","","","1","","2","","40 20:59.749","4","0","79 53:36.893","3","0","0","0","2304","0","0","0","N","0","0","0","3","02304","0","","1.0","1721.0","9","N","N","N","0","","1","0","0","","0","N","","2","1","0","0","0","0","0","2","0","2","","03","","N","","","","","","","","","",""
"2023024735","1706","0","0","0","0","0","0","0","0","0","4","0","","02","3","2023","6","40.535599","-79.84224","1651","11","0","0","1","0","0","0","0","0","","0","0","0","","","0","N","0","","40 32:08.155","","7","79 50:32.065","0","0","0","0","2208","0","0","0","N","0","0","0","6","02208","0","","1.0","","9","N","N","N","1","","0","0","1","","0","","","2","0","1","0","0","0","0","2","0","2","","","","N","","","","","","","","","",""
"2023026534","1614","0","0","0","0","0","0","0","0","0","1","0","","02","3","2023","5","40.329855","-79.945214","1610","11","0","0","0","0","0","0","0","1","","0","0","0","","","1","N","0","","40 19:47.479","1","0","79 56:42.771","3","0","0","0","2454","0","0","0","N","0","0","0","3","02454","0","","1.0","1637.0","9","N","N","N","0","","1","0","2","","0","N","","2","1","0","0","0","0","0","2","0","2","","","","N","","","","","","","","","",""
"2023026731","1517","0","0","0","0","0","0","0","0","0","4","0","","02","3","2023","5","40.347858","-79.939047","1515","11","0","0","0","0","0","0","1","0","","0","0","0","","","1","N","0","","40 20:52.288","","7","79 56:20.570","3","0","0","0","2473","0","0","0","N","0","0","0","2","02473","0","","1.0","","9","N","N","N","0","","1","0","2","","0","","","2","1","0","0","0","0","0","2","0","2","","07","","N","","","","","","","","","",""
"2023039983","1447","1","0","0","0","0","0","0","0","0","4","0","","02","5","2023","5","40.545833","-80.035971","1441","11","0","0","0","0","0","0","0","0","","0","0","0","","","0","","3","","40 32:44.998","","0","80 02:09.494","0","0","0","0","2108","0","0","0","N","0","0","0","4","02108","0","","1.0","","1","N","N","N","1","","0","0","0","","0","","","2","0","0","0","0","0","0","2","0","2","","03","","N","","","","","","","","","",""
"2023025129","2214","0","0","0","0","0","0","0","0","0","7","0","","02","3","2023","7","40.286748","-80.023505","2209","11","0","0","0","0","0","0","0","0","","0","0","0","","","0","N","0","","40 17:12.291","1","0","80 01:24.617","0","0","0","0","2219","0","0","0","N","0","0","0","1","02219","0","","2.0","2300.0","1","N","N","N","0","","0","0","1","","0","N","","1","0","0","0","0","0","0","2","0","1","","03","","N","","","","","","","","","",""
"2023031969","1628","0","0","0","0","0","0","0","0","0","4","0","","02","4","2023","6","40.533933","-80.229063","1622","11","0","0","0","0","0","0","1","0","","0","0","0","","","0","","1","","40 32:02.158","","0","80 13:44.626","0","0","0","0","2213","0","0","0","N","0","0","0","2","02213","0","","1.0","","1","N","N","N","0","","0","0","2","","3","","","2","0","0","0","0","0","0","2","0","2","","","","N","","","","","","","","","",""
"2023037036","1158","1","0","0","0","0","0","0","0","0","4","0","","02","4","2023","1","40.343943","-79.798758","1156","11","0","0","0","0","0","1","0","0","","0","0","0","","","3","","2","","40 20:38.193","5","0","79 47:55.529","8","0","0","0","2477","0","0","0","Y","0","0","0","3","02477","0","","1.0","1235.0","1","N","N","N","0","","0","0","1","","0","Y","","2","3","0","0","0","3","0","2","0","2","","03","","N","","","","","","","","","",""
"2023029925","2231","0","0","0","0","0","0","0","0","0","4","0","","02","3","2023","3","40.486774","-79.892334","2230","11","0","1","0","0","0","0","0","0","","0","0","0","","","0","N","0","","40 29:12.388","","7","79 53:32.403","0","0","0","0","2301","0","0","0","N","0","0","0","2","02301","0","","1.0","","9","N","N","N","1","","0","0","1","","1","","","2","0","0","0","0","0","0","2","0","2","","07","","N","","","","","","","","","",""
"2023026865","2339","1","0","0","0","0","0","0","0","0","4","0","","02","3","2023","6","40.442684","-79.987214","2339","11","0","0","0","0","0","1","0","0","","0","0","0","","","0","","1","","40 26:33.662","","0","79 59:13.970","0","0","0","0","2301","0","0","0","N","0","0","0","3","02301","0","","1.0","","1","N","N","N","0","","0","0","1","","0","","","2","0","0","0","0","0","0","2","0","2","","","","N","","","","","","","","","",""
"2023040315","1515","0","0","0","0","0","0","0","0","0","4","0","","02","5","2023","4","40.359899","-79.904978","1510","11","0","0","0","0","0","0","0","0","","0","0","0","","","0","N","0","","40 21:35.636","5","0","79 54:17.922","0","0","0","0","2473","0","0","0","N","0","0","0","2","02473","0","","1.0","1545.0","1","N","N","N","0","","0","0","2","","0","Y","","2","0","1","0","0","0","0","2","0","2","","03","","N","","","","","","","","","",""
"2023039815","2100","2","0","0","0","0","0","0","0","0","4","0","","02","5","2023","2","40.417251","-79.848311","2058","11","0","0","0","0","0","0","0","0","","0","0","0","","","0","","1","","40 25:02.105","4","0","79 50:53.921","0","0","0","0","2431","0","0","0","N","0","0","0","2","02431","0","","1.0","2130.0","9","N","N","N","0","","0","0","0","","2","N","","2","0","0","0","0","0","0","2","0","2","","04","","N","","","","","","","","","",""
"2023028428","1037","0","0","0","0","0","0","0","0","0","7","0","","02","3","2023","7","40.640083","-79.953","1027","11","0","0","0","0","0","0","0","0","","0","0","0","","","0","N","0","","40 38:24.300","7","0","79 57:10.800","0","0","0","0","2217","0","0","0","N","0","0","0","3","02505","0","","4.0","1300.0","1","N","N","N","0","","0","0","1","","0","Y","","1","0","0","0","0","0","0","2","0","1","","03","","N","","","","","","","","","",""
"2023040758","0808","1","0","0","0","0","0","0","0","0","0","0","","02","5","2023","6","40.420002","-80.131004","0801","11","0","0","0","0","0","0","0","0","","0","0","0","","","1","N","0","","40 25:12.006","","0","80 07:51.614","3","0","0","0","2102","0","0","0","N","0","0","0","1","02102","0","","5.0","","1","N","N","N","0","","1","0","0","","0","","","1","1","0","0","0","0","0","1","0","1","","","","N","","","","","","","","","",""
"2023012852","1225","2","0","0","0","0","0","0","0","0","2","0","","02","2","2023","2","40.386489","-80.092334","1222","11","0","0","0","0","0","0","1","1","","0","0","0","","","1","","3","","40 23:11.361","","0","80 05:32.404","8","0","0","0","2117","0","0","0","N","0","0","0","3","02117","0","","1.0","","1","N","N","N","0","","0","0","0","","2","","","2","1","0","0","0","1","0","2","0","2","","","","N","","","","","","","","","",""
"2023024698","1448","1","0","0","0","0","0","0","0","0","1","0","","02","3","2023","6","40.294716","-79.918169","1445","11","0","0","0","0","0","0","0","0","","0","0","0","","","0","Y","0","","40 17:40.977","2","0","79 55:05.408","0","0","0","0","2440","0","0","0","N","0","0","0","2","02440","0","","1.0","1523.0","9","N","N","N","0","","0","0","1","","2","N","","2","0","0","0","0","0","0","2","0","2","","","","N","","","","","","","","","",""
"2023038028","1105","1","0","0","0","0","0","0","0","0","7","0","","02","4","2023","1","40.396657","-80.08822","1102","11","0","0","0","0","0","0","0","0","","0","0","0","","","0","","2","","40 23:47.965","5","0","80 05:17.591","0","0","0","0","2117","0","0","0","N","0","0","0","1","02117","0","","2.0","1120.0","9","N","N","N","0","","0","0","0","","0","N","","1","0","0","0","0","0","0","2","0","1","","","","N","","","","","","","","","",""
"2023027355","1803","0","0","0","0","0","0","0","0","0","7","0","","02","3","2023","7","40.343664","-79.985157","1802","11","0","0","0","0","0","1","0","0","","0","0","0","","","0","","3","","40 20:37.190","1","0","79 59:06.566","0","0","0","0","2403","0","0","0","N","0","0","0","1","02403","0","","4.0","1850.0","1","N","N","N","0","","0","0","1","","0","N","","2","0","0","0","0","0","0","2","0","1","","","","N","","","","","","","","","",""
"2023025323","1744","1","0","0","0","0","0","0","0","0","4","0","","02","3","2023","1","40.630854","-79.716076","1740","11","0","0","0","0","0","0","0","0","","0","0","0","","","0","N","0","","40 37:51.075","1","7","79 42:57.873","9","0","0","0","2106","0","0","0","N","0","0","0","3","02106","0","","1.0","9999.0","1","N","N","N","0","","0","0","1","","0","N","","2","0","0","0","0","0","2","2","0","2","","","","N","","","","","","","","","",""
"2023034795","1350","0","0","0","0","0","0","0","0","0","5","1","","02","4","2023","4","40.436047","-79.999099","1345","11","0","0","0","0","0","0","0","0","","0","1","0","","","0","","5","","40 26:09.768","","2","79 59:56.758","0","0","0","0","2301","0","0","0","N","0","0","0","2","02301","0","","1.0","","1","N","N","N","0","","0","0","1","","2","","","2","0","0","0","0","0","0","2","0","2","","03","","N","","","","","","","","","",""