"CRN","ARRIVAL_TM","AUTOMOBILE_COUNT","BELTED_DEATH_COUNT","BELTED_SUSP_SERIOUS_INJ_COUNT","BICYCLE_COUNT","BICYCLE_DEATH_COUNT","BICYCLE_SUSP_SERIOUS_INJ_COUNT","BUS_COUNT","CHLDPAS_DEATH_COUNT","CHLDPAS_SUSP_SERIOUS_INJ_COUNT","COLLISION_TYPE","COMM_VEH_COUNT","CONS_ZONE_SPD_LIM","COUNTY","CRASH_MONTH","CRASH_YEAR","DAY_OF_WEEK","DEC_LATITUDE","DEC_LONGITUDE","DISPATCH_TM","DISTRICT","DRIVER_COUNT_16YR","DRIVER_COUNT_17YR","DRIVER_COUNT_18YR","DRIVER_COUNT_19YR","DRIVER_COUNT_20YR","DRIVER_COUNT_50_64YR","DRIVER_COUNT_65_74YR","DRIVER_COUNT_75PLUS","EST_HRS_CLOSED","FATAL_COUNT","HEAVY_TRUCK_COUNT","HORSE_BUGGY_COUNT","HOUR_OF_DAY","ILLUMINATION","INJURY_COUNT","INTERSECTION_RELATED","INTERSECT_TYPE","LANE_CLOSED","LATITUDE","LN_CLOSE_DIR","LOCATION_TYPE","LONGITUDE","MAX_SEVERITY_LEVEL","MCYCLE_DEATH_COUNT","MCYCLE_SUSP_SERIOUS_INJ_COUNT","MOTORCYCLE_COUNT","MUNICIPALITY","NONMOTR_COUNT","NONMOTR_DEATH_COUNT","NONMOTR_SUSP_SERIOUS_INJ_COUNT","NTFY_HIWY_MAINT","PED_COUNT","PED_DEATH_COUNT","PED_SUSP_SERIOUS_INJ_COUNT","PERSON_COUNT","POLICE_AGCY","POSSIBLE_INJ_COUNT","RDWY_SURF_TYPE_CD","RELATION_TO_ROAD","ROADWAY_CLEARED","ROAD_CONDITION","SCH_BUS_IND","SCH_ZONE_IND","SECONDARY_CRASH","SMALL_TRUCK_COUNT","SPEC_JURIS_CD","SUSP_MINOR_INJ_COUNT","SUSP_SERIOUS_INJ_COUNT","SUV_COUNT","TCD_FUNC_CD","TCD_TYPE","TFC_DETOUR_IND","TIME_OF_DAY","TOTAL_UNITS","TOT_INJ_COUNT","UNBELTED_OCC_COUNT","UNB_DEATH_COUNT","UNB_SUSP_SERIOUS_INJ_COUNT","UNK_INJ_DEG_COUNT","UNK_INJ_PER_COUNT","URBAN_RURAL","VAN_COUNT","VEHICLE_COUNT","WEATHER1","WEATHER2","WORKERS_PRES","WORK_ZONE_IND","WORK_ZONE_LOC","WORK_ZONE_TYPE","WZ_CLOSE_DETOUR","WZ_FLAGGER","WZ_LAW_OFFCR_IND","WZ_LN_CLOSURE","WZ_MOVING","WZ_OTHER","WZ_SHLDER_MDN","WZ_WORKERS_INJ_KILLED"
"2023026346","1437","1","0","0","0","0","0","0","0","0","7","0","","02","3","2023","5","40.485333","-80.009501","1427","11","0","0","0","0","0","0","0","0","","0","0","0","","","1","","5","","40 29:07.198","","2","80 00:34.205","8","0","0","0","2301","0","0","0","N","0","0","0","1","02301","0","","3.0","","9","N","N","N","0","","0","0","0","","2","","","1","1","0","0","0","1","0","2","0","1","","","","N","","","","","","","","","",""
"2023044979","2159","0","0","0","0","0","0","0","0","0","4","0","","02","5","2023","7","40.451451","-79.90819","2155","11","0","0","1","0","0","0","0","0","","0","0","0","","","2","","1","","40 27:05.223","1","0","79 54:29.484","3","0","0","0","2301","0","0","0","N","0","0","0","2","02301","0","","1.0","2230.0","1","N","N","N","0","","2","0","2","","2","N","","2","2","0","0","0","0","0","2","0","2","","","","N","","","","","","","","","",""
"2023045908","0123","1","0","0","0","0","0","0","0","0","7","0","","02","5","2023","6","40.576126","-80.014771","0123","11","0","0","0","0","0","0","0","0","","0","0","0","","","0","","3","","40 34:34.053","","0","80 00:53.176","0","0","0","0","2108","0","0","0","N","0","0","0","1","02108","0","","2.0","","1","N","N","N","0","","0","0","0","","3","","","1","0","0","0","0","0","0","2","0","1","","03","","N","","","","","","","","","",""
"2023024580","0122","0","0","0","0","0","0","0","0","0","7","0","","02","3","2023","6","40.486209","-79.912753","0119","11","0","0","0","0","0","1","0","0","","0","0","0","","","0","N","0","","40 29:10.351","1","2","79 54:45.909","0","0","0","0","2301","0","0","0","N","0","0","0","1","02301","0","","2.0","130.0","9","N","N","N","0","","0","0","1","","0","Y","","1","0","1","0","0","0","0","2","0","1","","07","","N","","","","","","","","","",""
"2023025769","1310","0","0","0","0","0","0","0","0","0","1","0","","02","3","2023","2","40.346136","-79.953619","1305","11","0","0","0","0","0","1","0","0","","0","0","0","","","0","","3","","40 20:46.089","1","0","79 57:13.029","0","0","0","0","2473","0","0","0","N","0","0","0","2","02473","0","","1.0","1330.0","1","N","N","N","0","","0","0","2","","0","N","","2","0","0","0","0","0","0","2","0","2","","03","","N","","","","","","","","","",""
"2023025042","1340","2","0","0","0","0","0","0","0","0","4","0","","02","3","2023","7","40.389972","-79.874333","1338","11","0","0","0","0","0","0","0","0","","0","0","0","","","0","N","0","","40 23:23.900","","7","79 52:27.600","0","0","0","0","2473","0","0","0","N","0","0","0","0","02473","0","","5.0","","1","N","N","N","1","","0","0","0","","0","","","3","0","0","0","0","0","0","2","0","3","","03","","N","","","","","","","","","",""
"2023008766","1322","0","0","0","0","0","0","0","0","0","7","1","","02","1","2023","5","40.498351","-80.102198","1307","11","0","0","0","0","0","1","0","0","","0","1","0","","","0","N","0","","40 29:54.065","7","0","80 06:07.912","0","0","0","0","2126","0","0","0","Y","0","0","0","1","02126","0","","4.0","1638.0","7","N","N","N","0","","0","0","0","","0","Y","","1","0","0","0","0","0","0","2","0","1","","","","N","","","","","","","","","",""
"2023038019","1551","1","0","1","0","0","0","0","0","0","4","0","","02","4","2023","7","40.404414","-79.825161","1547","11","0","0","0","0","0","0","0","0","","0","0","0","","","2","N","0","","40 24:15.889","5","0","79 49:30.581","2","0","0","0","2111","0","0","0","N","0","0","0","2","02111","1","","1.0","1657.0","1","N","N","N","0","","0","1","1","","0","Y","","2","2","0","0","0","0","0","2","0","2","","03","","N","","","","","","","","","",""
"2023026193","1605","1","0","0","0","0","0","0","0","0","7","0","","02","3","2023","4","40.412188","-79.977114","1600","11","0","0","0","0","0","0","0","0","","0","0","0","","","1","N","0","","40 24:43.878","5","0","79 58:37.612","3","0","0","0","2301","0","0","0","N","0","0","0","1","02301","0","","4.0","1630.0","1","N","N","N","0","","1","0","0","","0","Y","","1","1","0","0","0","0","0","2","0","1","","03","","N","","","","","","","","","",""
"2023027233","2137","2","0","0","0","0","0","0","0","0","1","0","","02","3","2023","6","40.359997","-80.111573","2134","11","0","0","0","0","0","1","0","0","","0","0","0","","","1","","1","","40 21:35.988","1","0","80 06:41.661","4","0","0","0","2414","0","0","0","N","0","0","0","2","02414","1","","1.0","30.0","1","N","N","N","0","","0","0","0","","2","N","","2","1","0","0","0","0","0","2","0","2","","","","N","","","","","","","","","",""
"2023040714","2340","0","0","0","0","0","0","0","0","0","7","0","","02","5","2023","6","40.469635","-80.003124","2326","11","0","0","0","0","1","0","0","0","","0","0","0","","","0","N","0","","40 28:10.687","2","0","80 00:11.245","0","0","0","0","2301","0","0","0","N","0","0","0","1","68B03","0","","2.0","30.0","1","N","N","N","0","","0","0","1","","0","N","","1","0","0","0","0","0","0","2","0","1","","","","N","","","","","","","","","",""
"2023026554","2033","2","0","0","0","0","0","0","0","0","4","0","","02","3","2023","5","40.421323","-79.992138","2029","11","0","0","0","0","0","0","1","0","","0","0","0","","","0","","1","","40 25:16.762","","0","79 59:31.697","0","0","0","0","2301","0","0","0","Y","0","0","0","2","02301","0","","1.0","","9","N","N","N","0","","0","0","0","","3","","","2","0","0","0","0","0","0","2","0","2","","","","N","","","","","","","","","",""
"2023042062","0129","2","0","2","0","0","0","0","0","0","2","0","","02","4","2023","6","40.498487","-80.021285","0113","11","0","0","0","0","0","0","0","0","","0","0","0","","","2","N","0","","40 29:54.553","1","0","80 01:16.625","2","0","0","0","2116","0","0","0","N","0","0","0","2","68B03","0","","1.0","200.0","1","N","N","N","0","","0","2","0","","0","N","","2","2","0","0","0","0","0","2","0","2","","03","","N","","","","","","","","","",""
"2023033302","0650","1","0","0","0","0","0","0","0","0","7","0","","02","3","2023","7","40.420991","-80.042128","0644","11","0","0","0","1","0","0","0","0","","0","0","0","","","0","N","0","","40 25:15.568","4","0","80 02:31.660","9","0","0","0","2435","0","0","0","Y","0","0","0","1","68B03","0","","2.0","745.0","9","N","N","N","0","","0","0","0","","0","N","","1","0","0","0","0","0","1","2","0","1","","","","N","","","","","","","","","",""
"2023040422","0235","1","0","0","0","0","0","0","0","0","7","0","","02","5","2023","7","40.424215","-79.860718","0233","11","0","0","0","0","0","0","0","0","","0","0","0","","","0","","1","","40 25:27.174","","0","79 51:38.586","9","0","0","0","2431","0","0","0","N","0","0","0","1","02431","0","","5.0","","1","N","N","N","0","","0","0","0","","0","","","1","0","0","0","0","0","1","2","0","1","","","","N","","","","","","","","","",""
"2023040695","0312","1","0","0","0","0","0","0","0","0","7","0","","02","4","2023","4","40.425734","-79.901695","0302","11","0","0","0","0","0","0","0","0","","0","0","0","","","0","N","0","","40 25:32.642","","4","79 54:06.103","0","0","0","0","2301","0","0","0","N","0","0","0","1","68B03","0","","2.0","","1","N","N","N","0","","0","0","0","","0","","","1","0","0","0","0","0","0","2","0","1","","","","N","","","","","","","","","",""
"2023040515","1334","0","0","0","0","0","0","0","0","0","4","2","","02","5","2023","4","40.492228","-80.111352","1332","11","0","0","0","1","0","1","0","0","","0","2","0","","","0","","3","","40 29:32.021","5","0","80 06:40.866","0","0","0","0","2126","0","0","0","N","0","0","0","3","02126","0","","1.0","30.0","9","N","N","N","0","","0","0","0","","0","Y","","2","0","0","0","0","0","0","2","0","2","","","","N","","","","","","","","","",""
"2023026300","1325","0","0","0","0","0","0","0","0","0","1","0","","02","3","2023","6","40.441288","-79.752532","1317","11","0","0","0","0","0","0","0","0","","0","0","0","","","0","N","0","","40 26:28.638","","1","79 45:09.116","0","0","0","0","2446","0","0","0","N","0","0","0","3","02446","0","","1.0","","1","N","N","Y","1","","0","0","1","","0","","","2","0","0","0","0","0","0","2","0","2","","","","N","","","","","","","","","",""
"2023025022","0218","0","0","0","0","0","0","0","0","0","99","0","","02","3","2023","1","40.452576","-79.997554","0216","11","0","0","0","0","0","0","0","0","","0","0","0","","","0","N","0","","40 27:09.272","","0","79 59:51.193","9","0","0","0","2301","0","0","0","N","0","0","0","1","02301","0","","1.0","","1","N","N","N","0","","0","0","1","","0","","","1","0","0","0","0","0","1","2","0","1","","","","N","","","","","","","","","",""
"2023025409","1550","0","0","0","0","0","0","0","0","0","7","0","","02","3","2023","7","40.34911","-80.049982","1544","11","0","0","0","0","0","1","0","0","","0","0","0","","","0","","2","","40 20:56.796","","0","80 02:59.936","0","0","0","0","2407","0","0","0","N","0","0","0","2","02407","0","","3.0","","1","N","N","N","0","","0","0","1","","2","","","1","0","0","0","0","0","0","2","0","1","","","","N","","","","","","","","","",""
"2023040322","1036","1","0","0","0","0","0","0","0","0","4","0","","02","5","2023","6","40.388337","-80.042879","1034","11","0","0","0","0","0","0","0","1","","0","0","0","","","1","","2","","40 23:18.013","5","0","80 02:34.364","8","0","0","1","2109","0","0","0","N","0","0","0","2","02109","0","","1.0","1115.0","1","N","N","N","0","","0","0","0","","2","Y","","2","1","0","0","0","1","0","2","0","2","","","","N","","","","","","","","","",""
"2023025206","1715","0","0","0","0","0","0","0","0","0","4","0","","02","3","2023","7","40.438281","-79.77288","1711","11","0","0","0","0","0","1","0","1","","0","0","0","","","0","N","0","","40 26:17.812","","7","79 46:22.367","0","0","0","0","2446","0","0","0","N","0","0","0","3","02446","0","","1.0","","1","N","N","N","0","","0","0","2","","0","","","2","0","0","0","0","0","0","2","0","2","","03","","N","","","","","","","","","",""
"2023041374","0734","2","0","0","0","0","0","0","0","0","1","0","","02","5","2023","6","40.432067","-79.864822","0731","11","0","0","0","0","0","0","0","0","","0","0","0","","","0","N","0","","40 25:55.441","3","0","79 51:53.360","0","0","0","0","2431","0","0","0","N","0","0","0","2","02431","0","","1.0","735.0","1","N","N","N","0","","0","0","0","","0","N","","2","0","0","0","0","0","0","2","0","2","","","","N","","","","","","","","","",""
"2023024941","2215","0","0","0","0","0","0","0","0","0","7","0","","02","3","2023","6","40.230928","-79.843688","2211","11","0","0","0","0","0","0","0","0","","0","0","0","","","0","N","0","","40 13:51.340","7","0","79 50:37.277","0","0","0","0","2105","0","0","0","N","0","0","0","1","02105","0","","4.0","2300.0","1","N","N","N","1","","0","0","0","","0","N","","1","0","0","0","0","0","0","1","0","1","","03","","N","","","","","","","","","",""
"2023025274","0945","1","0","0","0","0","0","0","0","0","8","0","","02","3","2023","2","40.428751","-79.986858","0935","11","0","0","0","0","0","0","0","1","","0","0","0","","","1","N","0","","40 25:43.502","","0","79 59:12.690","4","0","0","0","2301","1","0","0","N","1","0","0","2","02301","1","","1.0","","1","N","N","N","0","","0","0","0","","2","","","2","1","0","0","0","0","0","2","0","1","","03","","N","","","","","","","","","",""
"2023026861","2220","2","0","0","0","0","0","0","0","0","4","0","","02","3","2023","6","40.488466","-80.01017","2215","11","0","0","1","0","0","2","0","0","","0","0","0","","","1","","2","","40 29:18.479","7","0","80 00:36.612","3","0","0","0","2301","0","0","0","N","0","0","0","4","02301","0","","1.0","2315.0","1","N","N","N","1","","1","0","0","","2","Y","","3","1","0","0","0","0","0","2","0","3","","03","","N","","","","","","","","","",""
"2023026226","0650","1","0","0","0","0","0","0","0","0","8","0","","02","3","2023","5","40.440784","-79.995902","0640","11","0","0","0","0","0","0","1","0","","0","0","0","","","3","","1","","40 26:26.821","3","0","79 59:45.247","8","0","0","0","2301","3","0","0","N","3","0","0","5","02301","0","","1.0","715.0","1","N","N","N","0","","0","0","0","","2","N","","4","3","0","0","0","3","0","2","0","1","","03","","N","","","","","","","","","",""
"2023031019","2330","2","0","0","0","0","0","0","0","0","1","0","","02","4","2023","6","40.477772","-79.956304","2300","11","0","0","0","0","0","1","0","0","","0","0","0","","","0","N","0","","40 28:39.978","","0","79 57:22.694","0","0","0","0","2301","0","0","0","N","0","0","0","1","02301","0","","6.0","","1","N","N","N","0","","0","0","0","","0","","","2","0","0","0","0","0","0","2","0","2","","03","","N","","","","","","","","","",""
"2023024817","0400","1","0","0","0","0","0","0","0","0","7","0","","02","3","2023","7","40.460902","-79.868692","0354","11","0","0","0","0","0","0","0","0","","0","0","0","","","0","N","0","","40 27:39.248","4","0","79 52:07.290","9","0","0","0","2113","0","0","0","N","0","0","0","1","02113","0","","5.0","430.0","1","N","N","N","0","","0","0","0","","0","N","","1","0","0","0","0","0","1","2","0","1","","","","N","","","","","","","","","",""
"2023027723","0013","1","0","0","0","0","0","0","0","0","1","0","","02","3","2023","7","40.439314","-80.008308","0001","11","0","0","0","0","0","0","0","1","","0","0","0","","","0","","6","","40 26:21.532","4","2","80 00:29.910","0","0","0","0","2301","0","0","0","N","0","0","0","5","68B03","0","","1.0","345.0","1","N","N","N","0","","0","0","1","","4","Y","","3","0","2","0","0","0","0","2","1","3","","","","N","","","","","","","","","",""
"2023042299","0655","0","0","0","0","0","0","0","0","0","1","0","","02","5","2023","5","40.442196","-79.857049","0630","11","0","0","0","0","0","1","0","0","","0","0","0","","","0","N","0","","40 26:31.905","4","0","79 51:25.378","0","0","0","0","2419","0","0","0","N","0","0","0","3","68B03","0","","1.0","703.0","1","N","N","N","1","","0","0","2","","0","N","","3","0","0","0","0","0","0","2","0","3","","","","N","","","","","","","","","",""
"2023044655","2107","0","0","0","0","0","0","0","0","0","7","0","","02","5","2023","4","40.522069","-79.958078","2103","11","0","0","0","0","0","0","0","0","","0","0","0","","","1","N","0","","40 31:19.447","7","0","79 57:29.079","3","0","0","0","2118","0","0","0","N","0","0","0","1","02118","0","","4.0","2221.0","1","N","N","N","1","","1","0","0","","0","Y","","1","1","0","0","0","0","0","2","0","1","","03","","N","","","","","","","","","",""
"2023041474","1515","0","0","0","0","0","0","0","0","0","5","0","","02","5","2023","4","40.442734","-80.024445","1458","11","0","0","0","0","0","0","0","0","","0","0","0","","","1","N","0","","40 26:33.841","4","2","80 01:28.001","3","0","0","0","2301","0","0","0","N","0","0","0","4","02301","0","","1.0","1541.0","1","N","N","N","0","","1","0","2","","0","N","","2","1","0","0","0","0","0","2","0","2","","03","","N","","","","","","","","","",""
"2023026063","1404","1","0","0","0","0","0","0","0","0","5","0","","02","3","2023","6","40.503675","-80.222403","1402","11","0","0","0","1","0","0","0","0","","0","0","0","","","0","","2","","40 30:13.230","1","0","80 13:20.652","0","0","0","0","2213","0","0","0","N","0","0","0","4","02213","0","","1.0","1430.0","9","N","N","Y","2","","0","0","0","","2","N","","3","0","0","0","0","0","0","2","0","3","","04","","N","","","","","","","","","",""
"2023025911","2000","0","0","0","0","0","0","0","0","0","4","0","","02","3","2023","3","40.461589","-79.967095","1953","11","0","0","0","0","0","0","0","0","","0","0","0","","","0","","1","","40 27:41.720","","0","79 58:01.542","0","0","0","0","2301","0","0","0","N","0","0","0","4","02301","0","","1.0","","1","N","N","N","0","","0","0","2","","2","","","2","0","0","0","0","0","0","2","0","2","","03","","N","","","","","","","","","",""
"2023028000","1537","0","0","0","0","0","0","0","0","0","4","0","","02","3","2023","5","40.346417","-80.150611","1532","11","0","0","0","0","0","1","0","0","","0","0","0","","","0","N","0","","40 20:47.100","","0","80 09:02.200","0","0","0","0","2119","0","0","0","N","0","0","0","2","02119","0","","1.0","","1","N","N","N","1","","0","0","1","","0","","","2","0","0","0","0","0","0","2","0","2","","","","N","","","","","","","","","",""
"2023024687","1445","1","0","0","0","0","0","0","0","0","7","0","","02","3","2023","6","40.601826","-80.072058","1440","11","1","0","0","0","0","0","0","0","","0","0","0","","","0","N","0","","40 36:06.572","1","0","80 04:19.408","0","0","0","0","2481","0","0","0","Y","0","0","0","2","02481","0","","2.0","1520.0","9","N","N","N","0","","0","0","0","","0","N","","1","0","0","0","0","0","0","2","0","1","","","","N","","","","","","","","","",""
"2023024670","1102","1","0","0","0","0","0","0","0","0","4","0","","02","3","2023","6","40.426493","-79.912511","1054","11","0","0","0","1","0","0","0","0","","0","0","0","","","0","","1","","40 25:35.374","","0","79 54:45.040","0","0","0","0","2301","0","0","0","N","0","0","0","2","02301","0","","1.0","","9","N","N","N","0","","0","0","1","","0","","","2","0","0","0","0","0","0","2","0","2","","04","","N","","","","","","","","","",""
"2023030197","1739","2","0","0","0","0","0","1","0","0","4","1","","02","3","2023","3","40.372611","-80.106647","1732","11","0","0","0","0","0","1","0","0","","0","0","0","","","0","N","0","","40 22:21.401","","0","80 06:23.929","0","0","0","0","2102","0","0","0","N","0","0","0","3","68B03","0","","1.0","","1","N","N","N","0","","0","0","0","","0","","","3","0","0","0","0","0","0","2","0","3","","","","N","","","","","","","","","",""
"2023032147","2320","1","0","0","0","0","0","0","0","0","4","0","","02","4","2023","3","40.415718","-79.976255","2313","11","0","0","0","0","0","0","0","0","","0","0","0","","","0","N","0","","40 24:56.583","5","0","79 58:34.517","9","0","0","0","2301","0","0","0","N","0","0","0","1","02301","0","","6.0","33.0","1","N","N","N","0","","0","0","2","","0","Y","","3","0","0","0","0","0","1","2","0","3","","","","N","","","","","","","","","",""
"2023027315","0425","0","0","0","0","0","0","0","0","0","7","0","","02","3","2023","7","40.394559","-79.939554","0420","11","0","0","0","0","0","0","0","0","","0","0","0","","","1","N","0","","40 23:40.413","2","0","79 56:22.396","3","0","0","0","2403","0","0","0","N","0","0","0","1","02403","0","","2.0","513.0","9","N","N","N","0","","1","0","0","","0","N","","1","1","0","0","0","0","0","2","1","1","","","","N","","","","","","","","","",""
"2023026280","1032","1","0","0","0","0","0","0","0","0","4","0","","02","3","2023","4","40.396283","-79.998193","1022","11","0","0","0","0","0","0","0","1","","0","0","0","","","2","","1","","40 23:46.618","7","0","79 59:53.494","3","0","0","0","2301","0","0","0","N","0","0","0","2","02301","1","","1.0","100.0","1","N","N","N","0","","1","0","1","","2","N","","2","2","0","0","0","0","0","2","0","2","","03","","N","","","","","","","","","",""
"2023026059","1009","0","0","0","0","0","0","0","0","0","4","0","","02","3","2023","7","40.44805","-80.017813","1009","11","0","0","0","0","0","1","0","0","","0","0","0","","","1","","1","","40 26:52.981","1","0","80 01:04.125","8","0","0","0","2301","0","0","0","N","0","0","0","5","02301","0","","1.0","1041.0","1","N","N","Y","0","","0","0","2","","2","Y","","2","1","0","0","0","1","0","2","0","2","","98","","N","","","","","","","","","",""
"2023028256","0036","0","0","0","0","0","0","0","0","0","7","0","","02","3","2023","7","40.435659","-79.753468","0009","11","0","0","0","0","0","0","0","0","","0","0","0","","","0","N","0","","40 26:08.374","","2","79 45:12.484","0","0","0","0","2446","0","0","0","N","0","0","0","2","68T09","0","","2.0","","1","N","N","N","1","","0","0","0","","0","","","1","0","0","0","0","0","0","2","0","1","","03","","N","","","","","","","","","",""
"2023041683","0642","1","0","0","0","0","0","0","0","0","7","0","","02","4","2023","1","40.439969","-80.188157","0637","11","0","0","0","0","0","1","0","0","","0","0","0","","","1","N","0","","40 26:23.890","3","0","80 11:17.364","4","0","0","0","2214","0","0","0","N","0","0","0","1","68B03","1","","4.0","710.0","9","N","N","N","0","","0","0","0","","0","N","","1","1","0","0","0","0","0","2","0","1","","","","N","","","","","","","","","",""
"2023013033","0210","1","0","0","0","0","0","0","0","0","7","0","","02","2","2023","3","40.47539","-80.086708","0210","11","0","0","0","0","0","0","0","0","","0","0","0","","","1","N","0","","40 28:31.405","7","0","80 05:12.148","3","0","0","0","2126","0","0","0","N","0","0","0","1","02126","0","","5.0","900.0","1","N","N","N","0","","1","0","1","","0","N","","2","1","0","0","0","0","0","2","0","2","","03","","N","","","","","","","","","",""
"2023020164","0011","1","0","0","0","0","0","0","0","0","7","0","","02","3","2023","6","40.448646","-80.006784","0003","11","0","0","0","0","0","0","0","0","","0","0","0","","","0","","6","","40 26:55.125","","8","80 00:24.422","0","0","0","0","2301","0","0","0","N","0","0","0","1","02301","0","","2.0","","1","N","N","N","0","","0","0","0","","0","","","1","0","1","0","0","0","0","2","0","1","","03","","N","","","","","","","","","",""
"2023045779","2147","1","0","0","0","0","0","0","0","0","1","0","","02","5","2023","2","40.355201","-80.050178","2145","11","0","0","1","0","0","0","0","1","","0","0","0","","","0","","1","","40 21:18.723","4","0","80 03:00.639","0","0","0","0","2109","0","0","0","N","0","0","0","3","02109","0","","1.0","2230.0","1","N","N","N","0","","0","0","1","","2","N","","2","0","0","0","0","0","0","2","0","2","","03","","N","","","","","","","","","",""
"2023040508","1345","0","0","0","0","0","0","0","0","0","7","0","","02","5","2023","6","40.300419","-80.023321","1343","11","0","0","0","0","0","0","0","0","","0","0","0","","","1","","2","","40 18:01.507","","0","80 01:23.955","3","0","0","0","2407","0","0","0","N","0","0","0","1","02407","0","","5.0","","1","N","N","N","0","","1","0","1","","0","","","1","1","1","0","0","0","0","2","0","1","","","","N","","","","","","","","","",""
"2023025001","0420","0","0","0","0","0","0","0","0","0","7","0","","02","3","2023","7","40.292333","-79.890611","0415","11","0","0","0","0","0","0","0","0","","0","0","0","","","0","N","0","","40 17:32.400","7","0","79 53:26.200","0","0","0","0","2302","0","0","0","N","0","0","0","1","02302","0","","4.0","20.0","1","N","N","N","0","","0","0","1","","0","N","","1","0","1","0","0","0","0","2","0","1","","04","","N","","","","","","","","","",""
"2023042266","1856","1","0","0","0","0","0","0","0","0","1","0","","02","4","2023","2","40.425074","-80.030778","1851","11","0","0","0","0","0","0","0","0","","0","0","0","","","0","N","0","","40 25:30.266","","0","80 01:50.799","0","0","0","0","2301","0","0","0","N","0","0","0","2","68B03","0","","1.0","","1","N","N","N","0","","0","0","1","","0","","","2","0","0","0","0","0","0","2","0","2","","03","","N","","","","","","","","","",""
"2023027082","2250","2","0","0","0","0","0","0","0","0","2","0","","02","3","2023","7","40.480639","-79.953028","2238","11","0","0","0","0","0","0","1","0","","0","0","0","","","0","N","0","","40 28:50.300","","0","79 57:10.900","0","0","0","0","2301","0","0","0","N","0","0","0","1","02301","0","","6.0","","1","N","N","N","0","","0","0","2","","0","","","4","0","0","0","0","0","0","2","0","4","","03","","N","","","","","","","","","",""
"2023014551","","0","0","0","0","0","0","0","0","0","1","0","","02","1","2023","4","40.428892","-79.931142","","11","0","0","0","0","0","0","0","0","","0","0","0","","","1","N","0","","40 25:44.012","","0","79 55:52.111","8","0","0","0","2301","0","0","0","N","0","0","0","2","00000","0","","1.0","","1","","","N","1","","0","0","1","","0","","","2","1","1","0","0","1","0","2","0","2","","","","N","","","","","","","","","",""
"2023027193","2006","1","0","0","0","0","0","0","0","0","4","0","","02","3","2023","4","40.410045","-80.080746","2003","11","0","0","0","0","0","1","0","0","","0","0","0","","","0","","1","","40 24:36.163","4","0","80 04:50.685","0","0","0","0","2415","0","0","0","N","0","0","0","3","02415","0","","1.0","2039.0","1","N","N","N","0","","0","0","1","","3","Y","","2","0","0","0","0","0","0","2","0","2","","03","","N","","","","","","","","","",""
"2023033323","1433","0","0","0","0","0","0","0","0","0","5","0","","02","4","2023","3","40.450869","-80.168939","1430","11","0","0","0","0","0","0","0","0","","0","0","0","","","0","N","0","","40 27:03.129","","0","80 10:08.182","0","0","0","0","2115","0","0","0","N","0","0","0","2","68B03","0","","1.0","","1","N","N","N","0","","0","0","2","","0","","","2","0","0","0","0","0","0","2","0","2","","","","N","","","","","","","","","",""
"2023039799","1637","0","0","0","0","0","0","0","0","0","4","0","","02","5","2023","5","40.457419","-79.94104","1617","11","0","0","0","1","0","0","0","0","","0","0","0","","","0","N","2","","40 27:26.708","","0","79 56:27.744","0","0","0","0","2301","0","0","0","N","0","0","0","2","02301","0","","1.0","","1","N","N","N","0","","0","0","2","","3","","","2","0","0","0","0","0","0","2","0","2","","03","","N","","","","","","","","","",""
"2023032153","0015","1","0","0","0","0","0","0","0","0","4","0","","02","4","2023","4","40.449828","-79.929641","0013","11","0","0","0","0","0","0","0","0","","0","0","0","","","0","","1","","40 26:59.380","6","0","79 55:46.709","0","0","0","0","2301","0","0","0","N","0","0","0","2","02301","0","","1.0","107.0","1","N","N","N","0","","0","0","1","","2","Y","","2","0","0","0","0","0","0","2","0","2","","03","","N","","","","","","","","","",""
"2023024986","1751","2","0","0","0","0","0","0","0","0","4","0","","02","3","2023","7","40.425848","-80.019871","1744","11","0","0","0","0","0","0","1","0","","0","0","0","","","2","","1","","40 25:33.054","","0","80 01:11.535","3","0","0","0","2301","0","0","0","N","0","0","0","4","02301","0","","1.0","","1","N","N","N","0","","2","0","1","","0","","","3","2","0","0","0","0","0","2","0","3","","03","","N","","","","","","","","","",""
"2023031028","0245","1","0","0","0","0","0","0","0","0","7","0","","02","4","2023","7","40.417998","-79.966875","0240","11","0","0","0","0","0","0","0","0","","0","0","0","","","0","","2","","40 25:04.791","","0","79 58:00.750","9","0","0","0","2301","0","0","0","N","0","0","0","1","02301","0","","4.0","","1","N","N","N","0","","0","0","0","","0","","","1","0","0","0","0","0","1","2","0","1","","03","","N","","","","","","","","","",""
"2023022695","1111","1","0","0","0","0","0","0","0","0","4","0","","02","3","2023","7","40.477585","-80.102596","1111","11","0","0","0","0","0","1","0","0","","0","0","0","","","0","Y","0","","40 28:39.306","4","0","80 06:09.347","0","0","0","0","2126","0","0","0","N","0","0","0","2","02126","0","","1.0","50.0","9","N","N","N","0","","0","0","1","","0","Y","","2","0","0","0","0","0","0","2","0","2","","98","","N","","","","","","","","","",""
"2023042277","1314","0","0","0","0","0","0","0","0","0","1","1","","02","4","2023","5","40.428598","-79.935826","1305","11","0","0","0","0","0","0","1","0","","0","1","0","","","0","N","0","","40 25:42.954","","0","79 56:08.972","0","0","0","0","2301","0","0","0","N","0","0","0","2","68B03","0","","1.0","","1","N","N","N","1","","0","0","0","","0","","","2","0","0","0","0","0","0","2","0","2","","03","","N","","","","","","","","","",""