"CRN","ARRIVAL_TM","AUTOMOBILE_COUNT","BELTED_DEATH_COUNT","BELTED_SUSP_SERIOUS_INJ_COUNT","BICYCLE_COUNT","BICYCLE_DEATH_COUNT","BICYCLE_SUSP_SERIOUS_INJ_COUNT","BUS_COUNT","CHLDPAS_DEATH_COUNT","CHLDPAS_SUSP_SERIOUS_INJ_COUNT","COLLISION_TYPE","COMM_VEH_COUNT","CONS_ZONE_SPD_LIM","COUNTY","CRASH_MONTH","CRASH_YEAR","DAY_OF_WEEK","DEC_LATITUDE","DEC_LONGITUDE","DISPATCH_TM","DISTRICT","DRIVER_COUNT_16YR","DRIVER_COUNT_17YR","DRIVER_COUNT_18YR","DRIVER_COUNT_19YR","DRIVER_COUNT_20YR","DRIVER_COUNT_50_64YR","DRIVER_COUNT_65_74YR","DRIVER_COUNT_75PLUS","EST_HRS_CLOSED","FATAL_COUNT","HEAVY_TRUCK_COUNT","HORSE_BUGGY_COUNT","HOUR_OF_DAY","ILLUMINATION","INJURY_COUNT","INTERSECTION_RELATED","INTERSECT_TYPE","LANE_CLOSED","LATITUDE","LN_CLOSE_DIR","LOCATION_TYPE","LONGITUDE","MAX_SEVERITY_LEVEL","MCYCLE_DEATH_COUNT","MCYCLE_SUSP_SERIOUS_INJ_COUNT","MOTORCYCLE_COUNT","MUNICIPALITY","NONMOTR_COUNT","NONMOTR_DEATH_COUNT","NONMOTR_SUSP_SERIOUS_INJ_COUNT","NTFY_HIWY_MAINT","PED_COUNT","PED_DEATH_COUNT","PED_SUSP_SERIOUS_INJ_COUNT","PERSON_COUNT","POLICE_AGCY","POSSIBLE_INJ_COUNT","RDWY_SURF_TYPE_CD","RELATION_TO_ROAD","ROADWAY_CLEARED","ROAD_CONDITION","SCH_BUS_IND","SCH_ZONE_IND","SECONDARY_CRASH","SMALL_TRUCK_COUNT","SPEC_JURIS_CD","SUSP_MINOR_INJ_COUNT","SUSP_SERIOUS_INJ_COUNT","SUV_COUNT","TCD_FUNC_CD","TCD_TYPE","TFC_DETOUR_IND","TIME_OF_DAY","TOTAL_UNITS","TOT_INJ_COUNT","UNBELTED_OCC_COUNT","UNB_DEATH_COUNT","UNB_SUSP_SERIOUS_INJ_COUNT","UNK_INJ_DEG_COUNT","UNK_INJ_PER_COUNT","URBAN_RURAL","VAN_COUNT","VEHICLE_COUNT","WEATHER1","WEATHER2","WORKERS_PRES","WORK_ZONE_IND","WORK_ZONE_LOC","WORK_ZONE_TYPE","WZ_CLOSE_DETOUR","WZ_FLAGGER","WZ_LAW_OFFCR_IND","WZ_LN_CLOSURE","WZ_MOVING","WZ_OTHER","WZ_SHLDER_MDN","WZ_WORKERS_INJ_KILLED"
"2023038046","2251","0","0","0","0","0","0","0","0","0","7","0","","02","4","2023","7","40.474264","-80.034859","2243","11","0","0","0","0","0","0","0","0","","0","0","0","","","0","N","0","","40 28:27.352","","0","80 02:05.494","9","0","0","0","2301","0","0","0","N","0","0","0","1","02301","0","","5.0","","1","N","N","N","0","","0","0","1","","0","","","1","0","0","0","0","0","1","2","0","1","","03","","N","","","","","","","","","",""
"2023047061","2204","1","0","0","0","0","0","0","0","0","7","0","","02","5","2023","2","40.505039","-80.085063","2204","11","1","0","0","0","0","0","0","0","","0","0","0","","","1","N","0","","40 30:18.141","2","0","80 05:06.226","3","0","0","0","2405","0","0","0","N","0","0","0","1","02215","0","","5.0","2230.0","1","N","N","N","0","","1","0","0","","0","N","","1","1","0","0","0","0","0","2","0","1","","","","N","","","","","","","","","",""
"2023038585","0201","1","0","0","0","0","0","0","0","0","7","0","","02","4","2023","7","40.428546","-79.890604","0159","11","0","0","0","0","0","0","0","0","","0","0","0","","","0","N","0","","40 25:42.766","3","2","79 53:26.175","0","0","0","0","2426","0","0","0","N","0","0","0","1","68B03","0","","4.0","317.0","1","N","N","N","0","","0","0","0","","0","N","","1","0","0","0","0","0","0","2","0","1","","","","N","","","","","","","","","",""
"2023037002","2023","1","0","0","0","0","0","0","0","0","7","0","","02","4","2023","4","40.454083","-79.818833","2017","11","0","0","0","0","0","0","0","0","","0","0","0","","","0","N","0","","40 27:14.700","","0","79 49:07.800","0","0","0","0","2113","0","0","0","N","0","0","0","1","02113","0","","5.0","","1","N","N","N","0","","0","0","0","","0","","","1","0","0","0","0","0","0","2","0","1","","03","","N","","","","","","","","","",""
"2023038580","2038","1","0","0","0","0","0","0","0","0","5","0","","02","4","2023","4","40.448626","-80.166928","2030","11","0","0","0","0","0","1","0","0","","0","0","0","","","1","N","0","","40 26:55.055","4","0","80 10:00.940","4","0","0","0","2115","0","0","0","N","0","0","0","2","68B03","1","","1.0","2110.0","1","N","N","N","0","","0","0","1","","0","N","","2","1","0","0","0","0","0","2","0","2","","03","","N","","","","","","","","","",""
"2023032665","1620","0","0","0","0","0","0","0","0","0","4","0","","02","4","2023","5","40.491601","-80.061231","1620","11","0","0","0","0","0","0","0","0","","0","0","0","","","0","","2","","40 29:29.763","5","0","80 03:40.433","0","0","0","0","2404","0","0","0","N","0","0","0","2","02404","0","","1.0","1646.0","1","N","N","N","0","","0","0","2","","2","N","","2","0","0","0","0","0","0","2","0","2","","","","N","","","","","","","","","",""
"2023046908","1655","2","0","0","0","0","0","0","0","0","4","0","","02","5","2023","6","40.477665","-79.785487","1645","11","0","0","0","0","0","0","0","1","","0","0","0","","","0","","1","","40 28:39.595","","0","79 47:07.754","0","0","0","0","2113","0","0","0","N","0","0","0","2","02113","0","","1.0","","1","N","N","N","0","","0","0","0","","2","","","2","0","0","0","0","0","0","2","0","2","","03","","N","","","","","","","","","",""
"2023048257","1600","1","0","0","0","0","0","0","0","0","5","0","","02","5","2023","4","40.497331","-79.928271","1520","11","0","0","0","0","0","0","0","0","","0","0","0","","","1","N","0","","40 29:50.390","","0","79 55:41.777","3","0","0","0","2461","0","0","0","N","0","0","0","2","68D02","0","","1.0","","1","N","N","N","0","","1","0","1","","0","","","2","1","0","0","0","0","0","2","0","2","","03","","N","","","","","","","","","",""
"2023047074","1911","3","0","0","0","0","0","0","0","0","4","0","","02","5","2023","5","40.445454","-80.07407","1907","11","0","0","0","0","0","1","0","0","","0","0","0","","","0","N","0","","40 26:43.633","","0","80 04:26.652","9","0","0","0","2439","0","0","0","N","0","0","0","3","02439","0","","5.0","","1","N","N","Y","0","","0","0","0","","0","","","3","0","1","0","0","0","1","2","0","3","","","","N","","","","","","","","","",""
"2023038143","0804","2","0","0","0","0","0","0","0","0","1","0","","02","4","2023","3","40.450861","-80.110821","0756","11","0","0","0","0","0","0","0","0","","0","0","0","","","0","N","0","","40 27:03.100","","0","80 06:38.956","0","0","0","0","2115","0","0","0","N","0","0","0","2","68B03","0","","1.0","","1","N","N","N","0","","0","0","0","","0","","","2","0","0","0","0","0","0","2","0","2","","","","N","","","","","","","","","",""
"2023048578","1235","2","0","0","0","0","0","0","0","0","4","0","","02","5","2023","2","40.362246","-80.046618","1232","11","0","0","0","0","0","2","0","0","","0","0","0","","","2","","2","","40 21:44.087","","0","80 02:47.825","4","0","0","0","2109","0","0","0","N","0","0","0","3","02109","1","","1.0","","1","N","N","N","0","","0","0","0","","3","","","2","2","0","0","0","1","0","2","0","2","","03","","N","","","","","","","","","",""
"2023034322","2115","1","0","0","0","0","0","0","0","0","1","0","","02","4","2023","3","40.421811","-80.092862","2110","11","0","0","0","0","0","0","0","0","","0","0","0","","","0","","2","","40 25:18.518","","0","80 05:34.304","0","0","0","0","2117","0","0","0","N","0","0","0","4","02117","0","","1.0","","1","N","N","N","0","","0","0","1","","3","N","","2","0","0","0","0","0","0","2","0","2","","03","","N","","","","","","","","","",""
"2023034439","1005","0","0","0","0","0","0","0","0","0","4","0","","02","4","2023","4","40.436051","-79.99457","1000","11","0","0","0","0","0","0","0","0","","0","0","0","","","0","Y","0","","40 26:09.783","1","3","79 59:40.451","0","0","0","0","2301","0","0","0","N","0","0","0","3","02301","0","","1.0","1120.0","1","N","N","N","2","","0","0","1","","0","N","","3","0","0","0","0","0","0","2","0","3","","03","","N","","","","","","","","","",""
"2023034213","1118","2","0","0","0","0","0","0","0","0","4","0","","02","4","2023","2","40.419898","-79.858974","1118","11","0","0","0","1","0","0","1","0","","0","0","0","","","0","","2","","40 25:11.631","","0","79 51:32.308","0","0","0","0","2411","0","0","0","N","0","0","0","3","02411","0","","1.0","","1","N","N","N","0","","0","0","0","","0","N","","2","0","0","0","0","0","0","2","0","2","","03","","N","","","","","","","","","",""
"2023036480","1803","2","0","0","0","0","0","0","0","0","4","0","","02","4","2023","3","40.472752","-79.934259","1757","11","0","0","0","0","0","0","1","0","","0","0","0","","","0","","2","","40 28:21.906","4","0","79 56:03.332","0","0","0","0","2301","0","0","0","N","0","0","0","2","02301","0","","1.0","35.0","1","N","N","N","0","","0","0","0","","3","Y","","2","0","0","0","0","0","0","2","0","2","","03","","N","","","","","","","","","",""
"2023046032","0925","0","0","0","0","0","0","0","0","0","1","1","","02","5","2023","4","40.439663","-79.993319","0921","11","0","0","0","1","0","0","0","0","","0","1","0","","","0","N","0","","40 26:22.787","1","0","79 59:35.948","0","0","0","0","2301","0","0","0","N","0","0","0","2","02301","0","","1.0","1000.0","1","N","N","N","0","","0","0","1","","0","Y","","2","0","0","0","0","0","0","2","0","2","","03","","N","","","","","","","","","",""
"2023039541","1718","0","0","0","0","0","0","0","0","0","1","0","45","02","4","2023","3","40.493735","-79.901992","1705","11","0","0","0","0","0","0","0","0","","0","0","0","","","1","N","0","","40 29:37.446","2","0","79 54:07.170","3","0","0","0","2401","0","0","0","N","0","0","0","3","68D02","0","","1.0","1804.0","1","N","N","Y","0","","1","0","0","","0","N","","3","1","0","0","0","0","1","2","2","3","","03","N","Y","4","1","","","N","","","","Y","N"
"2023048920","1815","1","0","0","0","0","0","0","0","0","7","0","","02","6","2023","6","40.638758","-79.749116","1810","11","0","0","0","0","1","0","0","0","","0","0","0","","","0","N","0","","40 38:19.528","5","0","79 44:56.816","0","0","0","0","2202","0","0","0","N","0","0","0","1","02202","0","","2.0","1849.0","1","N","N","N","0","","0","0","0","","0","Y","","1","0","0","0","0","0","0","1","0","1","","03","","N","","","","","","","","","",""
"2023046804","0015","2","0","0","0","0","0","0","0","0","2","0","","02","5","2023","7","40.487917","-80.013397","0005","11","0","0","0","0","0","0","0","0","","0","0","0","","","0","N","0","","40 29:16.500","","0","80 00:48.229","0","0","0","0","2301","0","0","0","N","0","0","0","1","02301","0","","1.0","","1","N","N","N","0","","0","0","1","","0","","","3","0","0","0","0","0","0","2","0","3","","03","","N","","","","","","","","","",""
"2023032946","1520","1","0","0","0","0","0","0","0","0","4","0","","02","4","2023","6","40.464251","-79.925526","1508","11","0","0","0","0","0","0","0","0","","0","0","0","","","0","","1","","40 27:51.304","","0","79 55:31.895","0","0","0","0","2301","0","0","0","N","0","0","0","3","02301","0","","1.0","","1","N","N","N","0","","0","0","1","","3","","","2","0","0","0","0","0","0","2","0","2","","03","","N","","","","","","","","","",""
"2023048195","1547","0","0","0","0","0","0","0","0","0","5","0","","02","5","2023","6","40.451899","-79.951997","1537","11","0","0","0","0","0","2","0","0","","0","0","0","","","1","","1","","40 27:06.836","","0","79 57:07.188","3","0","0","0","2301","0","0","0","N","0","0","0","4","02301","0","","1.0","","1","Y","N","N","0","","1","0","0","","2","","","2","1","0","0","0","0","0","2","2","2","","03","","N","","","","","","","","","",""
"2023035006","0333","0","0","0","0","0","0","0","0","0","7","0","","02","4","2023","1","40.436552","-79.994286","0327","11","0","0","0","0","0","0","0","0","","0","0","0","","","2","N","0","","40 26:11.588","","2","79 59:39.430","3","0","0","0","2301","0","0","0","N","0","0","0","2","02301","0","","3.0","","1","N","N","N","0","","2","0","1","","0","","","1","2","1","0","0","0","0","2","0","1","","","","N","","","","","","","","","",""
"2023037551","2356","1","0","0","0","0","0","0","0","0","7","0","","02","4","2023","7","40.427447","-79.951194","2356","11","0","0","0","0","0","0","0","0","","0","0","0","","","1","N","0","","40 25:38.810","4","0","79 57:04.299","3","0","0","0","2301","0","0","0","N","0","0","0","1","68B03","0","","2.0","30.0","9","N","N","N","0","","1","0","0","","0","N","","1","1","0","0","0","0","0","2","0","1","","04","","N","","","","","","","","","",""
"2023049953","0757","1","0","0","0","0","0","0","0","0","1","0","","02","6","2023","6","40.411076","-80.074713","0721","11","0","0","0","0","0","2","0","0","","0","0","0","","","0","N","0","","40 24:39.872","","0","80 04:28.966","0","0","0","0","2117","0","0","0","N","0","0","0","4","68B03","0","","1.0","","1","N","N","N","0","","0","0","2","","0","","","3","0","0","0","0","0","0","2","0","3","","","","N","","","","","","","","","",""
"2023034316","0556","1","0","0","0","0","0","0","0","0","7","0","","02","4","2023","2","40.461444","-80.106083","0552","11","0","0","0","0","0","1","0","0","","0","0","0","","","0","N","0","","40 27:41.200","7","0","80 06:21.900","9","0","0","0","2126","0","0","0","N","0","0","0","1","02126","0","","4.0","640.0","9","N","N","N","0","","0","0","0","","0","Y","","1","0","0","0","0","0","1","2","0","1","","","","N","","","","","","","","","",""
"2023033100","1809","1","0","0","0","0","0","0","0","0","4","0","","02","4","2023","5","40.40078","-79.905699","1809","11","0","0","0","0","0","0","0","0","","0","0","0","","","0","","2","","40 24:02.807","5","0","79 54:20.516","0","0","0","0","2438","0","0","0","N","0","0","0","2","02438","0","","1.0","1830.0","1","N","N","N","0","","0","0","1","","3","Y","","2","0","0","0","0","0","0","2","0","2","","03","","N","","","","","","","","","",""
"2023035059","0823","1","0","0","0","0","0","0","0","0","4","0","","02","4","2023","6","40.416655","-80.045039","0823","11","0","0","0","0","0","1","1","0","","0","0","0","","","1","","2","","40 24:59.958","2","0","80 02:42.140","4","0","0","0","2435","0","0","0","N","0","0","0","2","02435","1","","1.0","828.0","1","N","N","N","1","","0","0","0","","0","N","","2","1","0","0","0","0","0","2","0","2","","03","","N","","","","","","","","","",""
"2023034579","1845","2","0","0","0","0","0","0","0","0","1","0","","02","4","2023","4","40.429542","-79.998976","1838","11","0","0","0","0","0","0","0","0","","0","0","0","","","0","N","0","","40 25:46.351","","3","79 59:56.314","0","0","0","0","2301","0","0","0","N","0","0","0","3","02301","0","","1.0","","1","N","N","N","0","","0","0","1","","0","","","3","0","1","0","0","0","0","2","0","3","","03","","N","","","","","","","","","",""
"2023036431","1344","2","0","0","0","0","0","0","0","0","4","0","","02","4","2023","5","40.506275","-80.223235","1341","11","0","0","0","0","0","0","1","0","","0","0","0","","","1","","2","","40 30:22.589","","7","80 13:23.646","3","0","0","0","2213","0","0","0","N","0","0","0","2","02213","0","","1.0","","1","N","N","N","0","","1","0","0","","2","","","2","1","1","0","0","0","0","2","0","2","","","","N","","","","","","","","","",""
"2023044442","1758","0","0","0","0","0","0","0","0","0","7","1","","02","5","2023","1","40.379647","-79.806898","1755","11","0","0","0","0","0","0","0","0","","0","1","0","","","0","N","0","","40 22:46.728","","0","79 48:24.832","0","0","0","0","2424","0","0","0","N","0","0","0","1","02424","0","","4.0","","1","N","N","N","0","","0","0","0","","0","","","1","0","0","0","0","0","0","2","0","1","","","","N","","","","","","","","","",""
"2023035862","0705","0","0","0","0","0","0","0","0","0","2","0","","02","4","2023","6","40.397139","-79.97875","0700","11","0","0","0","0","0","0","0","0","","0","0","0","","","2","N","0","","40 23:49.700","5","0","79 58:43.500","3","0","0","0","2301","0","0","0","N","0","0","0","5","02301","0","","1.0","800.0","1","N","N","N","0","","2","0","2","","0","Y","","2","2","0","0","0","0","0","2","0","2","","03","","N","","","","","","","","","",""
"2023047592","2341","1","0","0","0","0","0","0","0","0","7","0","","02","5","2023","2","40.494101","-79.903831","2315","11","0","0","0","0","0","1","0","0","","0","0","0","","","0","N","0","","40 29:38.762","1","0","79 54:13.792","0","0","0","0","2401","0","0","0","N","0","0","0","1","68D02","0","","2.0","1158.0","1","N","N","N","0","","0","0","0","","0","N","","1","0","0","0","0","0","0","2","0","1","","","","N","","","","","","","","","",""
"2023033136","2257","0","0","0","0","0","0","0","0","0","4","0","","02","4","2023","6","40.521441","-79.959645","2254","11","1","0","0","0","0","1","0","0","","0","0","0","","","1","","1","","40 31:17.187","","0","79 57:34.721","3","0","0","0","2118","0","0","0","N","0","0","0","3","02118","0","","1.0","","1","N","N","N","0","","1","0","1","","3","","","2","1","0","0","0","0","0","2","1","2","","","","N","","","","","","","","","",""
"2023034460","1845","1","0","0","0","0","0","0","0","0","1","0","","02","4","2023","7","40.500583","-80.06825","1842","11","0","0","0","0","0","0","0","0","","0","0","0","","","0","N","0","","40 30:02.100","3","7","80 04:05.700","0","0","0","0","2402","0","0","0","N","0","0","0","2","02402","0","","5.0","2105.0","1","N","N","Y","0","","0","0","1","","0","N","","2","0","1","0","0","0","0","2","0","2","","03","","N","","","","","","","","","",""
"2023033634","2354","0","0","0","0","0","0","0","0","0","6","0","","02","4","2023","6","40.444366","-80.056968","2346","11","0","0","0","0","0","1","1","0","","0","0","0","","","0","N","0","","40 26:39.719","","0","80 03:25.084","0","0","0","0","2301","0","0","0","N","0","0","0","2","02301","0","","1.0","","1","N","N","N","0","","0","0","2","","0","","","2","0","0","0","0","0","0","2","0","2","","","","N","","","","","","","","","",""
"2023047797","0837","0","0","0","0","0","0","0","0","0","8","0","","02","5","2023","4","40.46068","-79.932399","0827","11","0","0","0","0","0","0","0","1","","0","0","0","","","1","N","2","","40 27:38.447","","0","79 55:56.638","3","0","0","0","2301","1","0","0","N","1","0","0","2","02301","0","","1.0","","1","N","N","N","0","","1","0","1","","2","","","2","1","0","0","0","0","0","2","0","1","","","","N","","","","","","","","","",""
"2023036430","1806","2","0","0","0","0","0","0","0","0","4","0","","02","4","2023","4","40.513023","-80.22284","1803","11","0","0","0","0","0","0","0","0","","0","0","0","","","1","N","0","","40 30:46.883","","7","80 13:22.223","3","0","0","0","2213","0","0","0","N","0","0","0","2","02213","0","","1.0","","1","N","N","N","0","","1","0","0","","0","","","2","1","0","0","0","0","0","2","0","2","","","","N","","","","","","","","","",""
"2023034519","1655","1","0","0","0","0","0","0","0","0","4","0","","02","4","2023","4","40.442843","-80.02474","1651","11","0","0","0","0","0","2","0","0","","0","0","0","","","2","N","0","","40 26:34.234","4","7","80 01:29.064","8","0","0","0","2301","0","0","0","N","0","0","0","3","02301","0","","1.0","1757.0","1","N","N","N","0","","0","0","0","","0","N","","2","2","0","0","0","2","0","2","1","2","","03","","N","","","","","","","","","",""
"2023038613","0218","1","0","0","0","0","0","0","0","0","7","0","","02","4","2023","5","40.433711","-79.963634","0202","11","0","0","0","1","0","0","0","0","","0","0","0","","","1","N","0","","40 26:01.359","3","0","79 57:49.082","3","0","0","0","2301","0","0","0","N","0","0","0","1","68B03","0","","3.0","233.0","1","N","N","N","0","","1","0","0","","0","Y","","1","1","0","0","0","0","0","2","0","1","","03","","N","","","","","","","","","",""
"2023050658","1042","0","0","0","0","0","0","1","0","0","5","1","","02","6","2023","4","40.457238","-79.934052","1034","11","0","0","0","0","0","1","0","0","","0","0","0","","","1","","2","","40 27:26.055","","0","79 56:02.588","3","0","0","0","2301","0","0","0","N","0","0","0","3","02503","0","","1.0","","1","Y","N","N","0","","1","0","1","","0","","","2","1","1","0","0","0","0","2","0","2","","","","N","","","","","","","","","",""
"2023034207","1715","0","0","0","0","0","0","0","0","0","1","0","","02","4","2023","3","40.556252","-80.022156","1711","11","0","0","0","0","0","0","0","0","","0","0","0","","","0","","1","","40 33:22.507","1","0","80 01:19.763","0","0","0","0","2108","0","0","0","N","0","0","0","2","02108","0","","1.0","1740.0","1","N","N","N","0","","0","0","2","","4","N","","2","0","0","0","0","0","0","2","0","2","","03","","N","","","","","","","","","",""
"2023046433","0836","2","0","0","0","0","0","0","0","0","1","0","","02","5","2023","7","40.344997","-79.838698","0832","11","0","0","0","0","0","0","0","0","","0","0","0","","","0","N","0","","40 20:41.990","6","0","79 50:19.313","0","0","0","0","2304","0","0","0","N","0","0","0","1","02304","0","","1.0","905.0","9","N","N","N","0","","0","0","0","","0","Y","","2","0","0","0","0","0","0","2","0","2","","","","N","","","","","","","","","",""
"2023034648","1818","1","0","0","0","0","0","0","0","0","2","0","","02","4","2023","4","40.443019","-80.007722","1810","11","0","0","0","0","0","0","1","0","","0","0","0","","","1","N","0","","40 26:34.868","7","2","80 00:27.798","3","0","0","0","2301","0","0","0","N","0","0","0","5","02301","0","","1.0","1850.0","1","N","N","N","1","","1","0","1","","0","Y","","3","1","0","0","0","0","0","2","0","3","","03","","N","","","","","","","","","",""
"2023047678","1920","0","0","1","0","0","0","0","0","0","4","0","","02","5","2023","3","40.346334","-79.973381","1918","11","0","0","0","0","0","1","0","1","","0","0","0","","","1","N","0","","40 20:46.801","5","0","79 58:24.172","2","0","0","0","2403","0","0","0","N","0","0","0","2","02403","0","","1.0","1949.0","1","N","N","N","0","","0","1","1","","0","N","","2","1","0","0","0","0","0","2","1","2","","03","","N","","","","","","","","","",""
"2023044100","0631","0","0","0","1","0","0","0","0","0","8","0","","02","4","2023","6","40.44252","-79.957444","0630","11","0","0","0","0","0","1","0","0","","0","0","0","","","1","N","1","","40 26:33.071","","0","79 57:26.799","8","0","0","0","2301","1","0","0","N","0","0","0","2","02506","0","","1.0","","9","N","N","N","0","","0","0","0","","2","","","2","1","0","0","0","1","0","2","1","1","","98","","N","","","","","","","","","",""
"2023037694","0441","1","0","0","0","0","0","0","0","0","7","0","","02","4","2023","7","40.398714","-79.820848","0438","11","0","0","0","0","0","0","0","0","","0","0","0","","","0","","1","","40 23:55.369","","0","79 49:15.052","9","0","0","0","2111","0","0","0","N","0","0","0","1","02111","0","","4.0","","9","N","N","N","0","","0","0","0","","0","","","1","0","0","0","0","0","1","2","0","1","","04","","N","","","","","","","","","",""
"2023046384","1000","1","0","0","0","0","0","0","0","0","4","0","","02","5","2023","5","40.41297","-80.010028","0947","11","0","0","0","0","0","0","0","0","","0","0","0","","","2","","1","","40 24:46.692","","0","80 00:36.101","3","0","0","0","2301","0","0","0","N","0","0","0","6","02301","0","","1.0","","1","N","N","N","0","","2","0","1","","0","","","2","2","0","0","0","0","0","2","0","2","","03","","N","","","","","","","","","",""
"2023047747","2050","0","0","0","0","0","0","0","0","0","98","0","","02","5","2023","7","40.587697","-80.099245","2050","11","0","0","0","0","0","0","0","0","","0","0","0","","","0","N","0","","40 35:15.710","","0","80 05:57.283","0","0","0","0","2481","0","0","0","N","0","0","0","3","68B03","0","","1.0","","1","N","N","N","0","","0","0","1","","0","","","1","0","0","0","0","0","0","2","0","1","","","","N","","","","","","","","","",""
"2023049757","0844","1","0","0","0","0","0","0","0","0","1","0","","02","5","2023","4","40.413443","-80.06456","0824","11","0","0","0","0","0","1","0","0","","0","0","0","","","0","N","0","","40 24:48.393","","0","80 03:52.416","0","0","0","0","2435","0","0","0","N","0","0","0","2","68B03","0","","1.0","","1","N","N","N","0","","0","0","1","","0","","","2","0","0","0","0","0","0","2","0","2","","03","","N","","","","","","","","","",""
"2023046962","1513","0","0","0","0","0","0","0","0","0","5","1","","02","5","2023","3","40.50124","-80.130082","1513","11","0","0","0","0","0","0","0","0","","0","1","0","","","1","N","0","","40 30:04.464","","0","80 07:48.296","3","0","0","0","2115","0","0","0","N","0","0","0","2","68T09","0","","1.0","","1","N","N","N","0","","1","0","1","","0","","","2","1","0","0","0","0","0","2","0","2","","","","N","","","","","","","","","",""
"2023034994","2232","1","0","0","0","0","0","0","0","0","2","0","","02","4","2023","5","40.435391","-80.012063","2227","11","0","0","0","0","0","0","0","0","","0","0","0","","","0","N","0","","40 26:07.406","3","0","80 00:43.427","9","0","0","0","2301","0","0","0","N","0","0","0","2","02301","0","","1.0","2245.0","1","","","N","0","","0","0","0","","0","N","","2","0","0","0","0","0","1","2","0","2","","04","","N","","","","","","","","","",""
"2023034863","1534","3","0","0","0","0","0","0","0","0","1","0","","02","4","2023","4","40.367423","-80.040474","1530","11","0","0","0","0","0","1","0","0","","0","0","0","","","2","","2","","40 22:02.724","6","0","80 02:25.708","8","0","0","0","2109","0","0","0","N","0","0","0","3","02109","0","","1.0","1620.0","1","N","N","N","0","","0","0","0","","0","Y","","3","2","0","0","0","2","0","2","0","3","","03","","N","","","","","","","","","",""
"2023050217","2111","1","0","0","0","0","0","0","0","0","7","0","","02","5","2023","4","40.547418","-79.827783","2058","11","0","0","0","0","0","0","0","0","","0","0","0","","","0","N","0","","40 32:50.706","2","0","79 49:40.018","0","0","0","0","2208","0","0","0","Y","0","0","0","1","68D02","0","","4.0","2157.0","1","N","N","N","0","","0","0","0","","0","N","","1","0","0","0","0","0","0","2","0","1","","","","N","","","","","","","","","",""
"2023045293","1104","0","0","0","0","0","0","0","0","0","7","0","","02","5","2023","2","40.668972","-80.101389","1100","11","0","0","0","0","0","1","0","0","","0","0","0","","","1","N","0","","40 40:08.300","","0","80 06:05.000","2","0","0","0","2212","0","0","0","N","0","0","0","1","02505","0","","5.0","","1","N","N","N","0","","0","1","1","","0","","","1","1","0","0","0","0","0","2","0","1","","","","N","","","","","","","","","",""
"2023049047","1334","2","0","0","0","0","0","0","0","0","4","0","","02","6","2023","7","40.614388","-80.054954","1327","11","0","0","1","0","0","0","0","0","","0","0","0","","","0","N","2","","40 36:51.795","2","0","80 03:17.833","0","0","0","0","2216","0","0","0","N","0","0","0","2","02505","0","","1.0","1354.0","1","N","N","N","0","","0","0","0","","2","N","","2","0","0","0","0","0","0","1","0","2","","","","N","","","","","","","","","",""
"2023047053","0436","1","0","0","0","0","0","0","0","0","7","0","","02","5","2023","1","40.347249","-79.887875","0432","11","0","0","0","0","1","0","0","0","","0","0","0","","","0","N","0","","40 20:50.095","5","0","79 53:16.351","0","0","0","0","2423","0","0","0","N","0","0","0","1","02304","0","","5.0","516.0","1","N","N","N","0","","0","0","0","","0","Y","","1","0","0","0","0","0","0","2","0","1","","03","","N","","","","","","","","","",""
"2023034600","1741","0","0","0","0","0","0","0","0","0","4","0","","02","4","2023","4","40.437629","-79.770125","1739","11","0","1","0","0","0","1","0","1","","0","0","0","","","3","N","0","","40 26:15.463","5","7","79 46:12.449","4","0","0","0","2446","0","0","0","N","0","0","0","7","02446","2","","1.0","1821.0","1","N","N","N","0","","0","0","4","","3","N","","4","3","1","0","0","1","0","2","0","4","","","","N","","","","","","","","","",""
"2023037407","1249","1","0","0","0","0","0","0","0","0","4","0","","02","4","2023","6","40.385409","-79.821863","1248","11","0","0","0","0","0","1","0","0","","0","0","0","","","2","","2","","40 23:07.473","5","7","79 49:18.708","3","0","0","0","2111","0","0","0","N","0","0","0","3","02111","0","","2.0","1247.0","9","N","N","N","0","","1","0","1","","3","N","","2","2","0","0","0","1","0","2","0","2","","04","","N","","","","","","","","","",""
"2023033138","0311","0","0","0","0","0","0","0","0","0","7","0","","02","4","2023","7","40.43724","-80.053537","0301","11","0","0","0","0","0","0","0","0","","0","0","0","","","1","N","0","","40 26:14.063","","0","80 03:12.734","8","0","0","0","2301","0","0","0","Y","0","0","0","1","02301","0","","4.0","","1","N","N","N","0","","0","0","1","","0","","","1","1","1","0","0","1","0","2","0","1","","03","","N","","","","","","","","","",""
"2023033203","0944","1","0","1","0","0","0","0","0","0","7","0","","02","4","2023","7","40.460583","-80.108083","0938","11","0","0","0","0","0","0","0","0","","0","0","0","","","2","N","0","","40 27:38.100","6","0","80 06:29.100","2","0","0","0","2126","0","0","0","N","0","0","0","2","02126","1","","4.0","1044.0","1","N","N","N","0","","0","1","0","","0","Y","","1","2","1","0","0","0","0","2","0","1","","03","","N","","","","","","","","","",""
"2023034389","1250","1","0","0","0","0","0","0","0","0","4","0","","02","4","2023","6","40.344872","-79.938842","1247","11","0","0","0","0","0","1","0","0","","0","0","0","","","1","","2","","40 20:41.538","","7","79 56:19.831","3","0","0","0","2473","0","0","0","N","0","0","0","2","02473","0","","1.0","","1","N","N","N","1","","1","0","0","","2","","","2","1","2","0","0","0","0","2","0","2","","03","","N","","","","","","","","","",""