"CRN","ARRIVAL_TM","AUTOMOBILE_COUNT","BELTED_DEATH_COUNT","BELTED_SUSP_SERIOUS_INJ_COUNT","BICYCLE_COUNT","BICYCLE_DEATH_COUNT","BICYCLE_SUSP_SERIOUS_INJ_COUNT","BUS_COUNT","CHLDPAS_DEATH_COUNT","CHLDPAS_SUSP_SERIOUS_INJ_COUNT","COLLISION_TYPE","COMM_VEH_COUNT","CONS_ZONE_SPD_LIM","COUNTY","CRASH_MONTH","CRASH_YEAR","DAY_OF_WEEK","DEC_LATITUDE","DEC_LONGITUDE","DISPATCH_TM","DISTRICT","DRIVER_COUNT_16YR","DRIVER_COUNT_17YR","DRIVER_COUNT_18YR","DRIVER_COUNT_19YR","DRIVER_COUNT_20YR","DRIVER_COUNT_50_64YR","DRIVER_COUNT_65_74YR","DRIVER_COUNT_75PLUS","EST_HRS_CLOSED","FATAL_COUNT","HEAVY_TRUCK_COUNT","HORSE_BUGGY_COUNT","HOUR_OF_DAY","ILLUMINATION","INJURY_COUNT","INTERSECTION_RELATED","INTERSECT_TYPE","LANE_CLOSED","LATITUDE","LN_CLOSE_DIR","LOCATION_TYPE","LONGITUDE","MAX_SEVERITY_LEVEL","MCYCLE_DEATH_COUNT","MCYCLE_SUSP_SERIOUS_INJ_COUNT","MOTORCYCLE_COUNT","MUNICIPALITY","NONMOTR_COUNT","NONMOTR_DEATH_COUNT","NONMOTR_SUSP_SERIOUS_INJ_COUNT","NTFY_HIWY_MAINT","PED_COUNT","PED_DEATH_COUNT","PED_SUSP_SERIOUS_INJ_COUNT","PERSON_COUNT","POLICE_AGCY","POSSIBLE_INJ_COUNT","RDWY_SURF_TYPE_CD","RELATION_TO_ROAD","ROADWAY_CLEARED","ROAD_CONDITION","SCH_BUS_IND","SCH_ZONE_IND","SECONDARY_CRASH","SMALL_TRUCK_COUNT","SPEC_JURIS_CD","SUSP_MINOR_INJ_COUNT","SUSP_SERIOUS_INJ_COUNT","SUV_COUNT","TCD_FUNC_CD","TCD_TYPE","TFC_DETOUR_IND","TIME_OF_DAY","TOTAL_UNITS","TOT_INJ_COUNT","UNBELTED_OCC_COUNT","UNB_DEATH_COUNT","UNB_SUSP_SERIOUS_INJ_COUNT","UNK_INJ_DEG_COUNT","UNK_INJ_PER_COUNT","URBAN_RURAL","VAN_COUNT","VEHICLE_COUNT","WEATHER1","WEATHER2","WORKERS_PRES","WORK_ZONE_IND","WORK_ZONE_LOC","WORK_ZONE_TYPE","WZ_CLOSE_DETOUR","WZ_FLAGGER","WZ_LAW_OFFCR_IND","WZ_LN_CLOSURE","WZ_MOVING","WZ_OTHER","WZ_SHLDER_MDN","WZ_WORKERS_INJ_KILLED"
"2023030137","0149","1","0","0","0","0","0","0","0","0","7","0","","02","1","2023","2","40.526135","-80.130815","0132","11","0","0","1","0","0","0","0","0","","0","0","0","","","0","N","0","","40 31:34.085","2","0","80 07:50.935","0","0","0","0","2125","0","0","0","N","0","0","0","1","68B03","0","","5.0","157.0","9","N","N","N","0","","0","0","0","","0","N","","1","0","0","0","0","0","0","1","0","1","","","","N","","","","","","","","","",""
"2023030557","0812","0","0","0","0","0","0","0","0","0","1","0","","02","3","2023","6","40.501996","-80.204806","0808","11","0","0","0","0","0","1","0","0","","0","0","0","","","0","","1","","40 30:07.184","","0","80 12:17.303","0","0","0","0","2213","0","0","0","N","0","0","0","2","02213","0","","1.0","","1","N","N","N","0","","0","0","2","","2","","","2","0","0","0","0","0","0","2","0","2","","","","N","","","","","","","","","",""
"2023033219","1202","1","0","0","0","0","0","0","0","0","1","0","","02","4","2023","7","40.617301","-79.945766","1158","11","0","0","0","0","0","2","0","0","","0","0","0","","","2","N","0","","40 37:02.285","5","0","79 56:44.759","8","0","0","0","2217","0","0","0","N","0","0","0","4","02505","0","","1.0","1237.0","1","N","N","N","0","","0","0","1","","0","N","","2","2","0","0","0","2","0","2","0","2","","","","N","","","","","","","","","",""
"2023035364","1605","0","0","0","0","0","0","0","0","0","4","0","","02","4","2023","2","40.526527","-80.159137","1550","11","0","0","0","0","0","0","1","1","","0","0","0","","","0","","1","","40 31:35.498","1","0","80 09:32.893","0","0","0","0","2436","0","0","0","N","0","0","0","5","68B03","0","","1.0","1639.0","9","Y","N","N","0","","0","0","1","","2","N","","2","0","0","0","0","0","0","2","1","2","","","","N","","","","","","","","","",""
"2023011915","1354","0","0","0","0","0","0","0","0","0","1","0","","02","2","2023","7","40.274688","-79.893464","1346","11","0","0","0","0","0","0","0","0","","0","0","0","","","2","","6","","40 16:28.878","","2","79 53:36.471","3","0","0","0","2471","0","0","0","N","0","0","0","5","02428","0","","1.0","","1","N","N","N","0","","2","0","2","","0","","","2","2","0","0","0","0","0","2","0","2","","03","","N","","","","","","","","","",""
"2023027068","1730","1","0","0","0","0","0","0","0","0","7","0","","02","3","2023","5","40.394386","-79.798265","1725","11","0","0","0","0","0","1","0","0","","0","0","0","","","0","N","3","","40 23:39.790","","0","79 47:53.753","0","0","0","0","2446","0","0","0","Y","0","0","0","1","02446","0","","2.0","","9","N","N","N","0","","0","0","0","","0","","","1","0","0","0","0","0","0","2","0","1","","07","","N","","","","","","","","","",""
"2023020559","2158","1","0","0","0","0","0","0","0","0","7","0","","02","3","2023","6","40.484245","-79.766855","2153","11","0","0","0","0","1","0","0","0","","0","0","0","","","0","N","0","","40 29:03.281","","0","79 46:00.677","0","0","0","0","2466","0","0","0","N","0","0","0","1","02466","0","","4.0","","9","N","N","N","0","","0","0","0","","0","","","1","0","0","0","0","0","0","2","0","1","","03","","N","","","","","","","","","",""
"2023011219","0843","1","0","0","0","0","0","0","0","0","1","0","","02","2","2023","5","40.484727","-79.767798","0840","11","0","0","0","0","0","1","0","0","","0","0","0","","","0","N","0","","40 29:05.018","3","0","79 46:04.074","0","0","0","0","2466","0","0","0","N","0","0","0","2","02466","0","","1.0","916.0","1","N","N","N","0","","0","0","1","","0","N","","2","0","0","0","0","0","0","2","0","2","","03","","N","","","","","","","","","",""
"2023036218","1823","1","0","0","0","0","0","0","0","0","4","0","","02","4","2023","2","40.372472","-80.120639","1819","11","0","0","0","0","0","1","0","0","","0","0","0","","","0","N","0","","40 22:20.900","","7","80 07:14.300","0","0","0","0","2102","0","0","0","N","0","0","0","2","02102","0","","1.0","","1","N","N","N","0","","0","0","1","","0","","","2","0","0","0","0","0","0","2","0","2","","03","","N","","","","","","","","","",""
"2023020856","1733","1","0","0","0","0","0","0","0","0","7","0","","02","3","2023","7","40.525806","-79.769056","1729","11","0","0","0","0","0","1","0","0","","0","0","0","","","0","N","0","","40 31:32.900","","0","79 46:08.600","0","0","0","0","2466","0","0","0","N","0","0","0","1","02466","0","","4.0","","1","N","N","N","0","","0","0","0","","0","","","1","0","1","0","0","0","0","2","0","1","","03","","N","","","","","","","","","",""
"2023028695","1523","1","0","0","0","0","0","0","0","0","2","0","","02","3","2023","6","40.374546","-79.976865","1520","11","1","0","0","0","0","0","0","0","","0","0","0","","","0","N","0","","40 22:28.367","","0","79 58:36.715","0","0","0","0","2413","0","0","0","N","0","0","0","1","02413","0","","1.0","","9","N","N","N","0","","0","0","2","","0","","","3","0","0","0","0","0","0","2","0","3","","","","N","","","","","","","","","",""
"2023047019","1332","1","0","0","0","0","0","0","0","0","1","0","","02","5","2023","7","40.579453","-79.957455","1327","11","0","0","0","0","0","0","0","1","","0","0","0","","","0","","2","","40 34:46.032","1","0","79 57:26.837","0","0","0","0","2207","0","0","0","N","0","0","0","2","02207","0","","1.0","1414.0","1","N","N","N","0","","0","0","1","","0","N","","2","0","0","0","0","0","0","2","0","2","","03","","N","","","","","","","","","",""
"2023033810","1411","1","0","0","0","0","0","0","0","0","7","0","","02","4","2023","2","40.481803","-79.828712","1406","11","0","0","0","0","0","0","0","0","","0","0","0","","","0","N","0","","40 28:54.489","","0","79 49:43.362","0","0","0","0","2113","0","0","0","N","0","0","0","1","02113","0","","4.0","","1","N","N","N","0","","0","0","0","","0","","","1","0","0","0","0","0","0","2","0","1","","","","N","","","","","","","","","",""
"2023033732","0932","1","0","0","0","0","0","0","0","0","4","0","","02","4","2023","2","40.454877","-79.945675","0922","11","0","0","0","0","0","1","0","0","","0","0","0","","","0","N","0","","40 27:17.557","2","7","79 56:44.431","0","0","0","0","2301","0","0","0","N","0","0","0","2","02301","0","","1.0","1000.0","1","N","N","N","0","","0","0","1","","2","Y","","2","0","0","0","0","0","0","2","0","2","","","","N","","","","","","","","","",""
"2023029931","1706","1","0","0","0","0","0","0","0","0","7","0","","02","3","2023","7","40.630878","-79.950963","1654","11","0","0","0","0","0","0","0","1","","0","0","0","","","0","N","0","","40 37:51.159","","0","79 57:03.468","0","0","0","0","2217","0","0","0","N","0","0","0","1","02505","0","","1.0","","1","N","N","N","0","","0","0","0","","0","","","1","0","0","0","0","0","0","2","0","1","","08","","N","","","","","","","","","",""
"2023030679","0250","0","0","0","0","0","0","0","0","0","7","0","","02","3","2023","7","40.428893","-79.932511","0235","11","0","0","0","0","0","0","0","0","","0","0","0","","","0","","7","","40 25:44.013","4","2","79 55:57.038","9","0","0","0","2301","0","0","0","N","0","0","0","1","68B03","0","","4.0","315.0","1","N","N","N","0","","0","0","1","","0","Y","","1","0","0","0","0","0","1","2","0","1","","","","N","","","","","","","","","",""
"2023034787","1130","0","0","0","0","0","0","0","0","0","7","0","","02","4","2023","1","40.442389","-80.073217","1127","11","0","0","0","0","1","0","0","0","","0","0","0","","","1","N","0","","40 26:32.601","4","0","80 04:23.580","3","0","0","0","2439","0","0","0","N","0","0","0","1","02439","0","","4.0","1200.0","1","N","N","N","0","","1","0","1","","0","N","","1","1","0","0","0","0","0","2","0","1","","03","","N","","","","","","","","","",""
"2023047819","1304","1","0","0","0","0","0","0","0","0","1","1","","02","5","2023","5","40.348309","-80.025007","1301","11","0","0","0","0","0","2","0","1","","0","1","0","","","0","N","0","","40 20:53.911","2","0","80 01:30.025","0","0","0","0","2407","0","0","0","N","0","0","0","3","02407","0","","1.0","1345.0","1","N","N","N","0","","0","0","1","","0","N","","3","0","0","0","0","0","0","2","0","3","","","","N","","","","","","","","","",""
"2023030475","0729","0","0","0","0","0","0","0","0","0","1","0","","02","4","2023","4","40.416917","-80.057455","0718","11","0","0","0","0","0","1","0","0","","0","0","0","","","0","N","0","","40 25:00.902","4","0","80 03:26.839","0","0","0","0","2435","0","0","0","N","0","0","0","5","68B03","0","","1.0","729.0","1","N","N","N","1","","0","0","1","","0","N","","2","0","0","0","0","0","0","2","0","2","","","","N","","","","","","","","","",""
"2023019823","0510","1","0","1","0","0","0","0","0","0","7","0","","02","3","2023","4","40.511132","-80.128188","0508","11","0","0","0","0","0","0","0","0","","0","0","0","","","1","N","0","","40 30:40.074","3","0","80 07:41.478","2","0","0","0","2110","0","0","0","N","0","0","0","1","02215","0","","3.0","542.0","1","N","N","N","0","","0","1","0","","0","Y","","1","1","0","0","0","0","0","2","0","1","","03","","N","","","","","","","","","",""
"2023046605","2122","0","0","0","0","0","0","0","0","0","98","0","","02","5","2023","5","40.571911","-80.001866","2113","11","0","0","1","0","0","0","0","0","","0","0","0","","","2","N","0","","40 34:18.878","1","0","80 00:06.718","3","0","0","0","2108","0","0","0","N","0","0","0","2","02108","0","","1.0","2200.0","1","N","N","N","0","","2","0","1","","0","N","","1","2","0","0","0","0","0","2","0","1","","03","","N","","","","","","","","","",""
"2023033784","1151","0","0","0","0","0","0","0","0","0","1","0","","02","4","2023","2","40.340701","-79.964517","1149","11","0","0","0","0","0","1","0","0","","0","0","0","","","0","","1","","40 20:26.525","1","0","79 57:52.261","0","0","0","0","2454","0","0","0","N","0","0","0","4","02454","0","","1.0","1225.0","1","N","N","N","2","","0","0","1","","2","N","","3","0","0","0","0","0","0","2","0","3","","03","","N","","","","","","","","","",""
"2023038200","0216","1","0","0","0","0","0","0","0","0","5","0","","02","4","2023","6","40.398387","-79.896446","0216","11","0","0","0","0","0","0","0","0","","0","0","0","","","0","N","0","","40 23:54.193","","99","79 53:47.205","0","0","0","0","2448","0","0","0","N","0","0","0","1","02448","0","","4.0","","1","N","N","N","0","","0","0","1","","0","N","","2","0","0","0","0","0","0","2","0","2","","03","","N","","","","","","","","","",""
"2023030669","1518","1","0","0","0","0","0","0","0","0","1","0","","02","4","2023","5","40.425152","-80.009624","1514","11","0","0","0","0","0","0","1","0","","0","0","0","","","1","","2","","40 25:30.547","6","0","80 00:34.646","8","0","0","0","2301","0","0","0","N","0","0","0","3","02301","0","","1.0","1545.0","1","N","N","N","0","","0","0","1","","3","N","","2","1","0","0","0","1","0","2","0","2","","04","","N","","","","","","","","","",""
"2023011551","0821","1","0","0","0","0","0","0","0","0","4","0","","02","2","2023","6","40.426273","-79.963543","0812","11","0","0","0","0","0","0","0","0","","0","0","0","","","1","","1","","40 25:34.584","","0","79 57:48.754","3","0","0","0","2301","0","0","0","N","0","0","0","2","02301","0","","1.0","","1","N","N","Y","0","","1","0","1","","2","","","2","1","0","0","0","0","0","2","0","2","","04","","N","","","","","","","","","",""
"2023033244","2125","1","0","0","0","0","0","0","0","0","7","0","","02","4","2023","6","40.413495","-79.845522","2120","11","0","0","0","0","0","0","0","0","","0","0","0","","","1","N","0","","40 24:48.582","3","0","79 50:43.879","4","0","0","0","2431","0","0","0","Y","0","0","0","2","02431","1","","4.0","2210.0","1","N","N","N","0","","0","0","0","","0","N","","1","1","0","0","0","0","0","2","0","1","","","","N","","","","","","","","","",""
"2023033366","2338","1","0","0","0","0","0","0","0","0","4","0","","02","4","2023","5","40.469704","-79.921035","2335","11","0","0","0","0","0","0","0","0","","0","0","0","","","3","","1","","40 28:10.934","","0","79 55:15.725","3","0","0","0","2301","0","0","0","N","0","0","0","4","02301","1","","1.0","","1","N","N","N","0","","2","0","1","","2","","","2","3","0","0","0","0","0","2","0","2","","","","N","","","","","","","","","",""
"2023033131","0252","1","0","0","0","0","0","0","0","0","5","0","","02","4","2023","7","40.427915","-79.955694","0246","11","0","0","0","0","0","0","0","0","","0","0","0","","","0","N","0","","40 25:40.493","5","0","79 57:20.499","0","0","0","0","2301","0","0","0","N","0","0","0","2","02301","0","","1.0","335.0","1","N","N","N","0","","0","0","1","","0","N","","2","0","0","0","0","0","0","2","0","2","","03","","N","","","","","","","","","",""
"2023021767","0701","2","0","0","0","0","0","0","0","0","1","0","","02","3","2023","4","40.527668","-79.847245","0651","11","0","0","0","0","0","2","0","0","","0","0","0","","","0","N","0","","40 31:39.603","6","3","79 50:50.083","0","0","0","0","2208","0","0","0","N","0","0","0","3","02208","0","","1.0","733.0","1","N","N","Y","0","","0","0","1","","0","N","","3","0","0","0","0","0","0","1","0","3","","03","","N","","","","","","","","","",""
"2023011914","1358","1","0","0","0","0","0","0","0","0","4","0","","02","2","2023","7","40.392676","-80.016401","1347","11","0","0","0","0","0","0","1","1","","0","0","0","","","0","","1","","40 23:33.633","","0","80 00:59.043","0","0","0","0","2301","0","0","0","N","0","0","0","2","02301","0","","1.0","","1","N","N","N","0","","0","0","1","","3","","","2","0","0","0","0","0","0","2","0","2","","03","","N","","","","","","","","","",""
"2023034578","1711","1","0","0","0","0","0","0","0","0","1","0","","02","4","2023","4","40.396765","-79.90052","1709","11","0","0","0","0","0","0","0","0","","0","0","0","","","1","N","0","","40 23:48.355","","0","79 54:01.872","3","0","0","0","2448","0","0","0","N","0","0","0","2","02448","0","","1.0","","1","N","N","N","0","","1","0","1","","0","N","","2","1","0","0","0","0","0","2","0","2","","03","","N","","","","","","","","","",""
"2023035622","1636","1","0","0","0","0","0","0","0","0","4","0","","02","4","2023","4","40.48345","-80.071188","1630","11","0","0","0","0","0","1","0","0","","0","0","0","","","0","N","0","","40 29:00.420","5","0","80 04:16.275","0","0","0","0","2122","0","0","0","N","0","0","0","2","02122","0","","1.0","1653.0","1","N","N","N","0","","0","0","1","","0","N","","2","0","0","0","0","0","0","2","0","2","","03","","N","","","","","","","","","",""
"2023032650","1455","1","0","0","0","0","0","0","0","0","7","0","","02","4","2023","5","40.454271","-79.794132","1450","11","0","0","0","0","0","1","0","0","","0","0","0","","","1","N","0","","40 27:15.374","","0","79 47:38.875","3","0","0","0","2113","0","0","0","N","0","0","0","1","02113","0","","4.0","","1","N","N","N","0","","1","0","0","","0","","","1","1","0","0","0","0","0","2","0","1","","03","","N","","","","","","","","","",""
"2023020719","0220","0","0","0","0","0","0","0","0","0","7","0","","02","3","2023","1","40.471505","-80.040019","0215","11","0","0","0","0","0","0","0","0","","0","0","0","","","0","","3","","40 28:17.419","","0","80 02:24.067","0","0","0","0","2301","0","0","0","N","0","0","0","2","02301","0","","2.0","","1","N","N","N","0","","0","0","1","","0","","","1","0","0","0","0","0","0","2","0","1","","","","N","","","","","","","","","",""
"2023030438","1910","1","0","0","0","0","0","0","0","0","1","0","","02","3","2023","6","40.434105","-79.994053","1850","11","0","0","0","0","0","0","1","0","","0","0","0","","","1","N","0","","40 26:02.779","","0","79 59:38.592","3","0","0","0","2301","0","0","0","N","0","0","0","3","68B03","0","","1.0","","1","N","N","N","1","","1","0","0","","0","","","3","1","0","0","0","0","0","2","0","2","","","","N","","","","","","","","","",""
"2023030037","2155","0","0","0","0","0","0","0","0","0","2","0","","02","3","2023","5","40.437552","-79.982671","2150","11","0","1","0","0","0","0","0","0","","0","0","0","","","0","","1","","40 26:15.186","","0","79 58:57.615","9","0","0","0","2301","0","0","0","N","0","0","0","2","02301","0","","1.0","","1","N","N","N","1","","0","0","1","","2","","","2","0","0","0","0","0","1","2","0","2","","","","N","","","","","","","","","",""
"2023035451","1530","1","0","0","0","0","0","0","0","0","4","0","","02","4","2023","6","40.365537","-80.061602","1525","11","0","0","0","0","0","0","1","0","","0","0","0","","","1","N","0","","40 21:55.933","","7","80 03:41.768","3","0","0","0","2109","0","0","0","N","0","0","0","2","02109","0","","1.0","","1","N","N","N","0","","1","0","1","","0","","","2","1","0","0","0","0","0","2","0","2","","03","","N","","","","","","","","","",""
"2023036720","1436","3","0","0","0","0","0","0","0","0","1","0","","02","4","2023","3","40.527832","-79.847648","1428","11","0","0","0","0","0","0","1","0","","0","0","0","","","1","N","0","","40 31:40.196","4","3","79 50:51.531","4","0","0","0","2208","0","0","0","N","0","0","0","3","02208","1","","1.0","1519.0","1","N","N","Y","0","","0","0","0","","2","N","","3","1","1","0","0","0","0","1","0","3","","03","","N","","","","","","","","","",""
"2023033121","2118","3","0","0","0","0","0","0","0","0","1","0","","02","4","2023","6","40.444215","-80.028195","2114","11","0","0","0","0","0","2","1","0","","0","0","0","","","1","","1","","40 26:39.175","1","3","80 01:41.501","8","0","0","0","2301","0","0","0","N","0","0","0","6","02301","0","","1.0","2159.0","1","N","N","Y","0","","0","0","1","","2","Y","","4","1","0","0","0","1","0","2","0","4","","98","","N","","","","","","","","","",""
"2023030561","0947","0","0","0","0","0","0","0","0","0","7","0","","02","3","2023","3","40.506646","-80.149778","0942","11","0","0","0","0","0","0","0","0","","0","0","0","","","1","N","0","","40 30:23.925","7","0","80 08:59.201","4","0","0","0","2420","0","0","0","N","0","0","0","1","02420","1","","4.0","1000.0","9","N","N","N","0","","0","0","1","","0","N","","1","1","0","0","0","0","0","2","0","1","","","","N","","","","","","","","","",""
"2023028869","2335","1","0","0","0","0","0","0","0","0","7","0","","02","3","2023","6","40.515097","-79.762575","2318","11","0","0","1","0","0","0","0","0","","0","0","0","","","1","N","0","","40 30:54.348","5","0","79 45:45.270","4","0","0","0","2466","0","0","0","N","0","0","0","1","02466","1","","5.0","2.0","9","N","N","N","0","","0","0","0","","0","Y","","1","1","0","0","0","0","0","1","0","1","","","","N","","","","","","","","","",""
"2023027316","2209","1","0","0","0","0","0","0","0","0","7","0","","02","3","2023","6","40.312276","-79.940293","2204","11","0","0","1","0","0","0","0","0","","0","0","0","","","0","N","0","","40 18:44.194","3","0","79 56:25.054","0","0","0","0","2440","0","0","0","N","0","0","0","4","02440","0","","2.0","2245.0","1","N","N","N","0","","0","0","0","","0","N","","1","0","2","0","0","0","0","2","0","1","","03","","N","","","","","","","","","",""
"2023030326","1702","1","0","0","0","0","0","0","0","0","4","0","","02","4","2023","4","40.443936","-80.097975","1654","11","0","1","0","0","0","0","0","1","","0","0","0","","","2","N","0","","40 26:38.171","","7","80 05:52.711","4","0","0","0","2115","0","0","0","N","0","0","0","5","02115","2","","1.0","","1","N","N","N","1","","0","0","1","","0","N","","3","2","0","0","0","0","0","2","0","3","","","","N","","","","","","","","","",""
"2023043690","0205","2","0","0","0","0","0","0","0","0","1","0","","02","4","2023","2","40.489607","-79.911838","0144","11","0","0","0","0","0","0","0","0","","0","0","0","","","1","N","0","","40 29:22.585","","3","79 54:42.618","3","0","0","0","2112","0","0","0","N","0","0","0","4","68D02","0","","2.0","","1","N","N","N","0","","1","0","0","","0","","","2","1","1","0","0","0","0","2","0","2","","","","N","","","","","","","","","",""
"2023035638","0652","0","0","0","0","0","0","0","0","0","4","0","","02","4","2023","4","40.337705","-79.951538","0648","11","0","0","0","0","0","0","0","0","","0","0","0","","","1","N","0","","40 20:15.737","5","7","79 57:05.535","3","0","0","0","2473","0","0","0","N","0","0","0","2","02473","0","","1.0","736.0","1","N","N","N","0","","1","0","2","","2","N","","2","1","1","0","0","0","0","2","0","2","","03","","N","","","","","","","","","",""
"2023032841","1508","1","0","0","0","0","0","0","0","0","1","0","","02","4","2023","5","40.451736","-79.981639","1502","11","0","0","0","0","0","1","0","0","","0","0","0","","","1","","2","","40 27:06.249","","0","79 58:53.902","3","0","0","1","2301","0","0","0","N","0","0","0","2","02301","0","","1.0","","1","N","N","N","0","","1","0","0","","0","","","2","1","0","0","0","0","0","2","0","2","","03","","N","","","","","","","","","",""
"2023027677","0052","1","0","0","0","0","0","0","0","0","7","0","","02","3","2023","1","40.506621","-80.037035","0048","11","0","0","0","0","0","0","0","0","","0","0","0","","","0","Y","0","","40 30:23.836","5","0","80 02:13.325","9","0","0","0","2116","0","0","0","N","0","0","0","1","02116","0","","5.0","356.0","1","N","N","N","0","","0","0","0","","0","Y","","1","0","0","0","0","0","1","2","0","1","","03","","N","","","","","","","","","",""
"2023020704","1910","1","0","0","0","0","0","0","0","0","6","0","","02","3","2023","7","40.494304","-79.860118","1910","11","0","0","0","0","0","1","0","1","","0","0","0","","","1","N","0","","40 29:39.496","5","0","79 51:36.425","8","0","0","0","2408","0","0","0","N","0","0","0","6","02408","0","","1.0","1955.0","1","N","N","Y","0","","0","0","2","","0","Y","","4","1","0","0","0","1","0","2","1","4","","03","","N","","","","","","","","","",""
"2023022126","1539","2","0","0","0","0","0","0","0","0","5","0","","02","3","2023","4","40.464651","-79.828607","1537","11","0","0","0","0","0","0","1","1","","0","0","0","","","0","Y","0","","40 27:52.743","","0","79 49:42.985","0","0","0","0","2113","0","0","0","N","0","0","0","2","02113","0","","1.0","","1","N","N","N","0","","0","0","0","","0","","","2","0","0","0","0","0","0","2","0","2","","03","","N","","","","","","","","","",""
"2023011114","0229","0","0","0","0","0","0","0","0","0","7","0","","02","2","2023","5","40.469905","-79.894326","0224","11","1","0","0","0","0","0","0","0","","0","0","0","","","1","N","0","","40 28:11.659","","0","79 53:39.572","8","0","0","0","2301","0","0","0","N","0","0","0","1","02301","0","","4.0","","1","N","N","N","0","","0","0","1","","0","","","1","1","1","0","0","1","0","2","0","1","","03","","N","","","","","","","","","",""
"2023048320","0535","1","0","0","0","0","0","0","0","0","98","0","","02","5","2023","1","40.644103","-80.020655","0520","11","0","0","0","0","0","0","0","0","","0","0","0","","","0","N","0","","40 38:38.769","","0","80 01:14.357","0","0","0","0","2216","0","0","0","N","0","0","0","1","68T02","0","","1.0","","1","N","N","N","0","","0","0","0","","0","","","1","0","0","0","0","0","0","2","0","1","","","","N","","","","","","","","","",""
"2023011807","0155","2","0","0","0","0","0","0","0","0","4","0","","02","2","2023","7","40.450422","-79.948744","0154","11","0","0","0","0","0","1","0","0","","0","0","0","","","1","","1","","40 27:01.518","","0","79 56:55.477","3","0","0","0","2301","0","0","0","N","0","0","0","2","02301","0","","1.0","","1","N","N","N","0","","1","0","0","","2","","","2","1","0","0","0","0","0","2","0","2","","","","N","","","","","","","","","",""
"2023029954","2340","1","0","0","0","0","0","0","0","0","7","0","","02","3","2023","4","40.529265","-80.230779","2334","11","0","0","0","0","0","0","0","0","","0","0","0","","","0","N","0","","40 31:45.355","","0","80 13:50.806","0","0","0","0","2213","0","0","0","N","0","0","0","1","02213","0","","4.0","","9","N","N","N","0","","0","0","0","","0","","","1","0","0","0","0","0","0","2","0","1","","","","N","","","","","","","","","",""
"2023011471","0659","1","0","0","0","0","0","0","0","0","4","0","","02","2","2023","5","40.427539","-79.751237","0655","11","0","0","0","0","0","0","1","0","","0","0","0","","","1","","2","","40 25:39.140","","0","79 45:04.453","3","0","0","0","2446","0","0","0","N","0","0","0","4","02446","0","","1.0","","1","N","N","N","0","","1","0","1","","2","","","2","1","0","0","0","0","0","2","0","2","","","","N","","","","","","","","","",""
"2023048273","1521","0","0","0","0","0","0","0","0","0","1","1","","02","5","2023","6","40.449217","-80.004822","1448","11","0","0","0","0","0","1","0","0","","0","1","0","","","1","N","0","","40 26:57.182","2","0","80 00:17.359","3","0","0","0","2301","0","0","0","N","0","0","0","2","68B03","0","","1.0","1540.0","9","N","N","N","0","","1","0","1","","0","N","","2","1","0","0","0","0","0","2","0","2","","","","N","","","","","","","","","",""
"2023038154","2146","0","0","0","0","0","0","0","0","0","98","0","","02","4","2023","5","40.506942","-79.857315","2146","11","0","0","0","0","0","0","0","0","","0","0","0","","","0","N","0","","40 30:24.991","1","0","79 51:26.334","0","0","0","0","2112","0","0","0","N","0","0","0","1","68D02","0","","1.0","2228.0","1","N","N","N","0","","0","0","1","","0","N","","1","0","0","0","0","0","0","2","0","1","","03","","N","","","","","","","","","",""
"2023012043","2054","1","0","0","0","0","0","0","0","0","6","0","","02","2","2023","7","40.467306","-79.999028","2054","11","0","0","0","0","0","0","0","0","","0","0","0","","","0","Y","0","","40 28:02.300","3","0","79 59:56.500","0","0","0","0","2301","0","0","0","N","0","0","0","1","02301","0","","6.0","2130.0","1","N","N","N","1","","0","0","0","","0","N","","2","0","0","0","0","0","0","2","0","2","","03","","N","","","","","","","","","",""
"2023037322","0804","2","0","0","0","0","0","0","0","0","4","0","","02","4","2023","5","40.434084","-79.764433","0800","11","0","0","0","0","0","0","0","0","","0","0","0","","","0","","2","","40 26:02.702","3","0","79 45:51.959","0","0","0","0","2446","0","0","0","N","0","0","0","3","02446","0","","1.0","830.0","1","N","N","N","0","","0","0","0","","2","N","","2","0","0","0","0","0","0","2","0","2","","","","N","","","","","","","","","",""
"2023035263","0205","0","0","0","0","0","0","0","0","0","98","0","","02","4","2023","7","40.642343","-80.012889","0200","11","0","0","0","0","0","0","0","0","","0","0","0","","","0","N","0","","40 38:32.433","","0","80 00:46.399","0","0","0","0","2216","0","0","0","N","0","0","0","1","68T02","0","","1.0","","1","N","N","N","0","","0","0","0","","0","","","1","0","0","0","0","0","0","2","1","1","","03","","N","","","","","","","","","",""
"2023005877","0101","1","0","0","0","0","0","0","0","0","0","0","","02","1","2023","4","40.435469","-79.984129","0057","11","0","0","0","0","0","0","0","0","","0","0","0","","","0","N","0","","40 26:07.687","","0","79 59:02.864","0","0","0","0","2301","0","0","0","N","0","0","0","1","02301","0","","1.0","","1","N","N","N","0","","0","0","0","","0","","","1","0","0","0","0","0","0","2","0","1","","","","N","","","","","","","","","",""
"2023028882","1614","1","0","0","0","0","0","0","0","0","1","0","","02","3","2023","6","40.291366","-79.914179","1614","11","0","0","0","0","0","1","1","0","","0","0","0","","","1","N","0","","40 17:28.918","","0","79 54:51.046","3","0","0","0","2440","0","0","0","N","0","0","0","4","02440","0","","1.0","","9","N","N","N","0","","1","0","1","","0","","","2","1","0","0","0","0","0","2","0","2","","","","N","","","","","","","","","",""