"CRN","ARRIVAL_TM","AUTOMOBILE_COUNT","BELTED_DEATH_COUNT","BELTED_SUSP_SERIOUS_INJ_COUNT","BICYCLE_COUNT","BICYCLE_DEATH_COUNT","BICYCLE_SUSP_SERIOUS_INJ_COUNT","BUS_COUNT","CHLDPAS_DEATH_COUNT","CHLDPAS_SUSP_SERIOUS_INJ_COUNT","COLLISION_TYPE","COMM_VEH_COUNT","CONS_ZONE_SPD_LIM","COUNTY","CRASH_MONTH","CRASH_YEAR","DAY_OF_WEEK","DEC_LATITUDE","DEC_LONGITUDE","DISPATCH_TM","DISTRICT","DRIVER_COUNT_16YR","DRIVER_COUNT_17YR","DRIVER_COUNT_18YR","DRIVER_COUNT_19YR","DRIVER_COUNT_20YR","DRIVER_COUNT_50_64YR","DRIVER_COUNT_65_74YR","DRIVER_COUNT_75PLUS","EST_HRS_CLOSED","FATAL_COUNT","HEAVY_TRUCK_COUNT","HORSE_BUGGY_COUNT","HOUR_OF_DAY","ILLUMINATION","INJURY_COUNT","INTERSECTION_RELATED","INTERSECT_TYPE","LANE_CLOSED","LATITUDE","LN_CLOSE_DIR","LOCATION_TYPE","LONGITUDE","MAX_SEVERITY_LEVEL","MCYCLE_DEATH_COUNT","MCYCLE_SUSP_SERIOUS_INJ_COUNT","MOTORCYCLE_COUNT","MUNICIPALITY","NONMOTR_COUNT","NONMOTR_DEATH_COUNT","NONMOTR_SUSP_SERIOUS_INJ_COUNT","NTFY_HIWY_MAINT","PED_COUNT","PED_DEATH_COUNT","PED_SUSP_SERIOUS_INJ_COUNT","PERSON_COUNT","POLICE_AGCY","POSSIBLE_INJ_COUNT","RDWY_SURF_TYPE_CD","RELATION_TO_ROAD","ROADWAY_CLEARED","ROAD_CONDITION","SCH_BUS_IND","SCH_ZONE_IND","SECONDARY_CRASH","SMALL_TRUCK_COUNT","SPEC_JURIS_CD","SUSP_MINOR_INJ_COUNT","SUSP_SERIOUS_INJ_COUNT","SUV_COUNT","TCD_FUNC_CD","TCD_TYPE","TFC_DETOUR_IND","TIME_OF_DAY","TOTAL_UNITS","TOT_INJ_COUNT","UNBELTED_OCC_COUNT","UNB_DEATH_COUNT","UNB_SUSP_SERIOUS_INJ_COUNT","UNK_INJ_DEG_COUNT","UNK_INJ_PER_COUNT","URBAN_RURAL","VAN_COUNT","VEHICLE_COUNT","WEATHER1","WEATHER2","WORKERS_PRES","WORK_ZONE_IND","WORK_ZONE_LOC","WORK_ZONE_TYPE","WZ_CLOSE_DETOUR","WZ_FLAGGER","WZ_LAW_OFFCR_IND","WZ_LN_CLOSURE","WZ_MOVING","WZ_OTHER","WZ_SHLDER_MDN","WZ_WORKERS_INJ_KILLED"
"2023061229","0825","1","0","0","0","0","0","0","0","0","4","0","","02","7","2023","3","40.521839","-80.175191","0818","11","0","0","0","0","0","1","0","0","","0","0","0","","","0","","2","","40 31:18.619","","0","80 10:30.687","0","0","0","0","2213","0","0","0","N","0","0","0","6","02213","0","","1.0","","1","N","N","N","1","","0","0","0","","0","","","2","0","0","0","0","0","0","2","0","2","","","","N","","","","","","","","","",""
"2023060087","1757","1","0","0","0","0","0","0","0","0","4","0","","02","7","2023","1","40.38757","-80.090943","1752","11","0","0","0","0","0","1","0","0","","0","0","0","","","1","N","0","","40 23:15.251","6","0","80 05:27.395","3","0","0","0","2102","0","0","0","N","0","0","0","2","02102","0","","1.0","1817.0","1","N","N","N","1","","1","0","0","","0","N","","2","1","0","0","0","0","0","2","0","2","","03","","N","","","","","","","","","",""
"2023059941","1446","0","0","0","1","0","0","0","0","0","8","1","","02","7","2023","5","40.369783","-79.815219","1443","11","0","0","0","0","0","1","0","0","","0","1","0","","","1","N","0","","40 22:11.220","","0","79 48:54.788","4","0","0","0","2111","1","0","0","N","0","0","0","2","02111","1","","1.0","","1","N","N","N","0","","0","0","0","","0","","","2","1","0","0","0","0","0","2","0","1","","03","","N","","","","","","","","","",""
"2023046211","2009","2","0","0","0","0","0","0","0","0","1","0","45","02","5","2023","1","40.493016","-79.910134","2004","11","0","0","0","0","0","0","1","0","","0","0","0","","","1","","6","","40 29:34.859","","8","79 54:36.484","3","0","0","0","2112","0","0","0","N","0","0","0","3","68D02","0","","1.0","","1","N","N","N","0","","1","0","0","","4","","","2","1","0","0","0","0","0","2","0","2","","03","N","Y","4","1","","","N","","","","Y","N"
"2023059201","1606","1","0","0","0","0","0","0","0","0","5","0","","02","6","2023","6","40.653596","-80.071457","1558","11","0","0","0","0","0","1","0","0","","0","0","0","","","0","N","0","","40 39:12.946","","7","80 04:17.246","0","0","0","0","2212","0","0","0","N","0","0","0","2","02505","0","","1.0","","1","N","N","N","0","","0","0","0","","0","","","2","0","0","0","0","0","0","2","1","2","","03","","N","","","","","","","","","",""
"2023047039","1244","1","0","0","0","0","0","0","0","0","1","0","","02","5","2023","1","40.393718","-79.934522","1237","11","0","0","0","0","0","0","1","0","","0","0","0","","","0","","3","","40 23:37.385","4","1","79 56:04.279","0","0","0","0","2301","0","0","0","N","0","0","0","2","02301","0","","1.0","1310.0","1","N","N","N","0","","0","0","1","","4","N","","2","0","1","0","0","0","0","2","0","2","","03","","N","","","","","","","","","",""
"2023061904","1515","2","0","0","0","0","0","0","0","0","1","0","","02","7","2023","4","40.429205","-79.941619","1444","11","0","0","0","0","1","0","0","0","","0","0","0","","","3","N","0","","40 25:45.137","3","0","79 56:29.828","3","0","0","0","2301","0","0","0","N","0","0","0","4","68B03","0","","4.0","1530.0","1","N","N","N","0","","3","0","0","","0","N","","2","3","0","0","0","0","0","2","0","2","","","","N","","","","","","","","","",""
"2023047320","0350","3","0","0","0","0","0","0","0","0","6","0","","02","5","2023","1","40.40214","-79.904923","0343","11","0","0","0","0","0","0","0","0","","0","0","0","","","0","N","0","","40 24:07.703","6","0","79 54:17.724","9","0","0","0","2438","0","0","0","N","0","0","0","1","02438","0","","6.0","430.0","1","N","N","Y","0","","0","0","0","","0","Y","","3","0","0","0","0","0","1","2","0","3","","03","","N","","","","","","","","","",""
"2023055953","2208","1","0","0","0","0","0","0","0","0","4","0","","02","5","2023","4","40.414152","-80.009692","2206","11","0","0","0","0","0","0","0","0","","0","0","0","","","0","","6","","40 24:50.948","","2","80 00:34.890","0","0","0","0","2301","0","0","0","N","0","0","0","3","02301","0","","1.0","","1","N","N","N","1","","0","0","0","","0","","","2","0","0","0","0","0","0","2","0","2","","98","","N","","","","","","","","","",""
"2023061007","0035","1","0","0","0","0","0","0","0","0","1","0","","02","5","2023","4","40.442831","-80.042428","0027","11","0","0","1","0","0","0","0","0","","0","0","0","","","1","","2","","40 26:34.191","","0","80 02:32.740","3","0","0","0","2301","0","0","0","N","0","0","0","4","02301","0","","1.0","","1","N","N","N","0","","1","0","0","","2","","","2","1","0","0","0","0","2","2","0","2","","03","","N","","","","","","","","","",""
"2023053655","1805","0","0","0","0","0","0","0","0","0","4","0","","02","6","2023","6","40.47198","-80.028132","1800","11","0","0","0","0","0","0","0","0","","0","0","0","","","1","","2","","40 28:19.128","7","0","80 01:41.275","3","0","0","1","2301","0","0","0","N","0","0","0","2","02301","0","","1.0","1850.0","1","N","N","N","0","","1","0","1","","3","Y","","2","1","0","0","0","0","0","2","0","2","","03","","N","","","","","","","","","",""
"2023061010","1802","0","0","0","0","0","0","0","0","0","2","0","","02","7","2023","1","40.352885","-79.961814","1758","11","0","0","0","0","0","0","0","0","","0","0","0","","","2","N","0","","40 21:10.387","7","0","79 57:42.532","3","0","0","0","2403","0","0","0","N","0","0","0","3","02403","0","","1.0","1954.0","1","N","N","N","0","","1","0","1","","0","N","","2","2","0","0","0","1","0","2","1","2","","","","N","","","","","","","","","",""
"2023047008","2157","1","0","0","0","0","0","0","0","0","7","0","","02","5","2023","3","40.433447","-80.060114","2152","11","0","0","0","0","0","0","0","0","","0","0","0","","","1","N","0","","40 26:00.408","5","0","80 03:36.411","4","0","0","0","2421","0","0","0","N","0","0","0","1","02421","1","","4.0","2235.0","1","N","N","N","0","","0","0","0","","0","Y","","1","1","1","0","0","0","0","2","0","1","","","","N","","","","","","","","","",""
"2023060086","1632","1","0","0","0","0","0","0","0","0","5","0","","02","7","2023","6","40.545801","-80.016622","1632","11","0","1","0","0","0","0","0","0","","0","0","0","","","0","N","1","","40 32:44.885","1","0","80 00:59.838","0","0","0","0","2116","0","0","0","N","0","0","0","4","02116","0","","1.0","1700.0","1","N","N","N","0","","0","0","1","","0","N","","2","0","0","0","0","0","0","2","0","2","","","","N","","","","","","","","","",""
"2023046906","1830","1","0","0","0","0","0","0","0","0","4","0","","02","5","2023","7","40.454396","-79.947666","1826","11","0","0","0","0","0","0","0","0","","0","0","0","","","3","","1","","40 27:15.824","4","0","79 56:51.597","8","0","0","0","2301","0","0","0","N","0","0","0","3","02301","0","","1.0","1928.0","1","N","N","Y","0","","0","0","1","","2","Y","","2","3","0","0","0","3","0","2","0","2","","","","N","","","","","","","","","",""
"2023045777","0214","1","0","0","0","0","0","0","0","0","7","0","","02","5","2023","1","40.364861","-80.043972","0212","11","0","0","0","0","0","0","0","0","","0","0","0","","","1","","2","","40 21:53.501","","0","80 02:38.300","8","0","0","0","2109","0","0","0","N","0","0","0","2","02109","0","","4.0","","1","N","N","N","0","","0","0","0","","0","","","1","1","0","0","0","1","0","2","0","1","","03","","N","","","","","","","","","",""
"2023050092","0212","0","0","0","0","0","0","0","0","0","7","0","","02","5","2023","6","40.364669","-79.967144","0210","11","0","0","0","0","0","0","0","1","","0","0","0","","","0","N","0","","40 21:52.810","2","0","79 58:01.720","0","0","0","0","2476","0","0","0","N","0","0","0","1","02476","0","","3.0","20.0","1","N","N","N","0","","0","0","1","","0","N","","1","0","0","0","0","0","0","2","0","1","","","","N","","","","","","","","","",""
"2023057262","1421","0","0","0","0","0","0","0","0","0","4","0","","02","6","2023","6","40.475404","-79.829091","1413","11","0","0","0","0","0","1","0","1","","0","0","0","","","0","N","0","","40 28:31.455","","7","79 49:44.729","0","0","0","0","2113","0","0","0","N","0","0","0","2","02113","0","","1.0","","1","N","N","N","0","","0","0","2","","0","","","2","0","0","0","0","0","0","2","0","2","","03","","N","","","","","","","","","",""
"2023046686","1002","2","0","0","0","0","0","0","0","0","4","0","","02","5","2023","6","40.413634","-79.989685","0958","11","0","0","0","0","0","1","0","0","","0","0","0","","","0","","1","","40 24:49.083","2","0","79 59:22.867","0","0","0","0","2301","0","0","0","N","0","0","0","4","02301","0","","1.0","1034.0","1","N","N","N","0","","0","0","0","","2","Y","","2","0","0","0","0","0","0","2","0","2","","03","","N","","","","","","","","","",""
"2023060789","0746","1","0","0","0","0","0","0","0","0","7","0","","02","7","2023","2","40.668714","-80.102464","0725","11","0","0","0","0","0","0","0","0","","0","0","0","","","0","N","0","","40 40:07.370","","0","80 06:08.870","0","0","0","0","2212","0","0","0","N","0","0","0","1","02505","0","","2.0","","1","N","N","N","0","","0","0","0","","0","","","1","0","0","0","0","0","0","2","0","1","","03","","N","","","","","","","","","",""
"2023053598","1858","1","0","0","0","0","0","0","0","0","1","0","","02","6","2023","6","40.439492","-79.993589","1648","11","0","0","0","0","0","0","0","0","","0","0","0","","","0","N","0","","40 26:22.170","2","0","79 59:36.919","0","0","0","0","2301","0","0","0","N","0","0","0","4","02301","0","","1.0","1720.0","1","N","N","N","0","","0","0","1","","0","Y","","2","0","0","0","0","0","0","2","0","2","","03","","N","","","","","","","","","",""
"2023050718","1539","0","0","0","0","0","0","0","0","0","4","0","","02","5","2023","3","40.309937","-80.01531","1535","11","0","0","0","0","0","1","0","1","","0","0","0","","","0","","2","","40 18:35.773","5","0","80 00:55.115","0","0","0","0","2219","0","0","0","N","0","0","0","3","02219","0","","1.0","1641.0","1","N","N","N","0","","0","0","2","","0","N","","2","0","0","0","0","0","0","2","0","2","","","","N","","","","","","","","","",""
"2023069821","1328","2","0","0","0","0","0","0","0","0","4","0","","02","8","2023","1","40.526027","-80.250864","1322","11","0","1","0","1","0","0","0","0","","0","0","0","","","2","","2","","40 31:33.697","6","0","80 15:03.110","3","0","0","0","2213","0","0","0","N","0","0","0","3","02213","1","","1.0","100.0","1","N","N","N","0","","1","0","0","","3","Y","","2","2","0","0","0","0","0","2","0","2","","04","","N","","","","","","","","","",""
"2023056089","1400","1","0","0","0","0","0","0","0","0","1","0","","02","6","2023","1","40.447228","-80.070082","1358","11","0","0","0","0","0","1","0","0","","0","0","0","","","0","N","0","","40 26:50.022","","0","80 04:12.294","9","0","0","0","2439","0","0","0","N","0","0","0","1","02439","0","","6.0","","1","N","N","N","1","","0","0","0","","9","","","2","0","1","0","0","0","1","2","0","2","","","","N","","","","","","","","","",""
"2023058065","0804","1","0","0","0","0","0","0","0","0","1","0","","02","5","2023","5","40.450918","-79.994423","0745","11","0","0","0","0","0","1","0","0","","0","0","0","","","2","N","0","","40 27:03.304","1","3","79 59:39.923","3","0","0","0","2301","0","0","0","N","0","0","0","2","68B03","0","","1.0","845.0","1","N","N","N","0","","2","0","1","","0","N","","2","2","0","0","0","0","0","2","0","2","","","","N","","","","","","","","","",""
"2023062025","1438","1","0","0","0","0","0","0","0","0","4","0","","02","7","2023","5","40.492274","-79.864261","1434","11","0","0","0","0","0","2","0","0","","0","0","0","","","0","N","0","","40 29:32.188","2","0","79 51:51.340","0","0","0","0","2408","0","0","0","N","0","0","0","2","02408","0","","1.0","1520.0","1","N","N","N","0","","0","0","1","","0","N","","2","0","0","0","0","0","0","2","0","2","","","","N","","","","","","","","","",""
"2023060880","1222","2","0","0","0","0","0","0","0","0","1","0","","02","6","2023","7","40.458351","-79.998599","1205","11","0","0","0","0","0","0","0","0","","0","0","0","","","0","N","0","","40 27:30.064","","0","79 59:54.956","0","0","0","0","2301","0","0","0","N","0","0","0","2","68B03","0","","1.0","","1","N","N","Y","0","","0","0","0","","8","","","2","0","0","0","0","0","0","2","0","2","","03","","N","","","","","","","","","",""
"2023047796","1304","2","0","0","0","0","0","0","0","0","4","0","","02","5","2023","6","40.346621","-80.048717","1258","11","0","0","0","0","1","0","0","1","","0","0","0","","","1","N","0","","40 20:47.834","","7","80 02:55.382","4","0","0","0","2407","0","0","0","N","0","0","0","2","02407","1","","1.0","","1","N","N","N","0","","0","0","0","","0","","","2","1","0","0","0","0","0","2","0","2","","03","","N","","","","","","","","","",""
"2023055811","1503","2","0","0","0","0","0","0","0","0","1","0","","02","6","2023","3","40.554415","-79.958241","1456","11","0","0","0","0","0","1","0","0","","0","0","0","","","0","N","0","","40 33:15.895","5","7","79 57:29.668","0","0","0","0","2207","0","0","0","N","0","0","0","3","02207","0","","1.0","1521.0","1","N","N","N","0","","0","0","1","","0","Y","","3","0","0","0","0","0","0","2","0","3","","03","","N","","","","","","","","","",""
"2023051708","0838","1","0","0","0","0","0","0","0","0","4","0","","02","5","2023","3","40.346658","-80.031799","0832","11","0","0","0","0","0","0","0","0","","0","0","0","","","0","","1","","40 20:47.969","","0","80 01:54.476","0","0","0","0","2407","0","0","0","N","0","0","0","2","02407","0","","1.0","","1","N","N","N","0","","0","0","1","","3","","","2","0","0","0","0","0","0","2","0","2","","","","N","","","","","","","","","",""
"2023046280","0422","1","0","0","0","0","0","0","0","0","7","0","","02","5","2023","5","40.470361","-79.816444","0416","11","0","0","0","0","0","0","0","0","","0","0","0","","","0","N","0","","40 28:13.300","","0","79 48:59.200","0","0","0","0","2113","0","0","0","N","0","0","0","1","02113","0","","6.0","","1","N","N","N","0","","0","0","0","","0","","","1","0","1","0","0","0","0","2","0","1","","","","N","","","","","","","","","",""
"2023047047","1451","1","0","0","0","0","0","0","0","0","4","0","","02","5","2023","1","40.440493","-79.960229","1447","11","0","0","0","0","1","0","0","0","","0","0","0","","","0","","1","","40 26:25.775","","0","79 57:36.823","0","0","0","0","2301","0","0","0","N","0","0","0","3","02301","0","","1.0","","1","N","N","N","0","","0","0","1","","0","","","2","0","0","0","0","0","0","2","0","2","","03","","N","","","","","","","","","",""
"2023048022","1606","1","0","0","0","0","0","0","0","0","4","0","","02","5","2023","4","40.434389","-79.765639","1603","11","0","0","0","0","0","0","1","0","","0","0","0","","","0","N","0","","40 26:03.800","4","7","79 45:56.300","0","0","0","0","2446","0","0","0","N","0","0","0","3","02446","0","","1.0","1630.0","1","N","N","N","0","","0","0","1","","0","N","","2","0","0","0","0","0","0","2","0","2","","03","","N","","","","","","","","","",""
"2023018044","1524","2","0","0","0","0","0","0","0","0","5","0","","02","2","2023","5","40.493823","-79.861108","1520","11","0","0","0","0","0","0","0","1","","0","0","0","","","0","N","0","","40 29:37.761","","0","79 51:39.989","9","0","0","0","2408","0","0","0","N","0","0","0","2","02408","0","","6.0","","1","N","N","N","0","","0","0","0","","0","","","2","0","0","0","0","0","1","2","0","2","","","","N","","","","","","","","","",""
"2023047566","0155","1","0","0","0","0","0","0","0","0","4","0","","02","5","2023","7","40.464585","-79.953743","0145","11","0","0","0","0","0","0","0","0","","0","0","0","","","0","","2","","40 27:52.506","5","0","79 57:13.476","0","0","0","0","2301","0","0","0","N","0","0","0","1","02301","0","","1.0","220.0","1","N","N","N","0","","0","0","1","","0","Y","","2","0","0","0","0","0","0","2","0","2","","03","","N","","","","","","","","","",""
"2023046264","2332","1","0","0","0","0","0","0","0","0","5","0","","02","5","2023","4","40.47736","-79.954199","2227","11","0","0","0","0","0","0","0","0","","0","0","0","","","1","N","0","","40 28:38.497","","0","79 57:15.117","4","0","0","0","2301","0","0","0","N","0","0","0","2","02301","1","","6.0","","1","N","N","N","0","","0","0","2","","0","","","3","1","0","0","0","0","0","2","0","3","","","","N","","","","","","","","","",""
"2023046737","1708","0","0","2","0","0","0","0","0","0","4","0","","02","5","2023","6","40.36304","-79.984876","1706","11","0","0","0","0","0","1","0","0","","0","0","0","","","2","","3","","40 21:46.943","4","7","79 59:05.555","2","0","0","0","2413","0","0","0","N","0","0","0","3","02413","0","","1.0","1836.0","1","N","N","N","0","","0","2","2","","3","N","","2","2","0","0","0","0","0","2","0","2","","","","N","","","","","","","","","",""
"2023046102","0945","1","0","0","0","0","0","0","0","0","7","0","","02","5","2023","4","40.383333","-80.021423","0936","11","0","0","0","0","0","1","0","0","","0","0","0","","","0","","2","","40 23:00.000","","0","80 01:17.122","0","0","0","0","2109","0","0","0","N","0","0","0","2","02109","0","","4.0","","1","N","N","N","0","","0","0","0","","0","","","2","0","0","0","0","0","0","2","0","1","","","","N","","","","","","","","","",""
"2023058161","1019","0","0","0","0","0","0","0","0","0","4","0","","02","6","2023","5","40.405405","-79.911425","1019","11","0","0","0","0","0","0","0","0","","0","0","0","","","1","","1","","40 24:19.458","1","0","79 54:41.129","3","0","0","0","2438","0","0","0","N","0","0","0","3","02438","0","","1.0","1216.0","1","N","N","N","0","","1","0","1","","3","N","","2","1","2","0","0","0","0","2","1","2","","98","","N","","","","","","","","","",""
"2023047287","0256","0","0","0","0","0","0","0","0","0","7","0","","02","5","2023","5","40.393754","-79.836916","0247","11","0","0","0","0","0","0","0","0","","0","0","0","","","0","","2","","40 23:37.516","2","3","79 50:12.899","0","0","0","0","2425","0","0","0","N","0","0","0","3","68B03","0","","2.0","319.0","1","N","N","N","0","","0","0","1","","3","N","","1","0","1","0","0","0","0","2","0","1","","","","N","","","","","","","","","",""
"2023060865","0154","0","0","0","0","0","0","0","0","0","1","1","","02","5","2023","5","40.515303","-79.854099","0138","11","0","0","0","0","0","1","0","0","","0","1","0","","","1","N","0","","40 30:55.092","2","0","79 51:14.755","3","0","0","0","2112","0","0","0","N","0","0","0","2","68D02","0","","1.0","230.0","1","N","N","N","0","","1","0","1","","0","N","","2","1","0","0","0","0","0","2","0","2","","","","N","","","","","","","","","",""
"2023047826","1005","0","0","0","0","0","0","0","0","0","4","0","","02","5","2023","3","40.443111","-79.969917","0955","11","0","0","0","0","0","1","0","0","","0","0","0","","","1","N","0","","40 26:35.200","","7","79 58:11.700","4","0","0","0","2301","0","0","0","N","0","0","0","3","02301","1","","1.0","","1","N","N","N","0","","0","0","2","","3","N","","2","1","0","0","0","0","0","2","0","2","","","","N","","","","","","","","","",""
"2023062282","1238","2","0","0","0","0","0","0","0","0","1","0","","02","7","2023","5","40.367373","-79.818574","1235","11","0","0","1","0","0","0","0","0","","0","0","0","","","2","N","2","","40 22:02.544","5","0","79 49:06.866","4","0","0","0","2111","0","0","0","N","0","0","0","2","02111","2","","1.0","1325.0","1","N","N","N","0","","0","0","0","","0","N","","2","2","2","0","0","0","0","2","0","2","","03","","N","","","","","","","","","",""
"2023048584","1525","2","0","0","0","0","0","0","0","0","4","0","","02","5","2023","6","40.358447","-80.121284","1250","11","0","0","0","0","0","0","0","1","","0","0","0","","","1","","2","","40 21:30.409","1","7","80 07:16.621","8","0","0","0","2119","0","0","0","N","0","0","0","2","02119","0","","1.0","1327.0","1","N","N","N","0","","0","0","0","","3","N","","2","1","0","0","0","1","0","2","0","2","","03","","N","","","","","","","","","",""
"2023046251","0555","0","0","0","0","0","0","0","0","0","7","0","","02","5","2023","4","40.444821","-79.828241","0551","11","0","0","0","0","1","0","0","0","","0","0","0","","","0","","2","","40 26:41.357","","0","79 49:41.669","0","0","0","0","2113","0","0","0","N","0","0","0","1","02419","0","","2.0","","1","N","N","N","0","","0","0","1","","2","","","1","0","0","0","0","0","0","2","0","1","","","","N","","","","","","","","","",""
"2023053473","2338","1","0","0","0","0","0","0","0","0","7","0","","02","6","2023","5","40.465774","-79.966725","2309","11","0","0","0","0","0","0","0","0","","0","0","0","","","0","N","0","","40 27:56.786","3","0","79 58:00.211","0","0","0","0","2301","0","0","0","N","0","0","0","1","02301","0","","4.0","4.0","1","N","N","Y","0","","0","0","1","","0","N","","2","0","1","0","0","0","0","2","0","2","","","","N","","","","","","","","","",""
"2023053773","1615","0","0","0","0","0","0","0","0","0","7","0","","02","6","2023","5","40.640347","-80.128724","1603","11","1","0","0","0","0","0","0","0","","0","0","0","","","6","N","0","","40 38:25.250","7","7","80 07:43.407","3","0","0","0","2212","0","0","0","N","0","0","0","6","02505","0","","4.0","1824.0","1","N","N","N","0","","6","0","1","","0","N","","1","6","6","0","0","0","0","1","0","1","","03","","N","","","","","","","","","",""
"2023049025","1800","1","0","0","0","0","0","0","0","0","4","0","","02","5","2023","3","40.650809","-80.078752","1752","11","0","0","0","0","0","1","1","0","","0","0","0","","","0","","2","","40 39:02.911","","0","80 04:43.506","0","0","0","0","2212","0","0","0","N","0","0","0","5","02505","0","","1.0","","1","N","N","N","0","","0","0","1","","3","","","2","0","0","0","0","0","0","2","0","2","","","","N","","","","","","","","","",""
"2023051090","1157","1","0","0","0","0","0","0","0","0","5","0","","02","5","2023","3","40.455693","-79.939288","1154","11","0","0","0","0","0","1","0","0","","0","0","0","","","0","N","0","","40 27:20.493","7","0","79 56:21.435","0","0","0","0","2301","0","0","0","N","0","0","0","2","02301","0","","1.0","1226.0","1","N","N","N","0","","0","0","1","","0","N","","2","0","0","0","0","0","0","2","0","2","","03","","N","","","","","","","","","",""
"2023066873","1736","1","0","0","1","0","0","0","0","0","8","0","","02","7","2023","2","40.312273","-79.898615","1732","11","0","0","0","0","0","0","0","0","","0","0","0","","","1","","2","","40 18:44.182","","0","79 53:55.014","8","0","0","0","2302","1","0","0","N","0","0","0","4","02302","0","","1.0","","1","N","N","N","0","","0","0","0","","0","","","2","1","0","0","0","1","0","2","0","1","","03","","N","","","","","","","","","",""
"2023060184","0310","1","0","0","0","0","0","0","0","0","98","0","","02","7","2023","5","40.485727","-80.008495","0259","11","0","0","0","0","0","0","0","0","","0","0","0","","","0","N","0","","40 29:08.618","1","0","80 00:30.583","0","0","0","0","2301","0","0","0","N","0","0","0","1","68B03","0","","1.0","315.0","1","N","N","N","0","","0","0","0","","0","N","","1","0","0","0","0","0","0","2","0","1","","","","N","","","","","","","","","",""
"2023047177","0431","1","0","0","0","0","0","0","0","0","7","0","","02","5","2023","1","40.42904","-79.995894","0425","11","0","0","0","0","0","0","0","0","","0","0","0","","","2","N","0","","40 25:44.544","4","0","79 59:45.217","3","0","0","0","2301","0","0","0","N","0","0","0","2","02301","0","","4.0","519.0","1","N","N","N","0","","2","0","1","","0","N","","2","2","2","0","0","0","0","2","0","2","","03","","N","","","","","","","","","",""
"2023046695","1133","1","0","0","0","0","0","0","0","0","4","0","","02","5","2023","6","40.329449","-79.945136","1132","11","1","0","0","0","0","0","1","0","","0","0","0","","","2","N","0","","40 19:46.015","5","7","79 56:42.489","3","0","0","0","2454","0","0","0","N","0","0","0","3","02454","0","","1.0","1215.0","1","N","N","N","0","","1","0","1","","0","Y","","3","2","0","0","0","1","0","2","1","3","","03","","N","","","","","","","","","",""
"2023060873","1022","0","0","1","0","0","0","0","0","0","1","0","","02","5","2023","2","40.442057","-79.800171","1004","11","0","0","0","0","0","1","0","0","","0","0","0","","","2","N","0","","40 26:31.406","4","0","79 48:00.615","2","0","0","0","2113","0","0","0","N","0","0","0","2","68B03","0","","1.0","1047.0","1","N","N","N","0","","1","1","2","","0","N","","2","2","0","0","0","0","0","2","0","2","","","","N","","","","","","","","","",""
"2023047317","0355","0","0","0","0","0","0","0","0","0","7","0","99","02","5","2023","1","40.351256","-79.867494","0355","11","0","0","0","0","0","0","0","0","","0","0","0","","","0","N","0","","40 21:04.522","4","0","79 52:02.977","0","0","0","0","2304","0","0","0","N","0","0","0","1","02304","0","","3.0","437.0","1","N","N","N","0","","0","0","1","","0","Y","","1","0","0","0","0","0","0","2","0","1","","","N","Y","3","2","","","N","Y","","","","N"
"2023060505","1713","0","0","0","0","0","0","0","0","0","1","0","","02","7","2023","1","40.464623","-79.933905","1701","11","0","0","0","0","0","1","0","0","","0","0","0","","","1","","2","","40 27:52.642","","0","79 56:02.057","2","0","0","0","2301","0","0","0","N","0","0","0","2","02301","0","","1.0","","1","N","N","N","0","","0","1","2","","0","","","2","1","0","0","0","0","0","2","0","2","","03","","N","","","","","","","","","",""
"2023046504","2144","0","0","0","0","0","0","0","0","0","8","0","","02","5","2023","4","40.43594","-79.995528","2137","11","0","0","0","0","0","0","0","0","","0","0","0","","","1","N","0","","40 26:09.385","3","0","79 59:43.902","2","0","0","1","2301","1","0","1","N","1","0","1","2","02301","0","","1.0","2200.0","1","N","N","N","0","","0","1","0","","0","N","","2","1","0","0","0","0","0","2","0","1","","03","","N","","","","","","","","","",""
"2023047247","1410","2","0","0","0","0","0","0","0","0","5","0","","02","5","2023","2","40.491758","-79.881627","1410","11","0","0","0","0","0","2","0","0","","0","0","0","","","2","","2","","40 29:30.330","6","2","79 52:53.857","8","0","0","0","2112","0","0","0","N","0","0","0","3","02112","0","","1.0","1510.0","1","N","N","N","0","","0","0","0","","2","Y","","2","2","0","0","0","2","0","2","0","2","","03","","N","","","","","","","","","",""
"2023055238","1707","0","0","0","0","0","0","0","0","0","4","0","","02","6","2023","1","40.396693","-80.084939","1704","11","0","0","1","0","0","0","1","0","","0","0","0","","","1","","2","","40 23:48.095","","0","80 05:05.782","3","0","0","0","2117","0","0","0","N","0","0","0","4","02117","0","","1.0","","1","N","N","N","0","","1","0","2","","0","","","2","1","0","0","0","0","0","2","0","2","","03","","N","","","","","","","","","",""
"2023053249","0703","1","0","0","0","0","0","0","0","0","7","0","","02","6","2023","5","40.409806","-80.012667","0646","11","0","0","0","0","0","1","0","0","","0","0","0","","","1","N","0","","40 24:35.300","3","0","80 00:45.600","8","0","0","0","2301","0","0","0","N","0","0","0","1","02301","0","","4.0","810.0","1","N","N","N","0","","0","0","0","","0","N","","1","1","0","0","0","1","0","2","0","1","","03","","N","","","","","","","","","",""