"CRN","ARRIVAL_TM","AUTOMOBILE_COUNT","BELTED_DEATH_COUNT","BELTED_SUSP_SERIOUS_INJ_COUNT","BICYCLE_COUNT","BICYCLE_DEATH_COUNT","BICYCLE_SUSP_SERIOUS_INJ_COUNT","BUS_COUNT","CHLDPAS_DEATH_COUNT","CHLDPAS_SUSP_SERIOUS_INJ_COUNT","COLLISION_TYPE","COMM_VEH_COUNT","CONS_ZONE_SPD_LIM","COUNTY","CRASH_MONTH","CRASH_YEAR","DAY_OF_WEEK","DEC_LATITUDE","DEC_LONGITUDE","DISPATCH_TM","DISTRICT","DRIVER_COUNT_16YR","DRIVER_COUNT_17YR","DRIVER_COUNT_18YR","DRIVER_COUNT_19YR","DRIVER_COUNT_20YR","DRIVER_COUNT_50_64YR","DRIVER_COUNT_65_74YR","DRIVER_COUNT_75PLUS","EST_HRS_CLOSED","FATAL_COUNT","HEAVY_TRUCK_COUNT","HORSE_BUGGY_COUNT","HOUR_OF_DAY","ILLUMINATION","INJURY_COUNT","INTERSECTION_RELATED","INTERSECT_TYPE","LANE_CLOSED","LATITUDE","LN_CLOSE_DIR","LOCATION_TYPE","LONGITUDE","MAX_SEVERITY_LEVEL","MCYCLE_DEATH_COUNT","MCYCLE_SUSP_SERIOUS_INJ_COUNT","MOTORCYCLE_COUNT","MUNICIPALITY","NONMOTR_COUNT","NONMOTR_DEATH_COUNT","NONMOTR_SUSP_SERIOUS_INJ_COUNT","NTFY_HIWY_MAINT","PED_COUNT","PED_DEATH_COUNT","PED_SUSP_SERIOUS_INJ_COUNT","PERSON_COUNT","POLICE_AGCY","POSSIBLE_INJ_COUNT","RDWY_SURF_TYPE_CD","RELATION_TO_ROAD","ROADWAY_CLEARED","ROAD_CONDITION","SCH_BUS_IND","SCH_ZONE_IND","SECONDARY_CRASH","SMALL_TRUCK_COUNT","SPEC_JURIS_CD","SUSP_MINOR_INJ_COUNT","SUSP_SERIOUS_INJ_COUNT","SUV_COUNT","TCD_FUNC_CD","TCD_TYPE","TFC_DETOUR_IND","TIME_OF_DAY","TOTAL_UNITS","TOT_INJ_COUNT","UNBELTED_OCC_COUNT","UNB_DEATH_COUNT","UNB_SUSP_SERIOUS_INJ_COUNT","UNK_INJ_DEG_COUNT","UNK_INJ_PER_COUNT","URBAN_RURAL","VAN_COUNT","VEHICLE_COUNT","WEATHER1","WEATHER2","WORKERS_PRES","WORK_ZONE_IND","WORK_ZONE_LOC","WORK_ZONE_TYPE","WZ_CLOSE_DETOUR","WZ_FLAGGER","WZ_LAW_OFFCR_IND","WZ_LN_CLOSURE","WZ_MOVING","WZ_OTHER","WZ_SHLDER_MDN","WZ_WORKERS_INJ_KILLED"
"2023068660","1811","0","0","0","0","0","0","0","0","0","7","0","","02","7","2023","1","40.372942","-80.099273","1806","11","0","0","0","0","0","0","0","0","","1","0","0","","","0","","2","","40 22:22.592","7","2","80 05:57.384","1","1","0","1","2102","0","0","0","N","0","0","0","1","02501","0","2","4.0","2134.0","9","N","N","N","0","0","0","0","0","","2","Y","","1","0","0","0","0","0","0","2","0","1","","04","","N","","","","","","","","","",""
"2023051591","1605","1","0","0","0","0","0","0","0","0","6","0","","02","6","2023","6","40.477922","-79.750008","1555","11","0","0","0","0","0","0","0","0","","0","0","0","","","2","N","0","","40 28:40.518","7","0","79 45:00.029","3","0","0","0","2466","0","0","0","N","0","0","0","3","02466","0","","1.0","1657.0","1","N","N","N","0","","2","0","1","","0","N","","2","2","0","0","0","0","0","2","0","2","","03","","N","","","","","","","","","",""
"2023052551","1158","0","0","0","0","0","0","0","0","0","4","0","","02","6","2023","3","40.609801","-80.054174","1155","11","0","1","1","0","0","1","0","0","","0","0","0","","","1","N","0","","40 36:35.285","4","7","80 03:15.025","4","0","0","0","2108","0","0","0","N","0","0","0","3","02108","1","","1.0","1240.0","1","N","N","N","0","","0","0","3","","0","N","","3","1","0","0","0","0","0","2","0","3","","03","","N","","","","","","","","","",""
"2023047470","1755","1","0","0","0","0","0","0","0","0","4","0","","02","5","2023","2","40.482164","-80.002872","1747","11","0","0","0","0","0","0","0","0","","0","0","0","","","1","N","0","","40 28:55.791","","0","80 00:10.338","4","0","0","0","2301","0","0","0","N","0","0","0","6","02301","1","","6.0","","1","N","N","N","0","","0","0","0","","3","","","2","1","0","0","0","0","0","2","1","2","","03","","N","","","","","","","","","",""
"2023056364","1750","1","0","0","0","0","0","0","0","0","4","0","","02","6","2023","2","40.517561","-80.224077","1742","11","0","0","0","0","0","1","0","0","","0","0","0","","","1","","2","","40 31:03.218","6","7","80 13:26.677","3","0","0","0","2213","0","0","0","N","0","0","0","2","02213","0","","1.0","1834.0","1","N","N","N","0","","1","0","1","","0","Y","","2","1","0","0","0","0","0","2","0","2","","","","N","","","","","","","","","",""
"2023067815","1232","1","0","0","0","0","0","0","0","0","4","1","","02","7","2023","2","40.427017","-79.753179","1226","11","0","0","0","0","0","1","0","1","","0","1","0","","","0","N","0","","40 25:37.262","","7","79 45:11.443","0","0","0","0","2446","0","0","0","N","0","0","0","2","02446","0","","1.0","","1","N","N","N","0","","0","0","0","","0","N","","2","0","0","0","0","0","0","2","0","2","","03","","N","","","","","","","","","",""
"2023059057","1950","1","0","0","0","0","0","0","0","0","2","0","","02","7","2023","3","40.45727","-79.997858","1850","11","0","0","0","0","0","0","0","0","","0","0","0","","","0","N","1","","40 27:26.171","","0","79 59:52.288","0","0","0","0","2301","0","0","0","N","0","0","0","3","02301","0","","1.0","","1","N","N","N","0","","0","0","0","","2","","","2","0","0","0","0","0","0","2","0","2","","","","N","","","","","","","","","",""
"2023058224","2133","1","0","0","0","0","0","0","0","0","4","0","","02","6","2023","6","40.51387","-79.951539","2131","11","0","0","0","0","0","0","1","0","","0","0","0","","","1","","2","","40 30:49.932","2","0","79 57:05.542","4","0","0","0","2118","0","0","0","N","0","0","0","2","02118","1","","1.0","2315.0","1","N","N","N","0","","0","0","1","","2","N","","2","1","1","0","0","0","0","2","0","2","","","","N","","","","","","","","","",""
"2023068397","1316","1","0","0","0","0","0","0","0","0","1","1","99","02","8","2023","5","40.435062","-79.823885","1308","11","0","0","0","0","0","1","0","0","","0","1","0","","","0","N","0","","40 26:06.224","","0","79 49:25.985","0","0","0","0","2419","0","0","0","N","0","0","0","2","02419","0","","1.0","","1","N","N","N","0","","0","0","0","","0","","","2","0","0","0","0","0","0","2","0","2","","","U","Y","3","1","","","N","Y","","","","N"
"2023060632","0425","1","0","0","0","0","0","0","0","0","8","0","","02","5","2023","4","40.365351","-79.808105","0422","11","0","0","0","0","0","0","1","0","","0","0","0","","","1","Y","0","","40 21:55.264","","0","79 48:29.177","4","0","0","0","2111","1","0","0","N","1","0","0","2","02111","1","","1.0","","1","N","N","N","0","","0","0","0","","0","","","2","1","0","0","0","0","0","2","0","1","","03","","N","","","","","","","","","",""
"2023054104","1834","2","0","0","0","0","0","0","0","0","1","0","","02","6","2023","4","40.407611","-79.914361","1834","11","0","0","0","0","0","0","0","0","","0","0","0","","","2","Y","0","","40 24:27.400","1","3","79 54:51.700","3","0","0","0","2438","0","0","0","N","0","0","0","3","02438","1","","1.0","1915.0","1","N","N","N","0","","1","0","1","","2","Y","","3","2","0","0","0","0","0","2","0","3","","03","","N","","","","","","","","","",""
"2023052672","1755","2","0","0","0","0","0","0","0","0","2","0","","02","6","2023","3","40.426559","-79.998526","1747","11","0","0","0","0","0","1","0","0","","0","0","0","","","0","N","0","","40 25:35.611","","0","79 59:54.693","9","0","0","0","2301","0","0","0","N","0","0","0","1","02301","0","","6.0","","9","N","N","Y","1","","0","0","0","","0","","","3","0","0","0","0","0","1","2","0","3","","04","","N","","","","","","","","","",""
"2023050193","1644","1","0","0","0","0","0","0","0","0","1","0","","02","6","2023","2","40.520571","-80.039664","1644","11","0","0","0","0","0","0","0","0","","0","0","0","","","1","N","0","","40 31:14.055","","0","80 02:22.791","3","0","0","1","2474","0","0","0","N","0","0","0","3","02474","0","","1.0","","1","N","N","N","0","","1","0","0","","0","","","2","1","0","0","0","0","0","2","0","2","","","","N","","","","","","","","","",""
"2023050185","1740","1","0","0","0","0","0","0","0","0","4","0","","02","6","2023","3","40.576442","-80.025916","1737","11","0","0","0","0","0","0","1","0","","0","0","0","","","0","","1","","40 34:35.192","","0","80 01:33.299","0","0","0","0","2108","0","0","0","N","0","0","0","2","02108","0","","1.0","","1","N","N","N","0","","0","0","1","","2","","","2","0","0","0","0","0","0","2","0","2","","03","","N","","","","","","","","","",""
"2023050871","1625","0","0","0","0","0","0","0","0","0","4","0","","02","6","2023","4","40.451298","-80.020071","1618","11","0","0","0","0","1","0","0","0","","0","0","0","","","0","","2","","40 27:04.673","","0","80 01:12.255","0","0","0","0","2301","0","0","0","N","0","0","0","2","02301","0","","1.0","","1","N","N","N","0","","0","0","2","","3","","","2","0","0","0","0","0","0","2","0","2","","03","","N","","","","","","","","","",""
"2023067294","1206","1","0","0","0","0","0","0","0","0","7","0","","02","7","2023","5","40.399104","-80.10558","1205","11","0","0","0","0","0","0","1","0","","0","0","0","","","0","N","0","","40 23:56.774","2","0","80 06:20.087","0","0","0","0","2102","0","0","0","N","0","0","0","1","68B03","0","","4.0","1245.0","1","N","N","N","0","","0","0","0","","0","N","","1","0","0","0","0","0","0","2","0","1","","","","N","","","","","","","","","",""
"2023066806","2311","2","0","0","0","0","0","0","0","0","4","0","","02","7","2023","6","40.458675","-79.907967","2310","11","0","0","0","0","0","0","0","0","","0","0","0","","","4","N","2","","40 27:31.229","","0","79 54:28.680","2","0","0","0","2301","0","0","0","N","0","0","0","5","02301","0","","1.0","","9","N","N","N","0","","3","1","0","","0","","","2","4","0","0","0","0","0","2","0","2","","03","","N","","","","","","","","","",""
"2023051952","1015","1","0","0","0","0","0","0","0","0","6","0","","02","6","2023","2","40.487472","-80.039889","1000","11","0","0","0","0","0","0","0","0","","0","0","0","","","1","Y","0","","40 29:14.900","","0","80 02:23.600","4","0","0","0","2301","0","0","0","N","0","0","0","1","02301","1","","6.0","","9","N","N","N","0","","0","0","1","","2","","","2","1","0","0","0","0","0","2","0","2","","07","","N","","","","","","","","","",""
"2023066975","1809","1","0","0","0","0","0","0","0","0","1","0","","02","7","2023","2","40.425834","-79.899796","1753","11","0","0","0","0","0","0","0","0","","0","0","0","","","0","N","0","","40 25:33.002","","0","79 53:59.267","0","0","0","0","2301","0","0","0","N","0","0","0","3","68B03","0","","1.0","","1","N","N","N","0","","0","0","2","","0","","","3","0","0","0","0","0","0","2","0","3","","03","","N","","","","","","","","","",""
"2023061664","1612","1","0","0","0","0","0","0","0","0","1","1","","02","7","2023","4","40.356508","-79.872664","1607","11","0","0","0","0","0","0","0","0","","0","1","0","","","0","N","0","","40 21:23.427","","0","79 52:21.591","0","0","0","0","2473","0","0","0","N","0","0","0","3","02473","0","","1.0","","1","N","N","N","0","","0","0","0","","0","","","2","0","0","0","0","0","0","2","0","2","","03","","N","","","","","","","","","",""
"2023057787","1247","1","0","0","0","0","0","0","0","0","7","0","","02","6","2023","5","40.402091","-80.000661","1239","11","0","0","0","0","0","0","0","0","","0","0","0","","","0","","1","","40 24:07.527","1","0","80 00:02.379","0","0","0","0","2301","0","0","0","N","0","0","0","1","02301","0","","4.0","1315.0","1","N","N","N","0","","0","0","0","","2","N","","1","0","0","0","0","0","0","2","0","1","","03","","N","","","","","","","","","",""
"2023071690","1842","1","0","0","0","0","0","0","0","0","1","0","","02","8","2023","7","40.336517","-80.067533","1839","11","0","0","0","0","0","0","1","0","","0","0","0","","","2","N","0","","40 20:11.460","5","0","80 04:03.117","3","0","0","0","2123","0","0","0","N","0","0","0","4","02123","0","","1.0","1946.0","9","N","N","N","1","","2","0","1","","0","Y","","3","2","0","0","0","0","0","2","0","3","","04","","N","","","","","","","","","",""
"2023045566","2134","0","0","0","0","0","0","0","0","0","7","0","","02","5","2023","2","40.431003","-80.001579","2130","11","0","0","0","0","0","0","0","0","","0","0","0","","","1","","3","","40 25:51.609","","0","80 00:05.685","2","0","1","1","2301","0","0","0","N","0","0","0","2","02301","0","","2.0","","1","N","N","N","0","","0","1","1","","0","","","2","1","0","0","0","0","0","2","0","2","","03","","N","","","","","","","","","",""
"2023050759","1622","0","0","0","0","0","0","0","0","0","4","0","","02","6","2023","4","40.363046","-79.877274","1622","11","0","0","0","0","0","0","0","0","","0","0","0","","","0","N","0","","40 21:46.965","4","7","79 52:38.186","0","0","0","0","2473","0","0","0","N","0","0","0","7","02473","0","","1.0","1730.0","1","N","N","N","1","","0","0","0","","0","Y","","2","0","0","0","0","0","0","2","1","2","","03","","N","","","","","","","","","",""
"2023056628","0740","1","0","0","0","0","0","0","0","0","4","0","","02","6","2023","3","40.469517","-79.963265","0730","11","0","0","0","0","0","0","0","0","","0","0","0","","","1","N","0","","40 28:10.261","","7","79 57:47.755","3","0","0","0","2301","0","0","0","N","0","0","0","2","02301","0","","1.0","","9","N","N","N","0","","1","0","1","","2","","","2","1","0","0","0","0","0","2","0","2","","","","N","","","","","","","","","",""
"2023061784","1735","1","0","0","0","0","0","0","0","0","7","0","","02","7","2023","4","40.514167","-80.060278","1727","11","0","0","0","1","0","0","0","0","","0","0","0","","","1","Y","0","","40 30:51.000","1","0","80 03:37.000","3","0","0","0","2116","0","0","0","Y","0","0","0","2","02116","0","","2.0","1822.0","1","N","N","N","0","","1","0","0","","0","N","","1","1","0","0","0","0","0","2","0","1","","03","","N","","","","","","","","","",""
"2023068359","1441","0","0","0","0","0","0","0","0","0","1","0","","02","8","2023","4","40.362291","-79.826111","1435","11","0","0","0","0","0","0","0","1","","0","0","0","","","1","N","1","","40 21:44.246","5","0","79 49:33.998","4","0","0","0","2111","0","0","0","N","0","0","0","2","02111","1","","1.0","1520.0","1","N","N","N","0","","0","0","1","","2","N","","2","1","0","0","0","0","0","2","1","2","","03","","N","","","","","","","","","",""
"2023067374","1614","1","0","0","0","0","0","0","0","0","1","0","","02","7","2023","2","40.645433","-80.070907","1609","11","0","0","0","0","0","0","0","0","","0","0","0","","","1","N","1","","40 38:43.558","","0","80 04:15.264","3","0","0","0","2212","0","0","0","N","0","0","0","2","02505","0","","1.0","","1","N","N","N","1","","1","0","0","","2","","","2","1","0","0","0","0","0","2","0","2","","03","","N","","","","","","","","","",""
"2023055732","0253","1","0","0","0","0","0","0","0","0","7","0","","02","6","2023","7","40.436148","-80.000485","0238","11","0","0","0","0","0","0","0","0","","0","0","0","","","0","N","0","","40 26:10.132","1","8","80 00:01.745","0","0","0","0","2301","0","0","0","N","0","0","0","1","02301","0","","2.0","300.0","1","N","N","N","0","","0","0","0","","0","N","","1","0","0","0","0","0","0","2","0","1","","","","N","","","","","","","","","",""
"2023066362","1510","1","0","1","0","0","0","0","0","0","4","0","","02","7","2023","5","40.510945","-79.957019","1507","11","0","0","0","0","0","0","0","0","","0","0","0","","","2","","2","","40 30:39.402","5","0","79 57:25.268","2","0","0","0","2118","0","0","0","N","0","0","0","4","02118","1","","1.0","1545.0","1","N","N","N","0","","0","1","1","","3","Y","","2","2","0","0","0","0","0","2","0","2","","","","N","","","","","","","","","",""
"2023066904","2136","1","0","0","0","0","0","1","0","0","1","1","","02","7","2023","6","40.497592","-79.869709","2126","11","0","0","0","0","0","0","0","0","","0","0","0","","","0","N","0","","40 29:51.331","4","0","79 52:10.952","0","0","0","0","2112","0","0","0","N","0","0","0","2","02503","0","","1.0","2224.0","1","N","N","N","0","","0","0","0","","3","N","","2","0","0","0","0","0","0","2","0","2","","03","","N","","","","","","","","","",""
"2023052531","1015","1","0","0","0","0","0","0","0","0","7","0","","02","6","2023","2","40.498479","-80.013033","1015","11","0","0","0","0","0","0","0","0","","0","0","0","","","0","N","0","","40 29:54.525","","0","80 00:46.918","0","0","0","0","2116","0","0","0","N","0","0","0","1","02116","0","","3.0","","9","N","N","N","0","","0","0","0","","0","N","","1","0","0","0","0","0","0","2","0","1","","","","N","","","","","","","","","",""
"2023063435","0739","0","0","0","0","0","0","0","0","0","7","0","","02","7","2023","3","40.491638","-80.041206","0739","11","0","0","0","0","0","0","0","0","","0","0","0","","","0","N","0","","40 29:29.895","","0","80 02:28.343","0","0","0","0","2116","0","0","0","N","0","0","0","1","02116","0","","5.0","","1","N","N","N","0","","0","0","1","","0","N","","1","0","0","0","0","0","0","2","0","1","","","","N","","","","","","","","","",""
"2023059823","1537","0","0","0","0","0","0","0","0","0","7","0","","02","6","2023","3","40.461236","-79.999384","1520","11","0","0","0","0","0","0","0","0","","0","0","0","","","1","N","0","","40 27:40.449","1","0","79 59:57.784","4","0","0","1","2301","0","0","0","N","0","0","0","1","68B03","1","","3.0","1630.0","1","N","N","N","0","","0","0","0","","0","N","","1","1","0","0","0","0","0","2","0","1","","03","","N","","","","","","","","","",""
"2023061401","0313","1","0","0","0","0","0","0","0","0","1","0","","02","5","2023","6","40.464364","-79.966014","0304","11","0","0","0","0","0","0","0","0","","0","0","0","","","0","N","0","","40 27:51.710","","0","79 57:57.650","9","0","0","0","2301","0","0","0","N","0","0","0","2","02301","0","","6.0","","1","N","N","N","0","","0","0","1","","0","","","2","0","0","0","0","0","2","2","0","2","","03","","N","","","","","","","","","",""
"2023051742","2137","0","0","0","0","0","0","0","0","0","7","0","","02","6","2023","7","40.34022","-79.838652","2132","11","0","0","0","0","0","1","0","0","","0","0","0","","","0","","2","","40 20:24.793","","0","79 50:19.147","0","0","0","0","2304","0","0","0","Y","0","0","0","1","02304","0","","4.0","","1","N","N","N","0","","0","0","0","","0","","","2","0","1","0","0","0","0","2","1","1","","03","","N","","","","","","","","","",""
"2023066635","1533","0","0","0","0","0","0","0","0","0","4","0","","02","7","2023","6","40.396234","-79.998208","1526","11","0","0","0","0","0","0","0","0","","0","0","0","","","0","","1","","40 23:46.443","4","0","79 59:53.548","0","0","0","0","2301","0","0","0","N","0","0","0","6","02301","0","","1.0","1600.0","1","N","N","N","0","","0","0","2","","0","Y","","2","0","0","0","0","0","0","2","0","2","","","","N","","","","","","","","","",""
"2023065976","1121","0","0","0","0","0","0","1","0","0","4","1","","02","7","2023","4","40.439946","-79.994214","1118","11","0","0","0","0","0","0","0","0","","0","0","0","","","3","","2","","40 26:23.805","1","0","79 59:39.172","3","0","0","0","2301","0","0","0","N","0","0","0","6","02503","0","","1.0","1152.0","1","N","N","N","0","","3","0","1","","0","N","","2","3","0","0","0","0","0","2","0","2","","03","","N","","","","","","","","","",""
"2023068124","2252","1","0","0","0","0","0","0","0","0","4","0","","02","7","2023","4","40.53027","-80.009677","2250","11","0","0","0","0","1","0","0","0","","0","0","0","","","0","N","0","","40 31:48.972","","0","80 00:34.836","0","0","0","0","2116","0","0","0","N","0","0","0","2","02116","0","","1.0","","1","N","N","N","0","","0","0","1","","0","","","2","0","0","0","0","0","0","2","0","2","","03","","N","","","","","","","","","",""
"2023053230","1238","2","0","0","0","0","0","0","0","0","1","0","","02","6","2023","3","40.451366","-80.129384","1232","11","0","0","0","0","0","2","0","1","","0","0","0","","","0","Y","0","","40 27:04.919","","0","80 07:45.783","0","0","0","0","2115","0","0","0","N","0","0","0","4","02115","0","","1.0","","1","N","N","N","0","","0","0","2","","2","N","","4","0","0","0","0","0","0","2","0","4","","","","N","","","","","","","","","",""
"2023064499","1815","0","0","0","0","0","0","0","0","0","4","1","","02","7","2023","5","40.512107","-80.131764","1814","11","0","0","0","0","0","0","1","0","","0","1","0","","","0","N","0","","40 30:43.584","","7","80 07:54.349","0","0","0","0","2110","0","0","0","N","0","0","0","2","02215","0","","1.0","","1","N","N","N","0","","0","0","1","","0","","","2","0","0","0","0","0","0","2","0","2","","03","","N","","","","","","","","","",""
"2023049655","1608","0","0","0","0","0","0","0","0","0","7","0","","02","6","2023","2","40.454105","-79.993775","1608","11","0","0","0","0","0","0","0","0","","0","0","0","","","0","","2","","40 27:14.779","","2","79 59:37.590","0","0","0","0","2301","0","0","0","N","0","0","0","1","02301","0","","5.0","","1","N","N","N","0","","0","0","1","","0","","","1","0","0","0","0","0","0","2","0","1","","","","N","","","","","","","","","",""
"2023051679","1927","1","0","0","0","0","0","0","0","0","7","0","","02","6","2023","3","40.495366","-79.869586","1927","11","0","0","0","0","1","0","0","0","","0","0","0","","","1","N","0","","40 29:43.318","2","0","79 52:10.510","3","0","0","0","2112","0","0","0","Y","0","0","0","1","68D02","0","","3.0","2038.0","1","N","N","N","0","","1","0","0","","0","N","","1","1","1","0","0","0","0","2","0","1","","","","N","","","","","","","","","",""
"2023052826","1047","0","0","0","0","0","0","0","0","0","7","0","","02","6","2023","1","40.3245","-79.908583","1042","11","0","0","0","0","0","0","0","0","","0","0","0","","","1","N","0","","40 19:28.200","","0","79 54:30.900","3","0","0","0","2473","0","0","0","N","0","0","0","2","02473","0","","5.0","","1","N","N","N","0","","1","0","2","","0","","","2","1","0","0","0","0","0","2","0","2","","03","","N","","","","","","","","","",""
"2023056897","1901","1","0","0","0","0","0","0","0","0","8","0","","02","6","2023","3","40.431833","-79.750833","1857","11","0","0","0","0","0","0","0","1","","0","0","0","","","1","N","0","","40 25:54.600","","7","79 45:03.000","2","0","0","0","2446","1","0","1","N","1","0","1","3","02446","0","","1.0","","9","N","N","N","0","","0","1","0","","0","","","2","1","0","0","0","0","0","2","0","1","","07","","N","","","","","","","","","",""
"2023065827","1635","0","0","0","0","0","0","0","0","0","1","0","","02","7","2023","3","40.427368","-79.704513","1633","11","0","0","0","0","0","1","0","0","","0","0","0","","","0","N","0","","40 25:38.523","3","0","79 42:16.248","0","0","0","0","2446","0","0","0","N","0","0","0","4","02446","0","","1.0","1700.0","1","N","N","N","2","","0","0","2","","0","Y","","4","0","0","0","0","0","0","2","0","4","","98","","N","","","","","","","","","",""
"2023067107","1009","1","0","0","0","0","0","0","0","0","1","0","","02","7","2023","1","40.584068","-80.028023","1003","11","0","0","0","0","0","0","0","0","","0","0","0","","","0","N","2","","40 35:02.645","","0","80 01:40.884","0","0","0","0","2108","0","0","0","N","0","0","0","2","02108","0","","1.0","","1","N","N","N","0","","0","0","1","","3","","","2","0","0","0","0","0","0","2","0","2","","03","","N","","","","","","","","","",""
"2023051017","1441","0","0","0","0","0","0","0","0","0","7","0","","02","6","2023","5","40.433696","-80.006498","1438","11","0","0","0","0","0","0","0","0","","0","0","0","","","0","N","0","","40 26:01.306","","0","80 00:23.391","0","0","0","0","2301","0","0","0","N","0","0","0","1","02301","0","","4.0","","1","N","N","N","1","","0","0","0","","0","","","1","0","0","0","0","0","0","2","0","1","","03","","N","","","","","","","","","",""
"2023057604","2337","0","0","0","0","0","0","0","0","0","7","0","","02","6","2023","5","40.399448","-80.029691","2318","11","0","0","0","0","0","0","0","0","","0","0","0","","","0","N","0","","40 23:58.013","","0","80 01:46.887","9","0","0","0","2301","0","0","0","N","0","0","0","1","02301","0","","4.0","","1","N","N","N","0","","0","0","1","","0","","","1","0","0","0","0","0","1","2","0","1","","","","N","","","","","","","","","",""
"2023058243","2205","1","0","0","0","0","0","0","0","0","5","0","","02","6","2023","5","40.497666","-79.925245","2159","11","0","0","0","0","0","0","0","0","","0","0","0","","","0","N","0","","40 29:51.597","","0","79 55:30.883","9","0","0","0","2112","0","0","0","N","0","0","0","1","02112","0","","1.0","","9","N","N","N","0","","0","0","1","","0","","","2","0","0","0","0","0","1","2","0","2","","","","N","","","","","","","","","",""
"2023066856","1529","1","0","0","0","0","0","0","0","0","2","0","","02","7","2023","6","40.483989","-79.819259","1522","11","0","0","0","0","0","0","0","0","","0","0","0","","","0","N","0","","40 29:02.362","","0","79 49:09.333","0","0","0","0","2113","0","0","0","N","0","0","0","2","02113","0","","1.0","","1","N","N","N","0","","0","0","0","","0","","","2","0","0","0","0","0","0","2","1","2","","","","N","","","","","","","","","",""
"2023056691","1304","0","0","0","0","0","0","0","0","0","7","0","","02","6","2023","3","40.341203","-79.812291","1304","11","0","0","0","0","0","1","0","0","","0","0","0","","","1","N","0","","40 20:28.332","","0","79 48:44.247","3","0","0","0","2477","0","0","0","N","0","0","0","1","02477","0","","4.0","","9","N","N","N","0","","1","0","1","","0","","","1","1","0","0","0","0","0","2","0","1","","","","N","","","","","","","","","",""
"2023067397","1425","1","0","0","0","0","0","0","0","0","4","0","","02","7","2023","2","40.425783","-80.019901","1421","11","0","0","0","0","0","0","0","0","","0","0","0","","","0","","1","","40 25:32.817","4","0","80 01:11.642","0","0","0","0","2301","0","0","0","N","0","0","0","2","02301","0","","1.0","1445.0","1","N","N","Y","0","","0","0","1","","2","N","","2","0","0","0","0","0","0","2","0","2","","","","N","","","","","","","","","",""
"2023051859","0209","1","0","0","0","0","0","0","0","0","7","0","","02","6","2023","1","40.376556","-80.171583","0204","11","0","0","0","0","1","0","0","0","","0","0","0","","","1","N","0","","40 22:35.600","","0","80 10:17.700","3","0","0","0","2119","0","0","0","N","0","0","0","1","02119","0","","4.0","","1","N","N","N","0","","1","0","0","","0","","","1","1","0","0","0","0","0","2","0","1","","","","N","","","","","","","","","",""
"2023058696","1606","2","0","0","0","0","0","0","0","0","1","0","","02","6","2023","2","40.427532","-79.923598","1535","11","0","0","0","0","0","0","0","0","","0","0","0","","","1","N","0","","40 25:39.115","3","4","79 55:24.954","8","0","0","0","2301","0","0","0","N","0","0","0","3","68B03","0","","1.0","100.0","1","N","N","N","0","","0","0","0","","0","Y","","3","1","0","0","0","1","0","2","1","3","","","","N","","","","","","","","","",""
"2023052670","1645","0","0","0","0","0","0","0","0","0","4","0","","02","6","2023","3","40.453944","-79.998209","1634","11","0","0","0","0","0","0","0","0","","0","0","0","","","0","","2","","40 27:14.198","","0","79 59:53.552","0","0","0","0","2301","0","0","0","N","0","0","0","2","02301","0","","1.0","","9","N","N","N","0","","0","0","2","","3","N","","2","0","0","0","0","0","0","2","0","2","","07","","N","","","","","","","","","",""
"2023049687","1733","1","0","0","0","0","0","0","0","0","2","0","","02","6","2023","2","40.455683","-79.902216","1724","11","0","0","0","0","0","0","0","0","","0","0","0","","","0","","1","","40 27:20.459","","0","79 54:07.978","0","0","0","0","2301","0","0","0","N","0","0","0","3","02301","0","","1.0","","1","N","N","N","1","","0","0","0","","3","","","2","0","0","0","0","0","0","2","0","2","","","","N","","","","","","","","","",""
"2023022289","1845","1","0","0","0","0","0","0","0","0","4","0","","02","3","2023","1","40.447668","-80.164395","1840","11","0","0","1","0","0","1","0","0","","0","0","0","","","0","","2","","40 26:51.603","","2","80 09:51.823","0","0","0","0","2115","0","0","0","N","0","0","0","3","02115","0","","1.0","","1","N","N","N","1","","0","0","0","","2","","","2","0","0","0","0","0","0","2","0","2","","03","","N","","","","","","","","","",""
"2023052678","1555","1","0","0","0","0","0","0","0","0","1","0","","02","6","2023","3","40.358531","-80.112217","1550","11","1","0","1","0","0","1","0","0","","0","0","0","","","2","","1","","40 21:30.713","1","0","80 06:43.981","4","0","0","0","2414","0","0","0","N","0","0","0","3","02414","2","","1.0","1615.0","1","N","N","N","0","","0","0","2","","2","Y","","3","2","0","0","0","0","0","2","0","3","","","","N","","","","","","","","","",""
"2023064329","2208","2","0","0","0","0","0","0","0","0","4","0","","02","7","2023","4","40.506119","-79.990498","2200","11","0","0","0","0","0","0","1","0","","0","0","0","","","0","N","3","","40 30:22.028","7","0","79 59:25.791","0","0","0","0","2116","0","0","0","N","0","0","0","4","02116","0","","1.0","2230.0","1","N","N","N","0","","0","0","0","","2","Y","","2","0","0","0","0","0","0","2","0","2","","03","","N","","","","","","","","","",""
"2023067008","1857","2","0","0","0","0","0","0","0","0","4","0","","02","7","2023","7","40.456904","-79.758798","1851","11","0","0","0","1","0","1","0","0","","0","0","0","","","0","","2","","40 27:24.855","2","0","79 45:31.673","0","0","0","0","2446","0","0","0","N","0","0","0","2","02446","0","","1.0","1953.0","1","N","N","N","0","","0","0","0","","3","N","","2","0","0","0","0","0","0","2","0","2","","03","","N","","","","","","","","","",""