"CRN","ARRIVAL_TM","AUTOMOBILE_COUNT","BELTED_DEATH_COUNT","BELTED_SUSP_SERIOUS_INJ_COUNT","BICYCLE_COUNT","BICYCLE_DEATH_COUNT","BICYCLE_SUSP_SERIOUS_INJ_COUNT","BUS_COUNT","CHLDPAS_DEATH_COUNT","CHLDPAS_SUSP_SERIOUS_INJ_COUNT","COLLISION_TYPE","COMM_VEH_COUNT","CONS_ZONE_SPD_LIM","COUNTY","CRASH_MONTH","CRASH_YEAR","DAY_OF_WEEK","DEC_LATITUDE","DEC_LONGITUDE","DISPATCH_TM","DISTRICT","DRIVER_COUNT_16YR","DRIVER_COUNT_17YR","DRIVER_COUNT_18YR","DRIVER_COUNT_19YR","DRIVER_COUNT_20YR","DRIVER_COUNT_50_64YR","DRIVER_COUNT_65_74YR","DRIVER_COUNT_75PLUS","EST_HRS_CLOSED","FATAL_COUNT","HEAVY_TRUCK_COUNT","HORSE_BUGGY_COUNT","HOUR_OF_DAY","ILLUMINATION","INJURY_COUNT","INTERSECTION_RELATED","INTERSECT_TYPE","LANE_CLOSED","LATITUDE","LN_CLOSE_DIR","LOCATION_TYPE","LONGITUDE","MAX_SEVERITY_LEVEL","MCYCLE_DEATH_COUNT","MCYCLE_SUSP_SERIOUS_INJ_COUNT","MOTORCYCLE_COUNT","MUNICIPALITY","NONMOTR_COUNT","NONMOTR_DEATH_COUNT","NONMOTR_SUSP_SERIOUS_INJ_COUNT","NTFY_HIWY_MAINT","PED_COUNT","PED_DEATH_COUNT","PED_SUSP_SERIOUS_INJ_COUNT","PERSON_COUNT","POLICE_AGCY","POSSIBLE_INJ_COUNT","RDWY_SURF_TYPE_CD","RELATION_TO_ROAD","ROADWAY_CLEARED","ROAD_CONDITION","SCH_BUS_IND","SCH_ZONE_IND","SECONDARY_CRASH","SMALL_TRUCK_COUNT","SPEC_JURIS_CD","SUSP_MINOR_INJ_COUNT","SUSP_SERIOUS_INJ_COUNT","SUV_COUNT","TCD_FUNC_CD","TCD_TYPE","TFC_DETOUR_IND","TIME_OF_DAY","TOTAL_UNITS","TOT_INJ_COUNT","UNBELTED_OCC_COUNT","UNB_DEATH_COUNT","UNB_SUSP_SERIOUS_INJ_COUNT","UNK_INJ_DEG_COUNT","UNK_INJ_PER_COUNT","URBAN_RURAL","VAN_COUNT","VEHICLE_COUNT","WEATHER1","WEATHER2","WORKERS_PRES","WORK_ZONE_IND","WORK_ZONE_LOC","WORK_ZONE_TYPE","WZ_CLOSE_DETOUR","WZ_FLAGGER","WZ_LAW_OFFCR_IND","WZ_LN_CLOSURE","WZ_MOVING","WZ_OTHER","WZ_SHLDER_MDN","WZ_WORKERS_INJ_KILLED"
"2023053663","1705","0","0","0","0","0","0","0","0","0","4","0","","02","6","2023","4","40.446184","-79.895549","1657","11","0","0","0","0","0","0","0","0","","0","0","0","","","0","","1","","40 26:46.263","","0","79 53:43.977","0","0","0","0","2301","0","0","0","N","0","0","0","4","02301","0","","1.0","","1","N","N","N","0","","0","0","1","","0","","","2","0","0","0","0","0","0","2","1","2","","03","","N","","","","","","","","","",""
"2023051886","0115","2","0","0","0","0","0","0","0","0","1","0","","02","6","2023","2","40.452575","-79.997582","0011","11","0","0","0","0","0","0","0","0","","0","0","0","","","0","N","0","","40 27:09.269","","0","79 59:51.295","0","0","0","0","2301","0","0","0","N","0","0","0","2","02301","0","","1.0","","1","N","N","N","0","","0","0","0","","0","","","2","0","0","0","0","0","0","2","0","2","","03","","N","","","","","","","","","",""
"2023051199","0930","1","0","0","0","0","0","0","0","0","4","0","","02","6","2023","6","40.388179","-79.976305","0922","11","0","0","0","0","0","0","1","0","","0","0","0","","","0","","2","","40 23:17.444","2","0","79 58:34.698","0","0","0","0","2301","0","0","0","N","0","0","0","2","02301","0","","1.0","950.0","1","N","N","N","0","","0","0","1","","0","Y","","2","0","0","0","0","0","0","2","0","2","","04","","N","","","","","","","","","",""
"2023070807","0715","2","0","0","0","0","0","0","0","0","1","0","","02","8","2023","3","40.52885","-79.850142","0706","11","0","0","0","0","0","0","0","0","","0","0","0","","","0","","2","","40 31:43.859","4","3","79 51:00.512","0","0","0","0","2208","0","0","0","N","0","0","0","2","02208","0","","1.0","812.0","1","N","N","N","0","","0","0","0","","2","Y","","2","0","0","0","0","0","0","2","0","2","","03","","N","","","","","","","","","",""
"2023052783","1529","1","0","0","0","0","0","0","0","0","1","0","","02","6","2023","4","40.526986","-79.988274","1520","11","0","0","0","0","0","0","0","0","","0","0","0","","","1","","3","","40 31:37.148","2","0","79 59:17.787","2","0","0","0","2116","0","0","0","N","0","0","0","2","02116","0","","1.0","1548.0","1","N","N","N","0","","0","1","0","","0","N","","2","1","0","0","0","0","0","2","1","2","","03","","N","","","","","","","","","",""
"2023057570","1902","1","0","0","0","0","0","0","0","0","1","0","","02","6","2023","5","40.396608","-79.998532","1851","11","0","0","0","0","0","1","0","0","","0","0","0","","","0","Y","0","","40 23:47.789","","0","79 59:54.715","9","0","0","0","2301","0","0","0","N","0","0","0","4","02301","0","","1.0","","1","N","N","Y","0","","0","0","2","","2","","","3","0","0","0","0","0","1","2","0","3","","05","","N","","","","","","","","","",""
"2023020917","0202","1","0","0","0","0","0","0","0","0","8","0","","02","2","2023","7","40.440604","-79.958274","0202","11","0","0","0","0","0","0","0","0","","0","0","0","","","1","N","1","","40 26:26.174","2","0","79 57:29.786","3","0","0","0","2301","1","0","0","N","1","0","0","1","02506","0","","1.0","219.0","1","N","N","N","0","","1","0","0","","2","N","","2","1","0","0","0","0","0","2","0","1","","03","","N","","","","","","","","","",""
"2023066002","1510","0","0","0","0","0","0","0","0","0","8","0","","02","7","2023","4","40.612355","-80.099617","1500","11","0","0","0","0","0","0","0","0","","0","0","0","","","1","N","0","","40 36:44.477","","7","80 05:58.620","3","0","0","0","2481","1","0","0","N","1","0","0","2","02481","0","","6.0","","1","N","N","N","1","","1","0","0","","0","","","2","1","0","0","0","0","0","2","0","1","","03","","N","","","","","","","","","",""
"2023068128","1629","1","0","0","0","0","0","0","0","0","7","0","","02","8","2023","4","40.461379","-80.30325","1621","11","0","0","0","0","0","0","0","0","","0","0","0","","","0","N","0","","40 27:40.965","","0","80 18:11.700","0","0","0","0","2203","0","0","0","N","0","0","0","1","02203","0","","2.0","","1","N","N","N","0","","0","0","0","","0","","","1","0","0","0","0","0","0","1","0","1","","","","N","","","","","","","","","",""
"2023064667","0904","0","0","0","0","0","0","0","0","0","7","0","","02","7","2023","5","40.666614","-79.933759","0850","11","0","0","0","0","1","0","0","0","","0","0","0","","","0","N","2","","40 39:59.810","3","0","79 56:01.532","0","0","0","0","2217","0","0","0","N","0","0","0","1","02505","0","","5.0","927.0","1","N","N","N","0","","0","0","1","","0","N","","1","0","0","0","0","0","0","1","0","1","","","","N","","","","","","","","","",""
"2023052052","0937","0","0","0","0","0","0","0","0","0","7","0","","02","6","2023","2","40.354892","-79.87895","0931","11","0","0","0","0","0","0","0","0","","0","0","0","","","0","N","0","","40 21:17.612","","0","79 52:44.221","9","0","0","0","2423","0","0","0","N","0","0","0","1","02304","0","","4.0","","9","N","N","N","0","","0","0","1","","0","","","1","0","0","0","0","0","1","2","0","1","","04","","N","","","","","","","","","",""
"2023061623","2112","2","0","0","0","0","0","0","0","0","4","0","","02","6","2023","3","40.37297","-80.099329","2105","11","0","0","0","0","0","0","0","0","","0","0","0","","","0","","1","","40 22:22.692","5","2","80 05:57.584","0","0","0","0","2102","0","0","0","N","0","0","0","2","02102","0","","1.0","2144.0","1","N","Y","N","0","","0","0","0","","2","N","","2","0","0","0","0","0","0","2","0","2","","","","N","","","","","","","","","",""
"2023070895","1150","0","0","0","0","0","0","0","0","0","4","0","","02","8","2023","6","40.545217","-80.035907","1147","11","0","0","0","1","0","1","0","0","","0","0","0","","","0","","2","","40 32:42.782","","0","80 02:09.265","0","0","0","0","2108","0","0","0","N","0","0","0","2","02108","0","","1.0","","1","N","N","N","1","","0","0","1","","3","","","2","0","0","0","0","0","0","2","0","2","","03","","N","","","","","","","","","",""
"2023050305","1915","0","0","0","0","0","0","0","0","0","7","0","","02","6","2023","3","40.453609","-79.915354","1910","11","0","0","0","0","0","0","0","0","","0","0","0","","","0","","2","","40 27:12.994","4","0","79 54:55.273","0","0","0","0","2301","0","0","0","N","0","0","0","1","02301","0","","4.0","2130.0","1","N","N","N","0","","0","0","1","","2","N","","1","0","0","0","0","0","0","2","0","1","","03","","N","","","","","","","","","",""
"2023050726","0822","1","0","0","0","0","0","0","0","0","4","0","","02","6","2023","4","40.377277","-80.032352","0815","11","0","0","0","0","0","0","0","1","","0","0","0","","","0","","1","","40 22:38.197","5","0","80 01:56.467","0","0","0","0","2109","0","0","0","N","0","0","0","4","02109","0","","1.0","856.0","1","N","N","N","0","","0","0","1","","3","N","","2","0","0","0","0","0","0","2","0","2","","","","N","","","","","","","","","",""
"2023072926","0020","1","0","0","0","0","0","0","0","0","7","0","","02","8","2023","6","40.469348","-79.823686","0015","11","0","0","0","0","0","0","0","0","","0","0","0","","","0","N","2","","40 28:09.652","3","0","79 49:25.268","0","0","0","0","2113","0","0","0","N","0","0","0","1","02113","0","","2.0","1241.0","9","N","N","N","0","","0","0","0","","0","N","","1","0","0","0","0","0","0","2","0","1","","","","N","","","","","","","","","",""
"2023066972","1905","1","0","0","0","0","0","0","0","0","4","0","","02","7","2023","7","40.461033","-79.819487","1901","11","0","0","0","0","0","1","0","0","","0","0","0","","","1","N","2","","40 27:39.719","","0","79 49:10.152","3","0","0","0","2113","0","0","0","N","0","0","0","2","02113","0","","1.0","","1","N","N","N","0","","1","0","1","","3","","","2","1","0","0","0","0","0","2","0","2","","03","","N","","","","","","","","","",""
"2023066363","1623","1","0","0","0","0","0","0","0","0","1","0","","02","7","2023","5","40.488161","-79.879147","1621","11","0","0","0","0","0","1","0","0","","0","0","0","","","0","N","0","","40 29:17.378","","0","79 52:44.929","0","0","0","0","2112","0","0","0","N","0","0","0","3","02112","0","","1.0","","1","N","N","N","1","","0","0","0","","0","","","2","0","0","0","0","0","0","2","0","2","","","","N","","","","","","","","","",""
"2023051342","1208","0","0","0","0","0","0","0","0","0","4","0","","02","6","2023","6","40.469024","-79.962699","1208","11","0","0","0","0","0","0","0","0","","0","0","0","","","0","N","0","","40 28:08.486","1","7","79 57:45.716","0","0","0","0","2301","0","0","0","N","0","0","0","3","02301","0","","1.0","1245.0","1","N","N","N","0","","0","0","1","","0","N","","2","0","0","0","0","0","0","2","1","2","","03","","N","","","","","","","","","",""
"2023052252","1704","0","0","0","0","0","0","0","0","0","4","0","","02","6","2023","2","40.489888","-80.018418","1659","11","0","0","0","0","0","2","0","1","","0","0","0","","","2","N","0","","40 29:23.596","5","0","80 01:06.306","8","0","0","0","2301","0","0","0","N","0","0","0","3","02301","0","","1.0","1815.0","1","N","N","N","1","","0","0","2","","2","Y","","3","2","0","0","0","2","0","2","0","3","","03","","N","","","","","","","","","",""
"2023052417","2143","1","0","0","0","0","0","0","0","0","2","0","","02","6","2023","2","40.415578","-80.026794","2136","11","0","0","0","0","0","0","0","0","","0","0","0","","","1","N","0","","40 24:56.080","7","0","80 01:36.460","4","0","0","0","2301","0","0","0","N","0","0","0","2","02301","1","","1.0","2222.0","1","N","N","N","0","","0","0","2","","0","N","","3","1","1","0","0","0","0","2","0","3","","03","","N","","","","","","","","","",""
"2023064739","1539","0","0","0","0","0","0","0","0","0","8","0","","02","5","2023","4","40.460458","-79.924978","1535","11","0","0","0","0","0","1","0","0","","0","0","0","","","1","","2","","40 27:37.649","","0","79 55:29.921","8","0","0","0","2301","1","0","0","N","1","0","0","2","02301","0","","1.0","","1","N","N","N","0","","0","0","1","","2","N","","2","1","0","0","0","1","0","2","0","1","","","","N","","","","","","","","","",""
"2023051024","1634","1","0","0","0","0","0","0","0","0","7","0","","02","6","2023","5","40.471276","-79.830921","1628","11","0","0","0","0","0","1","0","0","","0","0","0","","","1","N","0","","40 28:16.595","6","0","79 49:51.314","3","0","0","0","2113","0","0","0","N","0","0","0","2","02113","0","","4.0","1320.0","1","N","N","N","0","","1","0","0","","0","N","","1","1","0","0","0","0","0","2","0","1","","03","","N","","","","","","","","","",""
"2023058201","2205","2","0","0","0","0","0","0","0","0","4","0","","02","6","2023","6","40.430046","-79.812074","2157","11","0","0","0","1","1","0","0","0","","0","0","0","","","0","","2","","40 25:48.164","4","7","79 48:43.467","0","0","0","0","2124","0","0","0","N","0","0","0","2","02124","0","","1.0","2233.0","1","N","N","N","0","","0","0","0","","2","N","","2","0","2","0","0","0","0","2","0","2","","03","","N","","","","","","","","","",""
"2023072143","1506","0","0","0","0","0","0","0","0","0","7","0","","02","8","2023","3","40.400966","-79.94116","1505","11","0","0","0","0","0","0","0","0","","0","0","0","","","0","","1","","40 24:03.477","","0","79 56:28.175","9","0","0","0","2301","0","0","0","N","0","0","0","4","02301","0","","5.0","","1","N","N","N","0","","0","0","1","","0","","","1","0","2","0","0","0","2","2","0","1","","03","","N","","","","","","","","","",""
"2023051556","1116","0","0","0","0","0","0","0","0","0","4","0","","02","6","2023","7","40.444451","-79.926284","1115","11","0","0","0","0","0","0","0","0","","0","0","0","","","0","N","0","","40 26:40.023","","7","79 55:34.624","0","0","0","0","2301","0","0","0","N","0","0","0","2","02301","0","","1.0","","1","N","N","N","0","","0","0","2","","0","","","2","0","0","0","0","0","0","2","0","2","","03","","N","","","","","","","","","",""
"2023065980","0952","2","0","0","0","0","0","0","0","0","2","0","","02","7","2023","4","40.524996","-79.838459","0951","11","0","0","0","0","1","0","0","0","","0","0","0","","","0","N","1","","40 31:29.985","6","0","79 50:18.454","0","0","0","0","2451","0","0","0","N","0","0","0","2","02451","0","","1.0","1027.0","1","N","N","N","0","","0","0","0","","3","Y","","2","0","0","0","0","0","0","2","0","2","","03","","N","","","","","","","","","",""
"2023050756","1737","0","0","0","0","0","0","0","0","0","0","0","","02","6","2023","4","40.433941","-79.801975","1737","11","0","0","0","0","0","0","0","0","","0","0","0","","","1","N","0","","40 26:02.188","","0","79 48:07.111","8","0","0","1","2446","0","0","0","N","0","0","0","1","02446","0","","1.0","","1","N","N","N","0","","0","0","0","","0","","","1","1","0","0","0","1","0","2","0","1","","03","","N","","","","","","","","","",""
"2023054974","0546","2","0","0","0","0","0","0","0","0","4","0","","02","6","2023","2","40.455576","-79.888103","0542","11","0","0","0","0","0","1","0","0","","0","0","0","","","0","","1","","40 27:20.073","","0","79 53:17.170","0","0","0","0","2301","0","0","0","N","0","0","0","2","02301","0","","1.0","","1","N","N","N","0","","0","0","0","","0","N","","2","0","2","0","0","0","0","2","0","2","","03","","N","","","","","","","","","",""
"2023052780","2232","2","0","0","0","0","0","0","0","0","5","0","","02","6","2023","6","40.425848","-80.019871","2230","11","0","0","0","0","0","1","0","0","","0","0","0","","","2","","1","","40 25:33.054","","0","80 01:11.535","8","0","0","0","2301","0","0","0","N","0","0","0","11","02301","0","","1.0","","1","N","N","N","0","","0","0","2","","2","","","5","2","0","0","0","2","0","2","1","5","","03","","N","","","","","","","","","",""
"2023065036","0938","3","0","0","0","0","0","0","0","0","1","0","","02","6","2023","5","40.430743","-80.136236","0934","11","0","0","0","0","0","1","0","0","","0","0","0","","","0","N","0","","40 25:50.676","4","0","80 08:10.448","0","0","0","0","2115","0","0","0","N","0","0","0","4","68B03","0","","1.0","1000.0","1","N","N","N","0","","0","0","1","","0","N","","4","0","0","0","0","0","0","2","0","4","","","","N","","","","","","","","","",""
"2023053027","0135","2","0","0","0","0","0","0","0","0","5","0","","02","6","2023","2","40.439556","-79.952472","0130","11","0","0","0","0","0","0","0","0","","0","0","0","","","0","N","0","","40 26:22.400","","0","79 57:08.900","0","0","0","0","2301","0","0","0","N","0","0","0","1","02301","0","","6.0","","1","","","N","0","","0","0","4","","0","","","6","0","0","0","0","0","0","2","0","6","","03","","N","","","","","","","","","",""
"2023057365","0720","1","0","0","0","0","0","0","0","0","7","0","","02","6","2023","5","40.44901","-80.021706","0714","11","0","0","0","0","0","0","0","0","","0","0","0","","","1","N","0","","40 26:56.435","","0","80 01:18.143","8","0","0","0","2301","0","0","0","N","0","0","0","1","02301","0","","2.0","","1","N","N","N","0","","0","0","0","","0","","","1","1","0","0","0","1","0","2","0","1","","","","N","","","","","","","","","",""
"2023066897","1144","1","0","0","0","0","0","0","0","0","1","1","","02","7","2023","7","40.45476","-80.010525","1136","11","0","0","0","0","0","1","0","0","","0","1","0","","","1","N","0","","40 27:17.135","6","0","80 00:37.889","3","0","0","0","2301","0","0","0","N","0","0","0","4","02301","0","","6.0","1300.0","1","N","N","N","0","","1","0","0","","0","Y","","2","1","0","0","0","0","0","2","0","2","","03","","N","","","","","","","","","",""
"2023052425","0740","1","0","0","0","0","0","0","0","0","7","0","","02","6","2023","2","40.451611","-79.843883","0725","11","0","0","0","0","0","0","0","0","","0","0","0","","","0","N","0","","40 27:05.798","5","7","79 50:37.977","0","0","0","0","2113","0","0","0","N","0","0","0","1","02113","0","","4.0","800.0","9","N","N","N","0","","0","0","0","","0","N","","1","0","0","0","0","0","0","2","0","1","","","","N","","","","","","","","","",""
"2023051269","1610","0","0","0","0","0","0","0","0","0","7","0","","02","6","2023","6","40.387083","-79.983417","1551","11","0","0","0","0","0","0","0","0","","0","0","0","","","2","N","0","","40 23:13.500","","0","79 59:00.300","3","0","0","0","2301","0","0","0","N","0","0","0","3","02301","0","","4.0","","1","N","N","N","0","","2","0","1","","0","","","1","2","0","0","0","0","0","2","0","1","","03","","N","","","","","","","","","",""
"2023052588","1607","1","0","0","0","0","0","0","0","0","4","0","","02","6","2023","7","40.333564","-80.133424","1603","11","0","1","0","0","0","1","0","0","","0","0","0","","","0","","2","","40 20:00.832","","0","80 08:00.326","0","0","0","0","2119","0","0","0","N","0","0","0","2","02119","0","","1.0","","1","N","N","N","0","","0","0","1","","3","","","2","0","0","0","0","0","0","2","0","2","","03","","N","","","","","","","","","",""
"2023065125","0651","1","0","0","0","0","0","0","0","0","1","0","","02","7","2023","1","40.398556","-79.988746","0646","11","0","0","1","0","0","0","0","0","","0","0","0","","","0","","2","","40 23:54.801","","0","79 59:19.485","9","0","0","0","2301","0","0","0","N","0","0","0","2","02301","0","","1.0","","1","N","N","Y","0","","0","0","2","","0","","","3","0","0","0","0","0","1","2","0","3","","03","","N","","","","","","","","","",""
"2023051488","0647","0","0","0","0","0","0","0","0","0","2","0","","02","6","2023","7","40.412111","-79.818694","0644","11","0","0","0","0","0","0","1","0","","0","0","0","","","0","N","0","","40 24:43.600","","0","79 49:07.300","0","0","0","0","2467","0","0","0","N","0","0","0","1","02467","0","","6.0","","1","N","N","N","1","","0","0","1","","0","","","2","0","0","0","0","0","0","2","0","2","","","","N","","","","","","","","","",""
"2023051743","0735","1","0","0","0","0","0","0","0","0","5","0","","02","6","2023","1","40.452722","-79.998472","0729","11","0","0","0","0","0","0","0","0","","0","0","0","","","0","N","0","","40 27:09.800","","0","79 59:54.500","9","0","0","0","2301","0","0","0","N","0","0","0","1","02301","0","","6.0","","99","N","N","N","0","","0","0","1","","3","","","2","0","0","0","0","0","1","2","0","2","","03","","N","","","","","","","","","",""
"2023051787","1437","1","0","0","0","0","0","0","0","0","4","0","","02","6","2023","1","40.34767","-79.947227","1432","11","0","0","0","0","0","2","0","0","","0","0","0","","","1","","1","","40 20:51.612","3","7","79 56:50.017","3","0","0","0","2473","0","0","0","N","0","0","0","3","02473","0","","1.0","1500.0","1","N","N","N","0","","1","0","1","","3","Y","","2","1","0","0","0","0","0","2","0","2","","03","","N","","","","","","","","","",""
"2023066692","1712","2","0","0","0","0","0","0","0","0","4","0","","02","7","2023","6","40.570725","-80.00275","1704","11","0","0","0","0","0","0","1","0","","0","0","0","","","1","N","1","","40 34:14.609","4","0","80 00:09.899","8","0","0","0","2108","0","0","0","N","0","0","0","2","02108","0","","1.0","1715.0","1","N","N","N","0","","0","0","0","","2","N","","2","1","0","0","0","1","0","2","0","2","","03","","N","","","","","","","","","",""
"2023055984","0722","1","0","0","0","0","0","0","0","0","1","0","","02","6","2023","1","40.460778","-79.889333","0713","11","0","0","0","0","0","0","0","0","","0","0","0","","","0","N","0","","40 27:38.800","","0","79 53:21.600","9","0","0","0","2301","0","0","0","N","0","0","0","1","02301","0","","6.0","","1","N","N","N","0","","0","0","1","","0","","","2","0","0","0","0","0","1","2","0","2","","03","","N","","","","","","","","","",""
"2023072420","2210","0","0","0","0","0","0","0","0","0","8","0","","02","8","2023","6","40.385882","-79.803309","2207","11","0","0","0","0","0","1","0","0","","0","0","0","","","1","N","0","","40 23:09.176","","0","79 48:11.913","3","0","0","0","2424","1","0","0","N","1","0","0","4","02424","0","","1.0","","1","N","N","N","0","","1","0","1","","0","","","2","1","0","0","0","0","0","2","0","1","","","","N","","","","","","","","","",""
"2023066994","0722","1","0","0","0","0","0","0","0","0","1","0","","02","7","2023","5","40.425686","-79.911207","0721","11","0","0","0","0","0","1","0","0","","0","0","0","","","0","N","0","","40 25:32.470","","0","79 54:40.346","0","0","0","0","2301","0","0","0","N","0","0","0","2","68B03","0","","1.0","","1","N","N","N","1","","0","0","0","","0","","","2","0","0","0","0","0","0","2","0","2","","","","N","","","","","","","","","",""
"2023065242","1549","1","0","0","0","0","0","0","0","0","6","0","","02","7","2023","5","40.638395","-80.051658","1547","11","0","0","0","0","0","0","0","0","","0","0","0","","","0","","2","","40 38:18.221","4","0","80 03:05.967","0","0","0","0","2216","0","0","0","N","0","0","0","3","02505","0","","1.0","1609.0","1","N","N","N","0","","0","0","1","","0","Y","","2","0","0","0","0","0","0","2","0","2","","","","N","","","","","","","","","",""
"2023054041","1230","0","0","0","0","0","0","0","0","0","2","0","","02","6","2023","2","40.494266","-79.957863","1228","11","0","0","0","0","0","0","0","0","","0","0","0","","","1","N","0","","40 29:39.358","6","0","79 57:28.307","8","0","0","0","2118","0","0","0","N","0","0","0","5","02118","0","","1.0","30.0","1","N","N","N","0","","0","0","1","","0","Y","","2","1","0","0","0","1","0","2","1","2","","","","N","","","","","","","","","",""
"2023067418","0221","0","0","0","0","0","0","0","0","0","2","0","","02","7","2023","4","40.343089","-79.997828","0214","11","0","0","0","1","0","0","0","0","","0","0","0","","","0","N","0","","40 20:35.120","","0","79 59:52.180","0","0","0","0","2403","0","0","0","N","0","0","0","1","02403","0","","1.0","","1","N","N","N","0","","0","0","1","","0","","","2","0","0","0","0","0","0","2","0","2","","","","N","","","","","","","","","",""
"2023065616","0804","0","0","0","0","0","0","0","0","0","4","0","","02","7","2023","6","40.411231","-80.083689","0756","11","0","1","0","0","0","0","0","0","","0","0","0","","","1","N","1","","40 24:40.431","1","0","80 05:01.280","3","0","0","0","2415","0","0","0","N","0","0","0","2","02415","0","","1.0","838.0","1","N","N","N","1","","1","0","1","","0","N","","2","1","0","0","0","0","0","2","0","2","","03","","N","","","","","","","","","",""
"2023049232","0330","0","0","0","0","0","0","0","0","0","7","0","","02","6","2023","1","40.448574","-80.023567","0323","11","0","0","0","0","0","0","0","0","","0","0","0","","","0","N","0","","40 26:54.866","","0","80 01:24.842","0","0","0","0","2301","0","0","0","N","0","0","0","1","02301","0","","3.0","","1","N","N","N","0","","0","0","1","","0","","","1","0","0","0","0","0","0","2","0","1","","","","N","","","","","","","","","",""
"2023053298","1320","0","0","0","0","0","0","0","0","0","7","0","","02","6","2023","6","40.387945","-79.907829","1317","11","0","0","0","0","0","0","0","0","","0","0","0","","","0","","2","","40 23:16.602","3","0","79 54:28.184","0","0","0","0","2448","0","0","0","N","0","0","0","1","02448","0","","4.0","1343.0","1","N","N","N","0","","0","0","1","","0","N","","1","0","0","0","0","0","0","2","0","1","","","","N","","","","","","","","","",""
"2023051726","0050","2","0","0","0","0","0","0","0","0","5","0","","02","6","2023","7","40.451604","-79.983281","0044","11","0","0","0","0","0","0","0","0","","0","0","0","","","0","N","0","","40 27:05.775","4","0","79 58:59.811","0","0","0","0","2301","0","0","0","N","0","0","0","4","02301","0","","1.0","118.0","1","N","N","N","0","","0","0","1","","0","N","","3","0","0","0","0","0","0","2","0","3","","03","","N","","","","","","","","","",""
"2023051839","1924","1","0","0","0","0","0","0","0","0","4","0","","02","6","2023","1","40.423039","-79.927575","1917","11","0","0","0","0","0","0","1","0","","0","0","0","","","0","","1","","40 25:22.941","4","0","79 55:39.269","0","0","0","0","2301","0","0","0","N","0","0","0","2","02301","0","","1.0","1950.0","9","N","N","N","0","","0","0","1","","2","N","","2","0","1","0","0","0","0","2","0","2","","07","","N","","","","","","","","","",""
"2023033624","0522","1","0","0","0","0","0","0","0","0","4","0","","02","4","2023","7","40.437383","-80.002631","0515","11","0","0","0","0","1","0","0","0","","0","0","0","","","0","","1","","40 26:14.578","","0","80 00:09.472","9","0","0","0","2301","0","0","0","N","0","0","0","2","02301","0","","1.0","","1","N","N","N","0","","0","0","1","","2","","","2","0","0","0","0","0","1","2","0","2","","03","","N","","","","","","","","","",""
"2023067729","1706","0","0","0","0","0","0","0","0","0","7","0","","02","7","2023","4","40.525156","-79.851837","1654","11","0","0","0","0","0","0","0","0","","0","0","0","","","1","N","0","","40 31:30.563","2","0","79 51:06.614","3","0","0","0","2208","0","0","0","N","0","0","0","1","68D02","0","","2.0","1728.0","1","N","N","Y","1","","1","0","0","","0","N","","1","1","0","0","0","0","0","2","0","1","","","","N","","","","","","","","","",""
"2023050878","2200","2","0","0","0","0","0","0","0","0","1","0","","02","6","2023","4","40.469861","-79.963687","2142","11","0","0","0","0","0","0","0","0","","0","0","0","","","0","","2","","40 28:11.501","","3","79 57:49.272","0","0","0","0","2301","0","0","0","N","0","0","0","4","02301","0","","1.0","","1","N","N","N","1","","0","0","0","","2","","","3","0","0","0","0","0","0","2","0","3","","03","","N","","","","","","","","","",""
"2023051766","1807","1","0","0","0","0","0","0","0","0","5","0","","02","6","2023","7","40.385637","-79.825611","1802","11","0","0","0","0","0","0","1","0","","0","0","0","","","1","N","0","","40 23:08.293","","0","79 49:32.200","4","0","0","0","2111","0","0","0","N","0","0","0","2","02111","1","","1.0","","1","N","N","N","0","","0","0","1","","0","","","2","1","1","0","0","0","0","2","0","2","","03","","N","","","","","","","","","",""
"2023053028","1808","0","0","0","0","0","0","0","0","0","4","0","","02","6","2023","4","40.372938","-79.792793","1802","11","0","0","0","1","0","0","0","0","","0","0","0","","","0","N","2","","40 22:22.575","","0","79 47:34.054","9","0","0","0","2111","0","0","0","N","0","0","0","3","02111","0","","1.0","","1","N","N","N","0","","0","0","1","","3","N","","2","0","0","0","0","0","1","2","1","2","","03","","N","","","","","","","","","",""
"2023066323","0923","2","0","0","0","0","0","0","0","0","1","1","","02","7","2023","5","40.448816","-79.846473","0921","11","0","0","0","1","0","1","0","0","","0","1","0","","","0","N","0","","40 26:55.736","5","7","79 50:47.301","0","0","0","0","2419","0","0","0","N","0","0","0","4","02419","0","","1.0","1130.0","1","N","N","N","0","","0","0","0","","0","Y","","3","0","0","0","0","0","0","2","0","3","","03","","N","","","","","","","","","",""
"2023062684","0114","0","0","0","0","0","0","0","0","0","7","1","","02","7","2023","1","40.465826","-80.010165","0110","11","0","0","0","0","0","0","0","0","","0","1","0","","","0","","2","","40 27:56.975","","0","80 00:36.593","0","0","0","0","2301","0","0","0","N","0","0","0","1","02301","0","","4.0","","1","N","N","N","0","","0","0","0","","0","","","1","0","0","0","0","0","0","2","0","1","","","","N","","","","","","","","","",""
"2023049879","0139","1","0","0","0","0","0","0","0","0","7","0","","02","6","2023","3","40.586833","-80.03825","0133","11","0","0","0","0","0","0","0","0","","0","0","0","","","0","N","0","","40 35:12.600","","0","80 02:17.700","9","0","0","0","2108","0","0","0","N","0","0","0","1","02108","0","","4.0","","1","N","N","N","0","","0","0","0","","0","","","1","0","0","0","0","0","1","2","0","1","","","","N","","","","","","","","","",""