"CRN","ARRIVAL_TM","AUTOMOBILE_COUNT","BELTED_DEATH_COUNT","BELTED_SUSP_SERIOUS_INJ_COUNT","BICYCLE_COUNT","BICYCLE_DEATH_COUNT","BICYCLE_SUSP_SERIOUS_INJ_COUNT","BUS_COUNT","CHLDPAS_DEATH_COUNT","CHLDPAS_SUSP_SERIOUS_INJ_COUNT","COLLISION_TYPE","COMM_VEH_COUNT","CONS_ZONE_SPD_LIM","COUNTY","CRASH_MONTH","CRASH_YEAR","DAY_OF_WEEK","DEC_LATITUDE","DEC_LONGITUDE","DISPATCH_TM","DISTRICT","DRIVER_COUNT_16YR","DRIVER_COUNT_17YR","DRIVER_COUNT_18YR","DRIVER_COUNT_19YR","DRIVER_COUNT_20YR","DRIVER_COUNT_50_64YR","DRIVER_COUNT_65_74YR","DRIVER_COUNT_75PLUS","EST_HRS_CLOSED","FATAL_COUNT","HEAVY_TRUCK_COUNT","HORSE_BUGGY_COUNT","HOUR_OF_DAY","ILLUMINATION","INJURY_COUNT","INTERSECTION_RELATED","INTERSECT_TYPE","LANE_CLOSED","LATITUDE","LN_CLOSE_DIR","LOCATION_TYPE","LONGITUDE","MAX_SEVERITY_LEVEL","MCYCLE_DEATH_COUNT","MCYCLE_SUSP_SERIOUS_INJ_COUNT","MOTORCYCLE_COUNT","MUNICIPALITY","NONMOTR_COUNT","NONMOTR_DEATH_COUNT","NONMOTR_SUSP_SERIOUS_INJ_COUNT","NTFY_HIWY_MAINT","PED_COUNT","PED_DEATH_COUNT","PED_SUSP_SERIOUS_INJ_COUNT","PERSON_COUNT","POLICE_AGCY","POSSIBLE_INJ_COUNT","RDWY_SURF_TYPE_CD","RELATION_TO_ROAD","ROADWAY_CLEARED","ROAD_CONDITION","SCH_BUS_IND","SCH_ZONE_IND","SECONDARY_CRASH","SMALL_TRUCK_COUNT","SPEC_JURIS_CD","SUSP_MINOR_INJ_COUNT","SUSP_SERIOUS_INJ_COUNT","SUV_COUNT","TCD_FUNC_CD","TCD_TYPE","TFC_DETOUR_IND","TIME_OF_DAY","TOTAL_UNITS","TOT_INJ_COUNT","UNBELTED_OCC_COUNT","UNB_DEATH_COUNT","UNB_SUSP_SERIOUS_INJ_COUNT","UNK_INJ_DEG_COUNT","UNK_INJ_PER_COUNT","URBAN_RURAL","VAN_COUNT","VEHICLE_COUNT","WEATHER1","WEATHER2","WORKERS_PRES","WORK_ZONE_IND","WORK_ZONE_LOC","WORK_ZONE_TYPE","WZ_CLOSE_DETOUR","WZ_FLAGGER","WZ_LAW_OFFCR_IND","WZ_LN_CLOSURE","WZ_MOVING","WZ_OTHER","WZ_SHLDER_MDN","WZ_WORKERS_INJ_KILLED"
"2023044097","","1","0","0","0","0","0","0","0","0","8","0","","02","5","2023","3","40.387312","-79.911756","","11","0","0","0","0","0","0","0","0","","0","0","0","","","1","","2","","40 23:14.323","7","0","79 54:42.322","2","0","0","0","2448","1","0","1","N","1","0","1","2","02448","0","","1.0","1345.0","1","N","N","N","0","","0","1","0","","3","Y","","2","1","0","0","0","0","0","2","0","1","","03","","N","","","","","","","","","",""
"2023041364","","0","0","0","0","0","0","0","0","0","7","0","","02","5","2023","4","40.490501","-79.783387","","11","0","0","0","0","0","0","0","0","","0","0","0","","","0","N","0","","40 29:25.802","1","0","79 47:00.194","0","0","0","0","2466","0","0","0","N","0","0","0","1","02466","0","","4.0","307.0","1","N","N","N","0","","0","0","1","","0","N","","1","0","0","0","0","0","0","2","0","1","","03","","N","","","","","","","","","",""
"2023043256","","1","0","0","0","0","0","0","0","0","7","0","","02","5","2023","1","40.435519","-80.012795","","11","0","0","0","1","0","0","0","0","","0","0","0","","","0","N","0","","40 26:07.867","","0","80 00:46.062","0","0","0","0","2301","0","0","0","N","0","0","0","4","02301","0","","2.0","","1","N","N","N","0","","0","0","0","","2","N","","1","0","0","0","0","0","0","2","0","1","","","","N","","","","","","","","","",""
"2023040595","","1","0","0","0","0","0","0","0","0","7","0","","02","5","2023","1","40.485446","-80.009139","","11","0","0","0","0","0","0","0","1","","0","0","0","","","1","N","0","","40 29:07.605","","2","80 00:32.901","3","0","0","0","2301","0","0","0","N","0","0","0","1","02301","0","","4.0","","1","N","N","N","0","","1","0","0","","0","","","1","1","0","0","0","0","0","2","0","1","","03","","N","","","","","","","","","",""
"2023040555","","0","0","0","0","0","0","0","0","0","4","0","","02","5","2023","7","40.449373","-80.003679","","11","0","0","0","0","0","0","0","0","","0","0","0","","","0","N","0","","40 26:57.742","4","7","80 00:13.244","0","0","0","0","2301","0","0","0","N","0","0","0","6","02301","0","","1.0","1640.0","1","N","N","N","1","","0","0","1","","0","N","","2","0","0","0","0","0","0","2","0","2","","03","","N","","","","","","","","","",""
"2023053950","","1","0","0","0","0","0","0","0","0","2","0","","02","6","2023","7","40.464413","-80.053159","","11","0","0","0","0","0","1","0","0","","0","0","0","","","0","N","2","","40 27:51.887","","0","80 03:11.371","0","0","0","0","2301","0","0","0","N","0","0","0","2","02301","0","","1.0","","1","N","N","N","0","","0","0","1","","3","","","2","0","1","0","0","0","0","2","0","2","","03","","N","","","","","","","","","",""
"2023054445","","1","0","0","0","0","0","0","0","0","7","0","","02","5","2023","7","40.624504","-80.096825","","11","0","0","0","0","0","0","0","0","","0","0","0","","","0","N","0","","40 37:28.213","2","0","80 05:48.570","0","0","0","0","2212","0","0","0","Y","0","0","0","1","68B03","0","","3.0","30.0","1","N","N","N","0","","0","0","0","","0","N","","1","0","0","0","0","0","0","1","0","1","","","","N","","","","","","","","","",""
"2023042522","","2","0","0","0","0","0","0","0","0","4","0","","02","5","2023","7","40.427299","-79.890908","","11","0","0","0","0","0","1","0","0","","0","0","0","","","1","","3","","40 25:38.278","","0","79 53:27.268","3","0","0","0","2463","0","0","0","N","0","0","0","2","02463","0","","1.0","","9","N","N","N","0","","1","0","0","","2","","","2","1","0","0","0","0","0","2","0","2","","04","","N","","","","","","","","","",""
"2023044864","","1","0","0","0","0","0","0","0","0","7","0","","02","5","2023","1","40.580778","-79.824874","","11","0","0","0","0","0","0","0","0","","0","0","0","","","1","N","0","","40 34:50.799","5","0","79 49:29.547","3","0","0","0","2209","0","0","0","N","0","0","0","1","02209","0","","4.0","250.0","1","N","N","N","0","","1","0","0","","0","Y","","1","1","0","0","0","0","0","2","0","1","","","","N","","","","","","","","","",""
"2023052784","","1","0","0","0","0","0","0","0","0","4","0","","02","5","2023","1","40.36725","-79.780971","","11","0","0","0","0","0","0","0","0","","0","0","0","","","1","Y","0","","40 22:02.101","","7","79 46:51.496","3","0","0","0","2111","0","0","0","N","0","0","0","5","02111","0","","1.0","","1","N","N","N","0","","1","0","1","","0","","","2","1","0","0","0","0","0","2","0","2","","03","","N","","","","","","","","","",""
"2023055074","","1","0","0","0","0","0","0","0","0","4","0","","02","6","2023","3","40.408757","-79.991137","","11","0","0","0","0","0","0","0","0","","0","0","0","","","0","","2","","40 24:31.525","","0","79 59:28.093","0","0","0","0","2301","0","0","0","N","0","0","0","1","02301","0","","2.0","","1","N","N","N","1","","0","0","0","","2","","","2","0","0","0","0","0","0","2","0","2","","03","","N","","","","","","","","","",""
"2023040981","","0","0","0","0","0","0","0","0","0","7","0","","02","5","2023","1","40.461047","-79.871529","","11","0","0","0","0","0","0","0","0","","0","0","0","","","0","N","0","","40 27:39.768","","0","79 52:17.504","0","0","0","0","2113","0","0","0","N","0","0","0","1","02113","0","","4.0","","1","N","N","Y","0","","0","0","1","","0","","","1","0","0","0","0","0","0","2","0","1","","03","","N","","","","","","","","","",""
"2023045697","","0","0","0","0","0","0","0","0","0","5","0","","02","5","2023","2","40.487456","-79.883305","","11","0","0","0","0","0","0","0","0","","0","0","0","","","0","N","0","","40 29:14.841","","0","79 52:59.899","0","0","0","0","2112","0","0","0","N","0","0","0","5","02112","0","","1.0","","1","N","N","N","1","","0","0","2","","0","","","3","0","0","0","0","0","0","2","0","3","","03","","N","","","","","","","","","",""
"2023050879","","0","0","0","0","0","0","0","0","0","5","0","","02","6","2023","1","40.491755","-80.059271","","11","0","0","0","0","0","0","0","0","","0","0","0","","","0","N","1","","40 29:30.318","3","0","80 03:33.375","9","0","0","0","2404","0","0","0","N","0","0","0","1","02404","0","","1.0","306.0","1","N","N","N","0","","0","0","2","","0","N","","2","0","0","0","0","0","1","2","0","2","","03","","N","","","","","","","","","",""
"2023042224","","2","0","0","0","0","0","0","0","0","4","0","","02","5","2023","1","40.449194","-79.901325","","11","0","0","0","0","0","0","0","0","","0","0","0","","","0","","1","","40 26:57.100","","0","79 54:04.769","0","0","0","0","2301","0","0","0","N","0","0","0","4","02301","0","","1.0","","9","N","N","N","0","","0","0","0","","0","","","2","0","0","0","0","0","0","2","0","2","","03","","N","","","","","","","","","",""
"2023056027","","0","0","0","0","0","0","0","0","0","1","0","","02","5","2023","4","40.495572","-79.940391","","11","0","0","0","0","0","0","0","1","","0","0","0","","","0","N","0","","40 29:44.058","2","3","79 56:25.406","0","0","0","0","2430","0","0","0","N","0","0","0","3","02430","0","","1.0","30.0","1","N","N","N","1","","0","0","1","","0","N","","3","0","1","0","0","0","0","2","1","3","","","","N","","","","","","","","","",""
"2023042480","","0","0","0","0","0","0","0","0","0","7","0","","02","5","2023","7","40.530383","-80.009257","","11","0","0","0","0","0","0","1","0","","0","0","0","","","0","","1","","40 31:49.378","3","0","80 00:33.326","0","0","0","0","2116","0","0","0","Y","0","0","0","1","02116","0","","3.0","1322.0","1","N","N","N","0","","0","0","1","","4","Y","","1","0","0","0","0","0","0","2","0","1","","03","","N","","","","","","","","","",""
"2023040991","","0","0","0","0","0","0","0","0","0","1","0","","02","5","2023","1","40.411444","-80.022528","","11","0","0","0","0","0","0","0","0","","0","0","0","","","0","N","0","","40 24:41.200","6","0","80 01:21.100","0","0","0","0","2301","0","0","0","N","0","0","0","1","02301","0","","6.0","302.0","1","N","N","N","0","","0","0","2","","0","N","","2","0","0","0","0","0","0","2","0","2","","","","N","","","","","","","","","",""
"2023056016","","1","0","0","0","0","0","0","0","0","7","0","","02","5","2023","2","40.494268","-79.943032","","11","0","0","0","0","0","1","0","0","","0","0","0","","","1","","7","","40 29:39.365","2","0","79 56:34.916","4","0","0","0","2430","0","0","0","N","0","0","0","1","02430","1","","4.0","2227.0","1","N","N","N","0","","0","0","0","","0","N","","1","1","0","0","0","0","0","2","0","1","","","","N","","","","","","","","","",""
"2023045298","","1","0","0","0","0","0","0","0","0","4","0","","02","5","2023","6","40.398403","-79.768419","","11","0","0","0","0","0","0","0","0","","0","0","0","","","2","N","0","","40 23:54.251","","7","79 46:06.309","3","0","0","0","2446","0","0","0","N","0","0","0","3","02446","0","","1.0","","1","N","N","N","0","","1","0","0","","0","","","2","2","0","0","0","1","0","2","1","2","","","","N","","","","","","","","","",""
"2023057261","","0","0","0","0","0","0","0","0","0","1","0","","02","6","2023","4","40.467383","-80.035438","","11","0","0","0","0","0","0","0","0","","0","0","0","","","1","","3","","40 28:02.577","","0","80 02:07.577","3","0","0","0","2301","0","0","0","N","0","0","0","2","02301","0","","1.0","","1","N","N","N","2","","1","0","0","","0","","","2","1","0","0","0","0","0","2","0","2","","03","","N","","","","","","","","","",""
"2023054185","","2","0","0","0","0","0","0","0","0","1","0","","02","6","2023","6","40.44805","-80.305836","","11","0","0","0","0","0","0","0","0","","0","0","0","","","0","","2","","40 26:52.981","2","0","80 18:21.011","0","0","0","0","2203","0","0","0","N","0","0","0","2","02203","0","","1.0","2340.0","1","N","N","N","0","","0","0","0","","3","N","","2","0","0","0","0","0","0","1","0","2","","03","","N","","","","","","","","","",""
"2023056166","","1","0","0","0","0","0","0","0","0","7","0","","02","6","2023","7","40.462737","-80.220269","","11","0","0","0","0","0","0","0","0","","0","0","0","","","0","N","0","","40 27:45.852","","0","80 13:12.970","0","0","0","0","2203","0","0","0","Y","0","0","0","1","02203","0","","5.0","","9","N","N","N","0","","0","0","0","","0","","","1","0","0","0","0","0","0","2","0","1","","","","N","","","","","","","","","",""
"2023056547","","1","0","0","0","0","0","0","0","0","5","0","","02","2","2023","1","40.426255","-79.894496","","11","0","0","0","0","0","0","0","0","","0","0","0","","","1","","6","","40 25:34.518","","2","79 53:40.186","3","0","0","0","2301","0","0","0","N","0","0","0","2","68B03","0","","1.0","","1","N","N","N","1","","1","0","0","","0","","","2","1","0","0","0","0","0","2","0","2","","","","N","","","","","","","","","",""
"2023041554","","0","0","0","0","0","0","0","0","0","1","0","","02","5","2023","4","40.436006","-79.969611","","11","0","0","1","0","0","0","0","0","","0","0","0","","","0","","7","","40 26:09.620","","2","79 58:10.599","0","0","0","0","2301","0","0","0","N","0","0","0","2","02301","0","","1.0","","1","N","N","N","1","","0","0","0","","0","","","2","0","0","0","0","0","0","2","1","2","","","","N","","","","","","","","","",""
"2023051772","","2","0","0","0","0","0","0","0","0","1","0","","02","5","2023","1","40.43874","-79.748059","","11","0","0","0","0","0","1","0","0","","0","0","0","","","1","N","0","","40 26:19.463","","0","79 44:53.013","3","0","0","0","2446","0","0","0","N","0","0","0","3","02446","0","","1.0","","9","N","N","N","0","","1","0","0","","0","N","","2","1","0","0","0","0","0","2","0","2","","07","","N","","","","","","","","","",""
"2023053919","","1","0","0","0","0","0","0","0","0","5","0","","02","6","2023","7","40.546993","-80.194934","","11","0","0","0","0","0","2","0","0","","0","0","0","","","0","N","0","","40 32:49.176","1","0","80 11:41.763","0","0","0","0","2427","0","0","0","N","0","0","0","2","02427","0","","1.0","1512.0","1","N","N","N","0","","0","0","1","","0","N","","2","0","0","0","0","0","0","2","0","2","","","","N","","","","","","","","","",""
"2023043430","","1","0","0","0","0","0","0","0","0","4","0","","02","5","2023","5","40.340224","-79.97879","","11","0","0","0","0","0","0","0","0","","0","0","0","","","0","N","0","","40 20:24.808","","7","79 58:43.644","0","0","0","0","2403","0","0","0","N","0","0","0","4","02403","0","","1.0","","1","N","N","N","0","","0","0","0","","0","","","2","0","0","0","0","0","0","2","1","2","","03","","N","","","","","","","","","",""
"2023057267","","1","0","0","0","0","0","0","0","0","7","0","","02","6","2023","4","40.560532","-80.013812","","11","0","0","1","0","0","0","0","0","","0","0","0","","","0","N","0","","40 33:37.914","","0","80 00:49.723","0","0","0","0","2108","0","0","0","N","0","0","0","1","02108","0","","5.0","","1","N","N","N","0","","0","0","0","","0","","","1","0","0","0","0","0","0","2","0","1","","03","","N","","","","","","","","","",""
"2023054949","","0","0","0","0","0","0","0","0","0","5","1","","02","6","2023","4","40.390971","-79.996672","","11","0","0","0","0","0","2","0","0","","0","1","0","","","1","N","0","","40 23:27.497","1","0","79 59:48.019","8","0","0","0","2301","0","0","0","N","0","0","0","3","02301","0","","1.0","1312.0","1","N","N","N","1","","0","0","1","","0","N","","3","1","0","0","0","1","0","2","0","3","","","","N","","","","","","","","","",""
"2023047216","","0","0","0","0","0","0","0","0","0","7","0","","02","5","2023","7","40.472025","-80.015498","","11","0","0","0","0","0","0","0","0","","1","0","0","","","0","N","0","","40 28:19.290","5","0","80 00:55.794","1","1","0","1","2301","0","0","0","N","0","0","0","1","02301","0","2","4.0","105.0","1","N","N","N","0","0","0","0","0","","0","Y","","1","0","0","0","0","0","0","2","0","1","","","","N","","","","","","","","","",""
"2023057441","","1","0","0","0","0","0","0","0","0","4","0","","02","6","2023","4","40.509141","-80.250534","","11","0","0","0","0","0","1","0","0","","0","0","0","","","2","","1","","40 30:32.906","7","2","80 15:01.922","8","0","0","0","2213","0","0","0","N","0","0","0","2","02213","0","","1.0","845.0","1","N","N","N","0","","0","0","1","","3","Y","","2","2","0","0","0","2","0","2","0","2","","","","N","","","","","","","","","",""
"2023053266","","1","0","0","0","0","0","0","0","0","4","0","","02","6","2023","5","40.578069","-79.953674","","11","0","0","0","0","0","0","0","0","","0","0","0","","","0","N","2","","40 34:41.050","1","0","79 57:13.227","0","0","0","0","2207","0","0","0","N","0","0","0","3","02207","0","","1.0","939.0","1","N","N","N","0","","0","0","1","","3","Y","","2","0","0","0","0","0","0","2","0","2","","04","","N","","","","","","","","","",""
"2023054627","","0","0","0","0","0","0","0","0","0","7","0","","02","6","2023","4","40.53203","-80.204538","","11","0","0","0","0","0","0","1","0","","0","0","0","","","1","N","0","","40 31:55.309","1","0","80 12:16.337","3","0","0","0","2213","0","0","0","N","0","0","0","1","02213","0","","5.0","2019.0","1","N","N","N","0","","1","0","1","","0","Y","","1","1","0","0","0","0","0","2","0","1","","","","N","","","","","","","","","",""
"2023053592","","1","0","0","0","0","0","0","0","0","4","0","","02","6","2023","6","40.333862","-79.946398","","11","0","0","0","0","0","0","0","0","","0","0","0","","","0","N","0","","40 20:01.903","","7","79 56:47.032","0","0","0","0","2454","0","0","0","N","0","0","0","2","02454","0","","1.0","","1","N","N","N","0","","0","0","1","","0","N","","2","0","0","0","0","0","0","2","0","2","","","","N","","","","","","","","","",""
"2023044574","","1","0","0","0","0","0","0","0","0","1","0","","02","5","2023","6","40.469897","-80.003316","","11","0","0","0","0","0","1","0","0","","0","0","0","","","0","N","0","","40 28:11.629","2","0","80 00:11.939","0","0","0","0","2301","0","0","0","N","0","0","0","2","68B03","0","","1.0","12.0","1","N","N","Y","0","","0","0","1","","0","N","","2","0","0","0","0","0","0","2","0","2","","","","N","","","","","","","","","",""
"2023042888","","2","0","0","0","0","0","0","0","0","4","0","","02","5","2023","2","40.463433","-79.917419","","11","0","0","0","0","0","2","0","0","","0","0","0","","","3","","1","","40 27:48.359","","0","79 55:02.710","8","0","0","0","2301","0","0","0","N","0","0","0","4","02301","0","","1.0","","1","N","N","Y","0","","0","0","0","","2","","","2","3","0","0","0","3","0","2","0","2","","","","N","","","","","","","","","",""
"2023036419","","1","0","0","0","0","0","0","0","0","7","0","","02","4","2023","6","40.414008","-79.921597","","11","0","0","0","0","0","1","0","0","","0","0","0","","","0","N","0","","40 24:50.427","6","7","79 55:17.749","9","0","0","0","2301","0","0","0","N","0","0","0","1","02301","0","","2.0","2300.0","1","N","N","N","0","","0","0","0","","0","N","","1","0","0","0","0","0","1","2","0","1","","03","","N","","","","","","","","","",""
"2023042505","","0","0","0","0","0","0","0","0","0","7","0","","02","5","2023","7","40.407","-79.98","","11","0","0","0","0","0","0","0","0","","0","0","0","","","0","N","0","","40 24:25.200","","0","79 58:48.000","9","0","0","0","2301","0","0","0","N","0","0","0","1","02301","0","","4.0","","9","N","N","N","0","","0","0","1","","0","","","1","0","0","0","0","0","1","2","0","1","","07","","N","","","","","","","","","",""
"2023041184","","0","0","0","0","0","0","0","0","0","1","0","","02","5","2023","3","40.46774","-79.928119","","11","0","0","0","0","0","0","2","0","","0","0","0","","","1","","1","","40 28:03.864","4","0","79 55:41.228","3","0","0","0","2301","0","0","0","N","0","0","0","4","02301","0","","1.0","1630.0","1","N","N","N","0","","1","0","3","","2","N","","3","1","0","0","0","0","0","2","0","3","","","","N","","","","","","","","","",""
"2023040321","","1","0","0","0","0","0","0","0","0","4","0","","02","5","2023","7","40.653129","-79.707913","","11","0","0","0","0","0","0","1","0","","0","0","0","","","0","N","0","","40 39:11.263","1","7","79 42:28.488","0","0","0","0","2106","0","0","0","N","0","0","0","4","02106","0","","1.0","1650.0","1","N","N","N","0","","0","0","1","","0","N","","2","0","0","0","0","0","0","1","0","2","","","","N","","","","","","","","","",""
"2023040400","","0","0","0","0","0","0","0","0","0","7","0","","02","5","2023","7","40.343972","-79.852472","","11","0","0","0","0","0","0","0","0","","0","0","0","","","0","N","0","","40 20:38.300","","0","79 51:08.900","0","0","0","0","2304","0","0","0","N","0","0","0","1","02304","0","","4.0","","1","N","N","N","0","","0","0","1","","0","","","1","0","1","0","0","0","0","2","0","1","","03","","N","","","","","","","","","",""
"2023054348","","0","0","0","0","0","0","0","0","0","5","0","","02","6","2023","2","40.44228","-79.760108","","11","0","0","1","0","0","0","1","0","","0","0","0","","","2","N","2","","40 26:32.207","2","0","79 45:36.388","3","0","0","0","2446","0","0","0","N","0","0","0","6","02446","0","","1.0","1535.0","1","N","N","N","0","","2","0","2","","0","N","","2","2","0","0","0","0","0","2","0","2","","03","","N","","","","","","","","","",""
"2023054156","","1","0","0","0","0","0","0","0","0","2","0","","02","6","2023","6","40.435637","-79.756062","","11","0","0","0","0","1","1","0","0","","0","0","0","","","0","N","0","","40 26:08.293","","0","79 45:21.822","0","0","0","0","2446","0","0","0","N","0","0","0","2","02446","0","","1.0","","1","N","N","N","0","","0","0","0","","0","","","2","0","0","0","0","0","0","2","1","2","","","","N","","","","","","","","","",""
"2023042598","","1","0","0","0","0","0","0","0","0","4","0","","02","5","2023","7","40.452883","-79.920712","","11","0","0","0","0","0","0","0","0","","0","0","0","","","2","","1","","40 27:10.380","3","0","79 55:14.564","3","0","0","0","2301","0","0","0","N","0","0","0","2","02301","0","","1.0","2100.0","1","N","N","N","0","","2","0","1","","2","Y","","2","2","0","0","0","0","0","2","0","2","","03","","N","","","","","","","","","",""
"2023054980","","0","0","0","0","0","0","0","0","0","2","0","","02","6","2023","4","40.567388","-80.00696","","11","0","0","0","1","0","0","1","0","","0","0","0","","","0","","1","","40 34:02.595","","0","80 00:25.056","0","0","0","0","2108","0","0","0","N","0","0","0","3","02108","0","","1.0","","1","N","N","N","0","","0","0","2","","2","","","2","0","0","0","0","0","0","2","0","2","","","","N","","","","","","","","","",""
"2023042675","","1","0","0","0","0","0","0","0","0","7","0","","02","5","2023","1","40.449222","-79.99025","","11","0","0","0","0","0","1","0","0","","0","0","0","","","0","N","0","","40 26:57.200","","0","79 59:24.900","0","0","0","0","2301","0","0","0","N","0","0","0","1","02301","0","","4.0","","99","N","N","N","0","","0","0","0","","0","","","1","0","0","0","0","0","0","2","0","1","","","","N","","","","","","","","","",""
"2023056122","","1","0","0","0","0","0","0","0","0","4","0","","02","6","2023","1","40.455364","-80.053678","","11","0","0","0","0","1","0","0","0","","0","0","0","","","1","","1","","40 27:19.310","7","0","80 03:13.240","3","0","0","0","2301","0","0","0","N","0","0","0","3","02301","0","","1.0","1935.0","1","N","N","N","0","","1","0","1","","3","Y","","2","1","0","0","0","0","1","2","0","2","","03","","N","","","","","","","","","",""
"2023053753","","1","0","0","0","0","0","0","0","0","7","0","","02","5","2023","2","40.527559","-79.940079","","11","0","0","0","0","0","1","0","0","","0","0","0","","","0","N","0","","40 31:39.212","1","0","79 56:24.285","0","0","0","0","2118","0","0","0","N","0","0","0","1","02118","0","","2.0","1847.0","1","N","N","Y","0","","0","0","0","","0","N","","1","0","0","0","0","0","0","2","0","1","","03","","N","","","","","","","","","",""
"2023054257","","2","0","0","0","0","0","0","0","0","4","0","","02","6","2023","5","40.450177","-80.117018","","11","1","0","0","1","0","0","0","0","","0","0","0","","","0","","2","","40 27:00.636","4","0","80 07:01.266","0","0","0","0","2115","0","0","0","N","0","0","0","3","02115","0","","1.0","1145.0","1","N","N","N","0","","0","0","0","","3","N","","2","0","0","0","0","0","0","2","0","2","","03","","N","","","","","","","","","",""
"2023054571","","0","0","0","0","0","0","0","0","0","4","0","","02","6","2023","3","40.428454","-79.91854","","11","0","0","0","0","0","1","0","0","","0","0","0","","","0","","1","","40 25:42.434","","0","79 55:06.743","0","0","0","0","2301","0","0","0","N","0","0","0","3","02301","0","","1.0","","1","N","N","N","0","","0","0","2","","2","","","2","0","0","0","0","0","0","2","0","2","","04","","N","","","","","","","","","",""
"2023040818","","1","0","0","0","0","0","0","0","0","4","0","","02","5","2023","4","40.367328","-79.842315","","11","0","0","0","0","0","1","0","0","","0","0","0","","","1","","2","","40 22:02.381","2","0","79 50:32.335","3","0","0","0","2303","0","0","0","N","0","0","0","2","02303","0","","1.0","1710.0","9","N","N","N","0","","1","0","1","","2","N","","2","1","0","0","0","0","0","2","0","2","","","","N","","","","","","","","","",""
"2023062567","","0","0","0","0","0","0","0","0","0","4","0","","02","7","2023","1","40.458675","-79.907967","","11","0","0","0","0","0","0","0","0","","0","0","0","","","4","","1","","40 27:31.229","7","0","79 54:28.680","2","0","0","0","2301","0","0","0","N","0","0","0","4","02301","1","","1.0","841.0","9","N","N","N","0","","1","2","2","","2","Y","","2","4","3","0","2","0","0","2","0","2","","","","N","","","","","","","","","",""
"2023059676","","0","0","0","0","0","0","0","0","0","4","0","","02","6","2023","1","40.543934","-80.192629","","11","0","0","0","1","0","0","0","0","","0","0","0","","","1","N","1","","40 32:38.163","1","0","80 11:33.466","8","0","0","0","2427","0","0","0","N","0","0","0","2","02427","0","","1.0","1808.0","1","N","N","N","1","","0","0","1","","2","Y","","2","1","0","0","0","1","0","2","0","2","","03","","N","","","","","","","","","",""
"2023045615","","0","0","0","0","0","0","0","0","0","2","0","","02","5","2023","2","40.632301","-79.854045","","11","0","0","0","1","0","0","0","0","","0","0","0","","","2","N","0","","40 37:56.284","3","0","79 51:14.562","4","0","0","0","2220","0","0","0","N","0","0","0","3","02220","2","","1.0","920.0","1","N","N","N","0","","0","0","2","","0","N","","2","2","0","0","0","0","0","2","0","2","","","","N","","","","","","","","","",""
"2023055957","","0","0","0","0","0","0","0","0","0","7","0","","02","6","2023","1","40.488425","-79.83695","","11","0","0","0","0","0","0","0","0","","0","0","0","","","1","N","0","","40 29:18.329","6","0","79 50:13.019","8","0","0","0","2113","0","0","0","N","0","0","0","1","02113","0","","2.0","103.0","1","N","N","N","0","","0","0","1","","0","N","","1","1","1","0","0","1","0","2","0","1","","","","N","","","","","","","","","",""
"2023040676","","1","0","0","0","0","0","0","0","0","1","0","","02","5","2023","2","40.436946","-80.00202","","11","0","0","0","0","0","0","0","0","","0","0","0","","","0","Y","0","","40 26:13.004","3","0","80 00:07.273","9","0","0","0","2301","0","0","0","N","0","0","0","3","02301","0","","1.0","625.0","1","N","N","N","0","","0","0","1","","0","N","","2","0","0","0","0","0","1","2","0","2","","","","N","","","","","","","","","",""
"2023062897","","0","0","0","0","0","0","0","0","0","7","0","","02","7","2023","2","40.437061","-79.774933","","11","0","0","0","0","0","0","0","0","","0","0","0","","","0","N","0","","40 26:13.421","","0","79 46:29.760","0","0","0","0","2446","0","0","0","N","0","0","0","1","02446","0","","4.0","","1","N","N","N","0","","0","0","1","","0","","","1","0","0","0","0","0","0","2","0","1","","03","","N","","","","","","","","","",""
"2023042345","","0","0","0","0","0","0","0","0","0","4","0","","02","5","2023","6","40.455372","-80.0537","","11","0","0","0","0","0","0","0","0","","0","0","0","","","2","","1","","40 27:19.339","","0","80 03:13.319","2","0","2","2","2301","0","0","0","N","0","0","0","3","02301","0","","1.0","","1","N","N","N","0","","0","2","0","","3","N","","2","2","0","0","0","0","1","2","0","2","","03","","N","","","","","","","","","",""
"2023049363","","2","0","0","0","0","0","0","0","0","1","0","","02","5","2023","4","40.388325","-80.050636","","11","0","0","1","0","0","0","0","0","","0","0","0","","","1","N","0","","40 23:17.970","","0","80 03:02.290","3","0","0","0","2109","0","0","0","N","0","0","0","5","02109","0","","1.0","","1","N","N","N","1","","1","0","1","","0","","","4","1","0","0","0","0","0","2","0","4","","","","N","","","","","","","","","",""
"2023056149","","1","0","0","0","0","0","0","0","0","7","0","","02","6","2023","1","40.487612","-80.04072","","11","0","0","0","0","0","0","0","0","","0","0","0","","","1","N","1","","40 29:15.403","","0","80 02:26.591","3","0","0","0","2301","0","0","0","Y","0","0","0","1","02301","0","","5.0","","1","N","N","N","0","","1","0","0","","0","","","1","1","1","0","0","0","0","2","0","1","","03","","N","","","","","","","","","",""
"2023061210","","2","0","0","0","0","0","0","0","0","1","0","","02","7","2023","7","40.427993","-79.719914","","11","0","0","0","0","0","0","0","0","","0","0","0","","","0","N","0","","40 25:40.776","4","0","79 43:11.689","0","0","0","0","2446","0","0","0","N","0","0","0","2","02446","0","","1.0","2218.0","1","N","N","N","0","","0","0","0","","2","N","","2","0","0","0","0","0","0","2","0","2","","03","","N","","","","","","","","","",""