"CRN","ARRIVAL_TM","AUTOMOBILE_COUNT","BELTED_DEATH_COUNT","BELTED_SUSP_SERIOUS_INJ_COUNT","BICYCLE_COUNT","BICYCLE_DEATH_COUNT","BICYCLE_SUSP_SERIOUS_INJ_COUNT","BUS_COUNT","CHLDPAS_DEATH_COUNT","CHLDPAS_SUSP_SERIOUS_INJ_COUNT","COLLISION_TYPE","COMM_VEH_COUNT","CONS_ZONE_SPD_LIM","COUNTY","CRASH_MONTH","CRASH_YEAR","DAY_OF_WEEK","DEC_LATITUDE","DEC_LONGITUDE","DISPATCH_TM","DISTRICT","DRIVER_COUNT_16YR","DRIVER_COUNT_17YR","DRIVER_COUNT_18YR","DRIVER_COUNT_19YR","DRIVER_COUNT_20YR","DRIVER_COUNT_50_64YR","DRIVER_COUNT_65_74YR","DRIVER_COUNT_75PLUS","EST_HRS_CLOSED","FATAL_COUNT","HEAVY_TRUCK_COUNT","HORSE_BUGGY_COUNT","HOUR_OF_DAY","ILLUMINATION","INJURY_COUNT","INTERSECTION_RELATED","INTERSECT_TYPE","LANE_CLOSED","LATITUDE","LN_CLOSE_DIR","LOCATION_TYPE","LONGITUDE","MAX_SEVERITY_LEVEL","MCYCLE_DEATH_COUNT","MCYCLE_SUSP_SERIOUS_INJ_COUNT","MOTORCYCLE_COUNT","MUNICIPALITY","NONMOTR_COUNT","NONMOTR_DEATH_COUNT","NONMOTR_SUSP_SERIOUS_INJ_COUNT","NTFY_HIWY_MAINT","PED_COUNT","PED_DEATH_COUNT","PED_SUSP_SERIOUS_INJ_COUNT","PERSON_COUNT","POLICE_AGCY","POSSIBLE_INJ_COUNT","RDWY_SURF_TYPE_CD","RELATION_TO_ROAD","ROADWAY_CLEARED","ROAD_CONDITION","SCH_BUS_IND","SCH_ZONE_IND","SECONDARY_CRASH","SMALL_TRUCK_COUNT","SPEC_JURIS_CD","SUSP_MINOR_INJ_COUNT","SUSP_SERIOUS_INJ_COUNT","SUV_COUNT","TCD_FUNC_CD","TCD_TYPE","TFC_DETOUR_IND","TIME_OF_DAY","TOTAL_UNITS","TOT_INJ_COUNT","UNBELTED_OCC_COUNT","UNB_DEATH_COUNT","UNB_SUSP_SERIOUS_INJ_COUNT","UNK_INJ_DEG_COUNT","UNK_INJ_PER_COUNT","URBAN_RURAL","VAN_COUNT","VEHICLE_COUNT","WEATHER1","WEATHER2","WORKERS_PRES","WORK_ZONE_IND","WORK_ZONE_LOC","WORK_ZONE_TYPE","WZ_CLOSE_DETOUR","WZ_FLAGGER","WZ_LAW_OFFCR_IND","WZ_LN_CLOSURE","WZ_MOVING","WZ_OTHER","WZ_SHLDER_MDN","WZ_WORKERS_INJ_KILLED"
"2023056261","","1","0","0","0","0","0","0","0","0","98","0","","02","6","2023","2","40.459314","-79.930488","","11","0","0","0","0","0","0","0","0","","0","0","0","","","0","N","1","","40 27:33.531","","0","79 55:49.756","0","0","0","0","2301","0","0","0","N","0","0","0","1","02301","0","","1.0","","1","N","N","N","0","","0","0","0","","2","","","1","0","0","0","0","0","0","2","0","1","","03","","Y","","","","","","","","","",""
"2023055527","","1","0","0","0","0","0","0","0","0","4","0","","02","6","2023","6","40.486524","-79.837318","","11","0","0","0","0","0","1","0","0","","0","0","0","","","0","N","1","","40 29:11.486","1","0","79 50:14.344","0","0","0","0","2113","0","0","0","N","0","0","0","2","02113","0","","1.0","1025.0","1","N","N","N","0","","0","0","1","","2","Y","","2","0","0","0","0","0","0","2","0","2","","03","","N","","","","","","","","","",""
"2023062959","","0","0","0","0","0","0","0","0","0","98","0","","02","7","2023","7","40.554342","-79.839804","","11","0","0","0","0","0","0","0","0","","0","0","0","","","0","N","0","","40 33:15.630","","0","79 50:23.294","0","0","0","0","2208","0","0","0","N","0","0","0","3","68T02","0","","1.0","","1","N","N","N","0","","0","0","1","","0","","","1","0","0","0","0","0","0","2","0","1","","","","N","","","","","","","","","",""
"2023040673","","1","0","0","0","0","0","0","0","0","4","0","","02","5","2023","1","40.434505","-79.989823","","11","0","0","0","0","0","1","0","0","","0","0","0","","","1","","1","","40 26:04.219","2","3","79 59:23.362","3","0","0","0","2301","0","0","0","N","0","0","0","3","02301","0","","1.0","9.0","1","N","N","N","0","","1","0","1","","2","Y","","2","1","0","0","0","0","0","2","0","2","","","","N","","","","","","","","","",""
"2023042360","","1","0","0","0","0","0","0","0","0","1","0","","02","5","2023","6","40.436397","-79.975634","","11","1","0","0","0","0","0","0","0","","0","0","0","","","0","N","0","","40 26:11.030","3","3","79 58:32.284","0","0","0","0","2301","0","0","0","N","0","0","0","5","02301","0","","1.0","25.0","1","N","N","N","0","","0","0","1","","0","N","","2","0","0","0","0","0","0","2","0","2","","","","N","","","","","","","","","",""
"2023056423","","0","0","0","0","0","0","0","0","0","1","0","","02","6","2023","5","40.356398","-80.113449","","11","0","1","0","0","0","0","1","0","","0","0","0","","","1","N","0","","40 21:23.031","","0","80 06:48.415","3","0","0","0","2414","0","0","0","N","0","0","0","5","02414","0","","1.0","","1","N","N","N","1","","1","0","2","","0","","","3","1","0","0","0","0","0","2","0","3","","","","N","","","","","","","","","",""
"2023052938","","0","0","0","0","0","0","0","0","0","4","0","","02","5","2023","4","40.344671","-80.031153","","11","0","0","1","0","1","0","0","0","","0","0","0","","","0","","2","","40 20:40.817","","0","80 01:52.152","0","0","0","0","2407","0","0","0","N","0","0","0","2","02407","0","","1.0","","1","N","N","N","0","","0","0","2","","0","","","2","0","0","0","0","0","0","2","0","2","","","","N","","","","","","","","","",""
"2023048564","","1","0","0","0","0","0","0","0","0","1","0","","02","5","2023","4","40.361135","-79.785489","","11","0","0","0","0","0","1","0","0","","0","0","0","","","1","N","0","","40 21:40.086","","7","79 47:07.761","8","0","0","0","2111","0","0","0","N","0","0","0","2","02111","0","","1.0","","1","N","N","N","1","","0","0","0","","0","","","2","1","0","0","0","1","0","2","0","2","","03","","N","","","","","","","","","",""
"2023042900","","0","0","0","0","0","0","0","0","0","7","0","","02","5","2023","1","40.466833","-80.219278","","11","0","0","0","0","0","0","0","0","","0","0","0","","","0","N","0","","40 28:00.600","","0","80 13:09.400","0","0","0","0","2203","0","0","0","N","0","0","0","2","02203","0","","2.0","","99","N","N","N","0","","0","0","1","","0","","","1","0","0","0","0","0","0","2","0","1","","","","N","","","","","","","","","",""
"2023042519","","1","0","0","0","0","0","0","0","0","4","0","","02","5","2023","3","40.348211","-79.929219","","11","0","0","0","0","0","0","0","1","","0","0","0","","","0","","2","","40 20:53.561","","0","79 55:45.189","0","0","0","0","2473","0","0","0","N","0","0","0","2","02473","0","","1.0","","1","N","N","N","0","","0","0","1","","3","","","2","0","0","0","0","0","0","2","0","2","","03","","N","","","","","","","","","",""
"2023043442","","1","0","0","0","0","0","0","0","0","4","0","","02","5","2023","3","40.667221","-79.730278","","11","0","0","0","0","0","1","0","0","","0","0","0","","","0","","1","","40 40:01.996","3","0","79 43:49.002","0","0","0","0","2202","0","0","0","N","0","0","0","2","02202","0","","1.0","1522.0","1","N","N","N","1","","0","0","0","","1","N","","2","0","0","0","0","0","0","1","0","2","","03","","N","","","","","","","","","",""
"2023048547","","0","0","0","0","0","0","0","0","0","7","0","","02","5","2023","1","40.458556","-79.862472","","11","0","0","0","0","0","0","0","0","","0","0","0","","","4","N","0","","40 27:30.800","7","7","79 51:44.900","2","0","0","0","2478","0","0","0","N","0","0","0","4","02501","0","","4.0","1126.0","1","N","N","N","0","","0","4","1","","0","Y","","1","4","0","0","0","0","0","2","0","1","","","","N","","","","","","","","","",""
"2023046240","","2","0","0","0","0","0","0","0","0","5","0","","02","5","2023","3","40.343158","-79.854889","","11","0","0","0","0","0","1","0","0","","0","0","0","","","0","N","0","","40 20:35.370","6","0","79 51:17.602","0","0","0","0","2304","0","0","0","N","0","0","0","2","02304","0","","6.0","126.0","1","N","N","N","0","","0","0","0","","0","Y","","2","0","0","0","0","0","0","2","0","2","","03","","N","","","","","","","","","",""
"2023063889","","0","0","0","0","0","0","0","0","0","7","0","","02","5","2023","7","40.507902","-80.150583","","11","0","0","0","0","0","0","0","0","","0","0","0","","","0","N","0","","40 30:28.447","","0","80 09:02.100","0","0","0","0","2420","0","0","0","N","0","0","0","1","02420","0","","2.0","","1","N","N","N","0","","0","0","1","","0","","","1","0","0","0","0","0","0","2","0","1","","03","","N","","","","","","","","","",""
"2023045635","","0","0","0","0","0","0","0","0","0","5","0","","02","5","2023","5","40.434702","-79.997181","","11","0","0","0","0","0","0","0","0","","0","0","0","","","1","N","0","","40 26:04.928","","0","79 59:49.851","3","0","0","1","2301","0","0","0","N","0","0","0","2","68B03","0","","1.0","","1","N","N","N","1","","1","0","0","","0","","","2","1","0","0","0","0","0","2","0","2","","03","","N","","","","","","","","","",""
"2023054405","","0","0","0","0","0","0","0","0","0","7","0","","02","6","2023","2","40.424524","-79.886011","","11","0","0","0","0","0","0","0","0","","0","0","0","","","0","","2","","40 25:28.286","","0","79 53:09.639","0","0","0","0","2463","0","0","0","N","0","0","0","1","02463","0","","5.0","","1","N","N","N","1","","0","0","0","","3","","","1","0","0","0","0","0","0","2","0","1","","04","","N","","","","","","","","","",""
"2023041170","","0","0","0","0","0","0","0","0","0","1","0","","02","5","2023","3","40.445991","-79.827992","","11","0","0","0","0","0","0","0","0","","0","0","0","","","0","","2","","40 26:45.567","","0","79 49:40.772","0","0","0","0","2113","0","0","0","N","0","0","0","2","02113","0","","1.0","","1","N","N","N","0","","0","0","2","","0","","","2","0","0","0","0","0","0","2","0","2","","03","","N","","","","","","","","","",""
"2023043859","","1","0","0","0","0","0","0","0","0","4","0","","02","5","2023","6","40.538392","-80.262222","","11","0","0","0","0","0","0","1","0","","0","0","0","","","1","N","0","","40 32:18.210","","0","80 15:44.000","3","0","0","0","2213","0","0","0","N","0","0","0","1","02213","0","","5.0","","1","N","N","N","1","","1","0","0","","0","","","3","1","0","0","0","0","0","2","1","3","","","","N","","","","","","","","","",""
"2023063332","","1","0","0","0","0","0","0","0","0","7","0","","02","6","2023","7","40.518743","-80.054447","","11","0","0","0","0","0","0","0","0","","0","0","0","","","0","N","0","","40 31:07.473","","0","80 03:16.009","0","0","0","0","2116","0","0","0","Y","0","0","0","1","68B03","0","","4.0","","1","N","N","N","0","","0","0","0","","0","","","1","0","0","0","0","0","0","2","0","1","","03","","N","","","","","","","","","",""
"2023041441","","0","0","0","0","0","0","0","0","0","5","0","","02","5","2023","4","40.510199","-79.763799","","11","0","0","0","0","0","0","0","0","","0","0","0","","","1","N","0","","40 30:36.718","5","0","79 45:49.678","3","0","0","0","2466","0","0","0","N","0","0","0","2","02466","0","","1.0","916.0","1","N","N","N","0","","1","0","2","","0","N","","2","1","0","0","0","0","0","1","0","2","","03","","N","","","","","","","","","",""
"2023062706","","1","0","0","0","0","0","0","0","0","4","0","","02","7","2023","6","40.566044","-79.998834","","11","0","0","0","0","0","0","0","1","","0","0","0","","","0","","1","","40 33:57.759","","0","79 59:55.804","0","0","0","0","2108","0","0","0","N","0","0","0","2","02108","0","","1.0","","1","N","N","N","0","","0","0","1","","3","","","2","0","0","0","0","0","0","2","0","2","","","","N","","","","","","","","","",""
"2023063647","","1","0","0","0","0","0","0","0","0","7","0","","02","7","2023","1","40.335549","-80.05024","","11","0","0","0","0","0","0","0","0","","0","0","0","","","1","N","0","","40 20:07.977","3","0","80 03:00.865","4","0","0","0","2407","0","0","0","N","0","0","0","2","02407","1","","5.0","2350.0","9","N","N","N","0","","0","0","0","","0","N","","1","1","0","0","0","0","0","2","0","1","","04","","N","","","","","","","","","",""
"2023041822","","1","0","0","0","0","0","0","0","0","4","0","","02","5","2023","5","40.459421","-79.866147","","11","0","0","0","0","0","1","0","0","","0","0","0","","","1","N","0","","40 27:33.914","5","0","79 51:58.129","2","0","0","0","2113","0","0","0","N","0","0","0","3","02113","0","","1.0","1709.0","1","N","N","N","0","","0","1","1","","0","Y","","2","1","0","0","0","0","0","2","0","2","","03","","N","","","","","","","","","",""
"2023047817","","0","0","0","0","0","0","0","0","0","7","0","","02","5","2023","4","40.578636","-80.218318","","11","0","0","0","0","0","0","1","0","","0","0","0","","","1","N","0","","40 34:43.089","","0","80 13:05.945","4","0","0","0","2107","0","0","0","Y","0","0","0","2","02107","1","","4.0","","1","N","N","N","0","","0","0","0","","0","","","1","1","0","0","0","0","0","2","1","1","","03","","N","","","","","","","","","",""
"2023055935","","1","0","0","0","0","0","0","0","0","4","0","","02","6","2023","7","40.405776","-80.029688","","11","0","0","0","0","0","1","1","0","","0","0","0","","","1","","2","","40 24:20.793","","0","80 01:46.876","8","0","0","0","2301","0","0","0","N","0","0","0","3","02301","0","","1.0","","1","N","N","N","0","","0","0","1","","3","","","2","1","0","0","0","1","0","2","0","2","","03","","N","","","","","","","","","",""
"2023062747","","2","0","0","0","0","0","0","0","0","5","0","","02","7","2023","1","40.38905","-79.830848","","11","0","0","0","0","0","1","0","0","","0","0","0","","","0","N","0","","40 23:20.581","","0","79 49:51.052","0","0","0","0","2111","0","0","0","N","0","0","0","3","02111","0","","1.0","","1","N","N","N","0","","0","0","0","","0","","","2","0","0","0","0","0","0","2","0","2","","03","","N","","","","","","","","","",""
"2023043686","","1","0","0","0","0","0","0","0","0","4","0","","02","5","2023","6","40.382984","-79.85741","","11","0","0","0","0","0","1","1","0","","0","0","0","","","0","","1","","40 22:58.744","","0","79 51:26.676","0","0","0","0","2303","0","0","0","N","0","0","0","2","02303","0","","1.0","","1","N","N","N","1","","0","0","0","","2","","","2","0","0","0","0","0","0","2","0","2","","03","","N","","","","","","","","","",""
"2023055217","","0","0","0","0","0","0","0","0","0","4","0","","02","6","2023","7","40.43832","-79.779873","","11","0","1","0","0","0","0","0","1","","0","0","0","","","1","N","2","","40 26:17.953","7","0","79 46:47.543","8","0","0","0","2446","0","0","0","N","0","0","0","6","02446","0","","1.0","1345.0","1","N","N","N","0","","0","0","1","","3","Y","","2","1","0","0","0","1","0","2","1","2","","","","N","","","","","","","","","",""
"2023056967","","1","0","0","0","0","0","0","0","0","7","0","","02","6","2023","2","40.598816","-79.92279","","11","0","0","0","0","0","1","0","0","","0","0","0","","","0","N","0","","40 35:55.738","","0","79 55:22.044","0","0","0","0","2207","0","0","0","N","0","0","0","2","68T02","0","","2.0","","8","N","N","N","0","","0","0","0","","0","","","1","0","0","0","0","0","0","1","0","1","","","","N","","","","","","","","","",""
"2023057268","","3","0","0","0","0","0","0","0","0","4","0","","02","6","2023","4","40.464603","-79.96148","","11","0","0","0","0","0","0","0","0","","0","0","0","","","0","N","1","","40 27:52.570","","0","79 57:41.327","0","0","0","0","2301","0","0","0","N","0","0","0","1","02301","0","","2.0","","1","N","N","N","0","","0","0","0","","0","","","3","0","0","0","0","0","0","2","0","3","","03","","N","","","","","","","","","",""
"2023063888","","1","0","0","0","0","0","0","0","0","7","0","","02","5","2023","7","40.506278","-80.149032","","11","0","0","1","0","0","0","0","0","","0","0","0","","","1","N","0","","40 30:22.602","","0","80 08:56.515","3","0","0","0","2420","0","0","0","N","0","0","0","1","02420","0","","4.0","","9","N","N","N","0","","1","0","0","","0","","","1","1","0","0","0","0","0","2","0","1","","","","N","","","","","","","","","",""
"2023062259","","2","0","0","0","0","0","0","0","0","5","1","","02","7","2023","2","40.647799","-80.095237","","11","0","0","0","0","0","2","0","0","","0","1","0","","","1","N","0","","40 38:52.075","","0","80 05:42.852","8","0","0","0","2212","0","0","0","N","0","0","0","3","68B03","0","","1.0","","1","N","N","N","0","","0","0","0","","0","","","3","1","0","0","0","1","0","2","0","3","","03","","N","","","","","","","","","",""
"2023044176","","2","0","0","0","0","0","0","0","0","1","0","","02","5","2023","7","40.428828","-79.983428","","11","0","0","0","0","0","0","0","0","","0","0","0","","","0","","1","","40 25:43.782","3","0","79 59:00.341","0","0","0","0","2301","0","0","0","N","0","0","0","2","02301","0","","1.0","215.0","1","N","N","N","0","","0","0","0","","0","N","","2","0","1","0","0","0","0","2","0","2","","","","N","","","","","","","","","",""
"2023040542","","0","0","0","0","0","0","0","0","0","1","0","","02","5","2023","1","40.466466","-79.978285","","11","0","0","0","0","0","0","0","0","","0","0","0","","","0","","6","","40 27:59.277","","2","79 58:41.826","0","0","0","0","2301","0","0","0","N","0","0","0","3","02301","0","","1.0","","9","N","N","N","0","","0","0","2","","0","","","2","0","0","0","0","0","0","2","0","2","","","","N","","","","","","","","","",""
"2023041760","","0","0","0","0","0","0","0","0","0","1","0","","02","5","2023","5","40.435336","-79.984351","","11","0","0","0","0","0","1","0","0","","0","0","0","","","1","N","0","","40 26:07.211","","0","79 59:03.665","3","0","0","0","2301","0","0","0","N","0","0","0","2","02301","0","","1.0","","1","N","N","N","0","","1","0","0","","0","","","2","1","0","0","0","0","0","2","2","2","","03","","N","","","","","","","","","",""
"2023042151","","0","0","0","0","0","0","0","0","0","1","0","","02","5","2023","6","40.377499","-79.77691","","11","0","0","0","0","0","0","0","0","","0","0","0","","","0","N","0","","40 22:38.996","5","0","79 46:36.877","0","0","0","0","2111","0","0","0","N","0","0","0","2","02111","0","","1.0","854.0","1","N","N","N","0","","0","0","2","","0","N","","2","0","0","0","0","0","0","2","0","2","","03","","N","","","","","","","","","",""
"2023042743","","1","0","0","0","0","0","0","0","0","2","0","","02","5","2023","6","40.361742","-80.063089","","11","0","0","0","0","0","0","0","0","","0","0","0","","","0","N","0","","40 21:42.270","","0","80 03:47.120","0","0","0","0","2109","0","0","0","N","0","0","0","0","02109","0","","6.0","","1","N","N","N","0","","0","0","1","","0","","","2","0","0","0","0","0","0","2","0","2","","03","","N","","","","","","","","","",""
"2023048004","","2","0","0","0","0","0","0","0","0","4","0","","02","5","2023","4","40.566079","-80.001698","","11","0","0","0","0","0","0","0","0","","0","0","0","","","1","","2","","40 33:57.883","3","0","80 00:06.111","8","0","0","0","2108","0","0","0","N","0","0","0","2","02108","0","","1.0","1820.0","1","N","N","N","0","","0","0","0","","3","N","","2","1","0","0","0","1","0","2","0","2","","","","N","","","","","","","","","",""
"2023042617","","1","0","0","0","0","0","0","0","0","1","0","","02","5","2023","7","40.436575","-79.973449","","11","0","0","0","0","1","1","0","0","","0","0","0","","","0","","3","","40 26:11.669","","8","79 58:24.418","0","0","0","0","2301","0","0","0","N","0","0","0","6","02301","0","","1.0","","1","N","N","N","1","","0","0","0","","0","","","2","0","1","0","0","0","0","2","0","2","","","","N","","","","","","","","","",""
"2023062900","","3","0","0","0","0","0","0","0","0","1","0","","02","7","2023","1","40.429398","-79.986686","","11","0","0","0","0","0","0","0","0","","0","0","0","","","0","","2","","40 25:45.832","","0","79 59:12.070","0","0","0","0","2301","0","0","0","N","0","0","0","2","02301","0","","1.0","","1","N","N","N","0","","0","0","0","","0","","","3","0","0","0","0","0","0","2","0","3","","03","","N","","","","","","","","","",""
"2023056270","","0","0","0","0","0","0","0","0","0","5","0","","02","6","2023","2","40.34889","-79.939012","","11","0","0","0","0","0","0","1","1","","0","0","0","","","1","","6","","40 20:56.003","3","0","79 56:20.443","8","0","0","0","2473","0","0","0","N","0","0","0","3","02473","0","","1.0","1000.0","1","N","N","N","1","","0","0","0","","4","N","","2","1","0","0","0","1","0","2","1","2","","","","N","","","","","","","","","",""
"2023061208","","1","0","0","0","0","0","0","0","0","4","0","","02","7","2023","3","40.615957","-80.093195","","11","0","0","0","0","0","2","0","0","","0","0","0","","","1","","1","","40 36:57.446","3","0","80 05:35.502","3","0","0","0","2481","0","0","0","N","0","0","0","2","02481","0","","1.0","1510.0","1","N","N","N","0","","1","0","1","","2","N","","2","1","0","0","0","0","0","2","0","2","","","","N","","","","","","","","","",""
"2023044309","","0","0","0","0","0","0","0","0","0","7","0","","02","5","2023","4","40.487526","-79.882896","","11","0","0","0","0","0","0","0","0","","0","0","0","","","0","","1","","40 29:15.094","","0","79 52:58.424","0","0","0","0","2112","0","0","0","N","0","0","0","1","02112","0","","2.0","","1","N","N","N","0","","0","0","0","","2","","","1","0","0","0","0","0","0","2","1","1","","03","","N","","","","","","","","","",""
"2023044039","","1","0","0","0","0","0","0","0","0","8","0","","02","5","2023","3","40.346026","-79.957211","","11","0","0","0","0","1","0","0","0","","0","0","0","","","1","N","0","","40 20:45.694","","0","79 57:25.958","3","0","0","0","2473","1","0","0","N","1","0","0","2","02473","0","","2.0","","1","N","N","N","0","","1","0","0","","2","","","2","1","0","0","0","0","0","2","0","1","","","","N","","","","","","","","","",""
"2023046900","","0","0","0","0","0","0","0","0","0","1","0","","02","5","2023","6","40.652577","-80.082563","","11","0","0","0","0","0","2","0","0","","0","0","0","","","0","Y","0","","40 39:09.278","1","0","80 04:57.225","0","0","0","0","2212","0","0","0","N","0","0","0","3","02505","0","","1.0","1734.0","1","N","N","N","0","","0","0","2","","2","N","","2","0","0","0","0","0","0","2","0","2","","","","N","","","","","","","","","",""
"2023053658","","0","0","1","0","0","0","0","0","0","7","1","","02","6","2023","6","40.452757","-80.252639","","11","0","0","0","0","0","0","0","0","","0","1","0","","","2","","2","","40 27:09.926","","0","80 15:09.502","2","0","0","0","2203","0","0","0","N","0","0","0","2","02203","0","","4.0","","9","N","N","Y","0","","1","1","1","","0","","","2","2","0","0","0","0","0","2","0","2","","","","N","","","","","","","","","",""
"2023043446","","2","0","0","0","0","0","0","0","0","4","0","","02","5","2023","3","40.483868","-79.716112","","11","0","0","0","1","0","0","0","0","","0","0","0","","","0","","2","","40 29:01.923","","0","79 42:58.004","0","0","0","0","2466","0","0","0","N","0","0","0","2","02466","0","","1.0","","1","N","N","N","0","","0","0","0","","0","","","2","0","0","0","0","0","0","2","0","2","","03","","N","","","","","","","","","",""
"2023057083","","0","0","0","0","0","0","0","0","0","7","0","","02","6","2023","1","40.343036","-80.059894","","11","0","0","0","0","1","0","0","0","","0","0","0","","","1","N","0","","40 20:34.930","2","7","80 03:35.620","3","0","0","1","2123","0","0","0","N","0","0","0","1","02123","0","","3.0","2109.0","1","N","N","N","0","","1","0","0","","0","N","","1","1","0","0","0","0","0","2","0","1","","","","N","","","","","","","","","",""
"2023064585","","1","0","0","0","0","0","0","0","0","7","0","","02","6","2023","2","40.589954","-80.097671","","11","0","0","0","0","0","0","0","0","","0","0","0","","","0","N","0","","40 35:23.834","","0","80 05:51.614","0","0","0","0","2481","0","0","0","N","0","0","0","1","68B03","0","","4.0","","9","N","N","N","0","","0","0","0","","0","","","1","0","0","0","0","0","0","2","0","1","","04","","N","","","","","","","","","",""
"2023049070","","2","0","0","0","0","0","0","0","0","5","0","","02","5","2023","4","40.378906","-80.04557","","11","0","0","0","0","0","0","0","1","","0","0","0","","","0","N","0","","40 22:44.063","","0","80 02:44.051","0","0","0","0","2109","0","0","0","N","0","0","0","2","02109","0","","1.0","","1","N","N","N","0","","0","0","0","","0","","","2","0","1","0","0","0","0","2","0","2","","03","","N","","","","","","","","","",""
"2023064097","","1","0","0","0","0","0","0","0","0","1","0","","02","5","2023","5","40.434673","-79.986856","","11","0","0","0","1","0","0","1","0","","0","0","0","","","1","N","0","","40 26:04.823","","0","79 59:12.683","4","0","0","0","2301","0","0","0","N","0","0","0","3","68B03","1","","1.0","","1","N","N","N","0","","0","0","2","","0","","","3","1","0","0","0","0","0","2","0","3","","","","N","","","","","","","","","",""
"2023043402","","1","0","0","0","0","0","0","0","0","4","0","","02","5","2023","3","40.442775","-80.024776","","11","0","0","0","0","0","1","0","0","","0","0","0","","","1","N","0","","40 26:33.991","","0","80 01:29.194","4","0","0","0","2301","0","0","0","N","0","0","0","3","02301","1","","1.0","","1","N","N","N","0","","0","0","1","","0","N","","2","1","0","0","0","0","0","2","0","2","","03","","N","","","","","","","","","",""
"2023064094","","1","0","0","0","0","0","0","0","0","1","0","","02","5","2023","4","40.436121","-79.976041","","11","0","0","0","0","0","0","1","0","","0","0","0","","","0","N","0","","40 26:10.036","","0","79 58:33.749","0","0","0","0","2301","0","0","0","N","0","0","0","3","68B03","0","","1.0","","1","N","N","N","1","","0","0","1","","0","","","3","0","0","0","0","0","0","2","0","3","","03","","N","","","","","","","","","",""
"2023042097","","0","0","0","0","0","0","0","0","0","1","0","","02","5","2023","6","40.488423","-79.937144","","11","0","0","0","0","0","1","0","0","","0","0","0","","","0","","2","","40 29:18.323","","3","79 56:13.718","0","0","0","0","2301","0","0","0","N","0","0","0","2","02301","0","","1.0","","1","N","N","N","0","","0","0","2","","2","N","","2","0","0","0","0","0","0","2","0","2","","","","N","","","","","","","","","",""
"2023040630","","2","0","0","0","0","0","0","0","0","4","0","","02","5","2023","1","40.518447","-79.992784","","11","0","0","0","1","0","1","0","0","","0","0","0","","","0","","2","","40 31:06.408","1","0","79 59:34.024","0","0","0","0","2116","0","0","0","N","0","0","0","2","02116","0","","1.0","2035.0","1","N","N","N","0","","0","0","0","","0","N","","2","0","0","0","0","0","0","2","0","2","","03","","N","","","","","","","","","",""
"2023054285","","1","0","0","0","0","0","0","0","0","7","0","","02","5","2023","4","40.409033","-79.756944","","11","0","0","0","0","0","1","0","0","","0","0","0","","","0","N","0","","40 24:32.520","","0","79 45:24.997","0","0","0","0","2446","0","0","0","N","0","0","0","1","02446","0","","4.0","","1","N","N","N","0","","0","0","0","","0","","","1","0","0","0","0","0","0","2","0","1","","03","","N","","","","","","","","","",""
"2023049311","","1","0","0","0","0","0","0","0","0","5","0","","02","5","2023","4","40.439109","-80.061892","","11","0","0","0","0","0","0","0","0","","0","0","0","","","0","N","0","","40 26:20.791","1","0","80 03:42.812","0","0","0","0","2421","0","0","0","N","0","0","0","1","02421","0","","6.0","2055.0","1","N","N","N","0","","0","0","1","","0","Y","","2","0","0","0","0","0","0","2","0","2","","","","N","","","","","","","","","",""
"2023041339","","0","0","1","0","0","0","0","0","0","7","0","","02","5","2023","3","40.436911","-80.054849","","11","0","0","0","0","0","0","0","0","","0","0","0","","","1","","2","","40 26:12.879","1","0","80 03:17.456","2","0","0","0","2301","0","0","0","N","0","0","0","1","02301","0","","4.0","1912.0","1","N","N","N","0","","0","1","1","","0","N","","1","1","0","0","0","0","0","2","0","1","","03","","N","","","","","","","","","",""
"2023062601","","0","0","0","0","0","0","0","0","0","4","1","","02","7","2023","5","40.388434","-80.057075","","11","0","0","0","0","0","0","0","0","","0","1","0","","","1","","1","","40 23:18.364","7","0","80 03:25.470","8","0","0","1","2109","0","0","0","N","0","0","0","2","02109","0","","1.0","2030.0","1","N","N","N","0","","0","0","0","","2","Y","","2","1","0","0","0","1","0","2","0","2","","03","","N","","","","","","","","","",""
"2023062401","","2","0","0","0","0","0","0","0","0","4","0","","02","7","2023","6","40.440069","-80.225414","","11","0","0","0","0","0","0","1","0","","0","0","0","","","1","N","0","","40 26:24.247","","7","80 13:31.492","4","0","0","0","2214","0","0","0","N","0","0","0","3","02214","1","","1.0","","1","N","N","N","0","","0","0","0","","0","N","","2","1","0","0","0","0","0","2","0","2","","03","","N","","","","","","","","","",""
"2023064326","","3","0","0","0","0","0","0","0","0","1","0","","02","7","2023","3","40.344096","-80.025805","","11","0","0","0","0","0","1","0","0","","0","0","0","","","0","Y","0","","40 20:38.744","","0","80 01:32.899","0","0","0","0","2407","0","0","0","N","0","0","0","3","02407","0","","1.0","","1","N","N","N","0","","0","0","0","","0","","","3","0","0","0","0","0","0","2","0","3","","","","N","","","","","","","","","",""
"2023041647","","0","0","0","0","0","0","0","0","0","7","0","","02","5","2023","4","40.45325","-80.077444","","11","0","0","0","0","0","0","0","0","","0","0","0","","","0","N","0","","40 27:11.700","","0","80 04:38.800","0","0","0","0","2301","0","0","0","N","0","0","0","1","02301","0","","2.0","","1","N","N","N","1","","0","0","0","","3","","","1","0","0","0","0","0","0","2","0","1","","03","","N","","","","","","","","","",""