"CRN","ARRIVAL_TM","AUTOMOBILE_COUNT","BELTED_DEATH_COUNT","BELTED_SUSP_SERIOUS_INJ_COUNT","BICYCLE_COUNT","BICYCLE_DEATH_COUNT","BICYCLE_SUSP_SERIOUS_INJ_COUNT","BUS_COUNT","CHLDPAS_DEATH_COUNT","CHLDPAS_SUSP_SERIOUS_INJ_COUNT","COLLISION_TYPE","COMM_VEH_COUNT","CONS_ZONE_SPD_LIM","COUNTY","CRASH_MONTH","CRASH_YEAR","DAY_OF_WEEK","DEC_LATITUDE","DEC_LONGITUDE","DISPATCH_TM","DISTRICT","DRIVER_COUNT_16YR","DRIVER_COUNT_17YR","DRIVER_COUNT_18YR","DRIVER_COUNT_19YR","DRIVER_COUNT_20YR","DRIVER_COUNT_50_64YR","DRIVER_COUNT_65_74YR","DRIVER_COUNT_75PLUS","EST_HRS_CLOSED","FATAL_COUNT","HEAVY_TRUCK_COUNT","HORSE_BUGGY_COUNT","HOUR_OF_DAY","ILLUMINATION","INJURY_COUNT","INTERSECTION_RELATED","INTERSECT_TYPE","LANE_CLOSED","LATITUDE","LN_CLOSE_DIR","LOCATION_TYPE","LONGITUDE","MAX_SEVERITY_LEVEL","MCYCLE_DEATH_COUNT","MCYCLE_SUSP_SERIOUS_INJ_COUNT","MOTORCYCLE_COUNT","MUNICIPALITY","NONMOTR_COUNT","NONMOTR_DEATH_COUNT","NONMOTR_SUSP_SERIOUS_INJ_COUNT","NTFY_HIWY_MAINT","PED_COUNT","PED_DEATH_COUNT","PED_SUSP_SERIOUS_INJ_COUNT","PERSON_COUNT","POLICE_AGCY","POSSIBLE_INJ_COUNT","RDWY_SURF_TYPE_CD","RELATION_TO_ROAD","ROADWAY_CLEARED","ROAD_CONDITION","SCH_BUS_IND","SCH_ZONE_IND","SECONDARY_CRASH","SMALL_TRUCK_COUNT","SPEC_JURIS_CD","SUSP_MINOR_INJ_COUNT","SUSP_SERIOUS_INJ_COUNT","SUV_COUNT","TCD_FUNC_CD","TCD_TYPE","TFC_DETOUR_IND","TIME_OF_DAY","TOTAL_UNITS","TOT_INJ_COUNT","UNBELTED_OCC_COUNT","UNB_DEATH_COUNT","UNB_SUSP_SERIOUS_INJ_COUNT","UNK_INJ_DEG_COUNT","UNK_INJ_PER_COUNT","URBAN_RURAL","VAN_COUNT","VEHICLE_COUNT","WEATHER1","WEATHER2","WORKERS_PRES","WORK_ZONE_IND","WORK_ZONE_LOC","WORK_ZONE_TYPE","WZ_CLOSE_DETOUR","WZ_FLAGGER","WZ_LAW_OFFCR_IND","WZ_LN_CLOSURE","WZ_MOVING","WZ_OTHER","WZ_SHLDER_MDN","WZ_WORKERS_INJ_KILLED"
"2023041825","0645","1","0","0","0","0","0","0","0","0","4","0","","02","5","2023","5","40.356367","-80.045233","0640","11","0","0","0","0","0","0","1","0","","0","0","0","","","1","","1","","40 21:22.920","","0","80 02:42.839","3","0","0","0","2109","0","0","0","N","0","0","0","2","02109","0","","1.0","","1","N","N","N","0","","1","0","1","","2","","","2","1","0","0","0","0","0","2","0","2","","03","","N","","","","","","","","","",""
"2023062217","0056","1","0","0","0","0","0","0","0","0","7","0","","02","7","2023","6","40.413707","-79.932271","0046","11","0","0","0","0","0","0","0","0","","0","0","0","","","0","","2","","40 24:49.345","","0","79 55:56.175","9","0","0","0","2301","0","0","0","N","0","0","0","1","02301","0","","9.0","","99","N","N","N","0","","0","0","0","","3","N","","1","0","0","0","0","0","1","2","0","1","","","","N","","","","","","","","","",""
"2023062431","0327","0","0","0","0","0","0","0","0","0","4","0","","02","7","2023","7","40.473467","-80.028625","0323","11","0","0","0","0","0","0","0","1","","0","0","0","","","1","","1","","40 28:24.481","1","0","80 01:43.050","3","0","0","0","2301","0","0","0","N","0","0","0","3","02301","0","","1.0","345.0","1","N","N","N","0","","1","0","2","","2","N","","2","1","0","0","0","0","1","2","0","2","","03","","N","","","","","","","","","",""
"2023040776","0914","2","0","0","0","0","0","0","0","0","6","0","","02","5","2023","2","40.419807","-79.957713","0903","11","0","0","0","0","0","0","0","0","","0","0","0","","","0","N","0","","40 25:11.305","7","0","79 57:27.767","0","0","0","0","2301","0","0","0","N","0","0","0","3","02301","0","","1.0","950.0","1","N","N","N","1","","0","0","0","","0","N","","3","0","0","0","0","0","0","2","0","3","","03","","N","","","","","","","","","",""
"2023043523","1854","1","0","0","0","0","0","0","0","0","1","0","","02","5","2023","3","40.484395","-80.040477","1846","11","0","0","0","0","0","2","0","0","","0","0","0","","","0","","5","","40 29:03.823","","0","80 02:25.718","0","0","0","0","2301","0","0","0","N","0","0","0","2","02301","0","","1.0","","1","N","N","N","0","","0","0","1","","2","","","2","0","0","0","0","0","0","2","0","2","","03","","N","","","","","","","","","",""
"2023058918","1413","1","0","0","0","0","0","0","0","0","8","0","","02","7","2023","3","40.454007","-79.885644","1342","11","0","0","0","0","0","0","0","0","","0","0","0","","","1","N","1","","40 27:14.426","","0","79 53:08.318","3","0","0","0","2301","1","0","0","N","1","0","0","2","02301","0","","1.0","","1","N","N","N","0","","1","0","0","","2","","","2","1","0","0","0","0","0","2","0","1","","03","","N","","","","","","","","","",""
"2023054913","0751","0","0","0","0","0","0","0","0","0","5","1","","02","6","2023","4","40.469","-79.957889","0742","11","0","0","0","0","0","0","1","0","","0","1","0","","","0","N","0","","40 28:08.400","","0","79 57:28.400","0","0","0","0","2301","0","0","0","N","0","0","0","1","02301","0","","6.0","","1","N","N","N","0","","0","0","1","","0","","","2","0","0","0","0","0","0","2","0","2","","","","N","","","","","","","","","",""
"2023056470","2144","0","0","0","0","0","0","0","0","0","7","0","","02","6","2023","1","40.443907","-80.009201","2130","11","0","0","0","0","0","0","0","0","","0","0","0","","","0","N","0","","40 26:38.066","","0","80 00:33.122","0","0","0","0","2301","0","0","0","N","0","0","0","1","68B03","0","","4.0","","1","N","N","N","0","","0","0","1","","0","","","1","0","0","0","0","0","0","2","0","1","","03","","N","","","","","","","","","",""
"2023064127","1752","0","0","0","0","0","0","0","0","0","7","0","","02","7","2023","2","40.393767","-79.844939","1745","11","0","0","0","0","0","0","0","0","","0","0","0","","","1","N","0","","40 23:37.561","","0","79 50:41.780","3","0","0","0","2425","0","0","0","N","0","0","0","2","68B03","0","","4.0","","9","N","N","N","0","","1","0","1","","0","","","1","1","1","0","0","0","0","2","0","1","","","","N","","","","","","","","","",""
"2023040641","1822","1","0","0","0","0","0","0","0","0","4","0","","02","5","2023","1","40.517103","-79.726603","1820","11","0","0","0","0","0","1","0","0","","0","0","0","","","0","","1","","40 31:01.571","6","0","79 43:35.769","0","0","0","0","2466","0","0","0","N","0","0","0","3","02466","0","","1.0","1830.0","9","N","N","Y","0","","0","0","2","","3","N","","3","0","0","0","0","0","0","1","0","3","","07","","N","","","","","","","","","",""
"2023057081","1621","0","0","0","0","0","0","0","0","0","2","0","","02","6","2023","3","40.364612","-79.874754","1619","11","0","0","0","0","0","0","0","0","","0","0","0","","","0","N","2","","40 21:52.603","","0","79 52:29.114","0","0","0","0","2473","0","0","0","N","0","0","0","2","02473","0","","1.0","","1","N","N","N","1","","0","0","1","","3","","","2","0","0","0","0","0","0","2","0","2","","03","","N","","","","","","","","","",""
"2023057335","2314","1","0","0","0","0","0","0","0","0","7","0","","02","6","2023","2","40.441179","-79.829244","2256","11","0","0","0","1","0","0","0","0","","0","0","0","","","0","N","0","","40 26:28.243","3","0","79 49:45.278","0","0","0","0","2419","0","0","0","N","0","0","0","1","68B03","0","","4.0","2333.0","9","N","N","N","0","","0","0","0","","0","N","","1","0","1","0","0","0","0","2","0","1","","01","","N","","","","","","","","","",""
"2023052693","1602","0","0","0","0","0","0","0","0","0","1","0","","02","5","2023","2","40.412012","-80.077279","1551","11","0","0","0","0","0","0","0","0","","0","0","0","","","0","N","0","","40 24:43.244","","0","80 04:38.204","0","0","0","0","2117","0","0","0","N","0","0","0","5","68B03","0","","1.0","","1","N","N","N","1","","0","0","3","","0","","","4","0","0","0","0","0","0","2","0","4","","03","","N","","","","","","","","","",""
"2023056365","2110","1","0","0","0","0","0","0","0","0","4","0","","02","6","2023","3","40.533933","-80.229035","2103","11","0","0","0","0","0","0","1","0","","0","0","0","","","0","","1","","40 32:02.158","","0","80 13:44.526","0","0","0","0","2213","0","0","0","N","0","0","0","3","02213","0","","1.0","","1","N","N","N","0","","0","0","1","","3","","","2","0","0","0","0","0","0","2","0","2","","","","N","","","","","","","","","",""
"2023041174","1742","0","0","0","0","0","0","0","0","0","1","0","","02","5","2023","2","40.537004","-79.839129","1738","11","0","0","0","0","0","0","0","0","","0","0","0","","","1","","1","","40 32:13.216","","0","79 50:20.866","4","0","0","0","2208","0","0","0","N","0","0","0","2","02208","1","","1.0","","1","N","N","N","0","","0","0","0","","4","","","2","1","0","0","0","0","0","2","2","2","","03","","N","","","","","","","","","",""
"2023058244","0210","0","0","0","0","0","0","0","0","0","7","0","","02","7","2023","1","40.457711","-79.995421","0208","11","0","0","0","0","0","0","0","0","","0","0","0","","","1","N","1","","40 27:27.761","","0","79 59:43.514","4","0","0","0","2301","0","0","0","N","0","0","0","1","02301","1","","2.0","","9","N","N","N","0","","0","0","1","","0","","","1","1","1","0","0","0","0","2","0","1","","07","","N","","","","","","","","","",""
"2023069343","0924","1","0","0","0","0","0","0","0","0","7","0","","02","7","2023","1","40.438526","-80.012026","0916","11","0","0","0","0","0","0","0","0","","0","0","0","","","1","N","0","","40 26:18.693","4","3","80 00:43.295","3","0","0","0","2301","0","0","0","N","0","0","0","1","68B03","0","","4.0","930.0","1","N","N","N","0","","1","0","0","","0","N","","1","1","0","0","0","0","0","2","0","1","","","","N","","","","","","","","","",""
"2023055523","0945","1","0","0","0","0","0","0","0","0","1","0","40","02","6","2023","4","40.350696","-79.924183","0943","11","0","0","0","0","0","0","0","0","","0","0","0","","","1","N","0","","40 21:02.507","","0","79 55:27.059","3","0","0","0","2473","0","0","0","N","0","0","0","2","02473","0","","1.0","","1","N","N","N","1","","1","0","0","","0","","","2","1","0","0","0","0","0","2","0","2","","03","Y","Y","3","1","","","N","Y","","","Y","N"
"2023049690","1810","1","0","0","0","0","0","0","0","0","4","0","","02","5","2023","4","40.385245","-79.802708","1807","11","0","1","0","0","0","0","0","0","","0","0","0","","","0","","2","","40 23:06.881","","0","79 48:09.748","9","0","0","0","2424","0","0","0","N","0","0","0","2","02424","0","","1.0","","1","N","N","N","0","","0","0","1","","3","","","2","0","0","0","0","0","1","2","0","2","","","","N","","","","","","","","","",""
"2023041908","1845","2","0","0","0","0","0","0","0","0","1","0","","02","5","2023","5","40.588973","-80.046201","1845","11","0","0","1","0","1","0","0","0","","0","0","0","","","0","","3","","40 35:20.303","1","0","80 02:46.322","0","0","0","0","2108","0","0","0","N","0","0","0","4","02108","0","","7.0","1924.0","1","N","N","N","0","","0","0","1","","4","N","","3","0","0","0","0","0","0","2","0","3","","","","N","","","","","","","","","",""
"2023055335","1732","1","0","0","0","0","0","0","0","0","7","0","","02","6","2023","5","40.474554","-80.005149","1730","11","0","0","0","0","0","0","0","0","","0","0","0","","","0","","1","","40 28:28.396","","0","80 00:18.538","0","0","0","0","2301","0","0","0","N","0","0","0","1","02301","0","","5.0","","1","N","N","N","0","","0","0","0","","0","","","1","0","0","0","0","0","0","2","0","1","","03","","N","","","","","","","","","",""
"2023045308","1205","0","0","0","0","0","0","0","0","0","1","0","","02","5","2023","7","40.362156","-80.068557","1201","11","0","0","0","0","0","0","0","0","","0","0","0","","","1","","2","","40 21:43.761","4","0","80 04:06.805","3","0","0","0","2123","0","0","0","N","0","0","0","2","02123","0","","1.0","1245.0","9","N","N","N","0","","1","0","2","","0","N","","2","1","0","0","0","0","0","2","0","2","","98","","N","","","","","","","","","",""
"2023049134","0858","1","0","0","0","0","0","0","0","0","7","0","","02","5","2023","7","40.426414","-79.893446","0825","11","0","0","1","0","0","0","0","0","","0","0","0","","","0","N","0","","40 25:35.089","","0","79 53:36.407","0","0","0","0","2301","0","0","0","N","0","0","0","1","68B03","0","","2.0","9999.0","9","N","N","N","0","","0","0","0","","0","N","","1","0","1","0","0","0","0","2","0","1","","07","","N","","","","","","","","","",""
"2023058897","0342","0","0","0","0","0","0","0","0","0","7","0","","02","7","2023","2","40.415819","-80.005866","0319","11","0","1","0","0","0","0","0","0","","0","0","0","","","0","","2","","40 24:56.948","7","0","80 00:21.117","0","0","0","0","2301","0","0","0","N","0","0","0","2","02301","0","","5.0","545.0","9","N","N","N","0","","0","0","1","","3","Y","","1","0","2","0","0","0","0","2","0","1","","","","N","","","","","","","","","",""
"2023058314","1028","1","0","0","0","0","0","0","0","0","4","0","","02","7","2023","1","40.455465","-79.892278","1017","11","0","0","0","0","0","0","1","0","","0","0","0","","","0","N","1","","40 27:19.673","3","0","79 53:32.200","0","0","0","0","2301","0","0","0","N","0","0","0","2","02301","0","","1.0","30.0","9","N","N","N","0","","0","0","1","","3","Y","","2","0","0","0","0","0","0","2","0","2","","07","","N","","","","","","","","","",""
"2023044738","0709","0","0","0","0","0","0","0","0","0","0","0","","02","5","2023","6","40.598963","-79.973775","0701","11","0","0","0","0","0","0","0","0","","0","0","0","","","1","N","0","","40 35:56.267","3","0","79 58:25.591","8","0","0","1","2207","0","0","0","N","0","0","0","1","02207","0","","1.0","738.0","1","N","N","N","0","","0","0","0","","0","N","","1","1","0","0","0","1","0","2","0","1","","","","N","","","","","","","","","",""
"2023058032","1512","0","0","0","0","0","0","0","0","0","1","0","","02","6","2023","6","40.464358","-79.865541","1500","11","0","0","0","0","0","1","0","0","","0","0","0","","","1","N","0","","40 27:51.689","1","7","79 51:55.946","3","0","0","0","2113","0","0","0","N","0","0","0","2","02113","0","","1.0","1535.0","1","N","N","N","1","","1","0","1","","0","Y","","2","1","0","0","0","0","0","2","0","2","","03","","N","","","","","","","","","",""
"2023063024","1038","1","0","0","0","0","0","0","0","0","1","0","","02","7","2023","1","40.330042","-79.987353","1037","11","0","0","0","0","0","1","0","1","","0","0","0","","","2","","2","","40 19:48.151","","0","79 59:14.470","3","0","0","0","2219","0","0","0","N","0","0","0","3","02219","0","","1.0","","1","N","N","N","1","","2","0","0","","2","","","2","2","0","0","0","0","0","2","0","2","","","","N","","","","","","","","","",""
"2023045776","1642","1","0","0","0","0","0","0","0","0","4","0","","02","5","2023","5","40.378045","-80.065039","1637","11","0","0","0","0","1","0","1","0","","0","0","0","","","0","","2","","40 22:40.961","","0","80 03:54.141","0","0","0","0","2109","0","0","0","N","0","0","0","2","02109","0","","1.0","","1","N","N","N","0","","0","0","1","","2","","","2","0","0","0","0","0","0","2","0","2","","03","","N","","","","","","","","","",""
"2023044865","0508","0","0","0","0","0","0","0","0","0","7","0","","02","5","2023","7","40.422742","-80.067206","0501","11","0","0","0","0","0","0","0","0","","0","0","0","","","1","N","0","","40 25:21.871","","0","80 04:01.942","4","0","0","0","2301","0","0","0","N","0","0","0","1","02301","1","","4.0","","1","N","N","N","1","","0","0","0","","0","","","1","1","1","0","0","0","0","2","0","1","","03","","N","","","","","","","","","",""
"2023044175","1501","0","0","0","0","0","0","0","0","0","4","0","","02","5","2023","5","40.557079","-80.018324","1446","11","0","0","0","0","0","0","2","0","","0","0","0","","","2","N","0","","40 33:25.484","3","7","80 01:05.967","3","0","0","0","2108","0","0","0","N","0","0","0","3","02108","0","","1.0","1525.0","1","N","N","N","0","","2","0","2","","2","Y","","2","2","0","0","0","0","0","2","0","2","","","","N","","","","","","","","","",""
"2023053122","1959","1","0","0","0","0","0","0","0","0","0","0","","02","6","2023","4","40.455853","-79.965901","1946","11","0","0","0","0","0","0","0","0","","0","0","0","","","0","","5","","40 27:21.070","","0","79 57:57.243","0","0","0","0","2301","0","0","0","N","0","0","0","3","02301","0","","1.0","","1","N","N","N","0","","0","0","0","","0","","","1","0","0","0","0","0","0","2","0","1","","","","N","","","","","","","","","",""
"2023062500","1759","1","0","0","0","0","0","0","0","0","1","0","","02","6","2023","6","40.442886","-79.85601","1755","11","0","0","0","0","0","0","0","0","","0","0","0","","","1","N","0","","40 26:34.388","","0","79 51:21.636","3","0","0","0","2419","0","0","0","N","0","0","0","2","68B03","0","","1.0","","1","N","N","N","0","","1","0","1","","0","","","2","1","0","0","0","0","0","2","0","2","","03","","N","","","","","","","","","",""
"2023053920","1329","2","0","0","0","0","0","1","0","0","1","1","","02","6","2023","7","40.351902","-79.862049","1329","11","0","0","0","0","0","2","0","0","","0","0","0","","","1","Y","0","","40 21:06.846","6","0","79 51:43.378","3","0","0","0","2304","0","0","0","N","0","0","0","4","02304","0","","1.0","1404.0","1","N","N","N","0","","1","0","0","","0","Y","","3","1","0","0","0","0","0","2","0","3","","03","","N","","","","","","","","","",""
"2023053815","1421","0","0","0","0","0","0","0","0","0","4","0","","02","6","2023","6","40.448949","-80.1628","1418","11","1","0","0","0","0","0","0","1","","0","0","0","","","0","N","0","","40 26:56.216","2","7","80 09:46.079","0","0","0","0","2115","0","0","0","N","0","0","0","4","02115","0","","1.0","1430.0","1","N","N","N","0","","0","0","2","","8","N","","2","0","0","0","0","0","0","2","0","2","","04","","N","","","","","","","","","",""
"2023044429","1152","1","0","0","0","0","0","0","0","0","5","1","","02","5","2023","6","40.39156","-79.996789","1141","11","0","0","0","0","0","1","1","0","","0","1","0","","","0","N","0","","40 23:29.616","","0","79 59:48.439","0","0","0","0","2301","0","0","0","N","0","0","0","2","02301","0","","1.0","","9","N","N","N","0","","0","0","0","","0","","","2","0","0","0","0","0","0","2","0","2","","","","N","","","","","","","","","",""
"2023052267","1036","2","0","0","0","0","0","0","0","0","1","1","","02","5","2023","7","40.597859","-80.093788","1030","11","0","0","0","0","0","0","0","0","","0","0","0","","","0","N","0","","40 35:52.291","2","0","80 05:37.636","0","0","0","0","2481","0","0","0","N","0","0","0","9","68B03","0","","1.0","1200.0","9","N","N","N","0","","0","0","2","","0","N","","5","0","0","0","0","0","0","2","1","5","","","","N","","","","","","","","","",""
"2023060094","1539","1","0","0","0","0","0","0","0","0","4","0","","02","6","2023","5","40.434145","-79.751385","1529","11","0","0","0","0","0","2","0","0","","0","0","0","","","1","N","0","","40 26:02.923","","7","79 45:04.986","4","0","0","0","2446","0","0","0","N","0","0","0","3","02446","1","","1.0","","1","N","N","N","1","","0","0","1","","0","","","3","1","0","0","0","0","0","2","0","3","","03","","N","","","","","","","","","",""
"2023048530","1555","0","0","0","1","0","1","0","0","0","8","0","","02","5","2023","2","40.4555","-79.868361","1524","11","0","0","0","0","0","0","0","0","","0","0","0","","","1","N","0","","40 27:19.800","","0","79 52:06.100","2","0","0","0","2301","1","0","1","N","0","0","0","2","02301","0","","1.0","","1","N","N","N","1","","0","1","0","","0","","","2","1","1","0","0","0","0","2","0","1","","","","N","","","","","","","","","",""
"2023045748","0004","0","0","0","0","0","0","0","0","0","7","0","","02","5","2023","4","40.432054","-79.864809","0002","11","0","0","0","0","0","1","0","0","","0","0","0","","","0","N","0","","40 25:55.394","","0","79 51:53.314","0","0","0","0","2431","0","0","0","N","0","0","0","2","02431","0","","3.0","","1","N","N","N","0","","0","0","1","","0","","","1","0","0","0","0","0","0","2","0","1","","","","N","","","","","","","","","",""
"2023058198","1650","0","0","0","0","0","0","0","0","0","2","0","","02","6","2023","4","40.490857","-79.971621","1646","11","0","0","0","0","0","0","0","0","","0","0","0","","","0","N","3","","40 29:27.084","1","0","79 58:17.836","0","0","0","0","2445","0","0","0","N","0","0","0","3","02445","0","","1.0","1700.0","1","N","N","N","0","","0","0","3","","3","Y","","3","0","0","0","0","0","0","2","0","3","","03","","N","","","","","","","","","",""
"2023062088","1802","1","0","0","0","0","0","0","0","0","1","0","","02","7","2023","5","40.449091","-80.02274","1802","11","0","0","0","0","0","2","0","0","","0","0","0","","","1","N","7","","40 26:56.729","","0","80 01:21.865","8","0","0","0","2301","0","0","0","N","0","0","0","3","02301","0","","1.0","","1","N","N","N","0","","0","0","2","","0","","","3","1","0","0","0","1","0","2","0","3","","03","","N","","","","","","","","","",""
"2023059916","1357","1","0","0","0","0","0","0","0","0","1","0","","02","7","2023","5","40.339396","-79.967896","1357","11","0","0","0","0","0","0","1","0","","0","0","0","","","0","N","2","","40 20:21.827","","0","79 58:04.425","0","0","0","0","2454","0","0","0","N","0","0","0","3","02454","0","","1.0","","1","N","N","Y","2","","0","0","0","","0","","","3","0","0","0","0","0","0","2","0","3","","03","","N","","","","","","","","","",""
"2023045543","1900","0","0","0","0","0","0","0","0","0","98","0","","02","5","2023","7","40.640265","-80.003332","1853","11","0","0","0","0","0","0","0","0","","0","0","0","","","0","N","0","","40 38:24.955","","0","80 00:11.994","0","0","0","0","2216","0","0","0","N","0","0","0","2","68T02","0","","1.0","","1","N","N","N","0","","0","0","1","","0","","","1","0","0","0","0","0","0","2","0","1","","","","N","","","","","","","","","",""
"2023044728","1129","3","0","0","0","0","0","0","0","0","5","0","","02","5","2023","7","40.484291","-79.861539","1126","11","0","0","1","0","0","0","0","0","","0","0","0","","","0","N","0","","40 29:03.447","6","0","79 51:41.542","9","0","0","0","2113","0","0","0","N","0","0","0","9","02113","0","","1.0","1212.0","9","N","N","Y","0","","0","0","1","","0","Y","","4","0","0","0","0","0","4","2","0","4","","07","","N","","","","","","","","","",""
"2023053236","0833","0","0","0","0","0","0","0","0","0","4","0","","02","6","2023","4","40.583793","-79.992074","0830","11","0","0","0","0","0","0","0","0","","0","0","0","","","3","","3","","40 35:01.654","3","0","79 59:31.465","3","0","0","0","2108","0","0","0","N","0","0","0","3","02501","0","","1.0","930.0","1","N","N","N","0","","3","0","2","","3","Y","","2","3","0","0","0","0","0","1","0","2","","","","N","","","","","","","","","",""
"2023058732","1451","1","0","0","0","0","0","0","0","0","7","0","","02","6","2023","7","40.37311","-80.105133","1436","11","0","0","0","0","0","1","0","0","","0","0","0","","","0","N","0","","40 22:23.195","1","0","80 06:18.478","0","0","0","0","2102","0","0","0","Y","0","0","0","2","68B03","0","","3.0","1524.0","9","N","N","N","0","","0","0","0","","0","N","","1","0","0","0","0","0","0","2","0","1","","04","","N","","","","","","","","","",""
"2023058177","1238","0","0","0","0","0","0","0","0","0","2","0","","02","6","2023","3","40.346746","-79.986406","1235","11","0","0","0","0","0","1","0","0","","0","0","0","","","2","","2","","40 20:48.285","1","0","79 59:11.063","3","0","0","0","2476","0","0","0","N","0","0","0","2","02476","1","","1.0","1300.0","9","N","N","N","0","","1","0","2","","2","N","","2","2","0","0","0","0","0","2","0","2","","","","N","","","","","","","","","",""
"2023056335","1753","0","0","0","0","0","0","0","0","0","4","0","","02","6","2023","2","40.506815","-80.006931","1748","11","0","0","0","0","0","1","0","0","","0","0","0","","","1","N","1","","40 30:24.534","","0","80 00:24.952","3","0","0","0","2116","0","0","0","N","0","0","0","2","02116","0","","1.0","","1","","","N","0","","1","0","2","","2","","","2","1","0","0","0","0","0","2","0","2","","","","N","","","","","","","","","",""
"2023057664","1251","0","0","0","0","0","0","1","0","0","8","1","","02","6","2023","5","40.440079","-79.998668","1248","11","0","0","0","0","0","1","0","0","","0","0","0","","","1","","1","","40 26:24.285","","0","79 59:55.205","3","0","0","0","2301","1","0","0","N","1","0","0","2","02503","0","","1.0","","1","Y","N","N","0","","1","0","0","","0","","","2","1","0","0","0","0","0","2","0","1","","03","","N","","","","","","","","","",""
"2023048201","1523","2","0","0","0","0","0","0","0","0","4","0","","02","5","2023","6","40.354983","-80.03528","1513","11","0","0","0","0","0","1","0","0","","0","0","0","","","1","","2","","40 21:17.939","2","0","80 02:07.008","4","0","0","0","2407","0","0","0","N","0","0","0","2","02407","1","","1.0","1610.0","1","N","N","N","0","","0","0","0","","0","N","","2","1","0","0","0","0","0","2","0","2","","","","N","","","","","","","","","",""
"2023058094","1757","1","0","0","0","0","0","0","0","0","1","0","","02","6","2023","4","40.462314","-79.999444","1740","11","0","0","0","0","0","0","0","0","","0","0","0","","","0","N","0","","40 27:44.331","1","0","79 59:57.997","0","0","0","0","2301","0","0","0","N","0","0","0","2","68B03","0","","1.0","45.0","1","N","N","N","0","","0","0","1","","0","N","","2","0","0","0","0","0","0","2","0","2","","","","N","","","","","","","","","",""
"2023047721","1641","0","0","0","0","0","0","0","0","0","1","0","","02","5","2023","5","40.426149","-79.895668","1613","11","0","0","0","0","0","2","0","0","","0","0","0","","","0","N","0","","40 25:34.137","4","0","79 53:44.405","0","0","0","0","2301","0","0","0","N","0","0","0","5","68B03","0","","1.0","1715.0","1","N","N","N","1","","0","0","3","","0","Y","","4","0","0","0","0","0","0","2","0","4","","","","N","","","","","","","","","",""
"2023069152","1400","2","0","0","0","0","0","0","0","0","1","0","","02","8","2023","7","40.423641","-80.017637","1400","11","0","0","0","0","0","0","0","0","","0","0","0","","","0","N","0","","40 25:25.107","4","0","80 01:03.492","0","0","0","0","2301","0","0","0","N","0","0","0","4","02301","0","","1.0","1430.0","1","N","N","N","0","","0","0","1","","0","N","","3","0","0","0","0","0","0","2","0","3","","03","","N","","","","","","","","","",""
"2023047888","1736","1","0","0","0","0","0","0","0","0","1","0","","02","5","2023","4","40.412853","-80.010172","1727","11","0","0","0","0","0","0","0","1","","0","0","0","","","1","N","1","","40 24:46.272","","0","80 00:36.619","8","0","0","0","2301","0","0","0","N","0","0","0","1","02301","0","","2.0","","1","N","N","N","0","","0","0","0","","2","","","2","1","0","0","0","1","0","2","1","2","","03","","N","","","","","","","","","",""
"2023056718","1621","1","0","0","0","0","0","0","0","0","7","0","","02","6","2023","5","40.392299","-80.067062","1609","11","0","0","0","0","0","0","1","0","","0","0","0","","","1","","2","","40 23:32.278","","7","80 04:01.422","3","0","0","0","2109","0","0","0","N","0","0","0","2","02109","0","","4.0","","1","N","N","N","0","","1","0","0","","0","","","1","1","1","0","0","0","0","2","0","1","","03","","N","","","","","","","","","",""
"2023045133","0049","0","0","0","0","0","0","0","0","0","7","0","","02","5","2023","7","40.426936","-80.281803","0041","11","1","0","0","0","0","0","0","0","","0","0","0","","","0","N","0","","40 25:36.969","","0","80 16:54.491","0","0","0","0","2214","0","0","0","N","0","0","0","1","02214","0","","5.0","","1","N","N","N","0","","0","0","1","","8","N","","1","0","0","0","0","0","0","1","0","1","","","","N","","","","","","","","","",""
"2023058636","1622","1","0","0","0","0","0","0","0","0","4","0","","02","7","2023","2","40.458703","-79.842971","1610","11","0","0","0","0","0","0","1","0","","0","0","0","","","0","","1","","40 27:31.330","5","0","79 50:34.696","9","0","0","0","2113","0","0","0","N","0","0","0","3","02113","0","","1.0","1655.0","9","N","N","N","0","","0","0","1","","3","Y","","2","0","0","0","0","0","1","2","0","2","","03","","N","","","","","","","","","",""
"2023069765","1347","1","0","0","0","0","0","0","0","0","7","0","","02","8","2023","2","40.472213","-79.934603","1340","11","0","0","0","0","0","1","0","0","","0","0","0","","","0","N","2","","40 28:19.966","","0","79 56:04.570","0","0","0","0","2301","0","0","0","N","0","0","0","1","02301","0","","4.0","","1","N","N","N","0","","0","0","0","","0","N","","1","0","0","0","0","0","0","2","0","1","","","","N","","","","","","","","","",""
"2023057811","1230","1","0","0","0","0","0","0","0","0","1","0","","02","6","2023","6","40.367137","-79.91744","1214","11","0","0","0","0","0","1","0","0","","0","0","0","","","0","N","2","","40 22:01.693","2","0","79 55:02.784","0","0","0","0","2301","0","0","0","N","0","0","0","2","02301","0","","1.0","1350.0","1","N","N","Y","0","","0","0","2","","0","Y","","3","0","0","0","0","0","0","2","0","3","","04","","N","","","","","","","","","",""
"2023046583","1304","1","0","0","0","0","0","0","0","0","4","0","","02","5","2023","7","40.314632","-79.965681","1256","11","0","0","0","0","0","1","0","0","","0","0","0","","","0","","2","","40 18:52.674","1","0","79 57:56.452","0","0","0","0","2440","0","0","0","N","0","0","0","2","02440","0","","1.0","1432.0","9","N","N","N","0","","0","0","1","","3","N","","2","0","0","0","0","0","0","2","0","2","","","","N","","","","","","","","","",""