"CRN","ARRIVAL_TM","AUTOMOBILE_COUNT","BELTED_DEATH_COUNT","BELTED_SUSP_SERIOUS_INJ_COUNT","BICYCLE_COUNT","BICYCLE_DEATH_COUNT","BICYCLE_SUSP_SERIOUS_INJ_COUNT","BUS_COUNT","CHLDPAS_DEATH_COUNT","CHLDPAS_SUSP_SERIOUS_INJ_COUNT","COLLISION_TYPE","COMM_VEH_COUNT","CONS_ZONE_SPD_LIM","COUNTY","CRASH_MONTH","CRASH_YEAR","DAY_OF_WEEK","DEC_LATITUDE","DEC_LONGITUDE","DISPATCH_TM","DISTRICT","DRIVER_COUNT_16YR","DRIVER_COUNT_17YR","DRIVER_COUNT_18YR","DRIVER_COUNT_19YR","DRIVER_COUNT_20YR","DRIVER_COUNT_50_64YR","DRIVER_COUNT_65_74YR","DRIVER_COUNT_75PLUS","EST_HRS_CLOSED","FATAL_COUNT","HEAVY_TRUCK_COUNT","HORSE_BUGGY_COUNT","HOUR_OF_DAY","ILLUMINATION","INJURY_COUNT","INTERSECTION_RELATED","INTERSECT_TYPE","LANE_CLOSED","LATITUDE","LN_CLOSE_DIR","LOCATION_TYPE","LONGITUDE","MAX_SEVERITY_LEVEL","MCYCLE_DEATH_COUNT","MCYCLE_SUSP_SERIOUS_INJ_COUNT","MOTORCYCLE_COUNT","MUNICIPALITY","NONMOTR_COUNT","NONMOTR_DEATH_COUNT","NONMOTR_SUSP_SERIOUS_INJ_COUNT","NTFY_HIWY_MAINT","PED_COUNT","PED_DEATH_COUNT","PED_SUSP_SERIOUS_INJ_COUNT","PERSON_COUNT","POLICE_AGCY","POSSIBLE_INJ_COUNT","RDWY_SURF_TYPE_CD","RELATION_TO_ROAD","ROADWAY_CLEARED","ROAD_CONDITION","SCH_BUS_IND","SCH_ZONE_IND","SECONDARY_CRASH","SMALL_TRUCK_COUNT","SPEC_JURIS_CD","SUSP_MINOR_INJ_COUNT","SUSP_SERIOUS_INJ_COUNT","SUV_COUNT","TCD_FUNC_CD","TCD_TYPE","TFC_DETOUR_IND","TIME_OF_DAY","TOTAL_UNITS","TOT_INJ_COUNT","UNBELTED_OCC_COUNT","UNB_DEATH_COUNT","UNB_SUSP_SERIOUS_INJ_COUNT","UNK_INJ_DEG_COUNT","UNK_INJ_PER_COUNT","URBAN_RURAL","VAN_COUNT","VEHICLE_COUNT","WEATHER1","WEATHER2","WORKERS_PRES","WORK_ZONE_IND","WORK_ZONE_LOC","WORK_ZONE_TYPE","WZ_CLOSE_DETOUR","WZ_FLAGGER","WZ_LAW_OFFCR_IND","WZ_LN_CLOSURE","WZ_MOVING","WZ_OTHER","WZ_SHLDER_MDN","WZ_WORKERS_INJ_KILLED"
"2023055241","1240","0","0","0","0","0","0","0","0","0","4","0","","02","6","2023","5","40.385412","-79.821833","1237","11","0","0","0","0","0","0","1","0","","0","0","0","","","0","","2","","40 23:07.483","","0","79 49:18.599","0","0","0","0","2111","0","0","0","N","0","0","0","2","02111","0","","1.0","","1","N","N","N","0","","0","0","1","","3","","","2","0","0","0","0","0","0","2","1","2","","04","","N","","","","","","","","","",""
"2023055433","1007","0","0","0","0","0","0","0","0","0","4","0","","02","6","2023","7","40.355861","-79.83424","1004","11","0","0","0","0","0","1","0","0","","0","0","0","","","0","N","0","","40 21:21.101","","7","79 50:03.264","0","0","0","0","2304","0","0","0","N","0","0","0","3","02304","0","","1.0","","1","N","N","N","0","","0","0","1","","0","","","2","0","0","0","0","0","0","2","1","2","","03","","N","","","","","","","","","",""
"2023045588","2342","2","0","0","0","0","0","0","0","0","4","0","","02","5","2023","7","40.425741","-79.750581","2339","11","0","1","0","0","0","1","0","0","","0","0","0","","","0","","2","","40 25:32.666","2","0","79 45:02.092","0","0","0","0","2446","0","0","0","N","0","0","0","3","02446","0","","1.0","0.0","1","N","N","N","0","","0","0","0","","3","N","","2","0","0","0","0","0","0","2","0","2","","","","N","","","","","","","","","",""
"2023044802","1529","1","0","0","0","0","0","0","0","0","1","0","","02","5","2023","7","40.478214","-80.045148","1523","11","0","0","0","0","0","1","0","0","","0","0","0","","","1","Y","0","","40 28:41.572","","2","80 02:42.531","4","0","0","0","2301","0","0","0","N","0","0","0","5","02301","1","","1.0","","1","N","N","N","1","","0","0","1","","0","","","3","1","0","0","0","0","0","2","0","3","","03","","N","","","","","","","","","",""
"2023056421","2249","1","0","0","0","0","0","0","0","0","1","0","","02","6","2023","2","40.432735","-79.89399","2242","11","1","0","0","0","0","0","0","0","","0","0","0","","","0","N","0","","40 25:57.845","","0","79 53:38.364","0","0","0","0","2463","0","0","0","N","0","0","0","2","02463","0","","1.0","","1","N","N","N","0","","0","0","1","","2","","","2","0","0","0","0","0","0","2","0","2","","03","","N","","","","","","","","","",""
"2023044434","1028","0","0","0","0","0","0","0","0","0","4","0","","02","5","2023","6","40.486973","-79.916091","1017","11","0","0","0","0","0","1","0","0","","0","0","0","","","2","","6","","40 29:13.103","6","2","79 54:57.928","8","0","0","0","2301","0","0","0","N","0","0","0","2","02301","0","","1.0","45.0","1","N","N","N","0","","0","0","1","","4","Y","","2","2","0","0","0","2","0","2","1","2","","03","","N","","","","","","","","","",""
"2023044952","1027","0","0","0","0","0","0","0","0","0","7","0","","02","5","2023","1","40.421042","-79.999117","1022","11","0","0","0","0","1","0","0","0","","0","0","0","","","0","N","0","","40 25:15.751","","0","79 59:56.822","0","0","0","0","2301","0","0","0","N","0","0","0","1","02301","0","","4.0","","1","N","N","N","0","","0","0","1","","0","","","1","0","0","0","0","0","0","2","0","1","","","","N","","","","","","","","","",""
"2023057182","0830","0","0","0","0","0","0","0","0","0","7","0","","02","6","2023","4","40.568838","-80.090271","0728","11","0","0","0","0","0","1","0","0","","0","0","0","","","1","N","0","","40 34:07.816","2","0","80 05:24.975","3","0","0","0","2481","0","0","0","N","0","0","0","1","68B03","0","","2.0","845.0","9","N","N","N","0","","1","0","1","","0","N","","1","1","0","0","0","0","0","2","0","1","","","","N","","","","","","","","","",""
"2023058217","1826","0","0","0","0","0","0","0","0","0","7","0","","02","7","2023","7","40.603624","-79.90412","1820","11","0","0","0","0","0","0","0","0","","0","0","0","","","0","N","0","","40 36:13.045","3","0","79 54:14.832","0","0","0","0","2220","0","0","0","N","0","0","0","1","02220","0","","4.0","1914.0","9","","","N","0","","0","0","1","","0","N","","1","0","0","0","0","0","0","2","0","1","","","","N","","","","","","","","","",""
"2023055900","1624","0","0","0","0","0","0","0","0","0","2","0","","02","6","2023","7","40.515717","-80.009632","1619","11","0","0","0","0","1","0","1","0","","0","0","0","","","0","N","2","","40 30:56.580","5","0","80 00:34.674","0","0","0","0","2116","0","0","0","N","0","0","0","3","02116","0","","1.0","1709.0","1","N","N","N","1","","0","0","1","","2","N","","2","0","0","0","0","0","0","2","0","2","","","","N","","","","","","","","","",""
"2023064394","0422","0","0","0","0","0","0","0","0","0","7","0","","02","6","2023","7","40.330095","-80.138756","0355","11","0","0","0","0","0","0","0","0","","0","0","0","","","0","N","0","","40 19:48.342","","2","80 08:19.520","0","0","0","0","2119","0","0","0","Y","0","0","0","1","68B03","0","","4.0","","1","N","N","N","0","","0","0","1","","0","","","1","0","0","0","0","0","0","2","0","1","","03","","N","","","","","","","","","",""
"2023055646","1542","0","0","0","0","0","0","1","0","0","1","1","","02","6","2023","6","40.419414","-79.987616","1542","11","0","0","0","0","0","1","0","0","","0","0","0","","","2","N","0","","40 25:09.890","5","0","79 59:15.419","3","0","0","0","2301","0","0","0","N","0","0","0","4","02503","0","","1.0","1628.0","1","N","N","N","1","","2","0","0","","0","N","","2","2","0","0","0","0","0","2","0","2","","03","","N","","","","","","","","","",""
"2023058017","0320","0","0","1","0","0","0","0","0","0","1","0","","02","6","2023","5","40.345192","-79.841392","0317","11","0","0","0","0","0","0","0","0","","0","0","0","","","2","N","0","","40 20:42.692","6","0","79 50:29.010","2","0","0","0","2304","0","0","0","N","0","0","0","6","02304","0","","4.0","421.0","1","N","N","N","0","","1","1","2","","0","Y","","2","2","0","0","0","0","3","2","0","2","","","","N","","","","","","","","","",""
"2023053973","2035","1","0","0","0","0","0","0","0","0","4","0","","02","6","2023","7","40.449587","-80.002595","2028","11","0","0","0","0","0","0","0","0","","0","0","0","","","1","","1","","40 26:58.513","","1","80 00:09.342","4","0","0","0","2301","0","0","0","N","0","0","0","3","02301","1","","1.0","","1","N","N","N","0","","0","0","1","","2","","","2","1","0","0","0","0","0","2","0","2","","03","","N","","","","","","","","","",""
"2023044336","0022","1","0","0","0","0","0","0","0","0","5","0","","02","5","2023","6","40.421023","-79.985352","0016","11","0","0","0","0","0","0","0","0","","0","0","0","","","0","N","0","","40 25:15.683","","0","79 59:07.268","0","0","0","0","2301","0","0","0","N","0","0","0","1","02301","0","","6.0","","1","N","N","N","0","","0","0","1","","0","","","2","0","0","0","0","0","0","2","0","2","","03","","N","","","","","","","","","",""
"2023056354","1928","1","0","0","0","0","0","0","0","0","1","0","","02","6","2023","6","40.378975","-79.806011","1924","11","0","0","0","0","0","0","0","0","","0","0","0","","","0","N","2","","40 22:44.310","3","0","79 48:21.640","0","0","0","0","2111","0","0","0","N","0","0","0","3","02111","0","","1.0","2000.0","1","N","N","N","0","","0","0","1","","0","Y","","2","0","0","0","0","0","0","2","0","2","","03","","N","","","","","","","","","",""
"2023070675","1808","0","0","0","0","0","0","0","0","0","4","1","","02","8","2023","5","40.428125","-79.916047","1758","11","0","0","0","0","0","0","0","0","","0","0","0","","","0","N","0","","40 25:41.251","","0","79 54:57.768","0","0","0","0","2301","0","0","0","N","0","0","0","3","02301","0","","1.0","","1","N","N","N","0","","0","0","2","","0","","","3","0","0","0","0","0","0","2","1","3","","03","","N","","","","","","","","","",""
"2023044169","1250","2","0","0","0","0","0","0","0","0","4","0","","02","5","2023","5","40.460503","-79.931878","1240","11","0","0","0","0","0","0","0","0","","0","0","0","","","0","","1","","40 27:37.811","","0","79 55:54.759","0","0","0","0","2301","0","0","0","N","0","0","0","4","02301","0","","1.0","","1","N","Y","N","0","","0","0","0","","3","","","2","0","0","0","0","0","0","2","0","2","","","","N","","","","","","","","","",""
"2023044989","1516","0","0","0","0","0","0","0","0","0","4","0","","02","5","2023","7","40.392463","-80.037555","1514","11","0","0","0","0","0","0","0","0","","0","0","0","","","1","N","2","","40 23:32.867","1","0","80 02:15.199","2","0","1","1","2422","0","0","0","N","0","0","0","3","02422","0","","1.0","1749.0","1","N","N","N","0","","0","1","1","","0","N","","2","1","0","0","0","0","0","2","0","2","","03","","N","","","","","","","","","",""
"2023058427","1457","0","0","0","0","0","0","0","0","0","0","0","","02","7","2023","7","40.609487","-80.094528","1436","11","0","0","0","1","0","0","0","0","","0","0","0","","","0","N","0","","40 36:34.152","1","0","80 05:40.300","0","0","0","0","2481","0","0","0","N","0","0","0","3","68B03","0","","4.0","100.0","8","N","N","N","0","","0","0","1","","0","N","","1","0","0","0","0","0","0","2","0","1","","","","N","","","","","","","","","",""
"2023058699","2316","0","0","0","0","0","0","0","0","0","1","1","45","02","6","2023","6","40.44873","-80.110987","2313","11","0","0","0","0","0","0","0","0","","0","1","0","","","0","N","0","","40 26:55.428","","0","80 06:39.552","0","0","0","0","2115","0","0","0","N","0","0","0","2","68B03","0","","1.0","","1","N","N","N","1","","0","0","0","","0","","","2","0","0","0","0","0","0","2","0","2","","03","Y","Y","4","1","N","N","N","N","Y","N","N","N"
"2023053490","0636","0","0","0","0","0","0","0","0","0","98","0","","02","6","2023","5","40.530431","-79.955483","0634","11","0","0","0","0","0","1","0","0","","0","0","0","","","0","N","0","","40 31:49.553","","0","79 57:19.739","0","0","0","0","2118","0","0","0","N","0","0","0","1","02118","0","","1.0","","1","N","N","N","0","","0","0","1","","0","","","1","0","0","0","0","0","0","2","0","1","","","","N","","","","","","","","","",""
"2023059975","0936","1","0","0","0","0","0","0","0","0","7","0","","02","7","2023","5","40.361153","-80.030303","0935","11","0","0","0","0","0","0","0","0","","0","0","0","","","1","N","0","","40 21:40.150","","0","80 01:49.090","3","0","0","0","2416","0","0","0","N","0","0","0","2","02416","0","","5.0","","1","N","N","N","0","","1","0","0","","0","","","1","1","1","0","0","0","0","2","0","1","","03","","N","","","","","","","","","",""
"2023057615","0247","1","0","0","0","0","0","0","0","0","7","0","","02","6","2023","6","40.464623","-79.933905","0241","11","0","0","0","0","0","0","0","0","","0","0","0","","","0","N","2","","40 27:52.642","","0","79 56:02.057","0","0","0","0","2301","0","0","0","N","0","0","0","1","02301","0","","2.0","","1","N","N","N","0","","0","0","0","","0","","","1","0","0","0","0","0","0","2","0","1","","03","","N","","","","","","","","","",""
"2023044133","1007","0","0","0","0","0","0","0","0","0","7","0","","02","5","2023","5","40.466673","-80.034905","1004","11","0","0","0","0","0","0","1","0","","0","0","0","","","1","N","0","","40 28:00.022","2","0","80 02:05.658","8","0","0","0","2301","0","0","0","N","0","0","0","1","02301","0","","7.0","1035.0","1","N","N","N","1","","0","0","0","","0","N","","1","1","0","0","0","1","0","2","0","1","","03","","N","","","","","","","","","",""
"2023059058","2226","1","0","0","1","0","0","0","0","0","8","0","","02","7","2023","3","40.425609","-80.008243","2217","11","0","0","0","0","0","0","0","0","","0","0","0","","","1","N","2","","40 25:32.191","","0","80 00:29.676","3","0","0","0","2301","1","0","0","N","0","0","0","2","02301","0","","1.0","","1","N","N","N","0","","1","0","0","","0","N","","2","1","0","0","0","0","0","2","0","1","","","","N","","","","","","","","","",""
"2023058512","0243","2","0","0","0","0","0","0","0","0","6","0","","02","4","2023","2","40.441334","-79.829169","0224","11","0","0","0","0","0","1","0","0","","0","0","0","","","1","N","0","","40 26:28.803","4","0","79 49:45.007","4","0","0","0","2419","0","0","0","N","0","0","0","2","68B03","1","","1.0","338.0","1","N","N","N","0","","0","0","0","","0","N","","2","1","0","0","0","0","0","2","0","2","","","","N","","","","","","","","","",""
"2023058428","0645","1","0","0","0","0","0","0","0","0","7","0","","02","7","2023","1","40.441265","-80.185011","0632","11","0","0","0","0","0","0","0","0","","0","0","0","","","0","N","0","","40 26:28.554","","0","80 11:06.038","0","0","0","0","2214","0","0","0","N","0","0","0","1","68B03","0","","3.0","","9","N","N","N","0","","0","0","0","","0","","","1","0","0","0","0","0","0","1","0","1","","04","","N","","","","","","","","","",""
"2023055897","1709","2","0","0","0","0","0","0","0","0","2","0","","02","6","2023","7","40.521875","-80.048203","1709","11","0","0","0","0","0","1","0","0","","0","0","0","","","0","N","0","","40 31:18.751","4","0","80 02:53.531","0","0","0","0","2116","0","0","0","N","0","0","0","2","02116","0","","1.0","1819.0","1","N","N","N","0","","0","0","0","","0","N","","2","0","0","0","0","0","0","2","0","2","","","","N","","","","","","","","","",""
"2023044036","0027","0","0","0","0","0","0","0","0","0","7","0","","02","5","2023","5","40.217399","-79.837565","0022","11","0","0","0","0","0","0","0","0","","0","0","0","","","0","N","0","","40 13:02.638","","0","79 50:15.235","0","0","0","0","2105","0","0","0","N","0","0","0","1","02105","0","","4.0","","1","N","N","N","0","","0","0","1","","0","","","1","0","0","0","0","0","0","1","0","1","","03","","N","","","","","","","","","",""
"2023049132","1823","1","0","0","0","0","0","0","0","0","1","0","","02","5","2023","6","40.441806","-79.857639","1753","11","0","0","0","0","0","0","0","0","","0","0","0","","","0","N","0","","40 26:30.500","4","0","79 51:27.499","0","0","0","0","2419","0","0","0","N","0","0","0","3","68B03","0","","1.0","1815.0","1","N","N","Y","0","","0","0","1","","0","N","","2","0","0","0","0","0","0","2","0","2","","03","","N","","","","","","","","","",""
"2023059808","1755","1","0","0","0","0","0","0","0","0","1","0","","02","4","2023","5","40.416286","-80.085511","1746","11","0","0","0","0","0","2","1","0","","0","0","0","","","1","N","0","","40 24:58.629","3","0","80 05:07.841","4","0","0","0","2415","0","0","0","N","0","0","0","4","68B03","1","","1.0","1820.0","1","N","N","N","0","","0","0","3","","0","N","","4","1","0","0","0","0","0","2","0","4","","","","N","","","","","","","","","",""
"2023044056","0622","0","0","0","0","0","0","0","0","0","1","0","","02","5","2023","5","40.471009","-79.996804","0615","11","0","0","0","0","0","0","0","0","","0","0","0","","","0","N","0","","40 28:15.634","","0","79 59:48.493","9","0","0","0","2301","0","0","0","N","0","0","0","1","02301","0","","4.0","","1","N","N","N","1","","0","0","1","","0","","","2","0","0","0","0","0","1","2","0","2","","03","","N","","","","","","","","","",""
"2023056635","1938","1","0","0","0","0","0","0","0","0","8","0","","02","6","2023","5","40.505088","-79.949562","1938","11","0","0","0","0","0","0","0","0","","0","0","0","","","1","N","0","","40 30:18.316","","0","79 56:58.423","8","0","0","0","2430","1","0","0","N","1","0","0","2","02430","0","","1.0","","1","N","N","N","0","","0","0","0","","0","","","2","1","0","0","0","1","0","2","0","1","","","","N","","","","","","","","","",""
"2023043820","0940","1","0","0","0","0","0","0","0","0","4","0","","02","5","2023","4","40.441659","-80.240296","0935","11","0","0","0","0","1","0","1","0","","0","0","0","","","1","","2","","40 26:29.971","7","0","80 14:25.066","3","0","0","0","2214","0","0","0","N","0","0","0","3","02214","0","","1.0","1018.0","1","N","N","N","0","","1","0","1","","3","Y","","2","1","0","0","0","0","0","2","0","2","","","","N","","","","","","","","","",""
"2023055742","0040","1","0","0","0","0","0","0","0","0","7","0","","02","6","2023","7","40.434903","-79.754784","0036","11","0","0","1","0","0","0","0","0","","0","0","0","","","0","","1","","40 26:05.652","","0","79 45:17.224","0","0","0","0","2446","0","0","0","N","0","0","0","1","02446","0","","2.0","","1","N","N","N","0","","0","0","0","","0","","","1","0","0","0","0","0","0","2","0","1","","","","N","","","","","","","","","",""
"2023043833","1335","1","0","0","0","0","0","0","0","0","1","0","","02","5","2023","4","40.411246","-79.955582","1324","11","0","0","0","0","0","0","1","0","","0","0","0","","","1","N","0","","40 24:40.484","7","0","79 57:20.094","3","0","0","0","2301","0","0","0","N","0","0","0","4","02301","0","","1.0","1400.0","1","N","N","N","1","","1","0","0","","0","N","","2","1","0","0","0","0","0","2","0","2","","03","","N","","","","","","","","","",""
"2023045171","2331","0","0","0","0","0","0","0","0","0","2","0","","02","5","2023","7","40.418219","-79.880565","2326","11","0","0","0","0","0","0","0","0","","0","0","0","","","1","N","0","","40 25:05.587","5","0","79 52:50.033","3","0","0","0","2463","0","0","0","N","0","0","0","2","02463","0","","1.0","5.0","1","N","N","N","0","","1","0","2","","0","Y","","2","1","0","0","0","0","0","2","0","2","","03","","N","","","","","","","","","",""
"2023050379","1441","0","0","0","0","0","0","0","0","0","1","0","","02","5","2023","4","40.509302","-80.211699","1441","11","0","0","0","0","0","0","0","1","","0","0","0","","","0","N","0","","40 30:33.487","","0","80 12:42.118","0","0","0","0","2213","0","0","0","N","0","0","0","3","02213","0","","1.0","","1","N","N","N","0","","0","0","3","","0","","","3","0","0","0","0","0","0","2","0","3","","","","N","","","","","","","","","",""
"2023058322","1340","3","0","0","0","0","0","0","0","0","5","0","","02","6","2023","6","40.493948","-79.787","1336","11","0","0","0","0","0","1","0","0","","0","0","0","","","1","N","0","","40 29:38.211","1","0","79 47:13.201","3","0","0","0","2113","0","0","0","N","0","0","0","2","02113","0","","4.0","1400.0","1","N","N","N","1","","1","0","0","","0","N","","4","1","0","0","0","0","0","2","0","4","","04","","N","","","","","","","","","",""
"2023059090","1425","0","0","0","0","0","0","0","0","0","1","0","","02","6","2023","6","40.336088","-80.006043","1421","11","0","0","0","0","0","1","0","0","","0","0","0","","","1","","2","","40 20:09.916","3","0","80 00:21.753","4","0","0","0","2407","0","0","0","N","0","0","0","2","02407","1","","1.0","1500.0","1","N","N","N","1","","0","0","1","","0","N","","2","1","0","0","0","0","0","2","0","2","","03","","N","","","","","","","","","",""
"2023043922","1513","1","0","0","0","0","0","0","0","0","7","0","","02","5","2023","4","40.524463","-79.947353","1507","11","0","0","0","0","0","0","0","0","","0","0","0","","","0","N","0","","40 31:28.068","1","0","79 56:50.469","0","0","0","0","2118","0","0","0","N","0","0","0","2","02118","0","","4.0","1609.0","1","N","N","N","0","","0","0","0","","0","N","","1","0","1","0","0","0","0","2","0","1","","","","N","","","","","","","","","",""
"2023037427","1610","1","0","0","0","0","0","0","0","0","7","0","","02","4","2023","5","40.600874","-79.870798","1554","11","0","1","0","0","0","0","0","0","","0","0","0","","","0","N","1","","40 36:03.147","6","0","79 52:14.873","0","0","0","0","2220","0","0","0","N","0","0","0","3","02220","0","","2.0","1631.0","1","N","N","N","0","","0","0","0","","3","N","","1","0","0","0","0","0","0","2","0","1","","03","","N","","","","","","","","","",""
"2023059257","0431","0","0","0","0","0","0","0","0","0","8","0","","02","7","2023","7","40.468555","-79.865953","0427","11","0","0","0","0","0","0","0","0","","0","0","0","","","1","N","2","","40 28:06.797","4","0","79 51:57.430","2","0","0","0","2113","1","0","1","N","1","0","1","2","02113","0","","1.0","500.0","1","N","N","N","0","","0","1","0","","3","N","","2","1","0","0","0","0","1","2","0","1","","03","","N","","","","","","","","","",""
"2023044421","1013","2","0","0","0","0","0","0","0","0","5","0","","02","5","2023","6","40.43708","-79.998357","1007","11","0","0","0","0","0","0","0","0","","0","0","0","","","1","","1","","40 26:13.487","4","0","79 59:54.086","4","0","0","0","2301","0","0","0","N","0","0","0","2","02301","1","","1.0","1040.0","9","N","N","N","0","","0","0","0","","2","N","","2","1","1","0","0","0","0","2","0","2","","04","","N","","","","","","","","","",""
"2023056982","1451","1","0","0","0","0","0","0","0","0","4","0","","02","6","2023","6","40.450046","-79.903805","1443","11","0","0","0","0","0","1","0","0","","0","0","0","","","2","N","1","","40 27:00.167","","0","79 54:13.699","3","0","0","0","2301","0","0","0","N","0","0","0","3","02301","0","","1.0","","1","N","N","N","0","","2","0","1","","2","","","2","2","0","0","0","0","0","2","0","2","","","","N","","","","","","","","","",""
"2023044875","0110","1","0","0","0","0","0","0","0","0","7","0","","02","5","2023","1","40.319319","-79.898567","0100","11","0","0","0","0","0","0","0","0","","0","0","0","","","0","N","0","","40 19:09.547","","1","79 53:54.841","9","0","0","0","2440","0","0","0","N","0","0","0","1","02440","0","","2.0","","1","N","N","N","0","","0","0","0","","0","","","1","0","0","0","0","0","1","2","0","1","","","","N","","","","","","","","","",""
"2023058251","0531","0","0","1","0","0","0","0","0","0","7","0","","02","7","2023","1","40.460961","-79.867009","0526","11","0","0","0","0","0","0","0","0","","0","0","0","","","1","N","0","","40 27:39.459","6","0","79 52:01.232","2","0","0","0","2113","0","0","0","N","0","0","0","1","02113","0","","5.0","800.0","1","N","N","N","0","","0","1","1","","0","N","","1","1","0","0","0","0","0","2","0","1","","","","N","","","","","","","","","",""
"2023054437","2351","0","0","0","0","0","0","0","0","0","7","0","","02","6","2023","5","40.356998","-80.124619","2349","11","0","0","0","0","0","0","0","0","","0","0","0","","","1","N","0","","40 21:25.191","","0","80 07:28.629","3","0","0","0","2119","0","0","0","N","0","0","0","1","02119","0","","2.0","","9","N","N","N","0","","1","0","1","","0","","","1","1","0","0","0","0","0","2","0","1","","","","N","","","","","","","","","",""
"2023044416","0903","0","0","0","0","0","0","0","0","0","4","0","","02","5","2023","4","40.421319","-79.972518","0856","11","0","0","0","0","0","0","0","0","","0","0","0","","","0","","2","","40 25:16.750","7","0","79 58:21.066","0","0","0","0","2301","0","0","0","N","0","0","0","2","02301","0","","1.0","940.0","1","N","N","N","0","","0","0","2","","3","Y","","2","0","0","0","0","0","0","2","0","2","","03","","N","","","","","","","","","",""
"2023058203","1839","0","0","0","0","0","0","0","0","0","4","0","","02","7","2023","7","40.457773","-79.819201","1833","11","0","0","0","0","0","0","1","0","","0","0","0","","","0","","1","","40 27:27.982","","0","79 49:09.123","0","0","0","0","2113","0","0","0","N","0","0","0","3","02113","0","","1.0","","1","N","N","N","0","","0","0","2","","3","","","2","0","0","0","0","0","0","2","0","2","","","","N","","","","","","","","","",""
"2023044724","1035","1","0","0","0","0","0","0","0","0","1","0","","02","5","2023","7","40.441898","-80.022268","1028","11","0","0","0","0","0","0","0","0","","0","0","0","","","1","N","0","","40 26:30.834","3","7","80 01:20.166","3","0","0","0","2301","0","0","0","N","0","0","0","4","02301","0","","1.0","1100.0","9","N","N","N","0","","1","0","1","","0","N","","2","1","0","0","0","0","0","2","0","2","","07","","N","","","","","","","","","",""
"2023051662","1026","2","0","0","0","0","0","0","0","0","7","0","","02","5","2023","7","40.440294","-80.187378","1026","11","0","0","0","0","0","0","0","0","","0","0","0","","","1","N","0","","40 26:25.059","","0","80 11:14.561","8","0","0","0","2214","0","0","0","N","0","0","0","2","68B03","0","","3.0","","9","N","N","N","0","","0","0","0","","0","","","2","1","0","0","0","1","0","1","0","2","","","","N","","","","","","","","","",""
"2023044951","1017","1","0","0","0","0","0","0","0","0","4","0","","02","5","2023","1","40.452706","-79.866644","1016","11","0","0","0","0","0","0","0","1","","0","0","0","","","2","","2","","40 27:09.743","2","0","79 51:59.919","2","0","0","0","2301","0","0","0","N","0","0","0","3","02301","0","","1.0","1120.0","1","N","N","N","1","","1","1","0","","3","Y","","2","2","2","0","1","0","0","2","0","2","","03","","N","","","","","","","","","",""
"2023043677","0514","1","0","0","0","0","0","0","0","0","4","0","","02","5","2023","4","40.448931","-80.000754","0508","11","0","0","0","0","0","0","0","0","","0","0","0","","","0","","1","","40 26:56.152","","0","80 00:02.715","0","0","0","0","2301","0","0","0","N","0","0","0","2","02301","0","","1.0","","1","N","N","N","0","","0","0","1","","1","","","2","0","0","0","0","0","0","2","0","2","","03","","N","","","","","","","","","",""
"2023064570","1822","0","0","0","0","0","0","0","0","0","1","0","","02","7","2023","6","40.495447","-80.026206","1816","11","0","1","0","0","0","1","0","0","","0","0","0","","","0","","5","","40 29:43.609","","0","80 01:34.341","0","0","0","0","2301","0","0","0","N","0","0","0","3","02301","0","","1.0","","1","N","N","N","0","","0","0","2","","0","","","2","0","0","0","0","0","0","2","0","2","","03","","N","","","","","","","","","",""
"2023069139","1737","0","0","0","0","0","0","0","0","0","4","0","","02","8","2023","7","40.633507","-80.003968","1731","11","0","0","1","0","0","0","0","0","","0","0","0","","","2","","1","","40 38:00.625","3","0","80 00:14.283","2","0","1","1","2216","0","0","0","N","0","0","0","3","02505","0","","1.0","1820.0","1","N","N","N","1","","1","1","0","","2","N","","2","2","0","0","0","0","0","2","0","2","","","","N","","","","","","","","","",""
"2023045758","2125","1","0","0","0","0","0","0","0","0","4","0","","02","5","2023","5","40.420378","-79.995259","2120","11","0","0","0","0","0","1","1","0","","0","0","0","","","1","","1","","40 25:13.361","7","0","79 59:42.934","4","0","0","0","2301","0","0","0","N","0","0","0","3","02301","1","","1.0","2200.0","1","N","N","N","0","","0","0","1","","0","N","","2","1","0","0","0","0","0","2","0","2","","","","N","","","","","","","","","",""
"2023044346","0345","0","0","0","0","0","0","0","0","0","7","0","","02","5","2023","6","40.445333","-79.920944","0343","11","0","0","0","0","0","0","0","0","","0","0","0","","","1","N","0","","40 26:43.200","","0","79 55:15.400","3","0","0","0","2301","0","0","0","N","0","0","0","2","02301","0","","4.0","","1","N","N","N","0","","1","0","1","","0","","","1","1","0","0","0","0","0","2","0","1","","03","","N","","","","","","","","","",""
"2023056350","0731","2","0","0","0","0","0","0","0","0","4","0","35","02","6","2023","3","40.474756","-80.059749","0726","11","0","0","0","0","0","0","0","0","","0","0","0","","","1","","7","","40 28:29.122","5","8","80 03:35.097","3","0","0","0","2444","0","0","0","N","0","0","0","2","02444","0","","1.0","752.0","1","N","N","N","0","","1","0","0","","0","N","","2","1","0","0","0","0","0","2","0","2","","","Y","Y","4","1","","","N","Y","Y","","Y","N"