"CRN","ARRIVAL_TM","AUTOMOBILE_COUNT","BELTED_DEATH_COUNT","BELTED_SUSP_SERIOUS_INJ_COUNT","BICYCLE_COUNT","BICYCLE_DEATH_COUNT","BICYCLE_SUSP_SERIOUS_INJ_COUNT","BUS_COUNT","CHLDPAS_DEATH_COUNT","CHLDPAS_SUSP_SERIOUS_INJ_COUNT","COLLISION_TYPE","COMM_VEH_COUNT","CONS_ZONE_SPD_LIM","COUNTY","CRASH_MONTH","CRASH_YEAR","DAY_OF_WEEK","DEC_LATITUDE","DEC_LONGITUDE","DISPATCH_TM","DISTRICT","DRIVER_COUNT_16YR","DRIVER_COUNT_17YR","DRIVER_COUNT_18YR","DRIVER_COUNT_19YR","DRIVER_COUNT_20YR","DRIVER_COUNT_50_64YR","DRIVER_COUNT_65_74YR","DRIVER_COUNT_75PLUS","EST_HRS_CLOSED","FATAL_COUNT","HEAVY_TRUCK_COUNT","HORSE_BUGGY_COUNT","HOUR_OF_DAY","ILLUMINATION","INJURY_COUNT","INTERSECTION_RELATED","INTERSECT_TYPE","LANE_CLOSED","LATITUDE","LN_CLOSE_DIR","LOCATION_TYPE","LONGITUDE","MAX_SEVERITY_LEVEL","MCYCLE_DEATH_COUNT","MCYCLE_SUSP_SERIOUS_INJ_COUNT","MOTORCYCLE_COUNT","MUNICIPALITY","NONMOTR_COUNT","NONMOTR_DEATH_COUNT","NONMOTR_SUSP_SERIOUS_INJ_COUNT","NTFY_HIWY_MAINT","PED_COUNT","PED_DEATH_COUNT","PED_SUSP_SERIOUS_INJ_COUNT","PERSON_COUNT","POLICE_AGCY","POSSIBLE_INJ_COUNT","RDWY_SURF_TYPE_CD","RELATION_TO_ROAD","ROADWAY_CLEARED","ROAD_CONDITION","SCH_BUS_IND","SCH_ZONE_IND","SECONDARY_CRASH","SMALL_TRUCK_COUNT","SPEC_JURIS_CD","SUSP_MINOR_INJ_COUNT","SUSP_SERIOUS_INJ_COUNT","SUV_COUNT","TCD_FUNC_CD","TCD_TYPE","TFC_DETOUR_IND","TIME_OF_DAY","TOTAL_UNITS","TOT_INJ_COUNT","UNBELTED_OCC_COUNT","UNB_DEATH_COUNT","UNB_SUSP_SERIOUS_INJ_COUNT","UNK_INJ_DEG_COUNT","UNK_INJ_PER_COUNT","URBAN_RURAL","VAN_COUNT","VEHICLE_COUNT","WEATHER1","WEATHER2","WORKERS_PRES","WORK_ZONE_IND","WORK_ZONE_LOC","WORK_ZONE_TYPE","WZ_CLOSE_DETOUR","WZ_FLAGGER","WZ_LAW_OFFCR_IND","WZ_LN_CLOSURE","WZ_MOVING","WZ_OTHER","WZ_SHLDER_MDN","WZ_WORKERS_INJ_KILLED"
"2023061627","0914","1","0","0","0","0","0","0","0","0","4","0","","02","6","2023","1","40.389037","-80.042293","0913","11","0","0","0","0","0","1","0","0","","0","0","0","","","1","","2","","40 23:20.533","2","0","80 02:32.256","3","0","0","0","2109","0","0","0","N","0","0","0","4","02109","0","","1.0","1000.0","1","N","N","N","0","","1","0","1","","2","N","","2","1","0","0","0","0","0","2","0","2","","03","","N","","","","","","","","","",""
"2023069227","1910","0","0","0","0","0","0","0","0","0","1","0","","02","8","2023","6","40.650296","-80.079072","1903","11","1","0","0","0","0","1","0","0","","0","0","0","","","0","Y","0","","40 39:01.064","2","0","80 04:44.659","0","0","0","0","2212","0","0","0","N","0","0","0","2","02505","0","","1.0","1936.0","1","N","N","N","0","","0","0","2","","2","N","","2","0","0","0","0","0","0","2","0","2","","","","N","","","","","","","","","",""
"2023055946","1953","1","0","0","0","0","0","0","0","0","4","0","","02","6","2023","7","40.426885","-79.976475","1953","11","0","0","0","0","0","1","0","0","","0","0","0","","","0","N","0","","40 25:36.785","1","7","79 58:35.311","0","0","0","0","2301","0","0","0","N","0","0","0","3","02301","0","","1.0","2100.0","1","N","N","N","0","","0","0","1","","3","Y","","2","0","0","0","0","0","0","2","0","2","","03","","N","","","","","","","","","",""
"2023070763","1740","1","0","0","0","0","0","0","0","0","1","0","","02","8","2023","5","40.474554","-80.005149","1740","11","0","0","0","0","0","0","0","0","","0","0","0","","","1","N","1","","40 28:28.396","","0","80 00:18.538","2","0","1","1","2301","0","0","0","N","0","0","0","3","02301","0","","1.0","","1","N","N","N","0","","0","1","0","","2","","","2","1","0","0","0","0","0","2","0","2","","03","","N","","","","","","","","","",""
"2023054423","0530","0","0","0","0","0","0","0","0","0","7","0","","02","6","2023","1","40.45522","-79.885193","0519","11","0","0","0","0","0","0","0","0","","0","0","0","","","0","N","0","","40 27:18.792","","0","79 53:06.696","9","0","0","0","2301","0","0","0","N","0","0","0","1","02301","0","","5.0","","1","N","N","N","0","","0","0","1","","0","","","1","0","0","0","0","0","1","2","0","1","","03","","N","","","","","","","","","",""
"2023063823","1245","0","0","0","0","0","0","0","0","0","1","1","","02","7","2023","3","40.529449","-79.849938","1240","11","0","0","0","0","0","1","0","0","","0","1","0","","","1","Y","0","","40 31:46.017","","0","79 50:59.776","3","0","0","0","2208","0","0","0","N","0","0","0","2","02208","0","","1.0","","1","N","N","N","0","","1","0","1","","0","N","","2","1","0","0","0","0","0","2","0","2","","03","","N","","","","","","","","","",""
"2023062546","1456","2","0","0","0","0","0","0","0","0","1","0","","02","6","2023","5","40.491118","-79.950734","1455","11","0","0","0","0","0","0","0","0","","0","0","0","","","2","N","0","","40 29:28.023","1","0","79 57:02.642","3","0","0","0","2430","0","0","0","N","0","0","0","5","02430","0","","1.0","1528.0","1","N","N","Y","0","","2","0","2","","0","N","","4","2","4","0","0","0","0","2","0","4","","","","N","","","","","","","","","",""
"2023056300","1047","1","0","0","0","0","0","0","0","0","8","0","","02","6","2023","2","40.45875","-79.918306","1041","11","0","0","0","0","0","0","0","0","","0","0","0","","","1","N","0","","40 27:31.500","","7","79 55:05.900","3","0","0","0","2301","1","0","0","N","1","0","0","2","02301","0","","1.0","","1","N","N","N","0","","1","0","0","","2","","","2","1","0","0","0","0","0","2","0","1","","03","","N","","","","","","","","","",""
"2023054067","1520","1","0","0","0","0","0","0","0","0","4","0","","02","6","2023","1","40.411023","-79.955546","1514","11","0","0","0","0","0","1","0","0","","0","0","0","","","0","","2","","40 24:39.682","","0","79 57:19.967","0","0","0","0","2301","0","0","0","N","0","0","0","4","02301","0","","1.0","","1","N","N","N","0","","0","0","1","","2","N","","2","0","0","0","0","0","0","2","0","2","","","","N","","","","","","","","","",""
"2023054981","1623","1","0","0","0","0","0","0","0","0","4","0","","02","6","2023","4","40.403129","-79.911742","1620","11","0","0","0","0","0","0","0","0","","0","0","0","","","4","","2","","40 24:11.264","7","0","79 54:42.270","4","0","0","0","2438","0","0","0","N","0","0","0","4","02438","4","","1.0","1716.0","1","N","N","N","1","","0","0","0","","3","Y","","2","4","1","0","0","0","0","2","0","2","","03","","N","","","","","","","","","",""
"2023068944","0950","3","0","0","0","0","0","0","0","0","4","0","","02","8","2023","7","40.406137","-79.936953","0934","11","0","0","0","0","0","0","1","0","","0","0","0","","","0","N","0","","40 24:22.093","","0","79 56:13.031","0","0","0","0","2301","0","0","0","N","0","0","0","1","02301","0","","1.0","","1","N","N","N","0","","0","0","0","","0","","","3","0","0","0","0","0","0","2","0","3","","03","","N","","","","","","","","","",""
"2023069807","1429","0","0","0","0","0","0","0","0","0","4","0","","02","8","2023","5","40.619186","-80.077971","1422","11","0","0","0","0","0","1","0","0","","0","0","0","","","0","","1","","40 37:09.071","","0","80 04:40.697","0","0","0","0","2212","0","0","0","N","0","0","0","2","02505","0","","1.0","","1","N","N","N","0","","0","0","2","","2","","","2","0","0","0","0","0","0","2","0","2","","03","","N","","","","","","","","","",""
"2023054167","1929","1","0","0","0","0","0","0","0","0","7","0","","02","6","2023","1","40.455322","-79.967342","1919","11","0","0","0","0","0","0","0","0","","0","0","0","","","0","N","0","","40 27:19.159","","0","79 58:02.431","0","0","0","0","2301","0","0","0","Y","0","0","0","3","02301","0","","3.0","","1","N","N","Y","0","","0","0","1","","0","","","2","0","0","0","0","0","0","2","0","2","","03","","N","","","","","","","","","",""
"2023054147","1558","1","0","0","0","0","0","0","0","0","1","0","","02","6","2023","6","40.417106","-80.086679","1558","11","0","0","0","0","0","0","0","0","","0","0","0","","","0","N","0","","40 25:01.583","","0","80 05:12.046","0","0","0","0","2415","0","0","0","N","0","0","0","2","68B03","0","","1.0","","9","N","N","N","0","","0","0","1","","0","","","2","0","0","0","0","0","0","2","0","2","","07","","N","","","","","","","","","",""
"2023064892","0541","1","0","0","0","0","0","0","0","0","4","1","","02","7","2023","1","40.491601","-80.061223","0537","11","0","0","0","0","0","1","1","0","","0","1","0","","","1","","2","","40 29:29.763","6","7","80 03:40.403","8","0","0","0","2404","0","0","0","N","0","0","0","2","02404","0","","1.0","616.0","1","N","N","N","0","","0","0","0","","2","N","","2","1","1","0","0","1","0","2","0","2","","","","N","","","","","","","","","",""
"2023064053","0020","1","0","0","0","0","0","0","0","0","7","0","","02","7","2023","5","40.42489","-79.952773","0012","11","0","0","0","0","0","0","0","0","","0","0","0","","","0","N","0","","40 25:29.604","","3","79 57:09.983","9","0","0","0","2301","0","0","0","N","0","0","0","1","02301","0","","4.0","","1","N","N","N","0","","0","0","0","","0","N","","1","0","0","0","0","0","1","2","0","1","","","","N","","","","","","","","","",""
"2023055548","1321","0","0","0","0","0","0","0","0","0","7","0","","02","6","2023","3","40.579168","-79.898613","1316","11","0","0","0","0","0","0","1","0","","0","0","0","","","1","N","0","","40 34:45.003","7","0","79 53:55.005","3","0","0","0","2209","0","0","0","N","0","0","0","1","02209","0","","4.0","1451.0","1","N","N","N","0","","1","0","1","","0","Y","","1","1","0","0","0","0","0","2","0","1","","","","N","","","","","","","","","",""
"2023055849","1514","1","0","0","0","0","0","0","0","0","7","0","","02","6","2023","7","40.333135","-79.847198","1511","11","0","1","0","0","0","0","0","0","","0","0","0","","","0","N","0","","40 19:59.285","5","0","79 50:49.911","0","0","0","0","2304","0","0","0","N","0","0","0","2","02304","0","","4.0","1601.0","1","N","N","N","0","","0","0","0","","2","Y","","1","0","0","0","0","0","0","2","0","1","","03","","N","","","","","","","","","",""
"2023067664","0606","1","0","0","0","0","0","0","0","0","2","0","","02","7","2023","2","40.423223","-79.928693","0559","11","0","0","0","0","0","0","0","0","","0","0","0","","","1","N","1","","40 25:23.602","","0","79 55:43.294","4","0","0","0","2301","0","0","0","N","0","0","0","2","02301","1","","1.0","","1","N","N","N","0","","0","0","0","","1","","","2","1","0","0","0","0","0","2","0","1","","","","N","","","","","","","","","",""
"2023056529","0537","1","0","0","0","0","0","0","0","0","4","0","","02","6","2023","3","40.348523","-80.052249","0532","11","0","0","0","0","0","0","0","0","","0","0","0","","","0","","1","","40 20:54.682","1","0","80 03:08.098","0","0","0","0","2407","0","0","0","N","0","0","0","2","02407","0","","1.0","600.0","9","N","N","N","1","","0","0","0","","2","N","","2","0","0","0","0","0","0","2","0","2","","","","N","","","","","","","","","",""
"2023054676","2118","1","0","0","0","0","0","0","0","0","7","0","","02","6","2023","6","40.545561","-80.030276","2109","11","0","0","0","0","0","0","0","0","","0","0","0","","","0","N","0","","40 32:44.019","","0","80 01:48.995","0","0","0","0","2116","0","0","0","N","0","0","0","2","02116","0","","5.0","","1","N","N","N","1","","0","0","0","","4","","","2","0","0","0","0","0","0","2","0","2","","03","","N","","","","","","","","","",""
"2023070583","1720","0","0","0","0","0","0","0","0","0","1","0","","02","8","2023","4","40.436206","-79.817993","1714","11","0","0","0","0","0","1","0","0","","0","0","0","","","0","N","0","","40 26:10.340","1","0","79 49:04.773","0","0","0","0","2124","0","0","0","N","0","0","0","2","02124","0","","2.0","1748.0","1","N","N","Y","0","","0","0","2","","0","N","","2","0","0","0","0","0","0","2","0","2","","","","N","","","","","","","","","",""
"2023067371","0836","0","0","0","0","0","0","0","0","0","1","1","","02","7","2023","2","40.627025","-80.030318","0830","11","0","0","0","0","0","1","0","0","","0","0","0","","","0","","2","","40 37:37.290","6","0","80 01:49.146","0","0","0","0","2216","0","0","0","N","0","0","0","2","02505","0","","1.0","907.0","1","N","N","N","1","","0","0","1","","0","N","","2","0","0","0","0","0","0","1","0","2","","","","N","","","","","","","","","",""
"2023070499","2113","0","0","0","0","0","0","0","0","0","7","0","","02","6","2023","4","40.570367","-79.857756","2106","11","0","0","0","0","0","1","0","0","","0","0","0","","","1","N","0","","40 34:13.322","3","0","79 51:27.920","8","0","0","0","2209","0","0","0","N","0","0","0","1","68T02","0","","3.0","2140.0","1","N","N","N","0","","0","0","1","","0","N","","1","1","0","0","0","1","0","2","0","1","","03","","N","","","","","","","","","",""
"2023057377","1523","1","0","0","0","0","0","0","0","0","1","0","","02","6","2023","2","40.517854","-79.958977","1521","11","0","0","0","0","0","0","1","0","","0","0","0","","","0","Y","0","","40 31:04.275","2","0","79 57:32.317","0","0","0","0","2118","0","0","0","N","0","0","0","2","02118","0","","1.0","1612.0","9","N","N","N","0","","0","0","1","","0","Y","","2","0","0","0","0","0","0","2","0","2","","","","N","","","","","","","","","",""
"2023055278","2044","0","0","0","0","0","0","0","0","0","4","0","","02","6","2023","6","40.366198","-80.015156","2039","11","0","0","0","0","0","1","0","0","","0","0","0","","","0","","3","","40 21:58.311","","0","80 00:54.560","0","0","0","0","2416","0","0","0","N","0","0","0","4","02416","0","","1.0","","1","N","N","N","1","","0","0","1","","3","","","2","0","0","0","0","0","0","2","0","2","","03","","N","","","","","","","","","",""
"2023069257","1745","0","0","0","0","0","0","0","0","0","4","0","","02","8","2023","3","40.378594","-79.804959","1745","11","0","0","0","0","0","1","0","0","","0","0","0","","","0","N","2","","40 22:42.938","3","0","79 48:17.852","0","0","0","0","2111","0","0","0","N","0","0","0","2","02111","0","","1.0","1831.0","1","N","N","N","1","","0","0","1","","0","Y","","2","0","0","0","0","0","0","2","0","2","","03","","N","","","","","","","","","",""
"2023065132","0318","1","0","0","0","0","0","0","0","0","7","0","","02","7","2023","1","40.482854","-80.036514","0311","11","0","0","0","0","0","0","0","0","","0","0","0","","","1","N","1","","40 28:58.274","","0","80 02:11.450","3","0","0","0","2301","0","0","0","N","0","0","0","1","02301","0","","5.0","","1","N","N","N","0","","1","0","0","","0","","","1","1","0","0","0","0","0","2","0","1","","03","","N","","","","","","","","","",""
"2023063642","1643","1","0","0","0","0","0","0","0","0","7","0","","02","7","2023","2","40.528355","-79.984429","1636","11","1","0","0","0","0","0","0","0","","0","0","0","","","0","N","0","","40 31:42.078","5","0","79 59:03.945","0","0","0","0","2118","0","0","0","N","0","0","0","2","02118","0","","5.0","1704.0","1","N","N","N","0","","0","0","0","","0","N","","1","0","0","0","0","0","0","2","0","1","","","","N","","","","","","","","","",""
"2023053575","1940","0","0","0","0","0","0","0","0","0","4","0","","02","6","2023","4","40.534076","-80.175849","1938","11","1","0","0","0","0","0","0","0","","0","0","0","","","0","","2","","40 32:02.675","","0","80 10:33.056","0","0","0","0","2458","0","0","0","N","0","0","0","2","02458","0","","1.0","","1","N","N","N","0","","0","0","2","","3","N","","2","0","0","0","0","0","0","2","0","2","","03","","N","","","","","","","","","",""
"2023054970","1625","0","0","0","0","0","0","0","0","0","4","0","","02","6","2023","4","40.436544","-80.001044","1617","11","0","0","0","0","0","2","0","0","","0","0","0","","","0","","2","","40 26:11.560","","8","80 00:03.760","0","0","0","0","2301","0","0","0","N","0","0","0","3","02301","0","","1.0","","1","N","N","N","0","","0","0","2","","2","","","2","0","0","0","0","0","0","2","0","2","","03","","N","","","","","","","","","",""
"2023068985","1602","1","0","0","0","0","0","0","0","0","1","0","","02","8","2023","7","40.475806","-79.764708","1555","11","0","0","0","0","0","0","0","0","","0","0","0","","","0","N","0","","40 28:32.903","6","0","79 45:52.947","0","0","0","0","2466","0","0","0","N","0","0","0","2","02466","0","","1.0","1649.0","1","N","N","N","0","","0","0","1","","0","N","","2","0","0","0","0","0","0","2","0","2","","98","","N","","","","","","","","","",""
"2023061006","2322","1","0","0","0","0","0","0","0","0","1","0","","02","6","2023","1","40.463253","-79.954653","2315","11","0","0","0","0","0","0","0","0","","0","0","0","","","1","N","0","","40 27:47.711","1","0","79 57:16.750","4","0","0","0","2301","1","0","0","N","1","0","0","2","02301","1","","6.0","2330.0","1","N","N","N","0","","0","0","1","","0","N","","3","1","0","0","0","0","1","2","0","2","","","","N","","","","","","","","","",""
"2023069235","0623","2","0","0","0","0","0","0","0","0","1","0","","02","8","2023","5","40.425844","-79.901706","0613","11","0","0","0","0","0","2","0","0","","0","0","0","","","0","N","0","","40 25:33.038","","0","79 54:06.140","0","0","0","0","2301","0","0","0","N","0","0","0","3","68B03","0","","1.0","","1","N","N","N","0","","0","0","1","","0","","","3","0","0","0","0","0","0","2","0","3","","03","","N","","","","","","","","","",""
"2023055397","1610","1","0","0","0","0","0","0","0","0","1","0","","02","6","2023","5","40.420823","-79.884229","1608","11","0","0","0","0","0","0","0","0","","0","0","0","","","0","N","1","","40 25:14.963","","0","79 53:03.224","0","0","0","0","2463","0","0","0","N","0","0","0","3","02463","0","","1.0","","1","N","N","N","0","","0","0","1","","2","","","2","0","0","0","0","0","0","2","0","2","","03","","N","","","","","","","","","",""
"2023071705","1600","1","0","0","0","0","0","0","0","0","1","0","","02","8","2023","2","40.383454","-79.930777","1552","11","0","0","0","0","0","0","0","0","","0","0","0","","","0","N","1","","40 23:00.435","2","0","79 55:50.797","0","0","0","0","2301","0","0","0","N","0","0","0","2","02301","0","","1.0","1700.0","1","N","N","N","1","","0","0","0","","2","N","","2","0","0","0","0","0","0","2","0","2","","03","","N","","","","","","","","","",""
"2023051122","2138","1","0","0","0","0","0","0","0","0","4","0","","02","6","2023","7","40.522274","-80.034779","2135","11","0","0","1","0","0","0","0","0","","0","0","0","","","0","N","0","","40 31:20.187","4","7","80 02:05.206","0","0","0","0","2474","0","0","0","N","0","0","0","3","02474","0","","1.0","2150.0","1","","","N","0","","0","0","1","","0","Y","","2","0","0","0","0","0","0","2","0","2","","","","N","","","","","","","","","",""
"2023060230","2022","0","0","0","0","0","0","0","0","0","0","0","","02","6","2023","7","40.448703","-80.121331","2020","11","0","0","0","0","0","1","0","0","","0","0","0","","","1","Y","0","","40 26:55.330","","0","80 07:16.790","2","0","1","1","2115","0","0","0","N","0","0","0","1","02115","0","","1.0","","1","N","N","N","0","","0","1","0","","0","","","1","1","0","0","0","0","0","2","0","1","","03","","N","","","","","","","","","",""
"2023066497","1851","1","0","0","0","0","0","0","0","0","7","0","","02","7","2023","5","40.316222","-79.807944","1844","11","0","0","0","0","0","0","1","0","","0","0","0","","","0","N","0","","40 18:58.400","6","0","79 48:28.600","0","0","0","0","2105","0","0","0","N","0","0","0","1","02105","0","","5.0","2023.0","1","N","N","N","0","","0","0","0","","0","Y","","1","0","0","0","0","0","0","2","0","1","","03","","N","","","","","","","","","",""
"2023065479","2315","1","0","0","0","0","0","0","0","0","1","0","","02","7","2023","2","40.449091","-80.02274","2259","11","0","0","0","0","0","1","0","0","","0","0","0","","","0","N","7","","40 26:56.729","","0","80 01:21.865","0","0","0","0","2301","0","0","0","N","0","0","0","3","02301","0","","1.0","","1","N","N","N","0","","0","0","1","","0","","","2","0","0","0","0","0","0","2","0","2","","03","","N","","","","","","","","","",""
"2023069153","0945","0","0","0","0","0","0","0","0","0","4","1","","02","8","2023","4","40.406466","-79.829981","0940","11","0","0","0","0","0","0","0","0","","0","1","0","","","0","","1","","40 24:23.279","2","0","79 49:47.932","0","0","0","0","2467","0","0","0","N","0","0","0","3","02467","0","","1.0","9999.0","1","N","N","N","0","","0","0","1","","2","N","","2","0","0","0","0","0","0","2","0","2","","","","N","","","","","","","","","",""
"2023070186","1544","1","0","0","0","0","0","0","0","0","1","0","","02","8","2023","3","40.537522","-80.011307","1536","11","0","0","0","0","0","1","0","0","","0","0","0","","","1","N","1","","40 32:15.080","","0","80 00:40.705","3","0","0","0","2116","0","0","0","N","0","0","0","3","02116","0","","1.0","","1","N","N","N","0","","1","0","1","","2","N","","2","1","0","0","0","0","0","2","0","2","","03","","N","","","","","","","","","",""
"2023064559","1720","0","0","0","0","0","0","0","0","0","4","0","","02","7","2023","6","40.396234","-79.998208","1716","11","0","0","0","0","0","0","0","0","","0","0","0","","","0","N","1","","40 23:46.443","","0","79 59:53.548","0","0","0","0","2301","0","0","0","N","0","0","0","5","02301","0","","1.0","","1","N","N","N","0","","0","0","1","","0","","","2","0","0","0","0","0","0","2","1","2","","","","N","","","","","","","","","",""
"2023051341","0904","2","0","0","0","0","0","0","0","0","5","0","","02","6","2023","7","40.461528","-79.810667","0848","11","0","0","0","0","0","0","0","0","","0","0","0","","","0","N","0","","40 27:41.500","","0","79 48:38.400","0","0","0","0","2113","0","0","0","N","0","0","0","3","02113","0","","6.0","","1","N","N","N","0","","0","0","1","","0","","","3","0","0","0","0","0","0","2","0","3","","03","","N","","","","","","","","","",""
"2023057042","1433","0","0","0","0","0","0","0","0","0","7","0","","02","6","2023","3","40.360441","-80.128946","1430","11","0","0","0","0","0","1","0","0","","0","0","0","","","0","N","0","","40 21:37.588","","0","80 07:44.204","0","0","0","0","2119","0","0","0","N","0","0","0","1","02119","0","","4.0","","1","N","N","N","0","","0","0","0","","0","","","1","0","0","0","0","0","0","2","1","1","","","","N","","","","","","","","","",""
"2023053024","1731","0","0","0","0","0","0","0","0","0","4","0","","02","6","2023","4","40.406406","-79.910169","1728","11","0","0","0","0","0","0","0","0","","0","0","0","","","0","","1","","40 24:23.063","","0","79 54:36.607","0","0","0","0","2438","0","0","0","N","0","0","0","2","02438","0","","1.0","","1","N","N","N","0","","0","0","2","","3","N","","2","0","0","0","0","0","0","2","0","2","","03","","N","","","","","","","","","",""
"2023070193","1603","0","0","0","0","0","0","0","0","0","7","0","","02","8","2023","3","40.362981","-80.084989","1548","11","0","0","0","0","0","0","1","0","","0","0","0","","","0","N","0","","40 21:46.730","","0","80 05:05.960","0","0","0","0","2123","0","0","0","N","0","0","0","1","02123","0","","5.0","","1","N","N","N","0","","0","0","1","","0","","","1","0","0","0","0","0","0","2","0","1","","03","","N","","","","","","","","","",""
"2023048924","1747","2","0","0","0","0","0","0","0","0","4","0","","02","6","2023","6","40.494658","-80.065061","1747","11","0","0","0","0","0","1","0","0","","0","0","0","","","1","N","0","","40 29:40.769","","7","80 03:54.219","4","0","0","0","2402","0","0","0","N","0","0","0","2","02402","1","","1.0","","1","N","N","N","0","","0","0","0","","0","N","","2","1","2","0","0","0","0","2","0","2","","03","","N","","","","","","","","","",""
"2023070459","0955","0","0","0","0","0","0","0","0","0","1","0","","02","8","2023","5","40.555218","-80.021812","0953","11","0","0","0","0","0","1","0","0","","0","0","0","","","1","N","0","","40 33:18.784","","0","80 01:18.524","8","0","0","0","2108","0","0","0","N","0","0","0","3","02108","0","","1.0","","9","N","N","N","1","","0","0","2","","0","","","3","1","0","0","0","1","0","2","0","3","","","","N","","","","","","","","","",""
"2023054628","1519","1","0","0","0","0","0","0","0","0","4","0","","02","6","2023","5","40.513884","-80.222328","1514","11","0","0","0","0","1","0","0","0","","0","0","0","","","0","N","0","","40 30:49.984","5","7","80 13:20.381","0","0","0","0","2213","0","0","0","N","0","0","0","2","02213","0","","1.0","1540.0","1","N","N","N","0","","0","0","1","","0","N","","2","0","0","0","0","0","0","2","0","2","","03","","N","","","","","","","","","",""
"2023065512","1521","2","0","0","0","0","0","0","0","0","5","0","","02","6","2023","1","40.427649","-79.949771","1503","11","0","0","0","0","1","0","0","0","","0","0","0","","","0","N","0","","40 25:39.537","3","3","79 56:59.177","0","0","0","0","2301","0","0","0","N","0","0","0","3","68B03","0","","1.0","1600.0","1","N","N","N","0","","0","0","1","","0","N","","3","0","0","0","0","0","0","2","0","3","","","","N","","","","","","","","","",""
"2023057400","1247","2","0","0","0","0","0","0","0","0","4","0","","02","6","2023","5","40.457872","-80.015911","1245","11","0","0","0","0","0","0","0","0","","0","0","0","","","1","","2","","40 27:28.340","","7","80 00:57.279","4","0","0","0","2301","0","0","0","N","0","0","0","2","02301","1","","1.0","","1","N","N","N","0","","0","0","0","","0","","","2","1","0","0","0","0","0","2","0","2","","","","N","","","","","","","","","",""
"2023065510","0332","0","0","0","0","0","0","0","0","0","7","0","","02","6","2023","5","40.438181","-80.195941","0321","11","0","0","0","0","1","0","0","0","","0","0","0","","","0","N","0","","40 26:17.450","4","0","80 11:45.386","0","0","0","0","2214","0","0","0","N","0","0","0","1","68B03","0","","3.0","407.0","1","N","N","N","0","","0","0","1","","0","N","","1","0","0","0","0","0","0","2","0","1","","","","N","","","","","","","","","",""
"2023053274","0852","0","0","0","0","0","0","0","0","0","1","0","","02","6","2023","5","40.370227","-79.777989","0845","11","0","0","0","0","0","0","1","0","","0","0","0","","","1","Y","0","","40 22:12.818","2","0","79 46:40.760","8","0","0","0","2111","0","0","0","N","0","0","0","2","02111","0","","1.0","931.0","1","N","N","N","0","","0","0","2","","2","N","","2","1","0","0","0","1","0","2","0","2","","02","","N","","","","","","","","","",""
"2023053260","0856","1","0","0","0","0","0","0","0","0","7","0","","02","6","2023","5","40.47103","-80.008603","0851","11","0","0","0","0","0","0","0","0","","0","0","0","","","0","","1","","40 28:15.708","","0","80 00:30.970","0","0","0","0","2301","0","0","0","N","0","0","0","1","02301","0","","4.0","","1","N","N","N","0","","0","0","0","","0","","","1","0","1","0","0","0","0","2","0","1","","03","","N","","","","","","","","","",""
"2023056465","2258","0","0","0","0","0","0","0","0","0","98","0","","02","6","2023","6","40.328413","-80.156172","2221","11","0","0","0","0","0","1","0","0","","0","0","0","","","0","N","0","","40 19:42.285","","0","80 09:22.218","0","0","0","0","2119","0","0","0","N","0","0","0","1","68T09","0","","1.0","","1","N","N","N","0","","0","0","1","","0","","","1","0","0","0","0","0","0","2","0","1","","","","N","","","","","","","","","",""
"2023056039","2149","2","0","0","0","0","0","0","0","0","4","0","","02","6","2023","7","40.264591","-79.878671","2148","11","0","1","0","0","0","0","0","0","","0","0","0","","","1","","2","","40 15:52.527","2","7","79 52:43.216","3","0","0","0","2204","0","0","0","N","0","0","0","2","02105","0","","1.0","2240.0","1","N","N","N","0","","1","0","0","","2","N","","2","1","1","0","0","0","0","1","0","2","","03","","N","","","","","","","","","",""
"2023067827","1345","0","0","0","0","0","0","0","0","0","4","0","","02","7","2023","6","40.514805","-80.141345","1345","11","0","0","0","0","0","1","0","0","","0","0","0","","","0","N","2","","40 30:53.297","3","0","80 08:28.842","0","0","0","0","2110","0","0","0","N","0","0","0","2","02215","0","","1.0","1400.0","1","N","N","N","0","","0","0","1","","0","N","","2","0","0","0","0","0","0","2","1","2","","03","","N","","","","","","","","","",""
"2023070344","1158","2","0","0","0","0","0","0","0","0","1","0","","02","8","2023","4","40.482689","-79.962611","1154","11","0","0","0","0","0","0","0","0","","0","0","0","","","1","N","0","","40 28:57.682","3","0","79 57:45.399","4","0","0","0","2118","0","0","0","N","0","0","0","3","02118","1","","1.0","1300.0","1","N","N","N","0","","0","0","0","","0","N","","2","1","0","0","0","0","0","2","0","2","","","","N","","","","","","","","","",""
"2023053258","0806","0","0","0","0","0","0","0","0","0","98","0","","02","6","2023","5","40.394047","-79.832842","0800","11","0","0","0","0","0","0","0","0","","0","0","0","","","0","N","0","","40 23:38.568","1","0","79 49:58.231","0","0","0","0","2111","0","0","0","N","0","0","0","3","02111","0","","1.0","837.0","1","N","N","N","0","","0","0","1","","0","N","","1","0","0","0","0","0","0","2","0","1","","03","","N","","","","","","","","","",""