"CRN","ARRIVAL_TM","AUTOMOBILE_COUNT","BELTED_DEATH_COUNT","BELTED_SUSP_SERIOUS_INJ_COUNT","BICYCLE_COUNT","BICYCLE_DEATH_COUNT","BICYCLE_SUSP_SERIOUS_INJ_COUNT","BUS_COUNT","CHLDPAS_DEATH_COUNT","CHLDPAS_SUSP_SERIOUS_INJ_COUNT","COLLISION_TYPE","COMM_VEH_COUNT","CONS_ZONE_SPD_LIM","COUNTY","CRASH_MONTH","CRASH_YEAR","DAY_OF_WEEK","DEC_LATITUDE","DEC_LONGITUDE","DISPATCH_TM","DISTRICT","DRIVER_COUNT_16YR","DRIVER_COUNT_17YR","DRIVER_COUNT_18YR","DRIVER_COUNT_19YR","DRIVER_COUNT_20YR","DRIVER_COUNT_50_64YR","DRIVER_COUNT_65_74YR","DRIVER_COUNT_75PLUS","EST_HRS_CLOSED","FATAL_COUNT","HEAVY_TRUCK_COUNT","HORSE_BUGGY_COUNT","HOUR_OF_DAY","ILLUMINATION","INJURY_COUNT","INTERSECTION_RELATED","INTERSECT_TYPE","LANE_CLOSED","LATITUDE","LN_CLOSE_DIR","LOCATION_TYPE","LONGITUDE","MAX_SEVERITY_LEVEL","MCYCLE_DEATH_COUNT","MCYCLE_SUSP_SERIOUS_INJ_COUNT","MOTORCYCLE_COUNT","MUNICIPALITY","NONMOTR_COUNT","NONMOTR_DEATH_COUNT","NONMOTR_SUSP_SERIOUS_INJ_COUNT","NTFY_HIWY_MAINT","PED_COUNT","PED_DEATH_COUNT","PED_SUSP_SERIOUS_INJ_COUNT","PERSON_COUNT","POLICE_AGCY","POSSIBLE_INJ_COUNT","RDWY_SURF_TYPE_CD","RELATION_TO_ROAD","ROADWAY_CLEARED","ROAD_CONDITION","SCH_BUS_IND","SCH_ZONE_IND","SECONDARY_CRASH","SMALL_TRUCK_COUNT","SPEC_JURIS_CD","SUSP_MINOR_INJ_COUNT","SUSP_SERIOUS_INJ_COUNT","SUV_COUNT","TCD_FUNC_CD","TCD_TYPE","TFC_DETOUR_IND","TIME_OF_DAY","TOTAL_UNITS","TOT_INJ_COUNT","UNBELTED_OCC_COUNT","UNB_DEATH_COUNT","UNB_SUSP_SERIOUS_INJ_COUNT","UNK_INJ_DEG_COUNT","UNK_INJ_PER_COUNT","URBAN_RURAL","VAN_COUNT","VEHICLE_COUNT","WEATHER1","WEATHER2","WORKERS_PRES","WORK_ZONE_IND","WORK_ZONE_LOC","WORK_ZONE_TYPE","WZ_CLOSE_DETOUR","WZ_FLAGGER","WZ_LAW_OFFCR_IND","WZ_LN_CLOSURE","WZ_MOVING","WZ_OTHER","WZ_SHLDER_MDN","WZ_WORKERS_INJ_KILLED"
"2023039563","2222","0","0","0","0","0","0","0","0","0","1","0","","02","5","2023","4","40.412971","-80.079937","2212","11","0","0","0","0","0","0","1","0","","0","0","0","","","0","N","0","","40 24:46.696","","3","80 04:47.773","9","0","0","0","2117","0","0","0","N","0","0","0","2","68B03","0","","1.0","","1","N","N","N","0","","0","0","1","","0","","","2","0","0","0","0","0","1","2","0","2","","","","N","","","","","","","","","",""
"2023041491","0723","0","0","0","0","0","0","0","0","0","1","0","","02","5","2023","2","40.540407","-80.201561","0715","11","0","0","0","0","0","1","0","0","","0","0","0","","","1","Y","0","","40 32:25.466","","0","80 12:05.618","4","0","0","0","2213","0","0","0","N","0","0","0","2","02213","1","","1.0","","9","N","N","N","0","","0","0","2","","2","","","2","1","0","0","0","0","0","2","0","2","","","","N","","","","","","","","","",""
"2023053179","1245","0","0","0","0","0","0","0","0","0","2","0","","02","6","2023","6","40.438889","-79.774167","1239","11","0","0","0","0","0","0","0","0","","0","0","0","","","0","Y","0","","40 26:20.000","","7","79 46:27.000","0","0","0","0","2446","0","0","0","N","0","0","0","2","02446","0","","1.0","","1","N","N","N","1","","0","0","1","","0","N","","2","0","0","0","0","0","0","2","0","2","","","","N","","","","","","","","","",""
"2023040040","0829","1","0","0","0","0","0","0","0","0","4","0","","02","5","2023","4","40.36943","-80.031403","0827","11","0","0","0","0","0","0","0","1","","0","0","0","","","1","N","0","","40 22:09.947","1","7","80 01:53.051","4","0","0","0","2416","0","0","0","N","0","0","0","2","02416","1","","1.0","911.0","9","N","N","N","0","","0","0","1","","0","N","","2","1","0","0","0","0","0","2","0","2","","04","","N","","","","","","","","","",""
"2023050300","0145","0","0","0","0","0","0","0","0","0","7","0","","02","6","2023","4","40.44956","-79.904114","0140","11","1","0","0","0","0","0","0","0","","0","0","0","","","0","N","0","","40 26:58.417","","7","79 54:14.810","0","0","0","0","2301","0","0","0","N","0","0","0","1","02301","0","","5.0","","1","N","N","N","0","","0","0","1","","0","","","1","0","0","0","0","0","0","2","0","1","","","","N","","","","","","","","","",""
"2023039375","1847","2","0","0","0","0","0","0","0","0","1","0","","02","5","2023","4","40.402091","-80.000688","1840","11","0","0","0","0","1","1","0","0","","0","0","0","","","1","","1","","40 24:07.527","","0","80 00:02.478","3","0","0","0","2301","0","0","0","N","0","0","0","5","02301","0","","1.0","","9","N","N","N","0","","1","0","2","","0","","","4","1","1","0","0","0","0","2","0","4","","03","","N","","","","","","","","","",""
"2023044981","0821","2","0","0","0","0","0","0","0","0","4","0","","02","5","2023","5","40.28621","-79.998097","0812","11","0","0","0","0","0","0","0","0","","0","0","0","","","0","N","0","","40 17:10.357","2","7","79 59:53.150","0","0","0","0","2219","0","0","0","N","0","0","0","1","02219","0","","1.0","925.0","1","N","N","N","0","","0","0","0","","0","N","","2","0","0","0","0","0","0","2","0","2","","03","","N","","","","","","","","","",""
"2023046261","0013","0","0","0","0","0","0","0","0","0","7","0","","02","5","2023","1","40.449032","-80.106621","0010","11","0","0","0","0","0","0","0","0","","0","0","0","","","0","N","0","","40 26:56.514","","0","80 06:23.836","0","0","0","0","2115","0","0","0","N","0","0","0","1","02115","0","","2.0","","1","N","N","N","1","","0","0","0","","0","","","1","0","0","0","0","0","0","2","0","1","","","","N","","","","","","","","","",""
"2023039599","0710","0","0","0","0","0","0","0","0","0","7","0","","02","5","2023","5","40.379081","-79.776942","0706","11","0","0","0","0","0","0","0","0","","0","0","0","","","0","N","0","","40 22:44.692","5","0","79 46:36.991","0","0","0","0","2111","0","0","0","N","0","0","0","1","02111","0","","4.0","908.0","9","N","N","N","1","","0","0","0","","0","N","","1","0","0","0","0","0","0","2","0","1","","04","","N","","","","","","","","","",""
"2023051988","1930","0","0","0","0","0","0","0","0","0","5","0","","02","5","2023","3","40.493546","-80.01063","1928","11","0","0","0","0","0","2","0","0","","0","0","0","","","0","N","0","","40 29:36.765","","0","80 00:38.268","0","0","0","0","2116","0","0","0","N","0","0","0","2","68B03","0","","1.0","","1","N","N","N","1","","0","0","1","","0","","","2","0","0","0","0","0","0","2","0","2","","","","N","","","","","","","","","",""
"2023052474","1209","1","0","0","0","0","0","0","0","0","1","1","","02","6","2023","3","40.496773","-79.916442","1156","11","0","0","0","0","0","1","0","0","","0","1","0","","","1","N","0","","40 29:48.382","2","0","79 54:59.190","3","0","0","0","2112","0","0","0","N","0","0","0","2","68D02","0","","1.0","1234.0","1","N","N","N","0","","1","0","0","","0","N","","2","1","0","0","0","0","0","2","0","2","","","","N","","","","","","","","","",""
"2023050901","0040","0","0","0","0","0","0","0","0","0","4","1","","02","6","2023","5","40.450676","-80.023587","0033","11","0","0","0","0","0","0","1","0","","0","1","0","","","0","","1","","40 27:02.433","1","0","80 01:24.914","0","0","0","0","2301","0","0","0","N","0","0","0","3","02503","0","","1.0","48.0","1","N","N","N","0","","0","0","1","","2","N","","2","0","0","0","0","0","0","2","0","2","","03","","N","","","","","","","","","",""
"2023039598","1106","2","0","0","0","0","0","0","0","0","4","0","","02","5","2023","3","40.424999","-79.961448","1058","11","0","0","0","0","0","0","0","0","","0","0","0","","","0","","2","","40 25:29.996","","7","79 57:41.213","0","0","0","0","2301","0","0","0","N","0","0","0","2","02301","0","","1.0","","9","N","N","N","0","","0","0","0","","3","N","","2","0","0","0","0","0","0","2","0","2","","07","","N","","","","","","","","","",""
"2023051805","0257","1","0","0","0","0","0","0","0","0","4","0","","02","6","2023","1","40.410722","-80.020561","0251","11","0","0","0","0","0","1","0","0","","0","0","0","","","0","N","1","","40 24:38.599","","0","80 01:14.019","0","0","0","0","2301","0","0","0","N","0","0","0","2","02301","0","","1.0","","1","N","N","N","1","","0","0","0","","3","","","2","0","0","0","0","0","0","2","0","2","","03","","N","","","","","","","","","",""
"2023051361","1658","1","0","0","0","0","0","0","0","0","1","1","","02","6","2023","6","40.445674","-79.855222","1655","11","0","0","0","0","0","0","0","1","","0","1","0","","","0","","2","","40 26:44.428","4","0","79 51:18.800","0","0","0","0","2419","0","0","0","N","0","0","0","2","02419","0","","1.0","1737.0","1","N","N","N","0","","0","0","0","","0","N","","2","0","0","0","0","0","0","2","0","2","","","","N","","","","","","","","","",""
"2023038430","1702","1","0","0","0","0","0","0","0","0","8","0","","02","5","2023","2","40.461056","-79.918689","1658","11","0","0","0","0","0","1","0","0","","0","0","0","","","1","N","0","","40 27:39.802","","0","79 55:07.279","3","0","0","0","2301","1","0","0","N","1","0","0","2","02301","0","","1.0","","9","N","N","N","0","","1","0","0","","0","","","2","1","0","0","0","0","0","2","0","1","","","","N","","","","","","","","","",""
"2023040155","0652","0","0","0","0","0","0","0","0","0","1","0","","02","5","2023","2","40.425777","-79.910659","0639","11","0","0","0","0","0","0","0","0","","0","0","0","","","1","N","0","","40 25:32.796","","0","79 54:38.374","4","0","0","0","2301","0","0","0","N","0","0","0","2","68B03","1","","1.0","","9","N","N","N","1","","0","0","1","","0","","","2","1","0","0","0","0","0","2","0","2","","","","N","","","","","","","","","",""
"2023051482","1340","0","0","0","0","0","0","0","0","0","1","0","","02","6","2023","6","40.451464","-80.136572","1330","11","0","0","0","0","0","1","0","0","","0","0","0","","","0","N","0","","40 27:05.269","","0","80 08:11.658","0","0","0","0","2115","0","0","0","N","0","0","0","2","02115","0","","1.0","","1","N","N","N","0","","0","0","1","","0","","","2","0","0","0","0","0","0","2","1","2","","03","","N","","","","","","","","","",""
"2023039511","2229","2","0","0","0","0","0","0","0","0","4","0","","02","5","2023","4","40.519029","-80.004942","2229","11","0","0","0","0","0","1","0","0","","0","0","0","","","1","N","0","","40 31:08.506","2","7","80 00:17.792","3","0","0","0","2116","0","0","0","N","0","0","0","2","02116","0","","1.0","2327.0","9","N","N","N","0","","1","0","0","","2","Y","","2","1","0","0","0","0","0","2","0","2","","07","","N","","","","","","","","","",""
"2023040376","1500","1","0","0","0","0","0","0","0","0","1","0","55","02","5","2023","4","40.528809","-79.850684","1436","11","0","0","0","0","0","0","0","0","","0","0","0","","","0","N","0","","40 31:43.714","","0","79 51:02.462","0","0","0","0","2208","0","0","0","N","0","0","0","4","68D02","0","","1.0","","9","N","N","N","1","","0","0","0","","0","","","2","0","0","0","0","0","0","2","0","2","","04","U","Y","2","2","","","N","Y","","","","N"
"2023044160","1247","1","0","0","0","0","0","0","0","0","4","0","","02","5","2023","6","40.511448","-80.10099","1236","11","0","0","0","0","0","0","0","0","","0","0","0","","","0","","1","","40 30:41.212","1","0","80 06:03.565","0","0","0","0","2429","0","0","0","N","0","0","0","2","02215","0","","1.0","1312.0","1","N","N","N","0","","0","0","1","","2","N","","2","0","0","0","0","0","0","2","0","2","","","","N","","","","","","","","","",""
"2023072832","1715","0","0","0","0","0","0","0","0","0","4","0","","02","8","2023","5","40.530547","-80.010857","1714","11","0","0","0","0","0","1","0","0","","0","0","0","","","0","N","0","","40 31:49.968","3","7","80 00:39.085","0","0","0","0","2116","0","0","0","N","0","0","0","2","02116","0","","1.0","1741.0","1","N","N","N","0","","0","0","2","","0","N","","2","0","1","0","0","0","0","2","0","2","","98","","N","","","","","","","","","",""
"2023052272","1538","1","0","0","0","0","0","0","0","0","7","0","","02","5","2023","2","40.569821","-80.090343","1521","11","0","0","0","0","1","0","0","0","","0","0","0","","","2","N","0","","40 34:11.355","2","0","80 05:25.234","3","0","0","0","2481","0","0","0","N","0","0","0","3","68B03","0","","4.0","100.0","1","N","N","N","0","","2","0","0","","0","N","","1","2","0","0","0","0","0","2","0","1","","","","N","","","","","","","","","",""
"2023040585","1736","0","0","0","0","0","0","0","0","0","6","0","","02","5","2023","2","40.42825","-79.814778","1736","11","0","0","0","0","0","0","0","0","","0","0","0","","","0","N","0","","40 25:41.700","1","0","79 48:53.200","0","0","0","0","2124","0","0","0","N","0","0","0","2","02124","0","","1.0","1823.0","9","N","N","N","0","","0","0","2","","0","N","","2","0","2","0","0","0","0","2","0","2","","","","N","","","","","","","","","",""
"2023050955","1424","0","0","0","0","0","0","0","0","0","4","0","","02","5","2023","3","40.441265","-79.95918","1415","11","0","0","0","0","0","0","1","0","","0","0","0","","","1","","2","","40 26:28.554","4","0","79 57:33.047","8","0","0","0","2301","0","0","0","N","0","0","0","2","02301","0","","1.0","1435.0","1","N","N","N","1","","0","0","1","","2","N","","2","1","0","0","0","1","0","2","0","2","","","","N","","","","","","","","","",""
"2023038435","0756","2","0","0","0","0","0","0","0","0","4","0","","02","5","2023","2","40.382519","-80.052358","0755","11","0","1","0","0","0","0","0","0","","0","0","0","","","0","N","0","","40 22:57.068","","7","80 03:08.488","0","0","0","0","2109","0","0","0","N","0","0","0","3","02109","0","","1.0","","9","N","N","N","0","","0","0","0","","0","","","2","0","0","0","0","0","0","2","0","2","","","","N","","","","","","","","","",""
"2023047837","1602","1","0","0","0","0","0","1","0","0","1","1","","02","5","2023","4","40.530576","-80.009832","1559","11","0","0","0","0","0","0","0","1","","0","0","0","","","2","","1","","40 31:50.073","4","0","80 00:35.395","3","0","0","0","2116","0","0","0","Y","0","0","0","40","02116","0","","1.0","1656.0","1","Y","N","Y","0","","2","0","0","","2","Y","","2","2","0","0","0","0","0","2","0","2","","03","","N","","","","","","","","","",""
"2023051166","1205","0","0","0","0","0","0","0","0","0","5","1","70","02","6","2023","3","40.509443","-79.789826","1148","11","0","0","0","0","0","0","0","0","","0","1","0","","","0","N","0","","40 30:33.993","3","0","79 47:23.373","0","0","0","0","2466","0","0","0","N","0","0","0","3","68T02","0","","1.0","1252.0","1","N","N","N","0","","0","0","2","","0","N","","4","0","0","0","0","0","0","2","0","3","","","N","Y","4","1","","","N","","","","Y","N"
"2023053118","1915","1","0","0","0","0","0","0","0","0","2","0","","02","6","2023","4","40.454227","-79.88683","1910","11","0","0","0","0","0","0","1","0","","0","0","0","","","1","N","1","","40 27:15.218","","0","79 53:12.588","8","0","0","0","2301","0","0","0","N","0","0","0","2","02301","0","","1.0","","1","N","N","N","1","","0","0","0","","0","","","2","1","0","0","0","1","0","2","0","2","","03","","N","","","","","","","","","",""
"2023041258","1735","1","0","0","0","0","0","0","0","0","8","0","","02","5","2023","3","40.338161","-79.951258","1729","11","0","0","0","0","0","0","0","0","","0","0","0","","","1","N","0","","40 20:17.379","","7","79 57:04.528","3","0","0","0","2473","1","0","0","N","1","0","0","4","02473","0","","1.0","","1","N","N","Y","0","","1","0","1","","0","","","3","1","0","0","0","0","0","2","0","2","","03","","N","","","","","","","","","",""
"2023041340","0600","1","0","0","0","0","0","0","0","0","4","0","","02","5","2023","6","40.336234","-79.980583","0556","11","0","0","0","0","0","0","0","0","","0","0","0","","","2","","3","","40 20:10.441","5","0","79 58:50.098","3","0","0","0","2403","0","0","0","Y","0","0","0","2","02403","1","","1.0","615.0","1","N","N","N","0","","1","0","1","","0","N","","2","2","0","0","0","0","0","2","0","2","","03","","N","","","","","","","","","",""
"2023051909","1410","0","0","0","0","0","0","0","0","0","1","0","","02","6","2023","5","40.63477","-79.939791","1358","11","0","0","0","0","0","2","0","0","","0","0","0","","","1","","1","","40 38:05.172","","0","79 56:23.249","3","0","0","0","2217","0","0","0","N","0","0","0","2","02505","0","","1.0","","1","N","N","N","0","","1","0","2","","2","","","2","1","0","0","0","0","0","2","0","2","","","","N","","","","","","","","","",""
"2023062815","1515","1","0","0","0","0","0","0","0","0","4","0","","02","6","2023","6","40.402561","-79.907582","1500","11","0","0","0","0","0","0","0","1","","0","0","0","","","2","","1","","40 24:09.220","7","0","79 54:27.294","8","0","0","0","2438","0","0","0","N","0","0","0","5","02438","0","","1.0","1600.0","1","N","N","N","0","","0","0","2","","3","Y","","3","2","0","0","0","2","0","2","0","3","","03","","N","","","","","","","","","",""
"2023052684","1356","0","0","0","0","0","0","0","0","0","7","0","","02","4","2023","5","40.442457","-79.818139","1349","11","0","0","0","0","0","1","0","0","","0","0","0","","","0","N","0","","40 26:32.845","3","0","79 49:05.302","0","0","0","0","2124","0","0","0","N","0","0","0","1","68B03","0","","5.0","1410.0","1","N","N","N","0","","0","0","1","","0","N","","1","0","0","0","0","0","0","2","0","1","","03","","N","","","","","","","","","",""
"2023045176","1642","2","0","0","0","0","0","0","0","0","4","0","","02","5","2023","5","40.435888","-79.781059","1638","11","0","0","0","0","0","0","0","0","","0","0","0","","","0","N","0","","40 26:09.197","","7","79 46:51.811","0","0","0","0","2446","0","0","0","N","0","0","0","2","02446","0","","1.0","","1","N","N","N","0","","0","0","0","","0","N","","2","0","0","0","0","0","0","2","0","2","","03","","N","","","","","","","","","",""
"2023039016","1925","0","0","0","0","0","0","0","0","0","4","0","","02","5","2023","3","40.427935","-80.053755","1925","11","0","0","0","0","0","0","0","0","","0","0","0","","","0","","1","","40 25:40.565","2","0","80 03:13.517","0","0","0","0","2301","0","0","0","N","0","0","0","2","02301","0","","1.0","1948.0","9","N","N","N","0","","0","0","2","","2","Y","","2","0","0","0","0","0","0","2","0","2","","07","","N","","","","","","","","","",""
"2023040186","1720","1","0","0","0","0","0","0","0","0","4","0","","02","5","2023","6","40.465269","-79.914514","1715","11","0","0","0","0","0","0","0","1","","0","0","0","","","0","","1","","40 27:54.967","","0","79 54:52.250","9","0","0","0","2301","0","0","0","N","0","0","0","2","02301","0","","1.0","","1","N","N","N","0","","0","0","1","","3","","","2","0","0","0","0","0","1","2","0","2","","","","N","","","","","","","","","",""
"2023052164","1728","0","0","0","0","0","0","0","0","0","4","0","","02","6","2023","2","40.620974","-80.073517","1424","11","0","0","0","0","0","0","1","0","","0","0","0","","","1","","2","","40 37:15.508","6","0","80 04:24.660","8","0","0","0","2212","0","0","0","N","0","0","0","2","02505","0","","1.0","1509.0","1","N","N","N","1","","0","0","1","","3","Y","","2","1","0","0","0","1","0","2","0","2","","03","","N","","","","","","","","","",""
"2023071916","0701","1","0","0","0","0","0","0","0","0","7","0","","02","8","2023","2","40.418762","-80.072895","0649","11","0","1","0","0","0","0","0","0","","0","0","0","","","0","N","1","","40 25:07.543","","0","80 04:22.421","0","0","0","0","2301","0","0","0","N","0","0","0","1","02301","0","","5.0","","9","N","N","N","0","","0","0","0","","0","","","1","0","0","0","0","0","0","2","0","1","","03","","N","","","","","","","","","",""
"2023052552","1048","1","0","0","0","0","0","0","0","0","1","0","","02","6","2023","3","40.283405","-79.837149","1047","11","0","0","0","0","0","0","1","0","","0","0","0","","","0","N","5","","40 17:00.257","1","0","79 50:13.738","0","0","0","0","2105","0","0","0","N","0","0","0","2","02105","0","","1.0","1129.0","1","N","N","N","0","","0","0","1","","0","Y","","2","0","0","0","0","0","0","2","0","2","","","","N","","","","","","","","","",""
"2023051456","2247","0","0","0","1","0","0","0","0","0","8","0","","02","6","2023","6","40.434626","-79.948319","2243","11","0","0","0","0","0","0","0","1","","0","0","0","","","1","N","0","","40 26:04.654","4","0","79 56:53.948","4","0","0","0","2301","1","0","0","N","0","0","0","2","02301","1","","1.0","2300.0","1","N","N","N","0","","0","0","1","","0","N","","2","1","0","0","0","0","0","2","0","1","","","","N","","","","","","","","","",""
"2023038932","2140","0","0","0","0","0","0","0","0","0","1","0","","02","5","2023","2","40.370347","-80.010328","2138","11","0","0","0","0","0","0","0","0","","0","0","0","","","0","","2","","40 22:13.250","","0","80 00:37.181","0","0","0","0","2416","0","0","0","N","0","0","0","5","02416","0","","1.0","","9","N","N","N","0","","0","0","2","","0","","","2","0","0","0","0","0","0","2","0","2","","","","N","","","","","","","","","",""
"2023056634","0729","1","0","0","0","0","0","0","0","0","4","0","","02","6","2023","3","40.448406","-79.958645","0729","11","0","0","0","0","0","0","0","0","","0","0","0","","","0","","1","","40 26:54.262","","0","79 57:31.122","0","0","0","0","2301","0","0","0","N","0","0","0","2","02301","0","","1.0","","9","N","N","N","0","","0","0","1","","2","","","2","0","0","0","0","0","0","2","0","2","","","","N","","","","","","","","","",""
"2023053226","1256","1","0","0","0","0","0","0","0","0","4","0","","02","6","2023","1","40.337538","-80.025545","1252","11","0","0","0","0","0","1","0","1","","0","0","0","","","0","N","0","","40 20:15.136","2","7","80 01:31.961","0","0","0","0","2407","0","0","0","N","0","0","0","5","02407","0","","1.0","1400.0","1","N","N","N","1","","0","0","1","","0","N","","3","0","0","0","0","0","0","2","0","3","","","","N","","","","","","","","","",""
"2023048394","0545","2","0","0","0","0","0","0","0","0","5","0","","02","6","2023","5","40.477211","-79.968589","0540","11","0","0","0","0","1","0","1","0","","0","0","0","","","0","N","0","","40 28:37.961","1","3","79 58:06.922","0","0","0","0","2445","0","0","0","N","0","0","0","2","02445","0","","1.0","642.0","1","N","N","N","0","","0","0","0","","0","Y","","2","0","0","0","0","0","0","2","0","2","","03","","N","","","","","","","","","",""
"2023064588","1801","0","0","0","0","0","0","0","0","0","3","0","55","02","6","2023","4","40.492617","-79.89693","1801","11","0","0","0","0","0","0","0","0","","0","0","0","","","0","N","0","","40 29:33.421","","3","79 53:48.948","9","0","0","0","2401","0","0","0","N","0","0","0","2","68D02","0","","1.0","","1","N","N","N","0","","0","0","2","","0","","","2","0","0","0","0","0","1","2","0","2","","","N","Y","4","1","","","N","Y","","","","N"
"2023038035","0950","1","0","0","0","0","0","0","0","0","7","0","","02","4","2023","1","40.443896","-80.027748","0950","11","0","1","0","0","0","0","0","0","","0","0","0","","","1","","3","","40 26:38.024","4","0","80 01:39.891","3","0","0","0","2301","0","0","0","N","0","0","0","1","02301","0","","2.0","1024.0","9","N","N","N","0","","1","0","0","","0","Y","","1","1","0","0","0","0","0","2","0","1","","","","N","","","","","","","","","",""
"2023057580","0050","1","0","0","0","0","0","0","0","0","7","0","","02","6","2023","4","40.450204","-80.117018","0050","11","1","0","0","0","0","0","0","0","","0","0","0","","","0","","2","","40 27:00.736","4","0","80 07:01.266","0","0","0","0","2115","0","0","0","Y","0","0","0","1","02115","0","","3.0","120.0","9","","","N","0","","0","0","0","","0","N","","1","0","0","0","0","0","0","2","0","1","","03","","N","","","","","","","","","",""
"2023070981","1755","1","0","0","0","0","0","0","0","0","4","0","","02","8","2023","1","40.379623","-79.925521","1740","11","0","0","0","0","1","0","0","0","","0","0","0","","","0","N","1","","40 22:46.644","7","0","79 55:31.877","0","0","0","0","2301","0","0","0","N","0","0","0","3","02301","0","","1.0","1800.0","1","N","N","N","0","","0","0","1","","2","N","","2","0","0","0","0","0","0","2","0","2","","03","","N","","","","","","","","","",""
"2023047249","1958","2","0","0","0","0","0","0","0","0","6","0","","02","5","2023","1","40.291828","-80.029935","1952","11","0","0","0","0","0","0","0","0","","0","0","0","","","1","N","0","","40 17:30.582","5","0","80 01:47.765","3","0","0","0","2219","0","0","0","N","0","0","0","3","02219","0","","1.0","2026.0","1","N","N","N","0","","1","0","0","","0","N","","2","1","0","0","0","0","0","2","0","2","","","","N","","","","","","","","","",""
"2023038396","1230","1","0","0","0","0","0","0","0","0","4","0","","02","5","2023","2","40.328678","-79.817175","1230","11","0","0","0","0","0","1","0","0","","0","0","0","","","1","","2","","40 19:43.242","5","0","79 49:01.829","4","0","0","0","2477","0","0","0","N","0","0","0","3","02477","1","","1.0","1258.0","1","N","N","N","0","","0","0","1","","3","N","","2","1","0","0","0","0","0","2","0","2","","03","","N","","","","","","","","","",""
"2023040022","1530","0","0","0","0","0","0","0","0","0","4","0","","02","5","2023","6","40.437283","-79.975968","1525","11","0","0","0","0","0","0","0","0","","0","0","0","","","0","","1","","40 26:14.219","","0","79 58:33.486","0","0","0","0","2301","0","0","0","N","0","0","0","2","02301","0","","1.0","","1","N","N","N","0","","0","0","1","","0","","","2","0","0","0","0","0","0","2","1","2","","03","","N","","","","","","","","","",""
"2023039005","1736","1","0","0","0","0","0","0","0","0","1","0","","02","5","2023","3","40.472318","-79.919813","1729","11","0","0","0","0","0","1","0","0","","0","0","0","","","0","N","0","","40 28:20.346","","0","79 55:11.328","0","0","0","0","2301","0","0","0","N","0","0","0","1","02301","0","","6.0","","9","N","N","N","0","","0","0","1","","0","","","2","0","0","0","0","0","0","2","0","2","","07","","N","","","","","","","","","",""
"2023052855","1311","0","0","0","0","0","0","0","0","0","1","1","","02","6","2023","3","40.415037","-80.083738","1311","11","0","0","0","0","0","0","0","0","","0","1","0","","","0","N","0","","40 24:54.133","","0","80 05:01.458","0","0","0","0","2415","0","0","0","N","0","0","0","2","68B03","0","","1.0","","1","N","N","N","0","","0","0","1","","0","","","2","0","0","0","0","0","0","2","0","2","","03","","N","","","","","","","","","",""
"2023033277","1725","1","0","0","0","0","0","0","0","0","4","0","","02","4","2023","7","40.385546","-79.796143","1722","11","0","0","0","0","0","1","0","1","","0","0","0","","","0","","11","","40 23:07.967","","0","79 47:46.114","0","0","0","1","2111","0","0","0","N","0","0","0","2","02111","0","","1.0","","1","N","N","N","0","","0","0","0","","3","N","","2","0","0","0","0","0","0","2","0","2","","03","","N","","","","","","","","","",""
"2023052032","0545","1","0","0","0","0","0","0","0","0","1","0","","02","6","2023","6","40.440687","-80.186424","0538","11","0","0","0","0","0","0","0","0","","0","0","0","","","1","N","0","","40 26:26.474","3","0","80 11:11.126","4","0","0","0","2214","0","0","0","N","0","0","0","2","68B03","1","","1.0","643.0","1","N","N","N","0","","0","0","0","","0","N","","2","1","0","0","0","0","0","1","0","2","","","","N","","","","","","","","","",""
"2023056243","0757","0","0","0","0","0","0","0","0","0","7","0","","02","6","2023","2","40.458448","-79.906859","0752","11","0","0","0","0","0","1","0","0","","0","0","0","","","1","N","0","","40 27:30.412","3","0","79 54:24.691","8","0","0","0","2301","1","0","0","N","1","0","0","2","02301","0","","4.0","10.0","1","N","N","N","0","","0","0","0","","2","N","","2","1","0","0","0","1","0","2","1","1","","03","","N","","","","","","","","","",""
"2023071334","1417","1","0","0","0","0","0","0","0","0","1","0","","02","7","2023","3","40.44247","-79.817944","1348","11","0","0","0","0","0","1","0","0","","0","0","0","","","1","N","0","","40 26:32.892","","0","79 49:04.598","3","0","0","0","2124","0","0","0","N","0","0","0","3","68B03","0","","1.0","","1","N","N","N","0","","1","0","1","","0","","","2","1","0","0","0","0","0","2","0","2","","","","N","","","","","","","","","",""
"2023050038","1315","0","0","0","0","0","0","0","0","0","4","1","","02","6","2023","3","40.4398","-79.959384","1301","11","0","0","0","0","0","1","0","0","","0","1","0","","","0","","1","","40 26:23.280","","0","79 57:33.781","0","0","0","0","2301","0","0","0","N","0","0","0","2","02301","0","","1.0","","1","N","N","N","0","","0","0","1","","2","","","2","0","0","0","0","0","0","2","0","2","","03","","N","","","","","","","","","",""
"2023053140","2304","1","0","0","0","0","0","0","0","0","4","0","","02","6","2023","4","40.449489","-80.025186","2301","11","0","0","0","0","0","0","0","0","","0","0","0","","","0","","1","","40 26:58.160","4","0","80 01:30.668","0","0","0","0","2301","0","0","0","N","0","0","0","2","02301","0","","1.0","2335.0","1","N","N","N","0","","0","0","1","","2","N","","2","0","1","0","0","0","0","2","0","2","","","","N","","","","","","","","","",""