"CRN","ARRIVAL_TM","AUTOMOBILE_COUNT","BELTED_DEATH_COUNT","BELTED_SUSP_SERIOUS_INJ_COUNT","BICYCLE_COUNT","BICYCLE_DEATH_COUNT","BICYCLE_SUSP_SERIOUS_INJ_COUNT","BUS_COUNT","CHLDPAS_DEATH_COUNT","CHLDPAS_SUSP_SERIOUS_INJ_COUNT","COLLISION_TYPE","COMM_VEH_COUNT","CONS_ZONE_SPD_LIM","COUNTY","CRASH_MONTH","CRASH_YEAR","DAY_OF_WEEK","DEC_LATITUDE","DEC_LONGITUDE","DISPATCH_TM","DISTRICT","DRIVER_COUNT_16YR","DRIVER_COUNT_17YR","DRIVER_COUNT_18YR","DRIVER_COUNT_19YR","DRIVER_COUNT_20YR","DRIVER_COUNT_50_64YR","DRIVER_COUNT_65_74YR","DRIVER_COUNT_75PLUS","EST_HRS_CLOSED","FATAL_COUNT","HEAVY_TRUCK_COUNT","HORSE_BUGGY_COUNT","HOUR_OF_DAY","ILLUMINATION","INJURY_COUNT","INTERSECTION_RELATED","INTERSECT_TYPE","LANE_CLOSED","LATITUDE","LN_CLOSE_DIR","LOCATION_TYPE","LONGITUDE","MAX_SEVERITY_LEVEL","MCYCLE_DEATH_COUNT","MCYCLE_SUSP_SERIOUS_INJ_COUNT","MOTORCYCLE_COUNT","MUNICIPALITY","NONMOTR_COUNT","NONMOTR_DEATH_COUNT","NONMOTR_SUSP_SERIOUS_INJ_COUNT","NTFY_HIWY_MAINT","PED_COUNT","PED_DEATH_COUNT","PED_SUSP_SERIOUS_INJ_COUNT","PERSON_COUNT","POLICE_AGCY","POSSIBLE_INJ_COUNT","RDWY_SURF_TYPE_CD","RELATION_TO_ROAD","ROADWAY_CLEARED","ROAD_CONDITION","SCH_BUS_IND","SCH_ZONE_IND","SECONDARY_CRASH","SMALL_TRUCK_COUNT","SPEC_JURIS_CD","SUSP_MINOR_INJ_COUNT","SUSP_SERIOUS_INJ_COUNT","SUV_COUNT","TCD_FUNC_CD","TCD_TYPE","TFC_DETOUR_IND","TIME_OF_DAY","TOTAL_UNITS","TOT_INJ_COUNT","UNBELTED_OCC_COUNT","UNB_DEATH_COUNT","UNB_SUSP_SERIOUS_INJ_COUNT","UNK_INJ_DEG_COUNT","UNK_INJ_PER_COUNT","URBAN_RURAL","VAN_COUNT","VEHICLE_COUNT","WEATHER1","WEATHER2","WORKERS_PRES","WORK_ZONE_IND","WORK_ZONE_LOC","WORK_ZONE_TYPE","WZ_CLOSE_DETOUR","WZ_FLAGGER","WZ_LAW_OFFCR_IND","WZ_LN_CLOSURE","WZ_MOVING","WZ_OTHER","WZ_SHLDER_MDN","WZ_WORKERS_INJ_KILLED"
"2023038872","0755","2","0","0","0","0","0","0","0","0","1","0","","02","5","2023","3","40.541678","-79.761464","0743","11","0","0","0","0","0","1","0","0","","0","0","0","","","0","N","0","","40 32:30.039","4","0","79 45:41.272","0","0","0","0","2466","0","0","0","N","0","0","0","3","02466","0","","1.0","836.0","9","N","N","N","0","","0","0","1","","0","N","","3","0","0","0","0","0","0","1","0","3","","04","","N","","","","","","","","","",""
"2023049334","1450","1","0","0","0","0","0","0","0","0","7","0","","02","5","2023","4","40.425765","-80.01976","1445","11","0","0","0","0","0","0","0","0","","0","0","0","","","0","","1","","40 25:32.754","","0","80 01:11.135","0","0","0","0","2301","0","0","0","N","0","0","0","1","02301","0","","2.0","","1","N","N","N","0","","0","0","0","","0","","","1","0","0","0","0","0","0","2","0","1","","03","","N","","","","","","","","","",""
"2023052731","1752","1","0","0","0","0","0","0","0","0","1","0","","02","6","2023","2","40.43192","-80.138904","1742","11","0","0","0","0","0","0","0","0","","0","0","0","","","0","N","0","","40 25:54.911","","0","80 08:20.053","0","0","0","0","2115","0","0","0","N","0","0","0","2","68B03","0","","1.0","","1","N","N","N","0","","0","0","1","","0","","","2","0","0","0","0","0","0","2","0","2","","03","","N","","","","","","","","","",""
"2023049333","0909","1","0","0","0","0","0","0","0","0","4","0","","02","6","2023","1","40.38405","-79.995429","0854","11","0","0","0","0","0","0","0","0","","0","0","0","","","0","","2","","40 23:02.579","","0","79 59:43.546","0","0","0","0","2301","0","0","0","N","0","0","0","3","02301","0","","1.0","","1","N","N","N","0","","0","0","0","","0","","","2","0","0","0","0","0","0","2","1","2","","","","N","","","","","","","","","",""
"2023063844","1248","0","0","0","0","0","0","0","0","0","1","1","","02","7","2023","4","40.451687","-79.983137","1245","11","0","0","0","0","0","0","0","0","","0","1","0","","","0","","1","","40 27:06.074","4","0","79 58:59.293","0","0","0","0","2301","0","0","0","N","0","0","0","4","02301","0","","1.0","1315.0","1","N","N","N","0","","0","0","1","","2","N","","2","0","0","0","0","0","0","2","0","2","","03","","N","","","","","","","","","",""
"2023070982","1430","2","0","0","0","0","0","0","0","0","1","0","","02","8","2023","6","40.373966","-79.845093","1430","11","0","0","0","0","0","1","0","0","","0","0","0","","","0","N","0","","40 22:26.279","2","0","79 50:42.335","0","0","0","0","2303","0","0","0","N","0","0","0","2","02303","0","","1.0","1435.0","1","N","N","N","0","","0","0","0","","2","N","","2","0","0","0","0","0","0","2","0","2","","","","N","","","","","","","","","",""
"2023072944","0402","1","0","0","0","0","0","0","0","0","7","0","","02","8","2023","6","40.444094","-79.811073","0359","11","0","0","0","0","0","0","0","0","","0","0","0","","","0","N","2","","40 26:38.738","6","0","79 48:39.862","9","0","0","0","2113","0","0","0","N","0","0","0","1","02113","0","","5.0","600.0","9","N","N","N","0","","0","0","0","","0","N","","1","0","0","0","0","0","1","2","0","1","","07","","N","","","","","","","","","",""
"2023040198","2033","1","0","0","0","0","0","0","0","0","4","0","","02","5","2023","6","40.389654","-80.133459","2033","11","0","1","0","0","0","0","0","0","","0","0","0","","","0","","1","","40 23:22.755","1","0","80 08:00.452","0","0","0","0","2102","0","0","0","N","0","0","0","2","02102","0","","1.0","2051.0","1","N","N","N","0","","0","0","1","","3","N","","2","0","0","0","0","0","0","2","0","2","","03","","N","","","","","","","","","",""
"2023038925","2153","1","0","0","0","0","0","0","0","0","5","0","","02","5","2023","2","40.478833","-80.039944","2151","11","0","0","0","0","0","0","0","0","","0","0","0","","","1","N","0","","40 28:43.800","","0","80 02:23.800","8","0","0","0","2301","0","0","0","N","0","0","0","1","02301","0","","6.0","","9","N","N","N","0","","0","0","2","","0","","","3","1","0","0","0","1","0","2","0","3","","07","","N","","","","","","","","","",""
"2023045625","0632","0","0","0","0","0","0","0","0","0","1","0","","02","5","2023","2","40.425668","-79.909925","0608","11","0","0","0","0","0","1","0","0","","0","0","0","","","0","N","0","","40 25:32.404","","0","79 54:35.730","0","0","0","0","2301","0","0","0","N","0","0","0","3","68B03","0","","1.0","","9","N","N","Y","1","","0","0","2","","0","","","3","0","0","0","0","0","0","2","0","3","","04","","N","","","","","","","","","",""
"2023055267","1540","1","0","0","0","0","0","0","0","0","1","0","","02","6","2023","5","40.349257","-79.936363","1537","11","0","0","0","0","0","0","0","0","","0","0","0","","","0","Y","0","","40 20:57.326","","0","79 56:10.907","0","0","0","0","2473","0","0","0","N","0","0","0","2","02473","0","","1.0","","1","N","N","N","0","","0","0","1","","0","","","2","0","0","0","0","0","0","2","0","2","","03","","N","","","","","","","","","",""
"2023040023","1445","0","0","0","0","0","0","0","0","0","4","0","","02","5","2023","6","40.386216","-80.039038","1442","11","1","0","0","0","0","0","0","0","","0","0","0","","","1","","1","","40 23:10.378","","0","80 02:20.538","4","0","0","0","2422","0","0","0","N","0","0","0","3","02422","1","","1.0","","1","N","N","N","0","","0","0","2","","3","","","2","1","0","0","0","0","0","2","0","2","","","","N","","","","","","","","","",""
"2023035679","1055","0","0","0","0","0","0","0","0","0","4","0","","02","4","2023","1","40.437784","-80.000193","1040","11","0","0","0","0","0","1","0","1","","0","0","0","","","1","","1","","40 26:16.021","","0","80 00:00.694","3","0","0","0","2301","0","0","0","N","0","0","0","3","02301","0","","1.0","","1","N","N","N","0","","1","0","2","","2","N","","2","1","0","0","0","0","0","2","0","2","","03","","N","","","","","","","","","",""
"2023045563","1723","1","0","0","0","0","0","0","0","0","4","0","","02","5","2023","2","40.405121","-79.829544","1721","11","0","0","0","0","0","0","0","0","","0","0","0","","","0","","2","","40 24:18.437","3","0","79 49:46.360","0","0","0","0","2467","0","0","0","N","0","0","0","2","02467","0","","1.0","9999.0","9","N","N","N","0","","0","0","1","","3","N","","2","0","0","0","0","0","0","2","0","2","","04","","N","","","","","","","","","",""
"2023052245","1627","0","0","0","0","0","0","0","0","0","7","1","45","02","3","2023","2","40.567527","-80.114925","1623","11","0","0","0","0","0","0","0","0","","0","1","0","","","0","N","0","","40 34:03.098","","0","80 06:53.730","0","0","0","0","2460","0","0","0","Y","0","0","0","1","68B04","0","","2.0","","1","N","N","N","0","","0","0","0","","0","","","1","0","0","0","0","0","0","2","0","1","","03","Y","Y","4","1","N","N","N","N","N","N","Y","N"
"2023067986","2348","0","0","0","0","0","0","0","0","0","7","0","","02","7","2023","3","40.636629","-80.083344","2345","11","0","0","0","0","0","0","0","0","","0","0","0","","","0","N","0","","40 38:11.865","","0","80 05:00.037","0","0","0","0","2412","0","0","0","N","0","0","0","1","02505","0","","5.0","","1","N","N","N","1","","0","0","0","","0","N","","1","0","0","0","0","0","0","2","0","1","","","","N","","","","","","","","","",""
"2023049289","1354","1","0","0","0","0","0","0","0","0","4","0","","02","6","2023","7","40.240878","-79.86012","1348","11","0","0","0","0","1","0","1","0","","0","0","0","","","1","","1","","40 14:27.160","1","0","79 51:36.431","3","0","0","0","2105","0","0","0","N","0","0","0","3","02105","0","","1.0","1440.0","1","N","N","N","0","","1","0","1","","3","Y","","2","1","0","0","0","0","0","1","0","2","","03","","N","","","","","","","","","",""
"2023057079","1611","2","0","0","0","0","0","0","0","0","4","0","","02","6","2023","4","40.457318","-79.909073","1609","11","0","0","0","0","0","0","0","0","","0","0","0","","","0","","1","","40 27:26.345","3","0","79 54:32.662","0","0","0","0","2301","0","0","0","N","0","0","0","4","02301","0","","1.0","1620.0","1","N","N","N","0","","0","0","0","","2","Y","","2","0","0","0","0","0","0","2","0","2","","05","","N","","","","","","","","","",""
"2023052692","1416","2","0","0","0","0","0","0","0","0","1","0","","02","5","2023","1","40.441568","-79.836335","1416","11","0","0","0","0","0","0","0","0","","0","0","0","","","0","N","0","","40 26:29.643","","0","79 50:10.806","0","0","0","0","2419","0","0","0","N","0","0","0","3","68B03","0","","1.0","","1","N","N","Y","1","","0","0","0","","0","","","3","0","0","0","0","0","0","2","0","3","","","","N","","","","","","","","","",""
"2023038667","1659","1","0","0","0","0","0","0","0","0","1","0","","02","5","2023","2","40.393224","-79.986514","1659","11","0","0","0","0","0","1","0","0","","0","0","0","","","0","","1","","40 23:35.606","","0","79 59:11.451","0","0","0","0","2301","0","0","0","N","0","0","0","4","02301","0","","1.0","","9","N","N","N","0","","0","0","1","","0","","","2","0","1","0","0","0","0","2","0","2","","07","","N","","","","","","","","","",""
"2023040487","0833","1","0","0","0","0","0","0","0","0","4","0","","02","5","2023","3","40.33998","-80.00466","0825","11","0","0","0","0","0","0","0","0","","0","0","0","","","0","","3","","40 20:23.929","","0","80 00:16.775","0","0","0","0","2407","0","0","0","N","0","0","0","3","02407","0","","1.0","","9","N","N","N","1","","0","0","0","","3","","","2","0","0","0","0","0","0","2","0","2","","","","N","","","","","","","","","",""
"2023049988","1408","0","0","0","0","0","0","0","0","0","4","0","","02","6","2023","5","40.371247","-79.980555","1408","11","0","0","0","0","0","0","1","1","","0","0","0","","","0","","2","","40 22:16.488","","0","79 58:49.998","9","0","0","0","2413","0","0","0","N","0","0","0","2","02413","0","","1.0","","1","N","N","N","0","","0","0","2","","3","","","2","0","0","0","0","0","1","2","0","2","","03","","N","","","","","","","","","",""
"2023051997","0810","1","0","0","0","0","0","0","0","0","1","0","","02","6","2023","6","40.41683","-80.103049","0810","11","0","0","0","0","0","0","0","0","","0","0","0","","","1","N","0","","40 25:00.588","","0","80 06:10.978","3","0","0","0","2115","0","0","0","N","0","0","0","2","68B03","0","","1.0","","1","N","N","N","0","","1","0","1","","0","","","3","1","0","0","0","0","0","2","0","2","","03","","N","","","","","","","","","",""
"2023039713","1441","0","0","0","0","0","0","0","0","0","7","0","","02","5","2023","4","40.529472","-79.779806","1426","11","0","0","0","0","0","0","0","0","","0","0","0","","","1","N","0","","40 31:46.100","6","0","79 46:47.300","4","0","0","0","2466","0","0","0","N","0","0","0","1","02466","1","","4.0","1530.0","9","N","N","N","0","","0","0","0","","0","Y","","1","1","1","0","0","0","0","2","1","1","","04","","N","","","","","","","","","",""
"2023064752","1118","1","0","0","0","0","0","0","0","0","4","0","","02","7","2023","7","40.365384","-79.982553","1115","11","0","0","0","1","0","0","0","0","","0","0","0","","","0","N","0","","40 21:55.381","2","0","79 58:57.192","0","0","0","0","2413","0","0","0","N","0","0","0","3","02413","0","","1.0","1152.0","1","N","N","N","1","","0","0","0","","0","N","","2","0","0","0","0","0","0","2","0","2","","03","","N","","","","","","","","","",""
"2023039587","0854","0","0","0","0","0","0","0","0","0","4","0","","02","5","2023","5","40.350082","-79.894126","0851","11","0","0","0","0","0","0","1","0","","0","0","0","","","0","","2","","40 21:00.295","","0","79 53:38.854","0","0","0","0","2304","0","0","0","N","0","0","0","2","02304","0","","1.0","","1","N","N","N","0","","0","0","2","","0","","","2","0","0","0","0","0","0","2","0","2","","03","","N","","","","","","","","","",""
"2023039070","0205","1","0","0","0","0","0","0","0","0","7","0","","02","5","2023","4","40.436936","-79.994869","0157","11","0","0","0","0","1","0","0","0","","0","0","0","","","0","N","0","","40 26:12.968","","8","79 59:41.530","0","0","0","0","2301","0","0","0","N","0","0","0","2","02301","0","","2.0","","9","N","N","N","0","","0","0","0","","0","","","1","0","0","0","0","0","0","2","0","1","","","","N","","","","","","","","","",""
"2023039645","1528","0","0","0","0","0","0","0","0","0","1","0","","02","5","2023","5","40.575988","-79.979167","1520","11","0","0","1","0","0","1","0","0","","0","0","0","","","0","Y","0","","40 34:33.558","","0","79 58:45.002","0","0","0","0","2207","0","0","0","N","0","0","0","2","02207","0","","1.0","","1","N","N","N","0","","0","0","2","","0","","","2","0","0","0","0","0","0","1","0","2","","","","N","","","","","","","","","",""
"2023050650","1205","0","0","0","0","0","0","0","0","0","2","0","","02","6","2023","7","40.451862","-79.981406","1200","11","0","0","0","0","0","1","1","0","","0","0","0","","","0","N","0","","40 27:06.703","","0","79 58:53.062","0","0","0","0","2301","0","0","0","N","0","0","0","2","02301","0","","1.0","","1","N","N","N","0","","0","0","2","","0","","","2","0","1","0","0","0","0","2","0","2","","03","","N","","","","","","","","","",""
"2023037234","1735","2","0","0","0","0","0","0","0","0","1","0","","02","4","2023","5","40.443093","-80.052898","1735","11","0","0","0","0","0","1","2","0","","0","0","0","","","2","N","0","","40 26:35.136","","0","80 03:10.434","8","0","0","0","2301","0","0","0","N","0","0","0","3","02301","0","","1.0","","1","N","N","N","0","","0","0","0","","0","","","3","2","0","0","0","2","0","2","1","3","","03","","N","","","","","","","","","",""
"2023054078","1033","1","0","0","0","0","0","0","0","0","4","0","","02","6","2023","6","40.635058","-79.940328","1018","11","0","0","0","0","0","1","1","0","","0","0","0","","","0","N","0","","40 38:06.207","3","7","79 56:25.181","0","0","0","0","2217","0","0","0","N","0","0","0","2","02505","0","","1.0","1134.0","1","N","N","N","0","","0","0","1","","0","N","","2","0","0","0","0","0","0","2","0","2","","","","N","","","","","","","","","",""
"2023049206","1918","1","0","0","0","0","0","0","0","0","1","0","","02","6","2023","7","40.39218","-80.017771","1914","11","0","0","0","0","0","0","1","0","","0","0","0","","","2","N","1","","40 23:31.848","6","0","80 01:03.975","3","0","0","0","2301","0","0","0","N","0","0","0","5","02301","1","","1.0","2145.0","1","N","N","N","1","","1","0","2","","2","N","","4","2","0","0","0","0","0","2","0","4","","03","","N","","","","","","","","","",""
"2023065838","1837","0","0","0","0","0","0","0","0","0","7","0","","02","7","2023","3","40.425838","-79.861572","1835","11","0","0","0","0","0","0","0","0","","0","0","0","","","1","","1","","40 25:33.016","6","0","79 51:41.660","2","0","1","1","2431","0","0","0","Y","0","0","0","1","02431","0","","3.0","1911.0","1","N","N","N","0","","0","1","0","","0","N","","2","1","0","0","0","0","0","2","0","1","","","","N","","","","","","","","","",""
"2023036376","1023","0","0","0","0","0","0","0","0","0","4","0","","02","4","2023","3","40.633641","-79.938697","1020","11","0","0","0","0","0","0","0","1","","0","0","0","","","2","","1","","40 38:01.108","3","0","79 56:19.310","8","0","0","0","2217","0","0","0","N","0","0","0","2","02505","0","","1.0","1040.0","1","N","N","N","0","","0","0","1","","3","N","","2","2","0","0","0","2","0","2","1","2","","","","N","","","","","","","","","",""
"2023056719","1715","1","0","0","0","0","0","0","0","0","1","0","","02","6","2023","1","40.506364","-80.208563","1714","11","0","0","1","0","0","0","0","0","","0","0","0","","","0","N","0","","40 30:22.911","","0","80 12:30.825","0","0","0","0","2213","0","0","0","N","0","0","0","2","02213","0","","1.0","","1","N","N","N","0","","0","0","1","","0","","","2","0","0","0","0","0","0","2","0","2","","03","","N","","","","","","","","","",""
"2023049968","0722","1","0","0","0","0","0","0","0","0","1","0","","02","6","2023","7","40.439344","-80.235606","0719","11","0","0","0","0","0","1","0","1","","0","0","0","","","0","N","0","","40 26:21.637","","0","80 14:08.181","0","0","0","0","2214","0","0","0","N","0","0","0","3","68B03","0","","1.0","","1","N","N","N","1","","0","0","0","","0","","","2","0","0","0","0","0","0","2","0","2","","","","N","","","","","","","","","",""
"2023066247","2353","1","0","0","0","0","0","0","0","0","7","0","","02","7","2023","7","40.49657","-79.867857","2346","11","0","0","0","0","0","0","0","0","","0","0","0","","","0","N","0","","40 29:47.653","","0","79 52:04.285","0","0","0","0","2112","0","0","0","Y","0","0","0","1","68D02","0","","4.0","","1","N","N","N","0","","0","0","0","","0","","","1","0","0","0","0","0","0","2","0","1","","","","N","","","","","","","","","",""
"2023049392","1815","0","0","0","0","0","0","0","0","0","7","1","","02","6","2023","1","40.256831","-79.906218","1810","11","0","0","0","0","0","0","0","0","","0","1","0","","","1","N","0","","40 15:24.590","7","0","79 54:22.386","3","0","0","0","2105","0","0","0","Y","0","0","0","1","02105","0","","2.0","1900.0","1","N","N","N","0","","1","0","0","","0","Y","","1","1","0","0","0","0","0","2","0","1","","03","","N","","","","","","","","","",""
"2023049658","0826","1","0","0","0","0","0","0","0","0","7","0","","02","6","2023","1","40.319678","-80.086497","0820","11","0","0","0","0","0","0","0","0","","0","0","0","","","0","N","0","","40 19:10.840","","0","80 05:11.390","0","0","0","0","2123","0","0","0","N","0","0","0","1","02123","0","","5.0","","99","N","N","N","0","","0","0","0","","0","","","1","0","0","0","0","0","0","2","0","1","","03","","N","","","","","","","","","",""
"2023066615","1125","0","0","0","0","0","0","0","0","0","4","0","","02","7","2023","6","40.622607","-79.726383","1122","11","0","0","0","0","0","1","0","0","","0","0","0","","","3","","2","","40 37:21.384","2","0","79 43:34.979","3","0","0","0","2106","0","0","0","N","0","0","0","4","02106","0","","1.0","1157.0","1","N","N","N","1","","3","0","1","","2","Y","","2","3","0","0","0","0","0","2","0","2","","03","","N","","","","","","","","","",""
"2023048057","0313","1","0","0","0","0","0","0","0","0","4","0","","02","6","2023","5","40.421556","-79.99225","0313","11","0","0","1","0","0","0","0","0","","0","0","0","","","1","N","0","","40 25:17.600","7","0","79 59:32.100","3","0","0","0","2301","0","0","0","N","0","0","0","1","02301","0","","6.0","445.0","1","N","N","N","0","","1","0","1","","0","N","","2","1","0","0","0","0","0","2","0","2","","03","","N","","","","","","","","","",""
"2023065529","2354","0","0","0","0","0","0","0","0","0","1","0","55","02","7","2023","6","40.455336","-80.18423","2342","11","0","0","0","0","0","0","0","0","","0","0","0","","","1","N","0","","40 27:19.209","4","0","80 11:03.227","3","0","0","0","2214","0","0","0","N","0","0","0","2","68B03","0","","1.0","200.0","1","N","N","N","0","","1","0","1","","0","N","","2","1","0","0","0","0","0","2","1","2","","","Y","Y","4","2","N","N","N","Y","Y","N","N","N"
"2023048209","1509","1","0","0","0","0","0","0","0","0","4","0","","02","6","2023","5","40.217075","-79.842641","1452","11","0","0","0","0","0","1","0","1","","0","0","0","","","0","","1","","40 13:01.469","","2","79 50:33.506","0","0","0","0","2204","0","0","0","N","0","0","0","2","02105","0","","1.0","","1","N","N","N","1","","0","0","0","","3","","","2","0","0","0","0","0","0","2","0","2","","03","","N","","","","","","","","","",""
"2023056617","9999","1","0","0","0","0","0","0","0","0","4","0","","02","6","2023","6","40.43977","-79.87861","9999","11","0","0","0","1","0","0","1","0","","0","0","0","","","3","","1","","40 26:23.172","3","0","79 52:42.995","3","0","0","0","2478","0","0","0","N","0","0","0","4","02478","0","","1.0","9999.0","1","N","N","N","0","","1","0","0","","2","N","","2","3","0","0","0","2","0","2","1","2","","","","N","","","","","","","","","",""
"2023066649","1830","2","0","0","0","0","0","0","0","0","1","0","","02","7","2023","3","40.451502","-79.908158","1819","11","0","0","0","0","0","1","0","0","","0","0","0","","","0","N","1","","40 27:05.406","","0","79 54:29.369","0","0","0","0","2301","0","0","0","N","0","0","0","2","02301","0","","1.0","","1","N","N","N","0","","0","0","0","","2","","","2","0","0","0","0","0","0","2","0","2","","03","","N","","","","","","","","","",""
"2023037307","2335","0","0","0","0","0","0","0","0","0","8","0","","02","4","2023","5","40.42883","-79.98352","2332","11","0","0","0","0","0","0","0","0","","0","0","0","","","1","N","0","","40 25:43.788","","0","79 59:00.673","3","0","0","0","2301","1","0","0","N","1","0","0","2","02301","0","","1.0","","1","N","N","N","0","","1","0","1","","0","","","2","1","0","0","0","0","0","2","0","1","","03","","N","","","","","","","","","",""
"2023036399","1235","1","0","0","0","0","0","0","0","0","4","0","","02","4","2023","3","40.450539","-79.930046","1228","11","0","0","0","0","0","0","0","0","","0","0","0","","","1","","1","","40 27:01.941","","0","79 55:48.164","3","0","0","0","2301","0","0","0","N","0","0","0","3","02301","0","","1.0","","1","N","N","N","0","","1","0","1","","0","","","2","1","1","0","0","0","0","2","0","2","","03","","N","","","","","","","","","",""
"2023048378","2147","0","0","0","0","0","0","0","0","0","4","0","","02","6","2023","5","40.382572","-79.976698","2142","11","0","0","0","1","0","0","0","0","","0","0","0","","","1","N","0","","40 22:57.259","","7","79 58:36.111","8","0","0","0","2301","0","0","0","N","0","0","0","3","02301","0","","1.0","","1","N","N","N","0","","0","0","2","","0","","","2","1","0","0","0","1","0","2","0","2","","03","","N","","","","","","","","","",""
"2023035674","1115","0","0","0","0","0","0","0","0","0","7","0","","02","4","2023","1","40.428577","-79.993604","1108","11","0","0","0","0","0","0","0","0","","0","0","0","","","0","","2","","40 25:42.878","3","0","79 59:36.975","0","0","0","0","2301","0","0","0","N","0","0","0","1","02301","0","","4.0","1140.0","1","N","N","N","0","","0","0","1","","0","N","","1","0","0","0","0","0","0","2","0","1","","04","","N","","","","","","","","","",""
"2023043132","1526","3","0","2","0","0","0","0","0","0","4","0","","02","4","2023","5","40.434677","-80.0084","1522","11","0","0","0","0","0","1","0","0","","0","0","0","","","3","N","0","","40 26:04.838","4","0","80 00:30.239","2","0","0","0","2301","0","0","0","N","0","0","0","3","02301","0","","1.0","1651.0","1","N","N","N","0","","1","2","1","","0","Y","","4","3","0","0","0","0","0","2","0","4","","03","","N","","","","","","","","","",""
"2023064672","0423","1","0","0","0","0","0","0","0","0","7","0","","02","7","2023","5","40.352674","-79.902142","0411","11","0","0","0","0","0","0","0","0","","0","0","0","","","1","N","0","","40 21:09.627","7","0","79 54:07.711","3","0","0","0","2423","0","0","0","N","0","0","0","1","02304","0","","5.0","525.0","1","N","N","N","0","","1","0","0","","0","Y","","1","1","0","0","0","0","0","2","0","1","","03","","N","","","","","","","","","",""
"2023049204","2233","1","0","0","0","0","0","0","0","0","7","0","","02","5","2023","5","40.315749","-79.964951","2229","11","0","0","0","0","0","0","0","0","","0","0","0","","","1","N","0","","40 18:56.698","5","0","79 57:53.822","8","0","0","0","2440","0","0","0","N","0","0","0","1","02440","0","","5.0","2300.0","1","N","N","N","0","","0","0","0","","0","Y","","1","1","1","0","0","1","0","2","0","1","","03","","N","","","","","","","","","",""
"2023066510","1407","1","0","0","0","0","0","0","0","0","1","0","","02","7","2023","3","40.362623","-79.826098","1401","11","0","0","0","0","0","1","1","0","","0","0","0","","","0","N","0","","40 21:45.442","2","0","79 49:33.951","0","0","0","0","2111","0","0","0","N","0","0","0","4","02111","0","","1.0","1407.0","1","N","N","N","1","","0","0","0","","2","N","","2","0","1","0","0","0","0","2","0","2","","03","","N","","","","","","","","","",""
"2023036035","0408","1","0","0","0","0","0","0","0","0","7","0","","02","4","2023","1","40.424994","-80.249909","0400","11","0","0","0","0","1","0","0","0","","0","0","0","","","0","","2","","40 25:29.979","","0","80 14:59.672","0","0","0","0","2214","0","0","0","N","0","0","0","1","02214","0","","4.0","","9","N","N","N","0","","0","0","0","","3","","","1","0","0","0","0","0","0","2","0","1","","03","","N","","","","","","","","","",""
"2023065511","0114","1","0","0","0","0","0","0","0","0","7","0","","02","6","2023","6","40.584891","-80.102037","0057","11","0","0","0","1","0","0","0","0","","0","0","0","","","0","N","0","","40 35:05.606","","0","80 06:07.334","0","0","0","0","2481","0","0","0","N","0","0","0","1","68B03","0","","4.0","","9","N","N","N","0","","0","0","0","","0","","","1","0","0","0","0","0","0","2","0","1","","","","N","","","","","","","","","",""
"2023038221","1255","1","0","0","0","0","0","0","0","0","4","0","","02","4","2023","5","40.348722","-80.112028","1250","11","0","1","0","0","0","0","0","0","","0","0","0","","","0","N","0","","40 20:55.400","","7","80 06:43.300","0","0","0","0","2119","0","0","0","N","0","0","0","2","02119","0","","1.0","","1","N","N","N","1","","0","0","0","","0","","","2","0","0","0","0","0","0","2","0","2","","03","","N","","","","","","","","","",""
"2023049528","1250","1","0","0","0","0","0","0","0","0","3","0","","02","4","2023","6","40.487135","-79.973297","1246","11","0","0","0","0","0","0","0","0","","0","0","0","","","0","N","2","","40 29:13.687","","0","79 58:23.868","0","0","0","0","2445","0","0","0","N","0","0","0","2","02445","0","","2.0","","1","N","N","N","0","","0","0","1","","0","","","2","0","0","0","0","0","0","2","0","2","","","","N","","","","","","","","","",""
"2023036424","1623","0","0","0","0","0","0","0","0","0","7","0","","02","4","2023","3","40.442694","-80.211472","1621","11","0","0","0","0","1","0","0","0","","0","0","0","","","1","N","0","","40 26:33.700","5","0","80 12:41.300","3","0","0","0","2214","0","0","0","N","0","0","0","1","02214","0","","4.0","1657.0","1","N","N","N","0","","1","0","1","","0","N","","1","1","0","0","0","0","0","2","0","1","","","","N","","","","","","","","","",""
"2023038344","0215","0","0","0","0","0","0","0","0","0","7","0","","02","4","2023","1","40.416674","-79.814658","0127","11","0","0","0","0","0","0","0","0","","0","0","0","","","0","","3","","40 25:00.026","4","0","79 48:52.769","0","0","0","0","2467","0","0","0","N","0","0","0","1","02467","0","","4.0","302.0","1","N","N","N","0","","0","0","1","","0","N","","1","0","0","0","0","0","0","2","0","1","","03","","N","","","","","","","","","",""
"2023035085","1045","0","0","0","0","0","0","0","0","0","4","0","","02","4","2023","6","40.462776","-79.824088","1037","11","0","0","0","0","0","2","0","0","","0","0","0","","","0","N","0","","40 27:45.995","","7","79 49:26.716","0","0","0","0","2113","0","0","0","N","0","0","0","2","02113","0","","1.0","","1","N","N","N","0","","0","0","2","","3","","","2","0","0","0","0","0","0","2","0","2","","","","N","","","","","","","","","",""