"CRN","ARRIVAL_TM","AUTOMOBILE_COUNT","BELTED_DEATH_COUNT","BELTED_SUSP_SERIOUS_INJ_COUNT","BICYCLE_COUNT","BICYCLE_DEATH_COUNT","BICYCLE_SUSP_SERIOUS_INJ_COUNT","BUS_COUNT","CHLDPAS_DEATH_COUNT","CHLDPAS_SUSP_SERIOUS_INJ_COUNT","COLLISION_TYPE","COMM_VEH_COUNT","CONS_ZONE_SPD_LIM","COUNTY","CRASH_MONTH","CRASH_YEAR","DAY_OF_WEEK","DEC_LATITUDE","DEC_LONGITUDE","DISPATCH_TM","DISTRICT","DRIVER_COUNT_16YR","DRIVER_COUNT_17YR","DRIVER_COUNT_18YR","DRIVER_COUNT_19YR","DRIVER_COUNT_20YR","DRIVER_COUNT_50_64YR","DRIVER_COUNT_65_74YR","DRIVER_COUNT_75PLUS","EST_HRS_CLOSED","FATAL_COUNT","HEAVY_TRUCK_COUNT","HORSE_BUGGY_COUNT","HOUR_OF_DAY","ILLUMINATION","INJURY_COUNT","INTERSECTION_RELATED","INTERSECT_TYPE","LANE_CLOSED","LATITUDE","LN_CLOSE_DIR","LOCATION_TYPE","LONGITUDE","MAX_SEVERITY_LEVEL","MCYCLE_DEATH_COUNT","MCYCLE_SUSP_SERIOUS_INJ_COUNT","MOTORCYCLE_COUNT","MUNICIPALITY","NONMOTR_COUNT","NONMOTR_DEATH_COUNT","NONMOTR_SUSP_SERIOUS_INJ_COUNT","NTFY_HIWY_MAINT","PED_COUNT","PED_DEATH_COUNT","PED_SUSP_SERIOUS_INJ_COUNT","PERSON_COUNT","POLICE_AGCY","POSSIBLE_INJ_COUNT","RDWY_SURF_TYPE_CD","RELATION_TO_ROAD","ROADWAY_CLEARED","ROAD_CONDITION","SCH_BUS_IND","SCH_ZONE_IND","SECONDARY_CRASH","SMALL_TRUCK_COUNT","SPEC_JURIS_CD","SUSP_MINOR_INJ_COUNT","SUSP_SERIOUS_INJ_COUNT","SUV_COUNT","TCD_FUNC_CD","TCD_TYPE","TFC_DETOUR_IND","TIME_OF_DAY","TOTAL_UNITS","TOT_INJ_COUNT","UNBELTED_OCC_COUNT","UNB_DEATH_COUNT","UNB_SUSP_SERIOUS_INJ_COUNT","UNK_INJ_DEG_COUNT","UNK_INJ_PER_COUNT","URBAN_RURAL","VAN_COUNT","VEHICLE_COUNT","WEATHER1","WEATHER2","WORKERS_PRES","WORK_ZONE_IND","WORK_ZONE_LOC","WORK_ZONE_TYPE","WZ_CLOSE_DETOUR","WZ_FLAGGER","WZ_LAW_OFFCR_IND","WZ_LN_CLOSURE","WZ_MOVING","WZ_OTHER","WZ_SHLDER_MDN","WZ_WORKERS_INJ_KILLED"
"2023035579","0355","1","0","0","0","0","0","0","0","0","4","0","","02","4","2023","1","40.472623","-80.03654","0349","11","0","0","0","0","0","0","0","0","","0","0","0","","","0","","3","","40 28:21.441","4","0","80 02:11.543","0","0","0","0","2301","0","0","0","N","0","0","0","2","02301","0","","1.0","400.0","1","","","N","0","","0","0","1","","0","N","","2","0","0","0","0","0","0","2","0","2","","03","","N","","","","","","","","","",""
"2023064343","1923","1","0","0","0","0","0","0","0","0","5","0","","02","7","2023","5","40.446313","-79.98033","1923","11","0","0","0","0","0","0","0","0","","0","0","0","","","3","N","1","","40 26:46.728","3","0","79 58:49.187","3","0","0","0","2301","0","0","0","N","0","0","0","3","02301","0","","4.0","1950.0","1","N","N","N","0","","3","0","2","","3","N","","3","3","1","0","0","0","0","2","0","3","","03","","N","","","","","","","","","",""
"2023036900","1426","1","0","0","0","0","0","0","0","0","1","0","","02","4","2023","4","40.46349","-79.930657","1419","11","0","0","0","0","0","0","0","0","","0","0","0","","","2","","1","","40 27:48.565","","0","79 55:50.364","3","0","0","0","2301","0","0","0","N","0","0","0","3","02301","0","","1.0","","1","N","N","N","0","","2","0","0","","2","","","2","2","0","0","0","0","0","2","1","2","","","","N","","","","","","","","","",""
"2023062405","1730","2","0","0","0","0","0","0","0","0","4","0","","02","7","2023","6","40.349898","-79.834309","1727","11","0","0","0","0","0","2","0","0","","0","0","0","","","1","","2","","40 20:59.632","7","0","79 50:03.512","3","0","0","0","2304","0","0","0","N","0","0","0","2","02304","0","","1.0","1812.0","1","N","N","N","0","","1","0","0","","3","Y","","2","1","0","0","0","0","0","2","0","2","","03","","N","","","","","","","","","",""
"2023048991","1933","2","0","0","0","0","0","0","0","0","4","0","","02","5","2023","3","40.427053","-80.073459","1927","11","0","0","0","0","0","0","0","0","","0","0","0","","","0","N","0","","40 25:37.391","3","0","80 04:24.453","0","0","0","0","2421","0","0","0","N","0","0","0","2","02421","0","","2.0","1955.0","1","N","N","N","0","","0","0","0","","0","N","","2","0","0","0","0","0","0","2","0","2","","","","N","","","","","","","","","",""
"2023039848","0616","1","0","0","0","0","0","0","0","0","8","0","","02","4","2023","2","40.379695","-79.806841","0614","11","0","0","0","0","0","0","0","0","","0","0","0","","","1","N","0","","40 22:46.901","","7","79 48:24.626","3","0","0","0","2424","1","0","0","N","1","0","0","2","02424","0","","1.0","","1","N","N","N","0","","1","0","0","","0","","","2","1","0","0","0","0","0","2","0","1","","","","N","","","","","","","","","",""
"2023035325","0134","1","0","0","0","0","0","0","0","0","7","0","","02","4","2023","7","40.499667","-79.711639","0133","11","0","0","0","0","1","0","0","0","","0","0","0","","","1","N","0","","40 29:58.800","","0","79 42:41.900","3","0","0","0","2466","0","0","0","N","0","0","0","1","02466","0","","4.0","","9","N","N","N","0","","1","0","0","","0","","","1","1","1","0","0","0","0","1","0","1","","","","N","","","","","","","","","",""
"2023038062","1924","1","0","0","0","0","0","0","0","0","4","0","","02","4","2023","5","40.361028","-80.028492","1921","11","0","0","0","0","0","1","0","0","","0","0","0","","","0","","2","","40 21:39.701","","0","80 01:42.571","0","0","0","0","2416","0","0","0","N","0","0","0","4","02416","0","","1.0","","1","N","N","N","0","","0","0","1","","2","","","2","0","0","0","0","0","0","2","0","2","","03","","N","","","","","","","","","",""
"2023065355","0700","2","0","0","0","0","0","0","0","0","4","0","","02","6","2023","5","40.448441","-79.761163","0654","11","0","0","0","0","0","0","0","0","","0","0","0","","","0","","1","","40 26:54.386","","0","79 45:40.188","0","0","0","0","2446","0","0","0","N","0","0","0","2","02446","0","","1.0","","1","N","N","N","0","","0","0","0","","3","N","","2","0","0","0","0","0","0","2","0","2","","03","","N","","","","","","","","","",""
"2023064787","1326","1","0","0","0","0","0","0","0","0","4","0","","02","7","2023","6","40.320746","-80.086975","1322","11","0","0","0","0","0","1","0","0","","0","0","0","","","2","","2","","40 19:14.684","5","0","80 05:13.109","3","0","0","0","2123","0","0","0","N","0","0","0","4","02123","0","","1.0","1415.0","1","N","N","N","0","","2","0","1","","3","N","","2","2","0","0","0","0","0","2","0","2","","03","","N","","","","","","","","","",""
"2023035122","1550","1","0","0","0","0","0","0","0","0","7","0","","02","4","2023","6","40.294967","-79.992677","1548","11","0","0","0","0","0","0","0","0","","0","0","0","","","0","N","0","","40 17:41.880","","0","79 59:33.636","9","0","0","0","2219","0","0","0","N","0","0","0","1","02219","0","","5.0","","1","N","N","N","0","","0","0","0","","0","","","1","0","0","0","0","0","1","2","0","1","","","","N","","","","","","","","","",""
"2023065521","0430","0","0","0","0","0","0","0","0","0","5","1","","02","7","2023","4","40.438935","-80.011142","0415","11","0","0","0","0","0","1","0","0","","0","1","0","","","0","N","0","","40 26:20.167","","3","80 00:40.112","0","0","0","0","2301","0","0","0","N","0","0","0","2","68B03","0","","1.0","","1","N","N","N","0","","0","0","1","","0","","","2","0","0","0","0","0","0","2","0","2","","","","N","","","","","","","","","",""
"2023049022","1645","0","0","0","0","0","0","0","0","0","1","0","","02","6","2023","6","40.626647","-80.037996","1638","11","0","0","0","0","0","1","0","0","","0","0","0","","","0","N","0","","40 37:35.928","3","0","80 02:16.784","0","0","0","0","2216","0","0","0","N","0","0","0","3","02505","0","","1.0","1709.0","1","N","N","Y","0","","0","0","1","","0","Y","","3","0","0","0","0","0","0","2","2","3","","03","","N","","","","","","","","","",""
"2023038176","1825","2","0","0","0","0","0","0","0","0","4","0","","02","4","2023","6","40.337881","-80.051292","1807","11","0","0","0","0","2","0","0","0","","0","0","0","","","0","N","0","","40 20:16.370","1","7","80 03:04.651","0","0","0","0","2407","0","0","0","N","0","0","0","2","02407","0","","1.0","1900.0","1","N","N","N","0","","0","0","0","","0","N","","2","0","0","0","0","0","0","2","0","2","","","","N","","","","","","","","","",""
"2023052232","2057","1","0","0","0","0","0","0","0","0","5","0","","02","6","2023","6","40.4575","-79.88975","2047","11","0","0","0","1","0","0","0","0","","0","0","0","","","0","N","0","","40 27:27.000","","0","79 53:23.100","0","0","0","0","2301","0","0","0","N","0","0","0","1","02301","0","","6.0","","1","N","N","N","0","","0","0","0","","0","","","2","0","0","0","0","0","0","2","1","2","","03","","N","","","","","","","","","",""
"2023049530","1157","0","0","0","0","0","0","0","0","0","98","0","","02","6","2023","1","40.378875","-80.051826","1156","11","0","0","0","0","0","0","0","0","","0","0","0","","","0","N","0","","40 22:43.950","","0","80 03:06.572","0","0","0","0","2109","0","0","0","N","0","0","0","3","02109","0","","1.0","","1","N","N","N","0","","0","0","1","","0","","","1","0","0","0","0","0","0","2","0","1","","","","N","","","","","","","","","",""
"2023038870","1150","1","0","0","0","0","0","0","0","0","1","0","","02","4","2023","1","40.326249","-79.956798","1146","11","0","0","0","0","0","0","0","0","","0","0","0","","","0","","2","","40 19:34.498","","0","79 57:24.471","9","0","0","0","2454","0","0","0","N","0","0","0","2","02454","0","","1.0","","9","N","N","N","0","","0","0","1","","0","N","","2","0","0","0","0","0","1","2","0","2","","","","N","","","","","","","","","",""
"2023041049","9999","1","0","0","0","0","0","0","0","0","5","0","","02","4","2023","5","40.434837","-79.985253","2357","11","0","0","0","0","0","0","0","0","","0","0","0","","","0","N","0","","40 26:05.412","","0","79 59:06.910","9","0","0","0","2301","0","0","0","N","0","0","0","2","68B03","0","","1.0","","1","N","N","N","0","","0","0","1","","0","","","2","0","0","0","0","0","1","2","0","2","","","","N","","","","","","","","","",""
"2023056566","0051","0","0","0","0","0","0","0","0","0","1","0","","02","6","2023","7","40.573136","-80.091975","0050","11","0","0","0","0","0","1","0","0","","0","0","0","","","0","N","0","","40 34:23.291","2","0","80 05:31.111","0","0","0","0","2481","0","0","0","Y","0","0","0","2","68B03","0","","1.0","200.0","1","N","N","Y","0","","0","0","2","","0","N","","2","0","0","0","0","0","0","2","0","2","","","","N","","","","","","","","","",""
"2023038609","1459","0","0","0","0","0","0","0","0","0","1","0","","02","4","2023","4","40.49687","-80.018449","1437","11","0","0","0","0","0","1","0","0","","0","0","0","","","2","N","0","","40 29:48.732","1","0","80 01:06.417","3","0","0","0","2301","0","0","0","N","0","0","0","2","68B03","0","","1.0","1518.0","1","N","N","N","0","","2","0","2","","0","N","","2","2","1","0","0","0","0","2","0","2","","","","N","","","","","","","","","",""
"2023066373","2203","1","0","0","0","0","0","0","0","0","98","0","","02","7","2023","4","40.501182","-80.226826","2200","11","0","0","0","0","0","0","0","0","","0","0","0","","","0","N","0","","40 30:04.254","3","0","80 13:36.572","0","0","0","0","2213","0","0","0","N","0","0","0","1","02213","0","","1.0","100.0","1","N","N","N","0","","0","0","0","","0","N","","1","0","0","0","0","0","0","2","0","1","","03","","N","","","","","","","","","",""
"2023053590","1838","0","0","1","0","0","0","0","0","0","7","0","","02","6","2023","1","40.457046","-80.144891","1832","11","0","0","0","0","0","0","0","1","","0","0","0","","","1","N","0","","40 27:25.366","7","0","80 08:41.606","2","0","0","0","2115","0","0","0","N","0","0","0","1","02115","0","","4.0","1738.0","1","N","N","N","0","","0","1","1","","0","Y","","1","1","0","0","0","0","0","2","0","1","","03","","N","","","","","","","","","",""
"2023048987","1159","2","0","0","0","0","0","0","0","0","4","0","","02","6","2023","5","40.400171","-79.989143","1146","11","0","0","0","0","1","0","0","0","","0","0","0","","","0","","2","","40 24:00.616","","0","79 59:20.913","0","0","0","0","2301","0","0","0","N","0","0","0","3","02301","0","","1.0","","1","N","N","N","0","","0","0","0","","0","","","2","0","0","0","0","0","0","2","0","2","","","","N","","","","","","","","","",""
"2023037083","0735","1","0","0","0","0","0","0","0","0","1","0","","02","4","2023","5","40.465528","-79.955972","0715","11","0","0","0","0","0","0","0","0","","0","0","0","","","0","N","0","","40 27:55.900","6","0","79 57:21.500","0","0","0","0","2301","0","0","0","N","0","0","0","2","02301","0","","1.0","755.0","1","N","N","N","0","","0","0","1","","0","Y","","2","0","0","0","0","0","0","2","0","2","","","","N","","","","","","","","","",""
"2023048836","1658","2","0","0","0","0","0","0","0","0","7","0","","02","6","2023","6","40.481849","-79.888391","1652","11","0","0","0","0","0","1","0","0","","0","0","0","","","1","N","0","","40 28:54.655","","0","79 53:18.209","3","0","0","0","2301","0","0","0","N","0","0","0","2","02301","0","","4.0","","1","N","N","Y","0","","1","0","0","","0","","","2","1","0","0","0","0","0","2","0","2","","03","","N","","","","","","","","","",""
"2023064962","1425","0","0","0","0","0","0","0","0","0","7","0","","02","7","2023","1","40.461719","-79.905851","1419","11","0","0","0","0","0","0","1","0","","0","0","0","","","0","N","0","","40 27:42.188","5","0","79 54:21.064","0","0","0","0","2301","0","0","0","N","0","0","0","1","02301","0","","4.0","1505.0","1","N","N","N","0","","0","0","1","","0","Y","","1","0","0","0","0","0","0","2","0","1","","03","","N","","","","","","","","","",""
"2023077048","1658","0","0","0","0","0","0","0","0","0","1","0","","02","7","2023","3","40.439411","-80.010277","1645","11","0","0","0","0","0","0","0","1","","0","0","0","","","2","N","0","","40 26:21.878","","3","80 00:36.998","3","0","0","0","2301","0","0","0","N","0","0","0","5","68B03","0","","1.0","","1","N","N","N","1","","2","0","1","","0","","","2","2","0","0","0","0","0","2","0","2","","","","N","","","","","","","","","",""
"2023036783","1200","1","0","0","0","0","0","0","0","0","4","0","15","02","4","2023","4","40.456686","-80.000069","1157","11","0","0","0","0","0","1","0","1","","0","0","0","","","0","","1","","40 27:24.068","","0","80 00:00.250","0","0","0","0","2301","0","0","0","N","0","0","0","3","02301","0","","1.0","","1","N","N","N","0","","0","0","1","","3","","","2","0","0","0","0","0","0","2","0","2","","03","Y","Y","4","1","","Y","N","","","","","N"
"2023047804","0910","1","0","0","0","0","0","0","0","0","4","0","","02","5","2023","4","40.457773","-79.819201","0903","11","0","0","1","0","0","1","0","0","","0","0","0","","","3","N","1","","40 27:27.982","1","0","79 49:09.123","2","0","0","0","2113","0","0","0","N","0","0","0","5","02113","0","","1.0","940.0","1","N","N","N","0","","0","3","1","","3","Y","","2","3","2","0","2","0","0","2","0","2","","03","","N","","","","","","","","","",""
"2023047157","2139","0","0","0","0","0","0","0","0","0","1","0","","02","5","2023","7","40.341331","-79.988258","2136","11","1","0","0","0","0","0","0","0","","0","0","0","","","0","N","0","","40 20:28.790","","0","79 59:17.730","0","0","0","0","2403","0","0","0","N","0","0","0","1","02403","0","","1.0","","1","N","N","N","1","","0","0","1","","0","","","2","0","0","0","0","0","0","2","0","2","","03","","N","","","","","","","","","",""
"2023087331","1815","1","0","0","0","0","0","0","0","0","1","0","","02","10","2023","1","40.386425","-80.063325","1811","11","0","0","0","0","0","0","0","1","","0","0","0","","","1","N","0","","40 23:11.130","6","0","80 03:47.970","8","0","0","0","2109","0","0","0","N","0","0","0","1","02109","0","","1.0","1905.0","1","N","N","N","1","","0","0","0","","0","N","","2","1","1","0","0","1","0","2","0","2","","","","N","","","","","","","","","",""
"2023048934","0617","1","0","0","0","0","0","0","0","0","7","0","","02","5","2023","1","40.298545","-79.875462","0612","11","0","0","0","0","0","0","0","0","","0","0","0","","","0","N","1","","40 17:54.763","2","0","79 52:31.663","0","0","0","0","2302","0","0","0","Y","0","0","0","0","02302","0","","5.0","645.0","1","N","N","N","0","","0","0","0","","2","N","","1","0","0","0","0","0","0","2","0","1","","03","","N","","","","","","","","","",""
"2023049032","1200","1","0","0","0","0","0","0","0","0","4","0","","02","6","2023","7","40.400126","-80.023768","1150","11","0","0","0","0","0","1","0","0","","0","0","0","","","0","","3","","40 24:00.453","","0","80 01:25.564","0","0","0","0","2301","0","0","0","N","0","0","0","2","02301","0","","1.0","","1","N","N","N","0","","0","0","1","","0","","","2","0","0","0","0","0","0","2","0","2","","03","","N","","","","","","","","","",""
"2023073675","1853","0","0","0","0","0","0","0","0","0","5","0","","02","8","2023","1","40.437854","-79.954921","1823","11","0","0","0","0","0","0","0","0","","0","0","0","","","0","N","0","","40 26:16.273","","0","79 57:17.714","0","0","0","0","2301","0","0","0","N","0","0","0","1","02301","0","","6.0","","1","N","N","N","0","","0","0","2","","0","","","2","0","0","0","0","0","0","2","0","2","","03","","N","","","","","","","","","",""
"2023049035","0947","0","0","0","0","0","0","0","0","0","1","0","","02","6","2023","7","40.633186","-79.954558","0943","11","0","0","0","0","0","0","0","0","","0","0","0","","","1","","2","","40 37:59.470","3","0","79 57:16.410","3","0","0","0","2217","0","0","0","N","0","0","0","2","02505","0","","1.0","1025.0","1","N","N","N","1","","1","0","1","","2","Y","","2","1","0","0","0","0","0","2","0","2","","","","N","","","","","","","","","",""
"2023035834","1936","0","0","1","0","0","0","0","0","1","2","0","","02","4","2023","1","40.41765","-80.011334","1934","11","0","0","0","0","0","1","0","0","","0","0","0","","","2","N","0","","40 25:03.539","","0","80 00:40.803","2","0","0","0","2301","0","0","0","N","0","0","0","4","02301","0","","1.0","","1","N","N","N","1","","0","2","1","","0","","","2","2","0","0","0","0","0","2","0","2","","03","","N","","","","","","","","","",""
"2023086816","1220","0","0","0","0","0","0","0","0","0","4","0","","02","9","2023","7","40.403265","-79.988951","1218","11","0","0","0","0","0","0","1","0","","0","0","0","","","0","","1","","40 24:11.753","7","0","79 59:20.223","0","0","0","0","2301","0","0","0","N","0","0","0","6","02301","0","","1.0","1306.0","1","N","N","N","0","","0","0","2","","3","Y","","2","0","0","0","0","0","0","2","0","2","","03","","N","","","","","","","","","",""
"2023063646","2214","0","0","0","0","0","0","0","0","0","4","0","","02","7","2023","3","40.365122","-79.982878","2214","11","0","0","0","0","0","0","0","0","","0","0","0","","","0","","2","","40 21:54.440","2","0","79 58:58.360","0","0","0","0","2413","0","0","0","N","0","0","0","3","02413","0","","1.0","2230.0","1","N","N","N","0","","0","0","2","","0","N","","2","0","0","0","0","0","0","2","0","2","","","","N","","","","","","","","","",""
"2023066224","1343","1","0","0","0","0","0","0","0","0","4","0","","02","7","2023","6","40.442379","-80.008787","1321","11","0","0","0","0","0","0","0","0","","0","0","0","","","0","N","0","","40 26:32.564","1","3","80 00:31.634","0","0","0","0","2301","0","0","0","N","0","0","0","2","68B03","0","","1.0","1415.0","1","N","N","N","0","","0","0","1","","0","N","","2","0","0","0","0","0","0","2","0","2","","","","N","","","","","","","","","",""
"2023036476","1706","1","0","0","0","0","0","0","0","0","5","0","","02","4","2023","3","40.435024","-79.992984","1645","11","0","0","0","0","0","0","0","0","","0","0","0","","","1","N","0","","40 26:06.088","6","0","79 59:34.743","8","0","0","0","2301","0","0","0","N","0","0","0","2","02301","0","","1.0","1740.0","1","N","N","N","0","","0","0","1","","0","N","","2","1","0","0","0","1","1","2","0","2","","","","N","","","","","","","","","",""
"2023042399","1916","1","0","0","0","0","0","0","0","0","7","0","","02","4","2023","7","40.400372","-79.833812","1911","11","0","0","0","0","0","0","0","0","","0","0","0","","","1","N","0","","40 24:01.340","3","0","79 50:01.723","2","0","0","0","2425","0","0","0","N","0","0","0","1","68B03","0","","4.0","2002.0","1","N","N","N","0","","0","1","0","","0","N","","1","1","0","0","0","0","0","2","0","1","","","","N","","","","","","","","","",""
"2023050196","2159","2","0","0","0","0","0","0","0","0","1","0","","02","3","2023","3","40.429605","-79.956926","2128","11","0","0","0","0","0","0","0","0","","0","0","0","","","0","","6","","40 25:46.577","3","2","79 57:24.932","0","0","0","0","2301","0","0","0","N","0","0","0","3","68B03","0","","1.0","100.0","1","N","N","N","0","","0","0","1","","0","N","","3","0","0","0","0","0","0","2","0","3","","03","","N","","","","","","","","","",""
"2023073620","1749","1","0","0","0","0","0","0","0","0","8","0","","02","8","2023","1","40.494906","-80.054171","1748","11","0","0","0","0","0","0","0","0","","0","0","0","","","1","N","0","","40 29:41.661","7","0","80 03:15.017","8","0","0","0","2404","1","0","0","N","1","0","0","2","02404","0","","1.0","1821.0","1","N","N","N","0","","0","0","0","","0","Y","","2","1","0","0","0","1","0","2","0","1","","","","N","","","","","","","","","",""
"2023064503","1713","0","0","0","0","0","0","0","0","0","7","0","","02","7","2023","6","40.585537","-80.054527","1705","11","0","0","0","0","0","1","0","0","","0","0","0","","","0","N","2","","40 35:07.933","6","0","80 03:16.297","0","0","0","0","2108","0","0","0","N","0","0","0","1","02108","0","","2.0","1945.0","1","N","N","N","0","","0","0","1","","0","Y","","1","0","0","0","0","0","0","2","0","1","","03","","N","","","","","","","","","",""
"2023064964","1814","2","0","0","0","0","0","0","0","0","4","0","","02","7","2023","7","40.430614","-80.061988","1811","11","0","0","0","0","0","0","0","0","","0","0","0","","","0","","1","","40 25:50.212","4","0","80 03:43.158","0","0","0","0","2421","0","0","0","N","0","0","0","3","02421","0","","1.0","1902.0","1","N","N","N","0","","0","0","0","","0","N","","2","0","0","0","0","0","0","2","0","2","","","","N","","","","","","","","","",""
"2023078598","0313","0","0","0","0","0","0","0","0","0","0","0","","02","9","2023","1","40.427983","-80.023673","0301","11","0","0","0","0","0","0","0","0","","0","0","0","","","1","N","0","","40 25:40.739","","0","80 01:25.223","2","0","1","1","2301","0","0","0","N","0","0","0","1","02301","0","","6.0","","1","N","N","N","0","","0","1","0","","0","","","1","1","0","0","0","0","0","2","0","1","","03","","N","","","","","","","","","",""
"2023065471","1904","0","0","0","0","0","0","0","0","0","1","0","","02","7","2023","2","40.395693","-79.997748","1850","11","0","0","0","0","0","2","0","0","","0","0","0","","","0","N","0","","40 23:44.494","","3","79 59:51.893","0","0","0","0","2301","0","0","0","N","0","0","0","3","02301","0","","1.0","","1","N","N","N","1","","0","0","2","","0","","","3","0","0","0","0","0","0","2","0","3","","03","","N","","","","","","","","","",""
"2023073217","2007","2","0","0","0","0","0","0","0","0","4","0","","02","8","2023","6","40.39527","-79.986809","2004","11","0","0","0","0","1","0","0","0","","0","0","0","","","0","N","0","","40 23:42.973","","7","79 59:12.514","0","0","0","0","2301","0","0","0","N","0","0","0","2","02301","0","","1.0","","1","N","N","N","0","","0","0","0","","0","","","2","0","0","0","0","0","0","2","0","2","","03","","N","","","","","","","","","",""
"2023049396","1914","1","0","0","0","0","0","0","0","0","4","0","","02","6","2023","1","40.496072","-80.007819","1906","11","0","0","0","0","0","0","0","0","","0","0","0","","","0","N","1","","40 29:45.859","","0","80 00:28.147","0","0","0","0","2301","0","0","0","N","0","0","0","2","02301","0","","1.0","","1","N","N","N","0","","0","0","1","","0","","","2","0","0","0","0","0","0","2","0","2","","03","","N","","","","","","","","","",""
"2023035130","1219","1","0","0","0","0","0","0","0","0","4","0","","02","4","2023","6","40.419681","-79.928223","1217","11","0","0","0","0","0","1","0","0","","0","0","0","","","0","","2","","40 25:10.853","","0","79 55:41.603","0","0","0","0","2301","0","0","0","N","0","0","0","6","02301","0","","1.0","","1","N","N","N","0","","0","0","1","","0","","","2","0","1","0","0","0","0","2","0","2","","03","","N","","","","","","","","","",""
"2023050224","1414","0","0","0","0","0","0","0","0","0","1","0","","02","5","2023","7","40.42072","-80.031793","1414","11","0","0","0","0","0","1","0","0","","0","0","0","","","1","N","0","","40 25:14.592","","0","80 01:54.454","3","0","0","0","2301","0","0","0","N","0","0","0","2","68B03","0","","1.0","","1","N","N","N","0","","1","0","2","","0","","","2","1","0","0","0","0","1","2","0","2","","","","N","","","","","","","","","",""
"2023049350","1441","2","0","0","0","0","0","0","0","0","5","0","","02","6","2023","1","40.49446","-80.06461","1433","11","0","0","0","0","0","1","0","0","","0","0","0","","","0","Y","0","","40 29:40.057","","0","80 03:52.596","0","0","0","0","2402","0","0","0","N","0","0","0","3","02402","0","","1.0","","1","N","N","N","0","","0","0","0","","0","","","2","0","0","0","0","0","0","2","0","2","","03","","N","","","","","","","","","",""
"2023063560","1750","0","0","0","0","0","0","0","0","0","8","0","","02","7","2023","3","40.468349","-79.824689","1746","11","0","0","0","0","0","0","0","0","","0","0","0","","","1","","2","","40 28:06.057","","0","79 49:28.881","3","0","0","0","2113","1","0","0","N","1","0","0","2","02113","0","","1.0","","1","N","N","N","1","","1","0","0","","2","","","2","1","0","0","0","0","0","2","0","1","","03","","N","","","","","","","","","",""
"2023078380","1556","0","0","0","0","0","0","0","0","0","4","0","","02","9","2023","3","40.333337","-79.984161","1555","11","0","0","0","0","0","0","1","0","","0","0","0","","","2","N","2","","40 20:00.014","4","0","79 59:02.979","8","0","0","0","2454","0","0","0","N","0","0","0","4","02454","0","","1.0","1630.0","1","N","N","N","1","","0","0","1","","2","N","","2","2","0","0","0","2","0","2","0","2","","03","","N","","","","","","","","","",""
"2023064929","0805","0","0","0","0","0","0","0","0","0","7","0","","02","7","2023","1","40.468496","-80.013842","0802","11","0","0","0","0","0","0","0","0","","0","0","0","","","0","","2","","40 28:06.585","","0","80 00:49.831","0","0","0","0","2301","0","0","0","N","0","0","0","0","02301","0","","4.0","","1","N","N","N","0","","0","0","1","","0","","","1","0","0","0","0","0","0","2","0","1","","03","","N","","","","","","","","","",""
"2023038437","0152","1","0","0","0","0","0","0","0","0","7","0","","02","4","2023","6","40.361809","-80.024423","0150","11","0","0","1","0","0","0","0","0","","0","0","0","","","1","","1","","40 21:42.513","","0","80 01:27.923","3","0","0","0","2416","0","0","0","N","0","0","0","1","02416","0","","5.0","","1","N","N","N","0","","1","0","0","","0","","","1","1","0","0","0","0","0","2","0","1","","03","","N","","","","","","","","","",""
"2023037397","1211","1","0","0","0","0","0","0","0","0","7","0","","02","4","2023","6","40.462018","-79.948628","1159","11","0","0","0","0","0","0","0","0","","0","0","0","","","0","","1","","40 27:43.266","","0","79 56:55.061","0","0","0","0","2301","0","0","0","N","0","0","0","1","02301","0","","4.0","","9","N","N","N","0","","0","0","0","","3","","","1","0","0","0","0","0","0","2","0","1","","","","N","","","","","","","","","",""
"2023086685","0814","0","0","0","0","0","0","0","0","0","7","0","","02","1","2023","1","40.403848","-79.882966","0800","11","0","0","0","0","0","0","0","0","","0","0","0","","","0","","2","","40 24:13.853","","3","79 52:58.677","0","0","0","0","2475","0","0","0","N","0","0","0","1","68B03","0","","2.0","","1","N","N","N","0","","0","0","2","","2","","","3","0","0","0","0","0","0","2","1","3","","","","N","","","","","","","","","",""
"2023049217","2323","0","0","0","0","0","0","0","0","0","7","0","","02","6","2023","7","40.442577","-80.029798","2323","11","0","0","0","0","0","0","0","0","","0","0","0","","","0","N","0","","40 26:33.276","2","0","80 01:47.273","0","0","0","0","2301","0","0","0","N","0","0","0","1","02301","0","","3.0","2340.0","1","N","N","N","0","","0","0","1","","0","N","","1","0","0","0","0","0","0","2","0","1","","03","","N","","","","","","","","","",""
"2023086548","1240","0","0","0","0","0","0","0","0","0","4","1","","02","9","2023","4","40.356099","-80.045502","1237","11","0","0","0","0","0","0","1","0","","0","1","0","","","2","","1","","40 21:21.957","4","0","80 02:43.807","3","0","0","0","2109","0","0","0","N","0","0","0","4","02109","0","","1.0","30.0","1","N","N","N","0","","2","0","1","","2","N","","2","2","1","0","0","0","0","2","0","2","","03","","N","","","","","","","","","",""