"CRN","ARRIVAL_TM","AUTOMOBILE_COUNT","BELTED_DEATH_COUNT","BELTED_SUSP_SERIOUS_INJ_COUNT","BICYCLE_COUNT","BICYCLE_DEATH_COUNT","BICYCLE_SUSP_SERIOUS_INJ_COUNT","BUS_COUNT","CHLDPAS_DEATH_COUNT","CHLDPAS_SUSP_SERIOUS_INJ_COUNT","COLLISION_TYPE","COMM_VEH_COUNT","CONS_ZONE_SPD_LIM","COUNTY","CRASH_MONTH","CRASH_YEAR","DAY_OF_WEEK","DEC_LATITUDE","DEC_LONGITUDE","DISPATCH_TM","DISTRICT","DRIVER_COUNT_16YR","DRIVER_COUNT_17YR","DRIVER_COUNT_18YR","DRIVER_COUNT_19YR","DRIVER_COUNT_20YR","DRIVER_COUNT_50_64YR","DRIVER_COUNT_65_74YR","DRIVER_COUNT_75PLUS","EST_HRS_CLOSED","FATAL_COUNT","HEAVY_TRUCK_COUNT","HORSE_BUGGY_COUNT","HOUR_OF_DAY","ILLUMINATION","INJURY_COUNT","INTERSECTION_RELATED","INTERSECT_TYPE","LANE_CLOSED","LATITUDE","LN_CLOSE_DIR","LOCATION_TYPE","LONGITUDE","MAX_SEVERITY_LEVEL","MCYCLE_DEATH_COUNT","MCYCLE_SUSP_SERIOUS_INJ_COUNT","MOTORCYCLE_COUNT","MUNICIPALITY","NONMOTR_COUNT","NONMOTR_DEATH_COUNT","NONMOTR_SUSP_SERIOUS_INJ_COUNT","NTFY_HIWY_MAINT","PED_COUNT","PED_DEATH_COUNT","PED_SUSP_SERIOUS_INJ_COUNT","PERSON_COUNT","POLICE_AGCY","POSSIBLE_INJ_COUNT","RDWY_SURF_TYPE_CD","RELATION_TO_ROAD","ROADWAY_CLEARED","ROAD_CONDITION","SCH_BUS_IND","SCH_ZONE_IND","SECONDARY_CRASH","SMALL_TRUCK_COUNT","SPEC_JURIS_CD","SUSP_MINOR_INJ_COUNT","SUSP_SERIOUS_INJ_COUNT","SUV_COUNT","TCD_FUNC_CD","TCD_TYPE","TFC_DETOUR_IND","TIME_OF_DAY","TOTAL_UNITS","TOT_INJ_COUNT","UNBELTED_OCC_COUNT","UNB_DEATH_COUNT","UNB_SUSP_SERIOUS_INJ_COUNT","UNK_INJ_DEG_COUNT","UNK_INJ_PER_COUNT","URBAN_RURAL","VAN_COUNT","VEHICLE_COUNT","WEATHER1","WEATHER2","WORKERS_PRES","WORK_ZONE_IND","WORK_ZONE_LOC","WORK_ZONE_TYPE","WZ_CLOSE_DETOUR","WZ_FLAGGER","WZ_LAW_OFFCR_IND","WZ_LN_CLOSURE","WZ_MOVING","WZ_OTHER","WZ_SHLDER_MDN","WZ_WORKERS_INJ_KILLED"
"2023062630","1650","1","0","0","0","0","0","0","0","0","0","0","","02","7","2023","7","40.299798","-79.828587","1646","11","0","0","0","0","0","0","0","0","","0","0","0","","","1","N","3","","40 17:59.271","5","0","79 49:42.912","3","0","0","0","2105","0","0","0","N","0","0","0","1","02105","0","","1.0","1737.0","1","N","N","N","0","","1","0","0","","0","Y","","1","1","0","0","0","0","0","1","0","1","","03","","N","","","","","","","","","",""
"2023036433","0840","2","0","0","0","0","0","0","0","0","4","0","","02","4","2023","6","40.35453","-79.97888","0838","11","0","0","0","0","0","0","0","1","","0","0","0","","","0","N","0","","40 21:16.309","2","7","79 58:43.969","9","0","0","0","2476","0","0","0","N","0","0","0","2","02476","0","","1.0","900.0","1","N","N","N","0","","0","0","0","","0","N","","2","0","0","0","0","0","1","2","0","2","","","","N","","","","","","","","","",""
"2023066368","2052","1","0","0","0","0","0","0","0","0","7","0","","02","7","2023","7","40.484916","-80.202112","2048","11","0","0","0","0","0","0","0","0","","0","0","0","","","0","N","0","","40 29:05.697","","0","80 12:07.602","0","0","0","0","2213","0","0","0","N","0","0","0","1","02213","0","","4.0","","9","N","N","N","0","","0","0","0","","0","","","1","0","0","0","0","0","0","2","0","1","","07","","N","","","","","","","","","",""
"2023063831","1100","2","0","0","0","0","0","0","0","0","4","0","","02","7","2023","4","40.446941","-80.012087","1050","11","0","0","0","0","0","0","1","0","","0","0","0","","","0","","2","","40 26:48.988","7","0","80 00:43.513","0","0","0","0","2301","0","0","0","N","0","0","0","2","02301","0","","1.0","1120.0","1","N","N","N","0","","0","0","0","","3","Y","","2","0","0","0","0","0","0","2","0","2","","03","","N","","","","","","","","","",""
"2023077308","0318","0","0","0","0","0","0","0","0","0","7","0","","02","8","2023","1","40.522798","-80.069648","0316","11","0","0","0","0","0","0","0","0","","0","0","0","","","1","","2","","40 31:22.071","2","0","80 04:10.733","4","0","0","0","2215","0","0","0","N","0","0","0","1","02215","1","","5.0","422.0","1","N","N","N","0","","0","0","1","","2","N","","1","1","1","0","0","0","0","2","0","1","","03","","N","","","","","","","","","",""
"2023078238","0518","1","0","0","0","0","0","0","0","0","4","1","","02","9","2023","3","40.537319","-79.838287","0515","11","0","0","0","0","0","0","1","0","","0","1","0","","","0","N","0","","40 32:14.347","","7","79 50:17.832","0","0","0","0","2208","0","0","0","N","0","0","0","2","02208","0","","1.0","","1","N","N","N","0","","0","0","0","","0","","","2","0","0","0","0","0","0","2","0","2","","","","N","","","","","","","","","",""
"2023065109","2000","2","0","0","0","0","0","0","0","0","4","0","","02","7","2023","1","40.467528","-80.026636","1956","11","0","0","0","0","1","1","0","0","","0","0","0","","","1","N","1","","40 28:03.100","1","0","80 01:35.889","3","0","0","0","2301","0","0","0","N","0","0","0","2","02301","0","","1.0","2030.0","1","N","N","N","0","","1","0","0","","0","N","","2","1","0","0","0","0","0","2","0","2","","03","","N","","","","","","","","","",""
"2023066221","1009","1","0","0","0","0","0","0","0","0","1","0","","02","7","2023","4","40.431838","-80.024705","0953","11","0","0","0","0","0","0","0","0","","0","0","0","","","0","N","0","","40 25:54.616","","0","80 01:28.937","0","0","0","0","2301","0","0","0","N","0","0","0","2","68B03","0","","1.0","","1","N","N","N","1","","0","0","0","","0","","","2","0","0","0","0","0","0","2","0","2","","","","N","","","","","","","","","",""
"2023038419","2142","1","0","0","0","0","0","0","0","0","7","0","","02","4","2023","6","40.394897","-80.130003","2142","11","0","0","1","0","0","0","0","0","","0","0","0","","","0","N","0","","40 23:41.628","1","0","80 07:48.011","0","0","0","0","2102","0","0","0","N","0","0","0","2","02102","0","","4.0","2214.0","9","N","N","N","0","","0","0","0","","0","N","","1","0","0","0","0","0","0","2","0","1","","07","","N","","","","","","","","","",""
"2023073072","0902","0","0","0","0","0","0","0","0","0","7","0","","02","8","2023","5","40.357664","-79.99964","0858","11","0","0","0","0","0","0","0","0","","0","0","0","","","1","","1","","40 21:27.592","","0","79 59:58.703","3","0","0","0","2476","0","0","0","N","0","0","0","1","02476","0","","5.0","","1","N","N","N","0","","1","0","1","","0","","","1","1","0","0","0","0","0","2","0","1","","","","N","","","","","","","","","",""
"2023064362","2318","1","0","0","0","0","0","0","0","0","7","0","","02","7","2023","5","40.502742","-79.746102","2316","11","0","0","0","0","1","0","0","0","","0","0","0","","","0","N","0","","40 30:09.872","7","0","79 44:45.968","0","0","0","0","2466","0","0","0","N","0","0","0","1","02466","0","","4.0","1.0","9","N","N","N","0","","0","0","0","","0","N","","1","0","0","0","0","0","0","2","0","1","","07","","N","","","","","","","","","",""
"2023063829","1000","0","0","0","0","0","0","0","0","0","4","0","","02","7","2023","4","40.540254","-80.180406","0957","11","0","0","0","0","0","0","1","0","","0","0","0","","","0","","1","","40 32:24.916","3","0","80 10:49.462","0","0","0","0","2458","0","0","0","N","0","0","0","2","02458","0","","1.0","1018.0","1","N","N","N","0","","0","0","1","","2","N","","2","0","0","0","0","0","0","2","1","2","","03","","N","","","","","","","","","",""
"2023065874","1416","1","0","0","0","0","0","0","0","0","4","0","","02","7","2023","2","40.398521","-80.027009","1415","11","0","0","0","0","0","0","0","0","","0","0","0","","","0","N","0","","40 23:54.674","","7","80 01:37.232","0","0","0","0","2301","0","0","0","N","0","0","0","2","02301","0","","1.0","","1","N","N","N","0","","0","0","1","","0","","","2","0","0","0","0","0","0","2","0","2","","","","N","","","","","","","","","",""
"2023081620","1249","1","0","0","0","0","0","0","0","0","7","0","","02","8","2023","4","40.435646","-79.977847","1215","11","0","0","0","0","0","0","1","0","","0","0","0","","","0","N","0","","40 26:08.327","4","0","79 58:40.248","0","0","0","0","2301","0","0","0","N","0","0","0","2","68B03","0","","3.0","30.0","1","N","N","N","0","","0","0","0","","0","N","","1","0","0","0","0","0","0","2","0","1","","03","","N","","","","","","","","","",""
"2023072604","2044","1","0","0","0","0","0","0","0","0","2","0","","02","8","2023","4","40.606691","-79.947254","2043","11","0","0","1","0","0","0","0","0","","0","0","0","","","1","N","0","","40 36:24.089","1","0","79 56:50.116","8","0","0","0","2207","0","0","0","N","0","0","0","5","02207","0","","1.0","2125.0","1","N","N","N","0","","0","0","1","","0","N","","2","1","0","0","0","1","0","2","0","2","","","","N","","","","","","","","","",""
"2023077881","1857","2","0","0","0","0","0","0","0","0","4","0","","02","8","2023","5","40.355171","-79.83524","1854","11","0","0","1","0","0","0","0","0","","0","0","0","","","0","N","1","","40 21:18.617","","0","79 50:06.865","0","0","0","0","2304","0","0","0","N","0","0","0","5","02304","0","","1.0","","1","N","N","N","0","","0","0","0","","2","","","2","0","0","0","0","0","0","2","0","2","","","","N","","","","","","","","","",""
"2023077647","1153","1","0","0","0","0","0","0","0","0","2","0","","02","9","2023","7","40.380716","-79.999731","1144","11","0","0","0","0","0","0","0","0","","0","0","0","","","3","N","2","","40 22:50.579","","0","79 59:59.031","3","0","0","0","2301","0","0","0","N","0","0","0","8","02301","0","","1.0","","1","N","N","N","0","","3","0","1","","0","","","2","3","0","0","0","0","0","2","0","2","","03","","N","","","","","","","","","",""
"2023069806","1554","0","0","0","0","0","0","0","0","0","7","0","","02","7","2023","4","40.56656","-80.212544","1552","11","0","0","0","0","0","0","0","0","","0","0","0","","","0","","2","","40 33:59.616","1","0","80 12:45.160","0","0","0","0","2441","0","0","0","N","0","0","0","1","02441","0","","2.0","1645.0","1","N","N","N","0","","0","0","0","","3","N","","1","0","0","0","0","0","0","2","1","1","","03","","N","","","","","","","","","",""
"2023064479","1605","2","0","0","0","0","0","0","0","0","4","0","","02","7","2023","2","40.507188","-79.946214","1605","11","0","0","0","0","0","1","0","0","","0","0","0","","","2","N","0","","40 30:25.878","2","7","79 56:46.370","3","0","0","0","2430","0","0","0","N","0","0","0","2","02430","0","","1.0","1640.0","1","N","N","N","0","","2","0","0","","0","N","","2","2","0","0","0","0","0","2","0","2","","","","N","","","","","","","","","",""
"2023086804","1037","1","0","0","0","0","0","0","0","0","1","0","","02","9","2023","7","40.60997","-80.05329","1035","11","0","0","0","0","0","0","1","0","","0","0","0","","","0","Y","0","","40 36:35.893","","0","80 03:11.845","0","0","0","0","2108","0","0","0","N","0","0","0","5","02108","0","","1.0","","1","N","N","N","0","","0","0","1","","0","","","2","0","0","0","0","0","0","2","0","2","","","","N","","","","","","","","","",""
"2023088552","0704","1","0","0","0","0","0","0","0","0","4","0","","02","9","2023","2","40.469475","-80.170286","0659","11","1","1","0","0","0","0","0","0","","0","0","0","","","0","N","0","","40 28:10.110","6","0","80 10:13.030","0","0","0","0","2213","0","0","0","N","0","0","0","2","02213","0","","1.0","820.0","9","N","N","N","1","","0","0","0","","0","N","","2","0","0","0","0","0","0","2","0","2","","07","","N","","","","","","","","","",""
"2023088819","1553","0","0","0","0","0","0","0","0","0","1","0","","02","10","2023","3","40.443344","-80.161304","1551","11","0","0","0","0","0","0","0","0","","0","0","0","","","0","N","0","","40 26:36.039","","0","80 09:40.693","0","0","0","0","2115","0","0","0","N","0","0","0","2","68B03","0","","1.0","","1","N","N","N","1","","0","0","0","","0","","","2","0","0","0","0","0","0","2","1","2","","","","N","","","","","","","","","",""
"2023064482","1701","1","0","0","0","0","0","0","0","0","4","0","","02","7","2023","5","40.380519","-79.911683","1652","11","0","0","1","0","0","0","1","0","","0","0","0","","","0","","2","","40 22:49.870","","0","79 54:42.057","0","0","0","0","2448","0","0","0","N","0","0","0","3","02448","0","","1.0","","1","N","N","N","0","","0","0","1","","3","","","2","0","0","0","0","0","0","2","0","2","","03","","N","","","","","","","","","",""
"2023063491","1146","0","0","0","0","0","0","0","0","0","0","0","","02","7","2023","3","40.355008","-80.049711","1146","11","0","0","0","0","0","0","0","0","","0","0","0","","","0","N","0","","40 21:18.030","","0","80 02:58.960","0","0","0","0","2109","0","0","0","N","0","0","0","1","02109","0","","1.0","","1","N","N","N","0","","0","0","0","","0","","","1","0","0","0","0","0","0","2","1","1","","","","N","","","","","","","","","",""
"2023067099","0610","0","0","0","0","0","0","0","0","0","7","0","","02","7","2023","4","40.39395","-79.786538","0604","11","0","0","0","0","0","1","0","0","","0","0","0","","","0","Y","0","","40 23:38.219","4","0","79 47:11.535","0","0","0","0","2470","0","0","0","N","0","0","0","1","02424","0","","4.0","1000.0","1","N","N","N","0","","0","0","1","","0","N","","1","0","0","0","0","0","0","2","0","1","","","","N","","","","","","","","","",""
"2023079624","2346","0","0","0","0","0","0","0","0","0","0","0","","02","9","2023","4","40.439086","-80.073656","2345","11","0","0","0","0","0","0","0","0","","0","0","0","","","1","N","0","","40 26:20.710","4","0","80 04:25.162","8","0","0","1","2421","0","0","0","N","0","0","0","2","02421","0","","1.0","6.0","1","N","N","N","0","","0","0","0","","0","N","","1","1","0","0","0","1","0","2","0","1","","03","","N","","","","","","","","","",""
"2023064093","1507","0","0","0","0","0","0","0","0","0","7","0","","02","7","2023","4","40.560312","-79.969992","1507","11","0","0","0","0","0","0","0","1","","0","0","0","","","1","N","0","","40 33:37.123","5","0","79 58:11.971","3","0","0","0","2207","0","0","0","N","0","0","0","1","02207","0","","4.0","1604.0","1","N","N","N","0","","1","0","1","","0","Y","","1","1","0","0","0","0","0","2","0","1","","03","","N","","","","","","","","","",""
"2023077753","1846","1","0","0","0","0","0","0","0","0","7","0","","02","7","2023","1","40.575946","-80.093462","1833","11","0","0","0","0","0","0","0","0","","0","0","0","","","1","N","0","","40 34:33.404","","0","80 05:36.464","3","0","0","0","2481","0","0","0","N","0","0","0","2","68B03","0","","2.0","","9","N","N","N","0","","1","0","0","","0","","","1","1","0","0","0","0","0","2","0","1","","07","","N","","","","","","","","","",""
"2023072982","0756","0","0","0","0","0","0","0","0","0","7","0","","02","8","2023","6","40.43184","-80.052761","0749","11","0","0","0","0","0","0","0","0","","0","0","0","","","0","N","0","","40 25:54.623","4","0","80 03:09.938","0","0","0","0","2301","0","0","0","N","0","0","0","1","02301","0","","4.0","815.0","1","N","N","N","0","","0","0","1","","0","N","","1","0","0","0","0","0","0","2","0","1","","04","","N","","","","","","","","","",""
"2023077984","0641","0","0","0","0","0","0","0","0","0","1","0","","02","9","2023","2","40.455331","-79.844528","0637","11","0","0","0","0","0","0","0","0","","0","0","0","","","2","N","0","","40 27:19.190","2","0","79 50:40.300","3","0","0","0","2113","0","0","0","N","0","0","0","2","02113","0","","2.0","708.0","1","N","N","N","0","","2","0","2","","0","N","","2","2","0","0","0","0","0","2","0","2","","03","","N","","","","","","","","","",""
"2023077843","1534","1","0","0","0","0","0","0","0","0","8","0","","02","8","2023","7","40.623225","-79.945674","1531","11","0","0","0","0","0","0","1","0","","0","0","0","","","1","N","0","","40 37:23.610","","7","79 56:44.428","4","0","0","0","2217","1","0","0","N","1","0","0","2","02505","1","","1.0","","1","N","N","N","0","","0","0","0","","0","","","2","1","0","0","0","0","0","2","0","1","","","","N","","","","","","","","","",""
"2023078467","1802","0","0","0","0","0","0","0","0","0","7","1","45","02","8","2023","3","40.560808","-80.114632","1753","11","0","0","0","0","0","0","0","0","","0","1","0","","","0","N","0","","40 33:38.909","1","0","80 06:52.676","0","0","0","0","2460","0","0","0","Y","0","0","0","1","68B03","0","","2.0","100.0","1","N","N","N","0","","0","0","0","","8","Y","","1","0","0","0","0","0","0","2","0","1","","","N","Y","4","1","","","N","Y","Y","","Y","N"
"2023064056","0100","1","0","0","0","0","0","0","0","0","7","0","","02","7","2023","5","40.412729","-79.938516","0055","11","0","0","0","0","0","0","0","0","","0","0","0","","","1","N","0","","40 24:45.824","7","0","79 56:18.659","4","0","0","0","2301","0","0","0","N","0","0","0","1","02301","1","","4.0","140.0","1","N","N","N","0","","0","0","0","","0","N","","1","1","0","0","0","0","0","2","0","1","","","","N","","","","","","","","","",""
"2023072506","1659","1","0","0","0","0","0","0","0","0","1","0","","02","8","2023","4","40.339804","-79.811019","1656","11","0","0","0","0","0","0","1","1","","0","0","0","","","1","Y","0","","40 20:23.296","3","0","79 48:39.668","3","0","0","0","2477","0","0","0","N","0","0","0","2","02477","0","","1.0","1727.0","1","N","N","N","0","","1","0","1","","0","N","","2","1","0","0","0","0","0","2","0","2","","04","","N","","","","","","","","","",""
"2023063950","1702","2","0","0","0","0","0","0","0","0","4","0","","02","7","2023","4","40.456683","-80.000069","1702","11","0","0","0","0","0","1","0","0","","0","0","0","","","0","","1","","40 27:24.058","2","0","80 00:00.250","0","0","0","0","2301","0","0","0","N","0","0","0","3","02301","0","","1.0","1750.0","1","N","N","Y","0","","0","0","1","","2","N","","3","0","0","0","0","0","0","2","0","3","","03","","N","","","","","","","","","",""
"2023065136","2344","0","0","1","0","0","0","0","0","0","4","0","","02","7","2023","1","40.3476","-79.832514","2341","11","1","0","0","0","0","1","0","0","","0","0","0","","","3","","1","","40 20:51.359","7","0","79 49:57.051","2","0","0","0","2304","0","0","0","N","0","0","0","5","02304","0","","1.0","32.0","1","N","N","N","1","","1","2","1","","2","Y","","2","3","1","0","1","0","0","2","0","2","","03","","N","","","","","","","","","",""
"2023063040","1543","0","0","0","0","0","0","0","0","0","4","0","","02","7","2023","2","40.350079","-79.894133","1540","11","0","0","0","0","0","0","0","0","","0","0","0","","","0","","2","","40 21:00.286","5","0","79 53:38.877","0","0","0","0","2423","0","0","0","N","0","0","0","4","02304","0","","1.0","1602.0","9","N","N","N","0","","0","0","2","","2","N","","2","0","0","0","0","0","0","2","0","2","","07","","N","","","","","","","","","",""
"2023083646","0930","1","0","0","0","0","0","0","0","0","1","1","","02","9","2023","6","40.337674","-79.80806","0924","11","0","0","0","0","0","0","0","0","","0","1","0","","","1","N","0","","40 20:15.627","","0","79 48:29.016","3","0","0","0","2477","0","0","0","N","0","0","0","3","02477","0","","1.0","","1","N","N","Y","0","","1","0","0","","2","","","3","1","0","0","0","0","0","2","1","3","","03","","N","","","","","","","","","",""
"2023088024","1352","1","0","0","0","0","0","0","0","0","7","0","","02","9","2023","1","40.427957","-79.948531","1336","11","0","0","0","0","0","0","0","0","","0","0","0","","","0","N","0","","40 25:40.646","3","0","79 56:54.711","0","0","0","0","2301","0","0","0","N","0","0","0","1","68B03","0","","4.0","1415.0","9","N","N","N","0","","0","0","0","","0","N","","1","0","0","0","0","0","0","2","0","1","","","","N","","","","","","","","","",""
"2023078784","1946","0","0","0","0","0","0","0","0","0","7","0","","02","8","2023","3","40.38301","-80.038868","1943","11","0","0","0","0","0","0","0","0","","0","0","0","","","0","N","0","","40 22:58.837","6","0","80 02:19.924","0","0","0","0","2109","0","0","0","N","0","0","0","1","02109","0","","5.0","2020.0","1","N","N","N","0","","0","0","1","","0","Y","","1","0","1","0","0","0","0","2","0","1","","","","N","","","","","","","","","",""
"2023062899","0204","1","0","0","0","0","0","0","0","0","7","0","","02","7","2023","2","40.465988","-80.010211","0202","11","0","0","0","0","0","0","0","0","","0","0","0","","","0","N","0","","40 27:57.556","","0","80 00:36.760","9","0","0","0","2301","0","0","0","N","0","0","0","1","02301","0","","4.0","","1","N","N","N","0","","0","0","0","","0","","","1","0","0","0","0","0","1","2","0","1","","03","","N","","","","","","","","","",""
"2023063644","2049","0","0","0","0","0","0","0","0","0","7","0","","02","7","2023","2","40.544783","-79.919265","2048","11","0","0","0","0","0","0","0","0","","0","0","0","","","0","N","0","","40 32:41.217","","0","79 55:09.354","0","0","0","0","2209","0","0","0","N","0","0","0","1","02209","0","","4.0","","1","N","N","N","0","","0","0","1","","0","","","1","0","0","0","0","0","0","2","0","1","","03","","N","","","","","","","","","",""
"2023065648","2002","0","0","0","0","0","0","0","0","0","4","0","","02","7","2023","5","40.448678","-80.002288","1935","11","0","0","0","0","0","0","0","0","","0","0","0","","","3","","1","","40 26:55.242","7","0","80 00:08.236","2","0","0","0","2301","0","0","0","N","0","0","0","3","02301","0","","1.0","2153.0","1","N","N","N","0","","2","1","2","","2","Y","","2","3","2","0","1","0","0","2","0","2","","","","N","","","","","","","","","",""
"2023066018","1714","1","0","0","0","0","0","0","0","0","4","0","","02","7","2023","3","40.359669","-80.12174","1708","11","0","0","0","0","0","0","0","0","","0","0","0","","","0","","2","","40 21:34.810","3","7","80 07:18.264","0","0","0","0","2119","0","0","0","N","0","0","0","2","02119","0","","1.0","1743.0","1","N","N","N","0","","0","0","1","","3","N","","2","0","0","0","0","0","0","2","0","2","","03","","N","","","","","","","","","",""
"2023078129","1700","1","0","0","0","0","0","0","0","0","1","0","","02","9","2023","2","40.488878","-79.901295","1652","11","0","0","0","0","0","0","0","0","","0","0","0","","","0","N","0","","40 29:19.959","7","0","79 54:04.662","0","0","0","0","2112","0","0","0","N","0","0","0","1","02112","0","","2.0","1800.0","1","N","N","N","1","","0","0","0","","0","N","","2","0","0","0","0","0","0","2","0","2","","","","N","","","","","","","","","",""
"2023078218","2209","0","0","0","0","0","0","0","0","0","7","0","","02","8","2023","7","40.339314","-79.995654","2205","11","0","0","0","0","0","0","0","0","","0","0","0","","","1","N","0","","40 20:21.529","6","0","79 59:44.353","3","0","0","0","2403","0","0","0","N","0","0","0","1","02403","0","","5.0","2328.0","1","N","N","N","0","","1","0","1","","0","N","","1","1","0","0","0","0","0","2","0","1","","","","N","","","","","","","","","",""
"2023072024","0932","1","0","0","0","0","0","0","0","0","0","0","","02","8","2023","3","40.415667","-79.977361","0920","11","0","0","0","0","0","0","0","0","","0","0","0","","","0","N","0","","40 24:56.400","","0","79 58:38.500","0","0","0","0","2301","0","0","0","N","0","0","0","1","02301","0","","1.0","","1","N","N","N","0","","0","0","0","","0","","","1","0","0","0","0","0","0","2","0","1","","03","","N","","","","","","","","","",""
"2023085268","1013","2","0","0","0","0","0","0","0","0","4","0","","02","9","2023","2","40.600223","-80.098704","1004","11","0","0","0","0","0","0","0","2","","0","0","0","","","0","N","2","","40 36:00.802","2","0","80 05:55.335","0","0","0","0","2481","0","0","0","N","0","0","0","2","02481","0","","1.0","1028.0","1","N","N","N","0","","0","0","0","","3","N","","2","0","0","0","0","0","0","2","0","2","","","","N","","","","","","","","","",""
"2023064035","0412","0","0","0","0","0","0","0","0","0","7","0","","02","7","2023","2","40.430972","-79.787028","0412","11","0","0","0","0","0","0","0","0","","0","0","0","","","0","N","0","","40 25:51.500","","0","79 47:13.300","0","0","0","0","2446","0","0","0","N","0","0","0","1","02446","0","","4.0","","1","N","N","N","1","","0","0","0","","0","","","1","0","1","0","0","0","0","2","0","1","","03","","N","","","","","","","","","",""
"2023065857","0411","2","0","0","0","0","0","0","0","0","4","0","","02","7","2023","2","40.424739","-80.011619","0405","11","0","0","0","0","0","0","0","0","","0","0","0","","","0","N","0","","40 25:29.061","6","0","80 00:41.829","9","0","0","0","2301","0","0","0","N","0","0","0","2","02301","0","","6.0","500.0","1","N","N","N","0","","0","0","2","","0","Y","","4","0","0","0","0","0","1","2","0","4","","03","","N","","","","","","","","","",""
"2023065662","1720","0","0","0","0","0","0","0","0","0","1","0","","02","7","2023","5","40.41213","-79.955633","1713","11","0","0","0","0","0","1","0","0","","0","0","0","","","0","N","0","","40 24:43.667","","0","79 57:20.278","0","0","0","0","2301","0","0","0","N","0","0","0","2","02301","0","","1.0","","1","N","N","N","0","","0","0","1","","0","N","","2","0","0","0","0","0","0","2","1","2","","03","","N","","","","","","","","","",""
"2023063273","1837","1","0","0","0","0","0","0","0","0","7","0","","02","7","2023","2","40.658663","-79.894709","1825","11","1","0","0","0","0","0","0","0","","0","0","0","","","2","N","0","","40 39:31.187","6","0","79 53:40.952","3","0","0","0","2220","0","0","0","N","0","0","0","2","02220","0","","4.0","1920.0","9","N","N","N","0","","2","0","0","","0","N","","1","2","0","0","0","0","0","1","0","1","","07","","N","","","","","","","","","",""
"2023063667","0503","1","0","0","0","0","0","0","0","0","5","0","","02","7","2023","4","40.456963","-80.062734","0457","11","0","0","0","0","0","0","0","0","","0","0","0","","","1","N","0","","40 27:25.068","","0","80 03:45.844","2","0","0","0","2301","0","0","0","N","0","0","0","2","02301","0","","6.0","","1","N","N","Y","0","","0","1","1","","3","","","2","1","2","0","1","0","1","2","0","2","","","","N","","","","","","","","","",""
"2023063641","2046","1","0","0","0","0","0","0","0","0","7","0","","02","7","2023","2","40.479757","-79.96595","2038","11","0","0","0","1","0","0","0","0","","0","0","0","","","1","","7","","40 28:47.125","","2","79 57:57.419","4","0","0","0","2118","0","0","0","N","0","0","0","2","02118","1","","3.0","","1","N","N","N","0","","0","0","0","","0","","","1","1","1","0","0","0","0","2","0","1","","","","N","","","","","","","","","",""
"2023063294","0651","1","0","0","0","0","0","0","0","0","7","0","","02","7","2023","2","40.501281","-80.018048","0640","11","0","0","0","0","0","0","0","0","","0","0","0","","","0","N","0","","40 30:04.612","","0","80 01:04.974","9","0","0","0","2116","0","0","0","N","0","0","0","1","02116","0","","4.0","","1","N","N","N","0","","0","0","0","","0","","","1","0","0","0","0","0","1","2","0","1","","03","","N","","","","","","","","","",""
"2023088804","0744","1","0","0","0","0","0","0","0","0","1","0","","02","9","2023","2","40.442328","-79.856851","0707","11","0","0","0","1","0","0","1","0","","0","0","0","","","1","N","0","","40 26:32.379","","0","79 51:24.665","3","0","0","0","2419","0","0","0","N","0","0","0","2","68B03","0","","1.0","","1","N","N","N","0","","1","0","1","","0","","","2","1","0","0","0","0","0","2","0","2","","03","","N","","","","","","","","","",""
"2023065243","0045","2","0","0","0","0","0","0","0","0","1","0","","02","7","2023","2","40.468841","-79.916872","0021","11","0","0","0","0","0","0","0","0","","0","0","0","","","0","N","0","","40 28:07.827","","0","79 55:00.740","9","0","0","0","2301","0","0","0","N","0","0","0","1","02301","0","","6.0","","1","N","N","N","0","","0","0","0","","0","","","2","0","0","0","0","0","1","2","0","2","","","","N","","","","","","","","","",""
"2023078548","0640","1","0","0","0","0","0","0","0","0","7","0","","02","7","2023","1","40.538455","-80.123178","0602","11","0","0","0","0","0","0","0","0","","0","0","0","","","0","N","0","","40 32:18.438","","0","80 07:23.439","0","0","0","0","2460","0","0","0","Y","0","0","0","1","68B03","0","","2.0","","1","N","N","N","0","","0","0","0","","0","","","1","0","0","0","0","0","0","2","0","1","","03","","N","","","","","","","","","",""
"2023066374","1736","1","0","0","0","0","0","0","0","0","4","0","","02","7","2023","6","40.506945","-80.223328","1733","11","0","0","0","1","0","1","0","0","","0","0","0","","","0","N","0","","40 30:25.001","2","7","80 13:23.981","0","0","0","0","2213","0","0","0","N","0","0","0","2","02213","0","","1.0","1804.0","1","N","N","N","1","","0","0","0","","0","N","","2","0","0","0","0","0","0","2","0","2","","","","N","","","","","","","","","",""
"2023065596","1255","1","0","0","0","0","0","0","0","0","4","0","","02","7","2023","2","40.347669","-79.946744","1253","11","0","0","0","0","0","1","0","1","","0","0","0","","","1","","2","","40 20:51.607","","7","79 56:48.279","3","0","0","0","2473","0","0","0","N","0","0","0","3","02473","0","","1.0","","1","N","N","N","0","","1","0","1","","0","","","2","1","0","0","0","0","0","2","0","2","","03","","N","","","","","","","","","",""