"CRN","ARRIVAL_TM","AUTOMOBILE_COUNT","BELTED_DEATH_COUNT","BELTED_SUSP_SERIOUS_INJ_COUNT","BICYCLE_COUNT","BICYCLE_DEATH_COUNT","BICYCLE_SUSP_SERIOUS_INJ_COUNT","BUS_COUNT","CHLDPAS_DEATH_COUNT","CHLDPAS_SUSP_SERIOUS_INJ_COUNT","COLLISION_TYPE","COMM_VEH_COUNT","CONS_ZONE_SPD_LIM","COUNTY","CRASH_MONTH","CRASH_YEAR","DAY_OF_WEEK","DEC_LATITUDE","DEC_LONGITUDE","DISPATCH_TM","DISTRICT","DRIVER_COUNT_16YR","DRIVER_COUNT_17YR","DRIVER_COUNT_18YR","DRIVER_COUNT_19YR","DRIVER_COUNT_20YR","DRIVER_COUNT_50_64YR","DRIVER_COUNT_65_74YR","DRIVER_COUNT_75PLUS","EST_HRS_CLOSED","FATAL_COUNT","HEAVY_TRUCK_COUNT","HORSE_BUGGY_COUNT","HOUR_OF_DAY","ILLUMINATION","INJURY_COUNT","INTERSECTION_RELATED","INTERSECT_TYPE","LANE_CLOSED","LATITUDE","LN_CLOSE_DIR","LOCATION_TYPE","LONGITUDE","MAX_SEVERITY_LEVEL","MCYCLE_DEATH_COUNT","MCYCLE_SUSP_SERIOUS_INJ_COUNT","MOTORCYCLE_COUNT","MUNICIPALITY","NONMOTR_COUNT","NONMOTR_DEATH_COUNT","NONMOTR_SUSP_SERIOUS_INJ_COUNT","NTFY_HIWY_MAINT","PED_COUNT","PED_DEATH_COUNT","PED_SUSP_SERIOUS_INJ_COUNT","PERSON_COUNT","POLICE_AGCY","POSSIBLE_INJ_COUNT","RDWY_SURF_TYPE_CD","RELATION_TO_ROAD","ROADWAY_CLEARED","ROAD_CONDITION","SCH_BUS_IND","SCH_ZONE_IND","SECONDARY_CRASH","SMALL_TRUCK_COUNT","SPEC_JURIS_CD","SUSP_MINOR_INJ_COUNT","SUSP_SERIOUS_INJ_COUNT","SUV_COUNT","TCD_FUNC_CD","TCD_TYPE","TFC_DETOUR_IND","TIME_OF_DAY","TOTAL_UNITS","TOT_INJ_COUNT","UNBELTED_OCC_COUNT","UNB_DEATH_COUNT","UNB_SUSP_SERIOUS_INJ_COUNT","UNK_INJ_DEG_COUNT","UNK_INJ_PER_COUNT","URBAN_RURAL","VAN_COUNT","VEHICLE_COUNT","WEATHER1","WEATHER2","WORKERS_PRES","WORK_ZONE_IND","WORK_ZONE_LOC","WORK_ZONE_TYPE","WZ_CLOSE_DETOUR","WZ_FLAGGER","WZ_LAW_OFFCR_IND","WZ_LN_CLOSURE","WZ_MOVING","WZ_OTHER","WZ_SHLDER_MDN","WZ_WORKERS_INJ_KILLED"
"2023066186","0009","1","0","0","0","0","0","0","0","0","7","0","","02","7","2023","1","40.394718","-79.940638","2358","11","0","0","0","0","0","0","0","0","","0","0","0","","","0","N","0","","40 23:40.985","1","0","79 56:26.297","0","0","0","0","2403","0","0","0","N","0","0","0","2","02403","0","","2.0","54.0","1","N","N","N","0","","0","0","0","","0","N","","1","0","1","0","0","0","0","2","0","1","","","","N","","","","","","","","","",""
"2023077679","1513","0","0","0","1","0","0","0","0","0","8","0","","02","8","2023","4","40.517937","-79.97126","1509","11","0","0","0","0","0","0","0","0","","0","0","0","","","1","","2","","40 31:04.573","2","0","79 58:16.536","4","0","0","0","2118","1","0","0","N","0","0","0","2","02118","1","","1.0","1530.0","1","N","N","N","0","","0","0","1","","3","N","","2","1","0","0","0","0","0","2","0","1","","03","","N","","","","","","","","","",""
"2023079178","1902","1","0","0","0","0","0","0","0","0","7","0","","02","9","2023","4","40.361193","-79.982573","1858","11","0","0","0","0","0","0","0","0","","0","0","0","","","0","N","0","","40 21:40.296","","0","79 58:57.264","0","0","0","0","2476","0","0","0","N","0","0","0","1","02476","0","","4.0","","1","N","N","N","0","","0","0","0","","0","","","1","0","0","0","0","0","0","2","0","1","","03","","N","","","","","","","","","",""
"2023087682","1247","0","0","0","0","0","0","0","0","0","4","0","","02","9","2023","4","40.438642","-80.071136","1244","11","0","0","0","0","0","0","0","1","","0","0","0","","","0","N","0","","40 26:19.111","3","0","80 04:16.091","0","0","0","0","2421","0","0","0","N","0","0","0","2","02421","0","","1.0","1330.0","1","N","N","N","0","","0","0","2","","0","N","","2","0","0","0","0","0","0","2","0","2","","","","N","","","","","","","","","",""
"2023067051","0705","1","0","1","0","0","0","0","0","0","7","0","","02","7","2023","7","40.374465","-79.874225","0657","11","0","0","0","1","0","0","0","0","","0","0","0","","","1","N","0","","40 22:28.074","5","0","79 52:27.211","2","0","0","0","2473","0","0","0","Y","0","0","0","1","02473","0","","4.0","800.0","1","N","N","N","0","","0","1","0","","0","Y","","1","1","0","0","0","0","0","2","0","1","","03","","N","","","","","","","","","",""
"2023064760","1250","2","0","0","0","0","0","0","0","0","1","0","","02","7","2023","7","40.379524","-79.993808","1240","11","0","0","0","0","1","0","0","1","","0","0","0","","","0","N","0","","40 22:46.287","","0","79 59:37.707","0","0","0","0","2301","0","0","0","N","0","0","0","3","02301","0","","1.0","","1","N","N","N","0","","0","0","1","","0","","","3","0","0","0","0","0","0","2","0","3","","03","","N","","","","","","","","","",""
"2023064561","2244","1","0","0","0","0","0","0","0","0","7","0","","02","7","2023","5","40.44445","-80.028548","2241","11","0","0","0","0","0","0","0","0","","0","0","0","","","0","","3","","40 26:40.021","4","0","80 01:42.772","0","0","0","0","2301","0","0","0","N","0","0","0","1","02301","0","","3.0","2320.0","9","N","N","N","0","","0","0","0","","0","Y","","1","0","0","0","0","0","0","2","0","1","","","","N","","","","","","","","","",""
"2023077099","1247","0","0","0","0","0","0","0","0","0","4","1","","02","8","2023","5","40.408108","-79.945914","1237","11","0","0","0","0","0","0","0","0","","0","1","0","","","0","","2","","40 24:29.188","","0","79 56:45.289","0","0","0","0","2301","0","0","0","N","0","0","0","1","02301","0","","1.0","","1","N","N","N","0","","0","0","1","","3","","","2","0","0","0","0","0","0","2","0","2","","","","N","","","","","","","","","",""
"2023064966","1522","1","0","0","0","0","0","0","0","0","1","0","","02","7","2023","1","40.454058","-79.995526","1509","11","0","0","0","0","0","0","0","0","","0","0","0","","","0","N","0","","40 27:14.608","","2","79 59:43.892","0","0","0","0","2301","0","0","0","N","0","0","0","5","02301","0","","1.0","","1","N","N","N","0","","0","0","0","","0","","","2","0","0","0","0","0","0","2","1","2","","03","","N","","","","","","","","","",""
"2023063279","2135","1","0","0","0","0","0","0","0","0","4","0","","02","7","2023","2","40.44442","-79.954776","2127","11","0","0","0","0","0","0","0","0","","0","0","0","","","0","","1","","40 26:39.913","2","0","79 57:17.195","0","0","0","0","2301","0","0","0","N","0","0","0","5","02301","0","","1.0","2200.0","1","N","N","N","0","","0","0","1","","2","N","","2","0","0","0","0","0","0","2","0","2","","03","","N","","","","","","","","","",""
"2023066905","2045","2","0","0","0","0","0","0","0","0","4","0","","02","7","2023","2","40.407261","-79.889949","2040","11","0","0","0","0","0","1","0","0","","0","0","0","","","0","","2","","40 24:26.141","3","0","79 53:23.818","0","0","0","0","2448","0","0","0","N","0","0","0","2","02448","0","","1.0","2100.0","1","N","N","N","0","","0","0","0","","2","Y","","2","0","2","0","0","0","0","2","0","2","","","","N","","","","","","","","","",""
"2023077620","1330","1","0","0","0","0","0","0","0","0","4","0","","02","8","2023","5","40.474378","-79.959546","1312","11","0","0","0","0","0","0","0","0","","0","0","0","","","0","","1","","40 28:27.760","","0","79 57:34.365","0","0","0","0","2301","0","0","0","N","0","0","0","2","02301","0","","1.0","","1","N","N","N","0","","0","0","1","","3","N","","2","0","1","0","0","0","0","2","0","2","","03","","N","","","","","","","","","",""
"2023072271","1155","2","0","0","0","0","0","0","0","0","6","0","","02","8","2023","3","40.358599","-79.813355","1155","11","0","0","0","0","0","0","0","1","","0","0","0","","","0","N","0","","40 21:30.958","6","0","79 48:48.078","0","0","0","0","2477","0","0","0","N","0","0","0","1","02477","0","","6.0","1210.0","1","N","N","N","0","","0","0","0","","0","N","","2","0","0","0","0","0","0","2","0","2","","03","","N","","","","","","","","","",""
"2023072076","1428","0","0","0","0","0","0","0","0","0","1","0","","02","8","2023","3","40.393266","-80.065687","1422","11","0","0","0","0","0","0","1","1","","0","0","0","","","0","","3","","40 23:35.759","","0","80 03:56.474","9","0","0","0","2117","0","0","0","N","0","0","0","2","02117","0","","1.0","","1","N","N","N","0","","0","0","2","","2","","","2","0","1","0","0","0","1","2","0","2","","03","","N","","","","","","","","","",""
"2023077985","0115","2","0","0","0","0","0","0","0","0","4","0","","02","9","2023","7","40.451778","-80.025553","0111","11","0","0","0","0","0","0","0","0","","0","0","0","","","0","N","1","","40 27:06.399","","0","80 01:31.991","0","0","0","0","2301","0","0","0","N","0","0","0","2","02301","0","","1.0","","1","N","N","N","0","","0","0","1","","0","","","3","0","0","0","0","0","0","2","0","3","","03","","N","","","","","","","","","",""
"2023086960","0100","1","0","0","0","0","0","0","0","0","7","0","","02","4","2023","2","40.425733","-79.901716","0058","11","0","0","0","0","0","0","0","0","","0","0","0","","","0","N","0","","40 25:32.639","","0","79 54:06.179","9","0","0","0","2301","0","0","0","N","0","0","0","1","68B03","0","","2.0","","1","N","N","N","0","","0","0","0","","0","","","1","0","0","0","0","0","1","2","0","1","","","","N","","","","","","","","","",""
"2023069631","0243","1","0","0","0","0","0","0","0","0","4","0","","02","7","2023","5","40.389439","-79.992711","0235","11","0","0","0","0","0","0","0","0","","0","0","0","","","0","","1","","40 23:21.980","","0","79 59:33.761","0","0","0","0","2301","0","0","0","N","0","0","0","1","02301","0","","6.0","","1","N","N","N","0","","0","0","2","","0","","","3","0","0","0","0","0","0","2","0","3","","03","","N","","","","","","","","","",""
"2023063841","1136","1","0","0","0","0","0","0","0","0","2","0","","02","7","2023","4","40.517579","-80.035632","1134","11","0","0","0","0","0","0","0","0","","0","0","0","","","0","N","0","","40 31:03.286","","0","80 02:08.274","0","0","0","0","2474","0","0","0","N","0","0","0","2","02474","0","","1.0","","1","N","N","N","1","","0","0","0","","0","","","2","0","0","0","0","0","0","2","0","2","","03","","N","","","","","","","","","",""
"2023064779","1624","1","0","0","0","0","0","0","0","0","1","0","","02","7","2023","7","40.333641","-79.848026","1618","11","0","0","0","0","0","1","0","0","","0","0","0","","","0","Y","0","","40 20:01.107","","0","79 50:52.894","0","0","0","0","2304","0","0","0","N","0","0","0","2","02304","0","","1.0","","1","N","N","N","0","","0","0","1","","0","","","2","0","2","0","0","0","0","2","0","2","","03","","N","","","","","","","","","",""
"2023078495","0111","0","0","0","0","0","0","0","0","0","7","0","","02","8","2023","6","40.423056","-80.104237","0104","11","0","0","0","0","1","0","0","0","","0","0","0","","","0","N","0","","40 25:23.001","","0","80 06:15.252","0","0","0","0","2115","0","0","0","N","0","0","0","1","68B03","0","","2.0","","9","N","N","N","0","","0","0","1","","0","","","1","0","0","0","0","0","0","2","0","1","","","","N","","","","","","","","","",""
"2023065680","1644","0","0","0","0","0","0","0","0","0","1","0","","02","7","2023","7","40.362886","-80.083567","1640","11","0","0","0","0","0","0","1","0","","0","0","0","","","2","N","0","","40 21:46.390","3","0","80 05:00.840","3","0","0","0","2123","0","0","0","N","0","0","0","5","02123","0","","1.0","1700.0","1","N","N","N","0","","2","0","3","","0","N","","3","2","0","0","0","0","0","2","0","3","","","","N","","","","","","","","","",""
"2023065264","0730","1","0","0","0","0","0","0","0","0","5","0","","02","7","2023","3","40.547998","-80.028334","0728","11","0","0","0","0","0","1","0","0","","0","0","0","","","0","N","0","","40 32:52.793","3","0","80 01:42.001","0","0","0","0","2116","0","0","0","N","0","0","0","2","02116","0","","1.0","817.0","1","N","N","N","0","","0","0","1","","0","N","","2","0","0","0","0","0","0","2","0","2","","03","","N","","","","","","","","","",""
"2023064169","0851","0","0","0","0","0","0","0","0","0","4","0","","02","7","2023","5","40.445168","-79.858494","0848","11","0","0","0","1","0","0","1","0","","0","0","0","","","0","","1","","40 26:42.604","","0","79 51:30.577","0","0","0","0","2419","0","0","0","N","0","0","0","3","02419","0","","1.0","","1","N","N","N","0","","0","0","2","","2","N","","2","0","0","0","0","0","0","2","0","2","","03","","N","","","","","","","","","",""
"2023064970","1323","1","0","0","0","0","0","0","0","0","8","0","","02","7","2023","1","40.458598","-79.919101","1317","11","0","0","0","0","0","0","0","1","","0","0","0","","","1","N","0","","40 27:30.952","5","7","79 55:08.762","2","0","0","0","2301","1","0","1","N","1","0","1","2","02301","0","","2.0","1429.0","1","N","N","N","0","","0","1","0","","2","Y","","2","1","0","0","0","0","1","2","0","1","","03","","N","","","","","","","","","",""
"2023079000","0100","0","0","0","0","0","0","1","0","0","1","1","","02","9","2023","4","40.410691","-80.070786","0042","11","0","0","0","0","0","0","1","0","","0","0","0","","","0","N","0","","40 24:38.489","4","0","80 04:14.831","0","0","0","0","2435","0","0","0","N","0","0","0","2","02503","0","","1.0","130.0","1","N","N","N","0","","0","0","1","","0","N","","2","0","0","0","0","0","0","2","0","2","","","","N","","","","","","","","","",""
"2023065506","1147","0","0","0","0","0","0","0","0","0","4","0","","02","7","2023","5","40.456988","-79.758743","1140","11","0","0","0","0","0","0","1","0","","0","0","0","","","2","","3","","40 27:25.155","6","0","79 45:31.473","8","0","0","0","2446","0","0","0","N","0","0","0","2","02446","0","","1.0","1239.0","1","N","N","N","0","","0","0","1","","0","N","","2","2","0","0","0","2","0","2","1","2","","03","","N","","","","","","","","","",""
"2023076056","1508","0","0","0","0","0","0","0","0","0","4","0","","02","8","2023","2","40.543269","-79.760774","1453","11","0","1","0","0","0","0","0","0","","0","0","0","","","0","","2","","40 32:35.767","1","0","79 45:38.788","0","0","0","0","2466","0","0","0","N","0","0","0","3","02466","0","","1.0","1548.0","1","N","N","N","0","","0","0","2","","3","N","","2","0","0","0","0","0","0","2","0","2","","03","","N","","","","","","","","","",""
"2023064437","0746","1","0","0","0","0","0","0","0","0","2","0","","02","7","2023","6","40.408174","-80.077994","0741","11","0","0","0","0","0","0","0","0","","0","0","0","","","1","N","0","","40 24:29.426","1","0","80 04:40.779","8","0","0","0","2415","0","0","0","N","0","0","0","2","02415","0","","1.0","818.0","1","N","N","N","0","","0","0","1","","8","N","","2","1","0","0","0","1","0","2","0","2","","","","N","","","","","","","","","",""
"2023085434","2106","2","1","0","0","0","0","0","0","0","4","0","","02","9","2023","7","40.372985","-79.792762","2103","11","0","0","0","0","0","0","0","1","","1","0","0","","","0","","2","","40 22:22.747","7","0","79 47:33.944","1","0","0","0","2111","0","0","0","N","0","0","0","2","02501","0","2","1.0","46.0","1","N","N","N","0","0","0","0","0","","3","Y","","2","0","1","0","0","0","0","2","0","2","","03","","N","","","","","","","","","",""
"2023064824","1913","0","0","0","0","0","0","0","0","0","0","0","","02","7","2023","7","40.447114","-80.044126","1908","11","1","0","0","0","0","0","0","0","","0","0","0","","","1","N","0","","40 26:49.612","","0","80 02:38.854","3","0","0","1","2301","0","0","0","N","0","0","0","1","02301","0","","1.0","","1","N","N","N","0","","1","0","0","","0","","","1","1","0","0","0","0","0","2","0","1","","","","N","","","","","","","","","",""
"2023064191","1304","1","0","0","0","0","0","0","0","0","1","0","30","02","7","2023","4","40.434773","-79.823283","1304","11","0","0","0","0","0","0","1","0","","0","0","0","","","0","N","0","","40 26:05.184","3","3","79 49:23.818","0","0","0","0","2419","0","0","0","N","0","0","0","2","02419","0","","1.0","1345.0","1","N","N","N","0","","0","0","1","","0","N","","2","0","1","0","0","0","0","2","0","2","","","Y","Y","4","1","","","Y","Y","","","","N"
"2023073469","0336","1","0","0","0","0","0","0","0","0","5","0","","02","8","2023","1","40.490722","-79.797139","0318","11","0","0","0","0","0","0","0","0","","0","0","0","","","0","N","0","","40 29:26.600","","0","79 47:49.700","0","0","0","0","2113","0","0","0","N","0","0","0","1","02113","0","","6.0","","1","N","N","N","0","","0","0","1","","0","","","2","0","0","0","0","0","0","2","0","2","","03","","N","","","","","","","","","",""
"2023083970","1442","1","0","0","0","0","0","0","0","0","6","0","","02","9","2023","4","40.345823","-79.986587","1441","11","0","0","0","0","0","1","0","0","","0","0","0","","","0","N","0","","40 20:44.962","5","0","79 59:11.713","0","0","0","0","2403","0","0","0","N","0","0","0","2","02403","0","","1.0","1515.0","1","N","N","N","0","","0","0","1","","0","Y","","2","0","0","0","0","0","0","2","0","2","","03","","N","","","","","","","","","",""
"2023063652","0100","0","0","0","0","0","0","0","0","0","0","0","","02","7","2023","4","40.456534","-80.029915","0047","11","0","0","0","0","0","0","0","0","","0","0","0","","","2","N","0","","40 27:23.521","","0","80 01:47.693","3","0","0","1","2301","0","0","0","N","0","0","0","2","02301","0","","1.0","","1","N","N","N","0","","2","0","0","","0","","","1","2","0","0","0","0","0","2","0","1","","03","","N","","","","","","","","","",""
"2023065448","1848","1","0","0","0","0","0","0","0","0","4","0","","02","7","2023","2","40.442517","-79.957443","1838","11","0","0","1","0","0","0","0","0","","0","0","0","","","0","N","1","","40 26:33.061","","0","79 57:26.794","0","0","0","0","2301","0","0","0","N","0","0","0","4","02301","0","","1.0","","1","N","N","N","0","","0","0","1","","0","","","2","0","0","0","0","0","0","2","0","2","","03","","N","","","","","","","","","",""
"2023064740","0939","1","0","0","0","0","0","0","0","0","5","0","","02","7","2023","7","40.458686","-79.925132","0932","11","0","0","0","0","0","0","0","0","","0","0","0","","","0","N","0","","40 27:31.269","","0","79 55:30.476","0","0","0","0","2301","0","0","0","N","0","0","0","1","02301","0","","6.0","","1","N","N","N","0","","0","0","1","","0","","","2","0","0","0","0","0","0","2","0","2","","03","","N","","","","","","","","","",""
"2023078066","2130","0","0","0","0","0","0","0","0","0","6","0","","02","9","2023","7","40.366931","-79.890349","2129","11","0","0","0","0","0","1","0","0","","0","0","0","","","1","N","3","","40 22:00.953","","0","79 53:25.255","4","0","0","0","2473","0","0","0","N","0","0","0","2","02473","1","","1.0","","1","N","N","N","0","","0","0","2","","0","","","2","1","0","0","0","0","0","2","0","2","","03","","N","","","","","","","","","",""
"2023063822","1348","0","0","0","0","0","0","0","0","0","1","0","","02","7","2023","3","40.370053","-79.778083","1342","11","0","0","0","0","0","2","0","0","","0","0","0","","","1","N","0","","40 22:12.190","","0","79 46:41.097","4","0","0","0","2111","0","0","0","N","0","0","0","3","02111","1","","1.0","","1","N","N","N","0","","0","0","1","","0","","","2","1","0","0","0","0","0","2","1","2","","03","","N","","","","","","","","","",""
"2023064714","0750","0","0","0","0","0","0","0","0","0","7","0","","02","7","2023","6","40.593231","-79.892445","0739","11","0","0","0","0","1","0","0","0","","0","0","0","","","1","N","0","","40 35:35.631","3","0","79 53:32.802","8","0","0","0","2209","0","0","0","N","0","0","0","1","68T02","0","","3.0","30.0","1","N","N","N","0","","0","0","1","","0","N","","1","1","0","0","0","1","0","1","0","1","","03","","N","","","","","","","","","",""
"2023065444","0050","1","0","0","0","0","0","0","0","0","1","0","","02","7","2023","6","40.303326","-79.879389","0050","11","0","0","0","0","0","0","1","0","","0","0","0","","","0","N","0","","40 18:11.975","6","0","79 52:45.802","0","0","0","0","2302","0","0","0","N","0","0","0","2","02302","0","","1.0","135.0","8","N","N","N","0","","0","0","0","","7","N","","2","0","0","0","0","0","0","2","0","2","","","","N","","","","","","","","","",""
"2023074646","1109","0","0","0","0","0","0","0","0","0","1","0","","02","8","2023","5","40.469226","-80.161805","1104","11","0","0","0","0","0","1","1","0","","0","0","0","","","2","N","0","","40 28:09.212","3","7","80 09:42.498","3","0","0","0","2213","0","0","0","N","0","0","0","2","02213","0","","1.0","1125.0","1","N","N","N","0","","1","0","2","","0","N","","2","2","0","0","0","1","0","2","0","2","","","","N","","","","","","","","","",""
"2023088795","1509","3","0","0","0","0","0","0","0","0","6","0","","02","9","2023","1","40.39276","-79.836453","1449","11","0","0","0","1","0","0","1","1","","0","0","0","","","2","N","0","","40 23:33.936","","3","79 50:11.229","3","0","0","0","2425","0","0","0","N","0","0","0","4","68B03","0","","1.0","","1","N","N","N","0","","2","0","1","","0","","","4","2","0","0","0","0","1","2","0","4","","03","","N","","","","","","","","","",""
"2023064369","2315","0","0","0","0","0","0","0","0","0","4","0","","02","7","2023","5","40.607983","-80.052402","2311","11","0","0","0","0","0","0","0","0","","0","0","0","","","0","N","0","","40 36:28.738","","0","80 03:08.647","0","0","0","0","2108","0","0","0","N","0","0","0","2","02108","0","","1.0","","9","N","N","Y","0","","0","0","2","","0","","","2","0","0","0","0","0","0","2","0","2","","","","N","","","","","","","","","",""
"2023078871","1818","2","0","0","0","0","0","0","0","0","4","0","","02","9","2023","4","40.338977","-79.960041","1815","11","0","0","1","0","0","0","0","0","","0","0","0","","","1","N","0","","40 20:20.316","","7","79 57:36.147","4","0","0","0","2454","0","0","0","N","0","0","0","3","02454","1","","1.0","","1","N","N","N","0","","0","0","0","","0","","","2","1","0","0","0","0","0","2","0","2","","03","","N","","","","","","","","","",""
"2023077661","1331","1","0","0","0","0","0","0","0","0","7","0","","02","9","2023","7","40.456943","-79.998835","1328","11","0","0","0","0","0","1","0","0","","0","0","0","","","0","N","1","","40 27:24.996","","0","79 59:55.807","0","0","0","0","2301","0","0","0","N","0","0","0","1","02301","0","","4.0","","1","N","N","N","0","","0","0","0","","2","","","1","0","1","0","0","0","0","2","0","1","","03","","N","","","","","","","","","",""
"2023086720","0122","1","0","0","0","0","0","0","0","0","7","0","","02","9","2023","7","40.412458","-79.945073","0120","11","0","0","0","0","0","0","0","0","","0","0","0","","","1","","1","","40 24:44.848","2","0","79 56:42.261","3","0","0","0","2301","0","0","0","N","0","0","0","1","02301","0","","5.0","205.0","1","N","N","N","0","","1","0","0","","0","N","","1","1","0","0","0","0","0","2","0","1","","","","N","","","","","","","","","",""
"2023073458","0220","2","0","0","0","0","0","0","0","0","4","0","","02","8","2023","1","40.461661","-79.92207","0215","11","0","0","0","0","0","0","0","0","","0","0","0","","","1","","1","","40 27:41.979","","0","79 55:19.452","4","0","0","0","2301","0","0","0","N","0","0","0","3","02301","1","","1.0","","1","N","N","N","0","","0","0","0","","2","","","2","1","2","0","0","0","0","2","0","2","","03","","N","","","","","","","","","",""
"2023065606","1155","0","0","0","0","0","0","0","0","0","7","0","","02","7","2023","2","40.416223","-80.220893","1149","11","0","0","0","0","1","0","0","0","","0","0","0","","","0","N","0","","40 24:58.401","4","0","80 13:15.216","0","0","0","0","2214","0","0","0","Y","0","0","0","1","02214","0","","2.0","1230.0","1","N","N","N","0","","0","0","1","","0","N","","1","0","0","0","0","0","0","1","0","1","","","","N","","","","","","","","","",""
"2023075668","0306","1","0","0","0","0","0","0","0","0","7","0","","02","8","2023","7","40.531987","-80.066308","0301","11","0","0","0","0","0","0","0","0","","0","0","0","","","0","N","0","","40 31:55.152","3","0","80 03:58.708","9","0","0","0","2215","0","0","0","N","0","0","0","1","02215","0","","4.0","354.0","1","N","N","N","0","","0","0","0","","0","N","","1","0","0","0","0","0","1","2","0","1","","03","","N","","","","","","","","","",""
"2023065491","0222","0","0","0","0","0","0","0","0","0","7","0","","02","7","2023","5","40.461102","-79.866321","0220","11","1","0","0","0","0","0","0","0","","0","0","0","","","0","","1","","40 27:39.966","","0","79 51:58.755","9","0","0","0","2113","0","0","0","N","0","0","0","2","02113","0","","4.0","","1","N","N","N","0","","0","0","1","","0","","","1","0","0","0","0","0","2","2","0","1","","03","","N","","","","","","","","","",""
"2023063298","1357","0","0","0","0","0","0","0","0","0","5","0","","02","7","2023","2","40.434521","-79.933181","1350","11","0","0","0","0","0","0","1","0","","0","0","0","","","1","N","0","","40 26:04.277","4","0","79 55:59.451","4","0","0","0","2301","0","0","0","N","0","0","0","1","02301","1","","6.0","1510.0","1","N","N","N","0","","0","0","2","","0","N","","2","1","0","0","0","0","0","2","0","2","","","","N","","","","","","","","","",""
"2023073863","1635","1","0","0","0","0","0","0","0","0","1","0","","02","8","2023","2","40.387951","-79.996443","1628","11","0","0","0","0","0","0","0","0","","0","0","0","","","1","","2","","40 23:16.624","","0","79 59:47.194","4","0","0","0","2301","0","0","0","N","0","0","0","4","02301","1","","1.0","","1","N","N","N","0","","0","0","1","","0","N","","2","1","0","0","0","0","0","2","0","2","","03","","N","","","","","","","","","",""
"2023077827","1430","0","0","0","0","0","0","0","0","0","1","0","","02","8","2023","3","40.352498","-80.114686","1426","11","0","0","0","0","0","0","1","0","","0","0","0","","","1","","1","","40 21:08.991","","0","80 06:52.871","8","0","0","0","2119","0","0","0","N","0","0","0","4","02119","0","","1.0","","1","N","N","N","1","","0","0","2","","2","","","3","1","0","0","0","1","0","2","0","3","","03","","N","","","","","","","","","",""
"2023078785","1640","2","0","0","0","0","0","0","0","0","1","0","","02","8","2023","4","40.361952","-80.046729","1637","11","0","0","0","0","0","0","0","0","","0","0","0","","","2","N","0","","40 21:43.028","2","0","80 02:48.226","3","0","0","0","2109","0","0","0","N","0","0","0","2","02109","0","","1.0","1714.0","1","N","N","N","0","","2","0","0","","0","N","","2","2","0","0","0","0","0","2","0","2","","","","N","","","","","","","","","",""
"2023077791","0137","1","0","0","0","0","0","0","0","0","4","0","","02","9","2023","7","40.432366","-79.923155","0135","11","0","0","0","0","0","0","0","0","","0","0","0","","","0","","1","","40 25:56.517","5","0","79 55:23.357","0","0","0","0","2301","0","0","0","N","0","0","0","2","02301","0","","1.0","236.0","1","N","N","N","0","","0","0","1","","2","N","","2","0","0","0","0","0","0","2","0","2","","","","N","","","","","","","","","",""
"2023066072","2239","1","0","0","0","0","0","0","0","0","4","0","","02","7","2023","4","40.375262","-80.098437","2235","11","0","0","0","0","0","0","0","0","","0","0","0","","","1","N","0","","40 22:30.944","5","7","80 05:54.372","8","0","0","0","2102","1","0","0","N","1","0","0","2","02102","0","","1.0","2310.0","1","N","N","N","0","","0","0","1","","2","N","","3","1","0","0","0","1","1","2","0","2","","03","","N","","","","","","","","","",""
"2023073692","1731","1","0","0","0","0","0","0","0","0","98","0","","02","8","2023","1","40.430917","-80.039209","1726","11","0","0","0","0","0","0","0","0","","0","0","0","","","0","N","0","","40 25:51.301","","0","80 02:21.152","0","0","0","0","2301","0","0","0","N","0","0","0","2","02301","0","","1.0","","1","N","N","N","0","","0","0","0","","0","","","1","0","0","0","0","0","0","2","0","1","","03","","N","","","","","","","","","",""
"2023079176","0805","1","0","0","0","0","0","0","0","0","7","0","","02","8","2023","6","40.503469","-80.144744","0751","11","1","0","0","0","0","0","0","0","","0","0","0","","","0","N","0","","40 30:12.490","","0","80 08:41.080","0","0","0","0","2213","0","0","0","N","0","0","0","1","02213","0","","5.0","","99","N","N","N","0","","0","0","0","","0","","","1","0","0","0","0","0","0","2","0","1","","","","N","","","","","","","","","",""
"2023063882","1644","0","0","0","0","0","0","0","0","0","4","0","","02","7","2023","4","40.451503","-79.953349","1635","11","0","0","0","0","0","0","0","0","","0","0","0","","","0","","1","","40 27:05.411","","0","79 57:12.056","0","0","0","0","2301","0","0","0","N","0","0","0","2","02301","0","","1.0","","1","N","N","N","0","","0","0","2","","3","","","2","0","0","0","0","0","0","2","0","2","","03","","N","","","","","","","","","",""
"2023069634","1551","2","0","0","0","0","0","0","0","0","4","0","","02","7","2023","1","40.424738","-79.97339","1549","11","0","0","0","0","0","1","0","0","","0","0","0","","","0","","2","","40 25:29.057","","0","79 58:24.205","0","0","0","0","2301","0","0","0","N","0","0","0","2","02301","0","","1.0","","1","N","N","N","0","","0","0","0","","0","","","2","0","0","0","0","0","0","2","0","2","","03","","N","","","","","","","","","",""
"2023088134","2230","1","0","0","0","0","0","0","0","0","7","0","","02","9","2023","1","40.541814","-80.248194","2214","11","0","0","0","0","0","0","0","0","","0","0","0","","","0","N","0","","40 32:30.530","2","0","80 14:53.500","0","0","0","0","2213","0","0","0","N","0","0","0","2","02213","0","","2.0","2255.0","9","N","N","N","0","","0","0","0","","0","N","","1","0","1","0","0","0","0","2","0","1","","","","N","","","","","","","","","",""