"CRN","ARRIVAL_TM","AUTOMOBILE_COUNT","BELTED_DEATH_COUNT","BELTED_SUSP_SERIOUS_INJ_COUNT","BICYCLE_COUNT","BICYCLE_DEATH_COUNT","BICYCLE_SUSP_SERIOUS_INJ_COUNT","BUS_COUNT","CHLDPAS_DEATH_COUNT","CHLDPAS_SUSP_SERIOUS_INJ_COUNT","COLLISION_TYPE","COMM_VEH_COUNT","CONS_ZONE_SPD_LIM","COUNTY","CRASH_MONTH","CRASH_YEAR","DAY_OF_WEEK","DEC_LATITUDE","DEC_LONGITUDE","DISPATCH_TM","DISTRICT","DRIVER_COUNT_16YR","DRIVER_COUNT_17YR","DRIVER_COUNT_18YR","DRIVER_COUNT_19YR","DRIVER_COUNT_20YR","DRIVER_COUNT_50_64YR","DRIVER_COUNT_65_74YR","DRIVER_COUNT_75PLUS","EST_HRS_CLOSED","FATAL_COUNT","HEAVY_TRUCK_COUNT","HORSE_BUGGY_COUNT","HOUR_OF_DAY","ILLUMINATION","INJURY_COUNT","INTERSECTION_RELATED","INTERSECT_TYPE","LANE_CLOSED","LATITUDE","LN_CLOSE_DIR","LOCATION_TYPE","LONGITUDE","MAX_SEVERITY_LEVEL","MCYCLE_DEATH_COUNT","MCYCLE_SUSP_SERIOUS_INJ_COUNT","MOTORCYCLE_COUNT","MUNICIPALITY","NONMOTR_COUNT","NONMOTR_DEATH_COUNT","NONMOTR_SUSP_SERIOUS_INJ_COUNT","NTFY_HIWY_MAINT","PED_COUNT","PED_DEATH_COUNT","PED_SUSP_SERIOUS_INJ_COUNT","PERSON_COUNT","POLICE_AGCY","POSSIBLE_INJ_COUNT","RDWY_SURF_TYPE_CD","RELATION_TO_ROAD","ROADWAY_CLEARED","ROAD_CONDITION","SCH_BUS_IND","SCH_ZONE_IND","SECONDARY_CRASH","SMALL_TRUCK_COUNT","SPEC_JURIS_CD","SUSP_MINOR_INJ_COUNT","SUSP_SERIOUS_INJ_COUNT","SUV_COUNT","TCD_FUNC_CD","TCD_TYPE","TFC_DETOUR_IND","TIME_OF_DAY","TOTAL_UNITS","TOT_INJ_COUNT","UNBELTED_OCC_COUNT","UNB_DEATH_COUNT","UNB_SUSP_SERIOUS_INJ_COUNT","UNK_INJ_DEG_COUNT","UNK_INJ_PER_COUNT","URBAN_RURAL","VAN_COUNT","VEHICLE_COUNT","WEATHER1","WEATHER2","WORKERS_PRES","WORK_ZONE_IND","WORK_ZONE_LOC","WORK_ZONE_TYPE","WZ_CLOSE_DETOUR","WZ_FLAGGER","WZ_LAW_OFFCR_IND","WZ_LN_CLOSURE","WZ_MOVING","WZ_OTHER","WZ_SHLDER_MDN","WZ_WORKERS_INJ_KILLED"
"2023064560","1624","1","0","0","0","0","0","0","0","0","1","0","","02","7","2023","6","40.275657","-79.892693","1621","11","0","0","0","0","0","0","0","1","","0","0","0","","","0","","6","","40 16:32.364","1","2","79 53:33.694","0","0","0","0","2440","0","0","0","N","0","0","0","2","02440","0","","1.0","1657.0","1","N","N","N","0","","0","0","1","","3","Y","","2","0","0","0","0","0","0","2","0","2","","","","N","","","","","","","","","",""
"2023073627","2150","0","0","0","0","0","0","0","0","0","4","0","","02","8","2023","7","40.459274","-79.925071","2146","11","0","0","0","0","0","0","0","0","","0","0","0","","","1","","2","","40 27:33.385","","7","79 55:30.257","3","0","0","1","2301","0","0","0","N","0","0","0","2","02301","0","","1.0","","1","N","N","N","0","","1","0","1","","0","","","2","1","0","0","0","0","0","2","0","2","","03","","N","","","","","","","","","",""
"2023079619","1659","1","0","0","0","0","0","0","0","0","1","0","","02","9","2023","5","40.648449","-80.03681","1657","11","0","0","0","0","0","1","0","0","","0","0","0","","","0","N","0","","40 38:54.418","4","0","80 02:12.515","0","0","0","0","2216","0","0","0","N","0","0","0","2","68T02","0","","1.0","15.0","9","N","N","N","0","","0","0","1","","0","N","","2","0","0","0","0","0","0","2","0","2","","07","","N","","","","","","","","","",""
"2023077285","0830","0","0","0","0","0","0","0","0","0","6","2","","02","8","2023","2","40.530008","-79.96072","0830","11","0","0","0","0","0","0","0","0","","0","2","0","","","1","N","0","","40 31:48.029","","0","79 57:38.592","3","0","0","0","2118","0","0","0","N","0","0","0","3","02118","0","","1.0","","1","N","N","N","0","","1","0","0","","0","N","","2","1","0","0","0","0","0","2","0","2","","","","N","","","","","","","","","",""
"2023087676","1752","0","0","0","0","0","0","0","0","0","1","0","","02","9","2023","5","40.582254","-80.105338","1747","11","0","1","0","0","0","0","0","0","","0","0","0","","","0","","2","","40 34:56.116","2","0","80 06:19.216","0","0","0","0","2481","0","0","0","N","0","0","0","3","02481","0","","1.0","1820.0","9","N","N","N","0","","0","0","2","","0","N","","2","0","0","0","0","0","0","2","0","2","","","","N","","","","","","","","","",""
"2023076525","1923","1","0","0","0","0","0","0","0","0","4","0","","02","8","2023","6","40.453315","-79.731336","1910","11","0","0","0","0","0","0","0","1","","0","0","0","","","0","N","2","","40 27:11.935","","0","79 43:52.808","0","0","0","0","2466","0","0","0","N","0","0","0","2","02466","0","","1.0","","1","N","N","N","1","","0","0","0","","3","","","2","0","0","0","0","0","0","2","0","2","","","","N","","","","","","","","","",""
"2023072156","1617","1","0","0","0","0","0","0","0","0","4","0","","02","8","2023","3","40.526534","-80.159097","1611","11","0","0","0","0","0","1","0","0","","0","0","0","","","0","","1","","40 31:35.522","1","0","80 09:32.750","0","0","0","0","2458","0","0","0","N","0","0","0","3","02458","0","","1.0","1655.0","1","N","N","N","0","","0","0","1","","2","N","","2","0","0","0","0","0","0","2","0","2","","03","","N","","","","","","","","","",""
"2023077723","0813","1","0","0","0","0","0","0","0","0","4","1","","02","8","2023","6","40.418556","-80.089219","0804","11","0","0","0","0","0","1","0","0","","0","1","0","","","0","","3","","40 25:06.802","","2","80 05:21.187","0","0","0","0","2457","0","0","0","N","0","0","0","2","68B03","0","","1.0","","1","N","N","N","0","","0","0","0","","4","","","2","0","0","0","0","0","0","2","0","2","","","","N","","","","","","","","","",""
"2023064826","1829","0","0","0","1","0","0","0","0","0","8","0","","02","7","2023","7","40.404884","-80.015172","1823","11","0","0","0","0","0","0","0","0","","0","0","0","","","1","N","0","","40 24:17.582","","7","80 00:54.618","4","0","0","0","2301","1","0","0","N","0","0","0","3","02301","1","","4.0","","1","N","N","N","0","","0","0","1","","0","","","2","1","0","0","0","0","0","2","0","1","","","","N","","","","","","","","","",""
"2023087258","1753","2","0","0","0","0","0","0","0","0","4","0","30","02","9","2023","2","40.578102","-79.953751","1749","11","0","0","0","0","0","0","0","0","","0","0","0","","","0","","2","","40 34:41.166","2","0","79 57:13.504","0","0","0","0","2207","0","0","0","N","0","0","0","2","02207","0","","1.0","1817.0","1","N","N","N","0","","0","0","0","","0","N","","2","0","0","0","0","0","0","2","0","2","","03","N","Y","4","1","","","N","","Y","","","N"
"2023064373","2341","1","0","0","0","0","0","0","0","0","7","0","","02","7","2023","5","40.451336","-79.994841","2337","11","0","0","0","0","0","0","0","0","","0","0","0","","","0","N","0","","40 27:04.811","1","3","79 59:41.428","0","0","0","0","2301","0","0","0","N","0","0","0","1","02301","0","","3.0","2350.0","9","N","N","N","0","","0","0","0","","0","N","","1","0","0","0","0","0","0","2","0","1","","","","N","","","","","","","","","",""
"2023064387","1050","1","0","0","0","0","0","0","0","0","4","0","","02","7","2023","5","40.444358","-80.145859","1050","11","0","0","0","0","0","1","0","1","","0","0","0","","","0","N","0","","40 26:39.690","","7","80 08:45.094","0","0","0","0","2115","0","0","0","N","0","0","0","2","02115","0","","1.0","","1","N","N","N","0","","0","0","1","","0","","","2","0","0","0","0","0","0","2","0","2","","03","","N","","","","","","","","","",""
"2023073233","2301","1","0","0","0","0","0","0","0","0","4","0","","02","8","2023","6","40.384062","-79.995467","2246","11","0","0","0","0","0","0","0","0","","0","0","0","","","0","","2","","40 23:02.623","","0","79 59:43.680","0","0","0","0","2301","0","0","0","N","0","0","0","2","02301","0","","1.0","","1","N","N","N","0","","0","0","1","","0","","","2","0","0","0","0","0","0","2","0","2","","03","","N","","","","","","","","","",""
"2023073335","0958","1","0","0","0","0","0","0","0","0","4","0","","02","8","2023","7","40.463324","-79.914867","0953","11","0","0","0","0","0","1","0","0","","0","0","0","","","1","","1","","40 27:47.966","","0","79 54:53.520","8","0","0","0","2301","0","0","0","N","0","0","0","3","02301","0","","1.0","","1","N","N","N","0","","0","0","1","","3","","","2","1","0","0","0","1","0","2","0","2","","03","","N","","","","","","","","","",""
"2023066179","1750","1","0","0","0","0","0","0","0","0","1","0","","02","7","2023","4","40.55193","-80.10257","1745","11","0","0","0","0","1","0","0","0","","0","0","0","","","0","Y","0","","40 33:06.948","3","0","80 06:09.251","0","0","0","0","2215","0","0","0","N","0","0","0","3","02215","0","","1.0","1834.0","1","N","N","N","0","","0","0","2","","2","N","","3","0","0","0","0","0","0","2","0","3","","03","","N","","","","","","","","","",""
"2023065507","2259","0","0","0","0","0","0","0","0","0","7","0","","02","7","2023","1","40.499676","-79.943822","2259","11","0","0","0","0","0","1","0","0","","0","0","0","","","1","N","0","","40 29:58.832","5","0","79 56:37.758","3","0","0","0","2430","0","0","0","N","0","0","0","1","02430","0","","4.0","700.0","1","N","N","N","0","","1","0","1","","0","N","","1","1","0","0","0","0","0","2","0","1","","","","N","","","","","","","","","",""
"2023088130","1853","0","0","0","0","0","0","0","0","0","7","0","","02","9","2023","1","40.503214","-80.185293","1850","11","0","0","1","0","0","0","0","0","","0","0","0","","","1","N","0","","40 30:11.570","6","0","80 11:07.053","8","0","0","0","2213","0","0","0","N","0","0","0","1","02213","0","","4.0","910.0","1","N","N","N","0","","0","0","1","","0","N","","1","1","0","0","0","1","0","2","0","1","","","","N","","","","","","","","","",""
"2023071304","0258","1","0","0","0","0","0","0","0","0","5","1","","02","8","2023","7","40.408948","-79.990998","0250","11","0","0","0","0","0","0","0","0","","0","1","0","","","0","N","0","","40 24:32.212","","0","79 59:27.594","9","0","0","0","2301","0","0","0","N","0","0","0","1","02301","0","","6.0","","1","N","N","N","0","","0","0","1","","0","","","3","0","0","0","0","0","1","2","0","3","","03","","N","","","","","","","","","",""
"2023078786","1550","2","0","0","0","0","0","0","0","0","5","0","","02","9","2023","3","40.386844","-80.044636","1446","11","0","0","0","0","1","0","0","0","","0","0","0","","","1","N","0","","40 23:12.640","6","0","80 02:40.690","3","0","0","0","2109","0","0","0","N","0","0","0","3","02109","0","","1.0","1536.0","1","N","N","N","0","","1","0","1","","0","N","","3","1","0","0","0","0","0","2","0","3","","","","N","","","","","","","","","",""
"2023063657","0204","0","0","0","0","0","0","0","0","0","7","0","","02","7","2023","4","40.486368","-79.913823","0156","11","0","0","0","0","0","0","0","0","","0","0","0","","","1","","3","","40 29:10.925","","0","79 54:49.763","8","0","0","0","2301","0","0","0","N","0","0","0","1","02301","0","","2.0","","1","N","N","N","0","","0","0","1","","0","","","1","1","0","0","0","1","0","2","0","1","","04","","N","","","","","","","","","",""
"2023072087","1643","0","0","0","0","0","0","0","0","0","1","0","","02","8","2023","3","40.353745","-79.844602","1640","11","0","0","0","0","0","1","0","0","","0","0","0","","","0","N","0","","40 21:13.482","","2","79 50:40.566","0","0","0","0","2304","0","0","0","N","0","0","0","2","02304","0","","1.0","","1","N","N","N","0","","0","0","2","","0","","","2","0","0","0","0","0","0","2","0","2","","03","","N","","","","","","","","","",""
"2023063030","1534","1","0","0","0","0","0","0","0","0","4","0","","02","7","2023","2","40.488109","-79.752698","1528","11","0","0","0","0","0","0","0","0","","0","0","0","","","0","N","0","","40 29:17.191","7","7","79 45:09.712","0","0","0","0","2466","0","0","0","N","0","0","0","3","02466","0","","1.0","1601.0","1","N","N","N","0","","0","0","1","","0","Y","","2","0","0","0","0","0","0","2","0","2","","04","","N","","","","","","","","","",""
"2023077751","0809","0","0","0","0","0","0","0","0","0","7","1","","02","6","2023","6","40.409124","-79.876668","0740","11","0","0","0","0","0","0","0","0","","0","0","0","","","1","","3","","40 24:32.848","2","3","79 52:36.003","3","0","0","0","2456","0","0","0","N","0","0","0","1","68B03","0","","2.0","830.0","9","Y","N","N","0","","1","0","0","","0","N","","1","1","0","0","0","0","0","2","1","1","","","","N","","","","","","","","","",""
"2023063862","1400","0","0","0","0","0","0","0","0","0","4","0","","02","7","2023","4","40.440066","-80.00473","1356","11","0","0","0","0","0","0","0","0","","0","0","0","","","0","","2","","40 26:24.237","","0","80 00:17.028","0","0","0","0","2301","0","0","0","N","0","0","0","2","02301","0","","1.0","","1","N","N","N","0","","0","0","1","","2","","","2","0","0","0","0","0","0","2","1","2","","03","","N","","","","","","","","","",""
"2023063660","0210","1","0","0","0","0","0","0","0","0","7","0","","02","7","2023","4","40.491702","-80.148321","0208","11","0","0","0","0","0","0","0","1","","0","0","0","","","1","N","0","","40 29:30.126","","0","80 08:53.956","3","0","0","0","2115","0","0","0","Y","0","0","0","1","02115","0","","2.0","","1","N","N","N","0","","1","0","0","","0","","","1","1","0","0","0","0","0","2","0","1","","","","N","","","","","","","","","",""
"2023078549","0246","0","0","0","0","0","0","0","0","0","7","0","","02","7","2023","4","40.42664","-79.892361","0230","11","0","0","0","0","0","0","0","0","","0","0","0","","","0","N","0","","40 25:35.904","3","0","79 53:32.499","0","0","0","0","2301","0","0","0","Y","0","0","0","1","68B03","0","","3.0","332.0","1","N","N","N","0","","0","0","1","","0","N","","1","0","0","0","0","0","0","2","0","1","","03","","N","","","","","","","","","",""
"2023077584","2050","1","0","0","1","0","0","0","0","0","8","0","","02","9","2023","6","40.415958","-79.971604","2046","11","0","0","0","0","0","0","0","0","","0","0","0","","","1","","1","","40 24:57.448","6","0","79 58:17.775","3","0","0","0","2301","1","0","0","N","0","0","0","2","02301","0","","1.0","2130.0","1","N","N","N","0","","1","0","0","","0","N","","2","1","0","0","0","0","1","2","0","1","","03","","N","","","","","","","","","",""
"2023065840","2150","0","0","0","0","0","0","0","0","0","4","0","","02","7","2023","2","40.655214","-80.086983","2147","11","0","1","0","0","0","1","0","0","","0","0","0","","","0","","1","","40 39:18.770","7","0","80 05:13.139","0","0","0","0","2212","0","0","0","N","0","0","0","2","02505","0","","1.0","2228.0","1","N","N","N","1","","0","0","1","","2","Y","","2","0","0","0","0","0","0","2","0","2","","03","","N","","","","","","","","","",""
"2023088908","2136","1","0","0","0","0","0","0","0","0","7","0","","02","10","2023","1","40.393868","-80.046311","2133","11","0","0","0","0","1","0","0","0","","0","0","0","","","0","","1","","40 23:37.924","2","0","80 02:46.719","0","0","0","0","2109","0","0","0","N","0","0","0","1","02109","0","","5.0","2204.0","1","N","N","N","0","","0","0","0","","2","Y","","1","0","0","0","0","0","0","2","0","1","","","","N","","","","","","","","","",""
"2023079027","1949","1","0","0","0","0","0","0","0","0","1","0","","02","8","2023","6","40.425793","-79.910768","1934","11","0","0","0","0","0","0","0","0","","0","0","0","","","0","N","0","","40 25:32.854","","0","79 54:38.763","0","0","0","0","2301","0","0","0","N","0","0","0","2","68B03","0","","1.0","","1","N","N","Y","1","","0","0","0","","0","","","2","0","0","0","0","0","0","2","0","2","","03","","N","","","","","","","","","",""
"2023065092","0801","1","0","0","0","0","0","0","0","0","2","0","","02","7","2023","3","40.501972","-80.018548","0753","11","0","0","0","0","0","0","0","0","","0","0","0","","","0","N","0","","40 30:07.098","","0","80 01:06.771","0","0","0","0","2116","0","0","0","N","0","0","0","1","02116","0","","4.0","","1","N","N","N","0","","0","0","1","","0","","","2","0","0","0","0","0","0","2","0","2","","03","","N","","","","","","","","","",""
"2023074692","1713","0","0","0","0","0","0","0","0","0","4","0","","02","8","2023","4","40.532116","-79.712779","1707","11","0","0","0","1","0","0","0","0","","0","0","0","","","0","","1","","40 31:55.616","4","0","79 42:46.006","0","0","0","0","2466","0","0","0","N","0","0","0","2","02466","0","","1.0","1733.0","9","N","N","N","1","","0","0","1","","3","Y","","2","0","0","0","0","0","0","1","0","2","","07","","N","","","","","","","","","",""
"2023062984","0847","1","0","0","0","0","0","0","0","0","4","0","","02","7","2023","2","40.380602","-79.977043","0844","11","0","0","0","0","0","0","0","0","","0","0","0","","","0","","2","","40 22:50.167","","0","79 58:37.353","0","0","0","0","2413","0","0","0","N","0","0","0","2","02413","0","","1.0","","1","N","N","N","0","","0","0","1","","3","","","2","0","0","0","0","0","0","2","0","2","","03","","N","","","","","","","","","",""
"2023065127","0127","1","0","0","0","0","0","0","0","0","1","0","","02","7","2023","1","40.537388","-80.186071","0127","11","0","0","0","0","1","0","0","0","","0","0","0","","","1","","1","","40 32:14.596","5","0","80 11:09.857","8","0","0","0","2458","0","0","0","N","0","0","0","2","02458","0","","1.0","214.0","1","N","N","Y","0","","0","0","1","","2","Y","","2","1","0","0","0","1","0","2","0","2","","03","","N","","","","","","","","","",""
"2023078327","0946","0","0","0","0","0","0","0","0","0","4","2","99","02","8","2023","4","40.536985","-79.71898","0931","11","0","0","0","0","0","1","1","0","","0","1","0","","","0","N","0","","40 32:13.145","","7","79 43:08.328","0","0","0","0","2466","0","0","0","N","0","0","0","3","02466","0","","1.0","","1","N","N","N","2","","0","0","0","","0","","","3","0","0","0","0","0","0","1","0","3","","","Y","Y","4","1","","","N","Y","","","","N"
"2023076055","1355","1","0","0","0","0","0","0","0","0","4","1","","02","8","2023","5","40.512048","-80.131747","1349","11","0","0","0","0","0","1","0","0","","0","1","0","","","0","N","0","","40 30:43.374","","7","80 07:54.290","0","0","0","0","2110","0","0","0","N","0","0","0","2","02215","0","","1.0","","1","N","N","N","0","","0","0","0","","0","","","2","0","0","0","0","0","0","2","0","2","","03","","N","","","","","","","","","",""
"2023064978","1710","1","0","0","0","0","0","0","0","0","7","0","","02","7","2023","1","40.482628","-80.030272","1658","11","0","0","0","0","0","0","0","0","","0","0","0","","","0","","2","","40 28:57.461","","0","80 01:48.979","0","0","0","0","2301","0","0","0","N","0","0","0","2","02301","0","","4.0","","1","N","N","N","0","","0","0","0","","0","","","1","0","0","0","0","0","0","2","0","1","","03","","N","","","","","","","","","",""
"2023077851","1312","0","0","0","0","0","0","0","0","1","7","0","","02","9","2023","1","40.369728","-79.912992","1303","11","0","0","0","0","0","0","0","0","","0","0","0","","","2","","1","","40 22:11.022","7","0","79 54:46.770","2","0","0","0","2301","0","0","0","N","0","0","0","3","02301","0","","2.0","1438.0","1","N","N","N","0","","0","1","1","","2","Y","","1","2","2","0","1","1","0","2","0","1","","03","","N","","","","","","","","","",""
"2023078494","2017","1","0","0","0","0","0","0","0","0","7","0","","02","8","2023","4","40.506965","-80.034646","1943","11","0","0","0","0","0","0","0","0","","0","0","0","","","0","N","0","","40 30:25.073","1","0","80 02:04.725","0","0","0","0","2116","0","0","0","N","0","0","0","2","68B03","0","","4.0","40.0","9","N","N","N","0","","0","0","0","","0","N","","1","0","0","0","0","0","0","2","0","1","","","","N","","","","","","","","","",""
"2023077878","1525","0","0","0","0","0","0","0","0","0","4","0","","02","9","2023","1","40.530072","-79.914988","1517","11","1","0","0","0","0","0","0","0","","0","0","0","","","1","","2","","40 31:48.259","7","0","79 54:53.955","3","0","0","0","2112","0","0","0","N","0","0","0","3","02112","0","","1.0","1550.0","1","N","N","N","0","","1","0","2","","3","N","","2","1","0","0","0","0","0","2","0","2","","","","N","","","","","","","","","",""
"2023073691","1655","0","0","0","0","0","0","0","0","0","0","0","","02","8","2023","1","40.452207","-80.007651","1655","11","0","0","0","0","0","0","0","0","","0","0","0","","","1","","1","","40 27:07.944","","0","80 00:27.544","3","0","0","1","2301","0","0","0","N","0","0","0","1","02301","0","","1.0","","1","N","N","N","0","","1","0","0","","2","","","1","1","0","0","0","0","0","2","0","1","","03","","N","","","","","","","","","",""
"2023065614","1215","0","0","0","0","0","0","0","0","0","4","0","","02","7","2023","3","40.512253","-79.957952","1209","11","0","0","0","0","0","1","0","0","","0","0","0","","","0","","2","","40 30:44.112","","0","79 57:28.628","0","0","0","0","2118","0","0","0","N","0","0","0","2","02118","0","","1.0","","1","N","N","N","0","","0","0","2","","3","","","2","0","0","0","0","0","0","2","0","2","","","","N","","","","","","","","","",""
"2023080833","1738","1","0","0","0","0","0","0","0","0","2","0","","02","9","2023","6","40.292319","-79.889324","1735","11","0","0","0","0","0","0","2","0","","0","0","0","","","1","","2","","40 17:32.348","","0","79 53:21.566","8","0","0","0","2302","0","0","0","N","0","0","0","3","02302","0","","1.0","","1","N","N","N","0","","0","0","1","","2","","","2","1","1","0","0","1","0","2","0","2","","03","","N","","","","","","","","","",""
"2023077320","0800","0","0","0","0","0","0","0","0","0","5","1","","02","8","2023","5","40.393196","-80.012628","0748","11","0","0","0","0","0","1","0","0","","0","1","0","","","0","N","0","","40 23:35.506","5","0","80 00:45.459","0","0","0","0","2301","0","0","0","N","0","0","0","1","02301","0","","6.0","1700.0","1","N","N","N","0","","0","0","2","","0","Y","","3","0","1","0","0","0","0","2","0","3","","03","","N","","","","","","","","","",""
"2023066017","1658","1","0","0","0","0","0","0","0","0","1","0","","02","7","2023","6","40.378045","-80.064956","1655","11","0","0","0","0","0","1","0","0","","0","0","0","","","0","","2","","40 22:40.961","","0","80 03:53.841","0","0","0","0","2109","0","0","0","N","0","0","0","3","02109","0","","1.0","","1","N","N","N","0","","0","0","2","","2","","","3","0","0","0","0","0","0","2","0","3","","03","","N","","","","","","","","","",""
"2023068485","1650","3","0","0","0","0","0","0","0","0","4","0","","02","8","2023","5","40.439113","-79.919496","1645","11","0","0","0","0","0","0","1","0","","0","0","0","","","0","","2","","40 26:20.808","","0","79 55:10.187","0","0","0","0","2301","0","0","0","N","0","0","0","6","02301","0","","1.0","","1","N","N","N","0","","0","0","0","","3","","","3","0","1","0","0","0","0","2","0","3","","03","","N","","","","","","","","","",""
"2023063872","1600","1","0","0","0","0","0","0","0","0","4","0","","02","7","2023","4","40.438034","-79.913079","1545","11","0","0","0","0","0","1","0","0","","0","0","0","","","1","","1","","40 26:16.922","","0","79 54:47.084","8","0","0","0","2301","0","0","0","N","0","0","0","3","02301","0","","1.0","","9","N","N","N","0","","0","0","1","","2","","","2","1","0","0","0","1","0","2","0","2","","","","N","","","","","","","","","",""
"2023074073","2100","0","0","0","0","0","0","0","0","0","1","0","","02","8","2023","1","40.473116","-79.972619","2100","11","0","0","0","0","0","1","0","0","","0","0","0","","","1","N","0","","40 28:23.218","2","0","79 58:21.429","2","0","1","1","2445","0","0","0","N","0","0","0","2","02445","0","","1.0","2140.0","1","N","N","N","0","","0","1","1","","0","N","","2","1","0","0","0","0","0","2","0","2","","03","","N","","","","","","","","","",""
"2023083201","1340","0","0","0","0","0","0","0","0","0","1","0","","02","5","2023","3","40.437952","-79.739852","1332","11","0","0","0","0","0","0","1","0","","0","0","0","","","1","N","1","","40 26:16.627","4","0","79 44:23.466","3","0","0","0","2446","0","0","0","N","0","0","0","3","02446","0","","1.0","1410.0","9","","","N","0","","1","0","2","","2","N","","2","1","0","0","0","0","0","2","0","2","","","","N","","","","","","","","","",""
"2023082598","0438","0","0","0","0","0","0","0","0","0","7","0","","02","4","2023","2","40.403793","-79.873174","0405","11","0","0","0","0","0","0","0","0","","0","0","0","","","1","","2","","40 24:13.654","","0","79 52:23.427","3","0","0","0","2410","0","0","0","N","0","0","0","1","68B03","0","","4.0","","1","N","N","N","0","","1","0","1","","0","","","1","1","0","0","0","0","0","2","0","1","","","","N","","","","","","","","","",""
"2023077280","1657","1","0","0","0","0","0","0","0","0","1","0","","02","8","2023","5","40.466337","-79.846871","1639","11","0","0","0","0","0","0","1","0","","0","0","0","","","0","N","2","","40 27:58.814","","0","79 50:48.734","0","0","0","0","2113","0","0","0","N","0","0","0","2","02113","0","","1.0","","1","N","N","N","0","","0","0","1","","0","","","2","0","0","0","0","0","0","2","0","2","","03","","N","","","","","","","","","",""
"2023066067","1550","1","0","0","0","0","0","0","0","0","1","0","","02","7","2023","6","40.325509","-80.050114","1540","11","0","0","0","0","0","1","0","1","","0","0","0","","","0","Y","0","","40 19:31.832","","0","80 03:00.411","0","0","0","0","2407","0","0","0","N","0","0","0","2","02407","0","","1.0","","1","N","N","N","0","","0","0","1","","0","","","2","0","0","0","0","0","0","2","0","2","","","","N","","","","","","","","","",""
"2023091167","1351","0","0","0","0","0","0","0","0","0","1","2","","02","8","2023","6","40.417779","-80.055447","1329","11","0","0","0","0","0","1","0","0","","0","2","0","","","0","N","0","","40 25:04.005","","0","80 03:19.610","0","0","0","0","2435","0","0","0","N","0","0","0","2","68B03","0","","1.0","","1","N","N","N","0","","0","0","0","","0","","","2","0","0","0","0","0","0","2","0","2","","03","","N","","","","","","","","","",""
"2023089344","0912","1","0","0","0","0","0","0","0","0","7","0","","02","10","2023","6","40.440426","-80.008442","0902","11","0","0","0","0","1","0","0","0","","0","0","0","","","1","N","0","","40 26:25.535","","2","80 00:30.391","4","0","0","0","2301","0","0","0","N","0","0","0","1","68B03","1","","2.0","","9","N","N","N","0","","0","0","0","","0","","","1","1","0","0","0","0","0","2","0","1","","","","N","","","","","","","","","",""
"2023078061","1507","1","0","0","0","0","0","0","0","0","4","0","","02","8","2023","5","40.660745","-80.093218","1503","11","0","0","0","0","0","2","0","0","","0","0","0","","","2","","2","","40 39:38.682","1","0","80 05:35.585","3","0","0","0","2212","0","0","0","N","0","0","0","3","02505","0","","1.0","1600.0","1","N","N","N","0","","2","0","1","","2","N","","2","2","0","0","0","0","0","2","0","2","","","","N","","","","","","","","","",""
"2023064430","1444","1","0","0","0","0","0","0","0","0","4","0","","02","7","2023","5","40.544722","-79.902993","1431","11","0","0","0","0","0","0","0","1","","0","0","0","","","0","","2","","40 32:40.998","","0","79 54:10.776","0","0","0","0","2209","0","0","0","N","0","0","0","2","02209","0","","1.0","","1","N","N","N","1","","0","0","0","","0","","","2","0","0","0","0","0","0","2","0","2","","03","","N","","","","","","","","","",""
"2023089413","1450","0","0","0","0","0","0","0","0","0","4","0","","02","10","2023","5","40.523114","-79.81177","1436","11","0","0","0","0","0","1","0","0","","0","0","0","","","1","","2","","40 31:23.209","5","0","79 48:42.373","2","0","1","1","2466","0","0","0","N","0","0","0","2","02466","0","","1.0","1524.0","1","N","N","N","0","","0","1","1","","0","Y","","2","1","0","0","0","0","0","2","0","2","","","","N","","","","","","","","","",""
"2023081866","1558","2","0","0","0","0","0","0","0","0","4","0","","02","9","2023","7","40.441733","-80.035258","1545","11","0","0","0","0","0","0","1","0","","0","0","0","","","0","N","2","","40 26:30.238","3","0","80 02:06.928","0","0","0","0","2301","0","0","0","N","0","0","0","2","02301","0","","1.0","1610.0","1","N","N","N","0","","0","0","0","","3","N","","2","0","0","0","0","0","0","2","0","2","","03","","N","","","","","","","","","",""
"2023063834","1006","0","0","0","0","0","0","0","0","0","0","0","30","02","7","2023","4","40.27303","-79.837366","1000","11","0","0","0","0","0","1","0","0","","0","0","0","","","1","","3","","40 16:22.909","2","0","79 50:14.519","3","0","0","1","2105","0","0","0","N","0","0","0","1","02105","0","","1.0","1006.0","1","N","N","N","0","","1","0","0","","3","N","","1","1","0","0","0","0","0","2","0","1","","","Y","Y","4","1","","","N","","","","","N"
"2023072916","2058","0","0","0","0","0","0","0","0","0","4","0","","02","8","2023","5","40.438849","-80.026558","2052","11","0","0","0","0","0","1","0","0","","0","0","0","","","0","","1","","40 26:19.856","","0","80 01:35.608","0","0","0","0","2301","0","0","0","N","0","0","0","3","02301","0","","1.0","","1","N","N","N","0","","0","0","2","","3","","","2","0","0","0","0","0","0","2","0","2","","","","N","","","","","","","","","",""
"2023083691","1444","2","0","0","0","0","0","0","0","0","4","0","","02","9","2023","5","40.392036","-80.038126","1442","11","0","0","0","0","0","0","1","0","","0","0","0","","","1","Y","0","","40 23:31.328","2","0","80 02:17.255","4","0","0","0","2422","0","0","0","N","0","0","0","2","02422","1","","6.0","1517.0","1","N","N","N","0","","0","0","0","","0","N","","2","1","0","0","0","0","0","2","0","2","","03","","N","","","","","","","","","",""