"CRN","ARRIVAL_TM","AUTOMOBILE_COUNT","BELTED_DEATH_COUNT","BELTED_SUSP_SERIOUS_INJ_COUNT","BICYCLE_COUNT","BICYCLE_DEATH_COUNT","BICYCLE_SUSP_SERIOUS_INJ_COUNT","BUS_COUNT","CHLDPAS_DEATH_COUNT","CHLDPAS_SUSP_SERIOUS_INJ_COUNT","COLLISION_TYPE","COMM_VEH_COUNT","CONS_ZONE_SPD_LIM","COUNTY","CRASH_MONTH","CRASH_YEAR","DAY_OF_WEEK","DEC_LATITUDE","DEC_LONGITUDE","DISPATCH_TM","DISTRICT","DRIVER_COUNT_16YR","DRIVER_COUNT_17YR","DRIVER_COUNT_18YR","DRIVER_COUNT_19YR","DRIVER_COUNT_20YR","DRIVER_COUNT_50_64YR","DRIVER_COUNT_65_74YR","DRIVER_COUNT_75PLUS","EST_HRS_CLOSED","FATAL_COUNT","HEAVY_TRUCK_COUNT","HORSE_BUGGY_COUNT","HOUR_OF_DAY","ILLUMINATION","INJURY_COUNT","INTERSECTION_RELATED","INTERSECT_TYPE","LANE_CLOSED","LATITUDE","LN_CLOSE_DIR","LOCATION_TYPE","LONGITUDE","MAX_SEVERITY_LEVEL","MCYCLE_DEATH_COUNT","MCYCLE_SUSP_SERIOUS_INJ_COUNT","MOTORCYCLE_COUNT","MUNICIPALITY","NONMOTR_COUNT","NONMOTR_DEATH_COUNT","NONMOTR_SUSP_SERIOUS_INJ_COUNT","NTFY_HIWY_MAINT","PED_COUNT","PED_DEATH_COUNT","PED_SUSP_SERIOUS_INJ_COUNT","PERSON_COUNT","POLICE_AGCY","POSSIBLE_INJ_COUNT","RDWY_SURF_TYPE_CD","RELATION_TO_ROAD","ROADWAY_CLEARED","ROAD_CONDITION","SCH_BUS_IND","SCH_ZONE_IND","SECONDARY_CRASH","SMALL_TRUCK_COUNT","SPEC_JURIS_CD","SUSP_MINOR_INJ_COUNT","SUSP_SERIOUS_INJ_COUNT","SUV_COUNT","TCD_FUNC_CD","TCD_TYPE","TFC_DETOUR_IND","TIME_OF_DAY","TOTAL_UNITS","TOT_INJ_COUNT","UNBELTED_OCC_COUNT","UNB_DEATH_COUNT","UNB_SUSP_SERIOUS_INJ_COUNT","UNK_INJ_DEG_COUNT","UNK_INJ_PER_COUNT","URBAN_RURAL","VAN_COUNT","VEHICLE_COUNT","WEATHER1","WEATHER2","WORKERS_PRES","WORK_ZONE_IND","WORK_ZONE_LOC","WORK_ZONE_TYPE","WZ_CLOSE_DETOUR","WZ_FLAGGER","WZ_LAW_OFFCR_IND","WZ_LN_CLOSURE","WZ_MOVING","WZ_OTHER","WZ_SHLDER_MDN","WZ_WORKERS_INJ_KILLED"
"2023058574","","1","0","0","0","0","0","0","0","0","4","0","","02","7","2023","2","40.535944","-80.184823","","11","0","0","1","1","0","0","0","0","","0","0","0","","","1","","2","","40 32:09.398","","0","80 11:05.363","8","0","0","0","2458","0","0","0","N","0","0","0","3","02458","0","","1.0","","9","N","N","N","0","","0","0","1","","0","","","2","1","0","0","0","1","0","2","0","2","","07","","N","","","","","","","","","",""
"2023059080","","1","0","0","0","0","0","0","0","0","7","0","","02","7","2023","1","40.462279","-79.804219","","11","0","0","0","0","0","0","0","0","","0","0","0","","","0","N","0","","40 27:44.203","6","0","79 48:15.187","0","0","0","0","2113","0","0","0","N","0","0","0","1","02113","0","","4.0","630.0","9","N","N","N","0","","0","0","0","","0","N","","1","0","0","0","0","0","0","2","0","1","","","","N","","","","","","","","","",""
"2023060355","","2","0","0","0","0","0","0","0","0","1","0","","02","7","2023","7","40.479196","-80.040804","","11","0","0","0","0","0","1","0","0","","0","0","0","","","0","N","0","","40 28:45.104","","0","80 02:26.896","0","0","0","0","2301","0","0","0","N","0","0","0","1","02301","0","","6.0","","1","N","N","N","1","","0","0","0","","0","","","3","0","0","0","0","0","0","2","0","3","","","","N","","","","","","","","","",""
"2023062349","","1","0","0","0","0","0","0","0","0","4","0","","02","7","2023","7","40.362059","-80.011236","","11","0","0","0","0","0","0","2","0","","0","0","0","","","0","","1","","40 21:43.412","5","0","80 00:40.450","0","0","0","0","2416","0","0","0","N","0","0","0","2","02416","0","","1.0","1101.0","1","N","N","N","0","","0","0","1","","8","Y","","2","0","0","0","0","0","0","2","0","2","","03","","N","","","","","","","","","",""
"2023058899","","3","0","0","0","0","0","0","0","0","1","0","","02","7","2023","3","40.403321","-80.001159","","11","0","0","0","0","0","1","0","0","","0","0","0","","","0","N","0","","40 24:11.955","","0","80 00:04.173","0","0","0","0","2301","0","0","0","N","0","0","0","3","02301","0","","1.0","","1","N","N","N","0","","0","0","0","","0","","","3","0","0","0","0","0","0","2","0","3","","04","","N","","","","","","","","","",""
"2023058350","","0","0","0","0","0","0","0","0","0","7","0","","02","7","2023","1","40.397833","-79.825431","","11","0","0","0","0","0","0","1","0","","0","0","0","","","0","","3","","40 23:52.197","7","0","79 49:31.552","0","0","0","0","2111","0","0","0","N","0","0","0","1","02111","0","","5.0","1510.0","1","N","N","N","0","","0","0","1","","0","Y","","1","0","0","0","0","0","0","2","0","1","","03","","N","","","","","","","","","",""
"2023074648","","1","0","0","0","0","0","0","0","0","7","0","","02","8","2023","1","40.462223","-80.166704","","11","0","0","0","0","0","0","0","0","","0","0","0","","","0","N","0","","40 27:44.002","","0","80 10:00.134","0","0","0","0","2213","0","0","0","N","0","0","0","1","02213","0","","4.0","","1","N","N","N","0","","0","0","0","","0","","","1","0","0","0","0","0","0","2","0","1","","","","N","","","","","","","","","",""
"2023060352","","2","0","0","0","0","0","0","0","0","5","0","","02","7","2023","7","40.421271","-79.982021","","11","0","0","0","0","0","0","0","0","","0","0","0","","","1","N","0","","40 25:16.576","","0","79 58:55.274","4","0","0","0","2301","0","0","0","N","0","0","0","4","02301","1","","1.0","","1","N","N","N","0","","0","0","0","","0","","","2","1","0","0","0","0","0","2","0","2","","03","","N","","","","","","","","","",""
"2023060283","","2","0","0","0","0","0","0","0","0","7","0","","02","7","2023","6","40.37522","-79.899126","","11","0","0","0","0","0","0","0","1","","0","0","0","","","0","","3","","40 22:30.793","","0","79 53:56.852","0","0","0","0","2448","0","0","0","N","0","0","0","2","02448","0","","4.0","","1","N","N","N","0","","0","0","0","","0","","","2","0","0","0","0","0","0","2","0","2","","03","","N","","","","","","","","","",""
"2023059388","","1","0","1","0","0","0","0","0","0","4","0","","02","7","2023","4","40.576692","-80.222516","","11","0","0","0","0","0","1","0","0","","0","0","0","","","1","","2","","40 34:36.090","1","0","80 13:21.056","2","0","0","0","2441","0","0","0","N","0","0","0","2","02441","0","","1.0","2030.0","1","N","N","N","0","","0","1","1","","2","Y","","2","1","0","0","0","0","0","2","0","2","","03","","N","","","","","","","","","",""
"2023059060","","0","0","0","0","0","0","0","0","0","1","0","","02","7","2023","3","40.443696","-80.028619","","11","0","0","0","0","0","1","0","0","","0","0","0","","","0","N","0","","40 26:37.304","1","0","80 01:43.030","0","0","0","0","2301","0","0","0","N","0","0","0","6","02301","0","","1.0","2309.0","1","N","N","N","0","","0","0","1","","0","Y","","2","0","0","0","0","0","0","2","1","2","","","","N","","","","","","","","","",""
"2023075194","","1","0","0","0","0","0","0","0","0","4","0","","02","8","2023","6","40.449842","-79.929651","","11","0","0","0","0","0","0","0","1","","0","0","0","","","1","","1","","40 26:59.430","6","0","79 55:46.742","4","0","0","0","2301","0","0","0","N","0","0","0","3","02301","1","","1.0","845.0","1","N","N","N","1","","0","0","0","","2","N","","2","1","0","0","0","0","0","2","0","2","","","","N","","","","","","","","","",""
"2023074245","","0","0","0","0","0","0","0","0","0","7","1","90","02","8","2023","3","40.671221","-80.129845","","11","0","0","0","0","0","0","0","0","","0","0","0","","","0","","2","","40 40:16.395","","0","80 07:47.441","0","0","0","0","2212","0","0","0","N","0","0","0","1","02505","0","","1.0","","1","N","N","N","0","","0","0","0","","7","","","1","0","0","0","0","0","0","2","1","1","","","Y","Y","2","1","","Y","N","Y","","","","N"
"2023073022","","1","0","0","0","0","0","0","0","0","98","0","","02","8","2023","6","40.564441","-79.858995","","11","0","0","0","0","0","0","0","0","","0","0","0","","","1","N","0","","40 33:51.987","","0","79 51:32.381","3","0","0","0","2209","0","0","0","N","0","0","0","1","02209","0","","1.0","","1","N","N","N","0","","1","0","0","","0","","","1","1","0","0","0","0","0","2","0","1","","","","N","","","","","","","","","",""
"2023068180","","2","0","0","0","0","0","0","0","0","4","0","","02","8","2023","4","40.509108","-80.091216","","11","0","0","1","0","0","0","0","0","","0","0","0","","","1","","3","","40 30:32.790","","0","80 05:28.377","8","0","0","0","2429","0","0","0","N","0","0","0","2","02215","0","","1.0","","1","N","N","N","0","","0","0","0","","4","","","2","1","0","0","0","1","0","2","0","2","","","","N","","","","","","","","","",""
"2023073070","","1","0","0","0","0","0","0","0","0","5","1","","02","8","2023","4","40.362156","-80.035594","","11","0","0","0","0","0","1","0","0","","0","1","0","","","0","N","0","","40 21:43.760","","0","80 02:08.140","0","0","0","0","2109","0","0","0","N","0","0","0","1","02109","0","","6.0","","1","N","N","N","0","","0","0","0","","0","","","2","0","0","0","0","0","0","2","0","2","","","","N","","","","","","","","","",""
"2023061016","","1","0","0","0","0","0","0","0","0","7","0","","02","7","2023","1","40.442418","-79.775131","","11","0","0","0","0","0","0","0","0","","0","0","0","","","0","","2","","40 26:32.704","","0","79 46:30.472","0","0","0","0","2446","0","0","0","N","0","0","0","2","02446","0","","5.0","","1","N","N","N","0","","0","0","0","","3","","","1","0","0","0","0","0","0","2","0","1","","03","","N","","","","","","","","","",""
"2023060992","","0","0","0","0","0","0","0","0","0","0","0","","02","7","2023","2","40.204124","-79.908476","","11","0","0","0","0","0","0","1","0","","0","0","0","","","0","N","0","","40 12:14.846","7","0","79 54:30.512","0","0","0","1","2204","0","0","0","N","0","0","0","2","02105","0","","1.0","2019.0","1","N","N","N","0","","0","0","0","","0","N","","1","0","0","0","0","0","0","1","0","1","","03","","N","","","","","","","","","",""
"2023089153","","1","0","0","0","0","0","0","0","0","2","0","","02","9","2023","3","40.666524","-80.056016","","11","0","1","0","0","0","0","0","0","","0","0","0","","","0","N","0","","40 39:59.485","6","0","80 03:21.658","0","0","0","0","2216","0","0","0","N","0","0","0","3","02505","0","","1.0","1805.0","9","N","N","N","0","","0","0","1","","0","Y","","2","0","0","0","0","0","0","2","0","2","","","","N","","","","","","","","","",""
"2023065984","","1","0","0","0","0","0","0","0","0","5","0","","02","7","2023","4","40.37605","-79.983979","","11","0","0","0","0","0","2","0","0","","0","0","0","","","0","N","0","","40 22:33.781","","0","79 59:02.324","0","0","0","0","2413","0","0","0","N","0","0","0","3","02413","0","","1.0","","1","N","N","N","1","","0","0","0","","0","","","3","0","0","0","0","0","0","2","1","3","","","","N","","","","","","","","","",""
"2023091053","","0","0","0","0","0","0","0","0","0","1","0","","02","10","2023","4","40.556841","-79.807297","","11","0","0","0","0","0","0","0","0","","0","0","0","","","1","N","0","","40 33:24.628","1","0","79 48:26.269","8","0","0","0","2121","0","0","0","N","0","0","0","2","68D02","0","","1.0","1616.0","1","N","N","N","1","","0","0","1","","0","Y","","2","1","0","0","0","1","0","2","0","2","","03","","N","","","","","","","","","",""
"2023068320","","1","0","0","0","0","0","0","0","0","7","0","","02","7","2023","6","40.643619","-80.096662","","11","0","0","0","0","0","0","0","0","","0","0","0","","","1","N","0","","40 38:37.029","","0","80 05:47.983","3","0","0","0","2212","0","0","0","Y","0","0","0","1","68B03","0","","3.0","","1","N","N","N","0","","1","0","0","","0","","","1","1","1","0","0","0","0","2","0","1","","03","","N","","","","","","","","","",""
"2023075059","","0","0","0","0","0","0","0","0","0","1","0","","02","8","2023","5","40.514892","-79.952649","","11","0","0","0","0","0","0","1","0","","0","0","0","","","0","N","0","","40 30:53.612","1","0","79 57:09.535","0","0","0","0","2118","0","0","0","N","0","0","0","3","02118","0","","1.0","1908.0","1","N","N","N","0","","0","0","2","","0","N","","3","0","0","0","0","0","0","2","1","3","","03","","N","","","","","","","","","",""
"2023017052","","1","0","0","0","0","0","0","0","0","4","0","","02","2","2023","2","40.349564","-79.864655","","11","0","0","0","0","0","1","0","1","","0","0","0","","","0","","2","","40 20:58.430","4","0","79 51:52.759","0","0","0","0","2304","0","0","0","N","0","0","0","2","02501","0","","1.0","915.0","1","N","N","N","0","","0","0","1","","0","N","","2","0","0","0","0","0","0","2","0","2","","03","","N","","","","","","","","","",""
"2023074060","","1","0","0","0","0","0","0","0","0","5","0","","02","8","2023","2","40.438202","-79.830514","","11","0","0","0","0","0","0","1","0","","0","0","0","","","0","","1","","40 26:17.528","","0","79 49:49.850","0","0","0","0","2419","0","0","0","N","0","0","0","5","02419","0","","1.0","","1","N","N","N","0","","0","0","1","","2","N","","2","0","0","0","0","0","0","2","0","2","","03","","N","","","","","","","","","",""
"2023072417","","2","0","0","0","0","0","0","0","0","4","0","","02","8","2023","3","40.537508","-80.021218","","11","0","0","0","0","0","0","0","0","","0","0","0","","","1","","1","","40 32:15.028","","0","80 01:16.384","3","0","0","0","2116","0","0","0","N","0","0","0","3","02116","0","","1.0","","1","","","N","0","","1","0","0","","3","","","2","1","0","0","0","0","0","2","0","2","","","","N","","","","","","","","","",""
"2023059964","","0","0","0","0","0","0","0","0","0","8","0","","02","7","2023","6","40.41325","-79.992611","","11","0","0","0","0","0","0","0","0","","0","0","0","","","1","Y","0","","40 24:47.700","","0","79 59:33.400","3","0","0","0","2301","1","0","0","N","1","0","0","2","02301","0","","1.0","","1","N","N","N","0","","1","0","1","","0","","","2","1","0","0","0","0","0","2","0","1","","03","","N","","","","","","","","","",""
"2023072402","","0","0","0","0","0","0","0","0","0","2","0","","02","8","2023","4","40.438034","-79.913079","","11","0","0","0","0","0","1","1","0","","0","0","0","","","1","N","1","","40 26:16.922","3","0","79 54:47.084","2","0","1","1","2301","0","0","0","N","0","0","0","3","02301","0","","1.0","1340.0","1","N","N","N","0","","0","1","1","","2","N","","2","1","0","0","0","0","0","2","0","2","","","","N","","","","","","","","","",""
"2023073394","","1","0","0","0","0","0","0","0","0","4","0","","02","8","2023","7","40.568485","-80.02185","","11","0","1","0","0","0","1","0","0","","0","0","0","","","0","Y","0","","40 34:06.545","","0","80 01:18.659","0","0","0","0","2108","0","0","0","N","0","0","0","3","02108","0","","1.0","","1","N","N","N","0","","0","0","1","","0","","","2","0","0","0","0","0","0","2","0","2","","03","","N","","","","","","","","","",""
"2023061391","","0","0","0","0","0","0","0","0","0","7","0","","02","7","2023","3","40.279509","-79.909531","","11","0","0","0","0","0","0","0","0","","0","0","0","","","0","N","0","","40 16:46.231","3","0","79 54:34.313","0","0","0","0","2440","0","0","0","N","0","0","0","1","02440","0","","5.0","2348.0","1","N","N","N","1","","0","0","1","","0","Y","","2","0","1","0","0","0","0","2","0","2","","03","","N","","","","","","","","","",""
"2023074169","","1","0","0","0","0","0","0","0","0","1","0","","02","6","2023","6","40.44191","-80.158826","","11","0","0","0","0","0","1","0","0","","0","0","0","","","1","N","0","","40 26:30.875","","0","80 09:31.773","3","0","0","0","2115","0","0","0","N","0","0","0","2","68B03","0","","1.0","","1","N","N","N","0","","1","0","1","","0","","","2","1","0","0","0","0","0","2","0","2","","03","","N","","","","","","","","","",""
"2023059933","","1","0","0","0","0","0","0","0","0","1","0","","02","7","2023","6","40.614694","-80.097505","","11","0","0","0","0","0","0","1","0","","0","0","0","","","1","Y","0","","40 36:52.898","3","0","80 05:51.019","8","0","0","0","2481","0","0","0","N","0","0","0","2","02481","0","","1.0","1105.0","1","N","N","N","0","","0","0","1","","0","N","","2","1","0","0","0","1","0","2","0","2","","04","","N","","","","","","","","","",""
"2023061228","","1","0","0","0","0","0","0","0","0","4","0","","02","7","2023","2","40.378063","-80.064988","","11","0","0","0","0","0","0","1","0","","0","0","0","","","1","","2","","40 22:41.025","","0","80 03:53.957","3","0","0","0","2109","0","0","0","N","0","0","0","2","02109","0","","1.0","","1","N","N","N","0","","1","0","1","","2","","","2","1","0","0","0","0","0","2","0","2","","03","","N","","","","","","","","","",""
"2023060226","","0","0","0","0","0","0","0","0","0","4","0","","02","7","2023","7","40.537891","-79.834755","","11","0","0","0","0","0","0","0","0","","0","0","0","","","1","","2","","40 32:16.407","2","0","79 50:05.117","8","0","0","0","2208","0","0","0","N","0","0","0","4","02208","0","","1.0","1035.0","1","N","N","N","0","","0","0","2","","2","N","","2","1","0","0","0","1","0","2","0","2","","03","","N","","","","","","","","","",""
"2023060495","","2","0","0","0","0","0","0","0","0","1","0","","02","7","2023","1","40.460113","-79.971747","","11","0","0","0","0","0","0","0","0","","0","0","0","","","0","Y","0","","40 27:36.407","5","3","79 58:18.289","9","0","0","0","2301","0","0","0","N","0","0","0","6","02301","0","","1.0","1437.0","1","N","N","N","1","","0","0","1","","2","N","","4","0","0","0","0","0","1","2","0","4","","03","","N","","","","","","","","","",""
"2023073688","","1","0","0","0","0","0","0","0","0","7","0","","02","8","2023","6","40.358744","-79.849173","","11","0","0","0","0","0","0","0","0","","0","0","0","","","0","N","0","","40 21:31.478","5","8","79 50:57.024","0","0","0","0","2473","0","0","0","N","0","0","0","1","02473","0","","3.0","249.0","1","N","N","N","0","","0","0","0","","0","N","","1","0","0","0","0","0","0","2","0","1","","03","","N","","","","","","","","","",""
"2023062415","","1","0","0","0","0","0","0","0","0","7","0","","02","7","2023","7","40.43225","-79.947028","","11","0","0","0","0","1","0","0","0","","0","0","0","","","0","N","0","","40 25:56.100","","0","79 56:49.300","0","0","0","0","2301","0","0","0","N","0","0","0","1","02301","0","","5.0","","1","N","N","N","0","","0","0","0","","0","N","","1","0","0","0","0","0","0","2","0","1","","03","","N","","","","","","","","","",""
"2023066369","","1","0","0","0","0","0","0","0","0","4","0","","02","7","2023","3","40.503683","-80.222428","","11","1","0","0","0","0","0","0","0","","0","0","0","","","3","","2","","40 30:13.257","1","0","80 13:20.739","3","0","0","0","2213","0","0","0","N","0","0","0","5","02213","0","","1.0","2351.0","1","N","N","N","0","","3","0","1","","2","Y","","2","3","0","0","0","0","2","2","0","2","","","","N","","","","","","","","","",""
"2023073569","","2","0","0","0","0","0","0","0","0","5","0","","02","8","2023","7","40.448933","-79.932572","","11","0","0","0","1","0","0","0","0","","0","0","0","","","0","N","2","","40 26:56.158","","1","79 55:57.259","0","0","0","0","2301","0","0","0","N","0","0","0","5","02301","0","","1.0","","1","N","N","N","0","","0","0","0","","0","","","2","0","0","0","0","0","0","2","0","2","","03","","N","","","","","","","","","",""
"2023060213","","2","0","0","0","0","0","0","0","0","4","0","","02","7","2023","7","40.397769","-79.821054","","11","0","0","0","0","0","1","0","0","","0","0","0","","","2","","1","","40 23:51.968","5","0","79 49:15.793","3","0","0","0","2111","0","0","0","N","0","0","0","3","02111","0","","1.0","1015.0","1","N","","N","0","","2","0","0","","3","Y","","2","2","0","0","0","0","0","2","0","2","","03","","N","","","","","","","","","",""
"2023061132","","1","0","0","0","0","0","0","0","0","4","0","","02","7","2023","4","40.351738","-80.011492","","11","0","0","0","0","0","1","0","1","","0","0","0","","","2","","1","","40 21:06.255","","0","80 00:41.371","4","0","0","0","2407","0","0","0","N","0","0","0","3","02407","2","","1.0","","1","N","N","N","0","","0","0","0","","2","","","2","2","0","0","0","0","0","2","1","2","","","","N","","","","","","","","","",""
"2023076164","","1","0","0","0","0","0","0","0","0","4","0","","02","8","2023","2","40.455879","-79.977029","","11","0","0","0","0","0","0","0","0","","0","0","0","","","1","","1","","40 27:21.164","7","0","79 58:37.304","3","0","0","0","2301","0","0","0","N","0","0","0","2","02301","0","","1.0","1821.0","1","N","N","N","0","","1","0","1","","0","Y","","2","1","0","0","0","0","0","2","0","2","","","","N","","","","","","","","","",""
"2023032923","","0","0","0","0","0","0","0","0","0","4","0","","02","4","2023","6","40.540644","-79.875074","","11","0","0","0","0","0","0","0","0","","0","0","0","","","0","","2","","40 32:26.318","","0","79 52:30.268","0","0","0","0","2432","0","0","0","N","0","0","0","4","02432","0","","1.0","","1","N","N","N","0","","0","0","2","","3","","","2","0","0","0","0","0","0","2","0","2","","","","N","","","","","","","","","",""
"2023058326","","1","0","0","0","0","0","0","0","0","7","0","","02","7","2023","1","40.410722","-80.010528","","11","0","0","0","0","0","0","0","0","","0","0","0","","","0","N","0","","40 24:38.600","","0","80 00:37.900","0","0","0","0","2301","0","0","0","N","0","0","0","1","02301","0","","1.0","","9","N","N","N","0","","0","0","0","","0","","","1","0","0","0","0","0","0","2","0","1","","04","","N","","","","","","","","","",""
"2023065842","","2","0","0","0","0","0","0","0","0","5","0","","02","7","2023","3","40.390442","-79.986053","","11","0","0","0","0","0","0","0","0","","0","0","0","","","0","N","0","","40 23:25.591","","0","79 59:09.789","9","0","0","0","2301","0","0","0","N","0","0","0","1","02301","0","","6.0","","1","N","N","Y","0","","0","0","3","","0","","","5","0","0","0","0","0","1","2","0","5","","","","N","","","","","","","","","",""
"2023091787","","1","0","0","0","0","0","0","0","0","4","0","","02","10","2023","7","40.476526","-79.760677","","11","0","1","0","0","0","0","0","0","","0","0","0","","","0","N","2","","40 28:35.495","","0","79 45:38.436","0","0","0","0","2466","0","0","0","N","0","0","0","2","02466","0","","1.0","","9","N","N","N","0","","0","0","1","","3","N","","2","0","0","0","0","0","0","2","0","2","","","","N","","","","","","","","","",""
"2023078726","","2","0","0","0","0","0","0","0","0","1","0","","02","9","2023","7","40.437937","-79.739903","","11","0","0","0","0","0","0","1","0","","0","0","0","","","0","","2","","40 26:16.572","3","0","79 44:23.650","0","0","0","0","2446","0","0","0","N","0","0","0","4","02446","0","","1.0","1300.0","1","N","N","N","0","","0","0","0","","2","N","","2","0","0","0","0","0","0","2","0","2","","","","N","","","","","","","","","",""
"2023087729","","0","0","0","0","0","0","0","0","0","4","0","","02","9","2023","7","40.427039","-79.699506","","11","0","0","0","0","0","0","0","0","","0","0","0","","","0","N","0","","40 25:37.341","","0","79 41:58.223","0","0","0","0","2446","0","0","0","N","0","0","0","5","02446","0","","1.0","","1","N","N","N","0","","0","0","1","","0","","","2","0","0","0","0","0","0","2","1","2","","03","","Y","","","","","","","","","",""
"2023058752","","1","0","0","0","0","0","0","0","0","7","0","","02","7","2023","7","40.538048","-80.199546","","11","0","0","0","0","0","0","0","0","","0","0","0","","","1","N","0","","40 32:16.973","1","0","80 11:58.367","2","0","0","0","2213","0","0","0","Y","0","0","0","1","68B01","0","","2.0","817.0","1","N","N","N","0","","0","1","0","","2","Y","","1","1","0","0","0","0","0","2","0","1","","03","","N","","","","","","","","","",""
"2023095798","","0","0","0","0","0","0","0","0","0","6","0","","02","10","2023","4","40.484334","-80.035812","","11","0","0","0","0","0","1","0","0","","0","0","0","","","2","","1","","40 29:03.602","5","0","80 02:08.923","3","0","0","0","2301","0","0","0","N","0","0","0","3","02301","0","","1.0","1930.0","1","N","N","N","0","","2","0","1","","0","N","","2","2","0","0","0","0","1","2","0","2","","03","","N","","","","","","","","","",""
"2023090872","","1","0","0","0","0","0","0","0","0","0","0","","02","10","2023","5","40.43741","-79.979513","","11","0","0","0","0","0","0","0","0","","0","0","0","","","0","","1","","40 26:14.677","","0","79 58:46.247","0","0","0","0","2301","0","0","0","N","0","0","0","1","02301","0","","1.0","","1","N","N","N","0","","0","0","0","","0","","","1","0","0","0","0","0","0","2","0","1","","03","","N","","","","","","","","","",""
"2023076020","","0","0","0","0","0","0","0","0","0","7","0","","02","8","2023","2","40.508056","-79.95175","","11","0","0","0","0","0","0","0","0","","0","0","0","","","1","N","0","","40 30:29.000","5","0","79 57:06.300","3","0","0","0","2430","0","0","0","N","0","0","0","2","02430","0","","5.0","1916.0","1","N","N","N","1","","1","0","0","","0","N","","1","1","0","0","0","0","1","2","0","1","","","","N","","","","","","","","","",""
"2023074625","","1","0","0","0","0","0","0","0","0","7","0","","02","8","2023","4","40.422833","-79.984528","","11","0","0","0","0","0","0","1","0","","0","0","0","","","2","N","0","","40 25:22.200","7","7","79 59:04.300","8","0","0","0","2301","0","0","0","N","0","0","0","2","02301","0","","5.0","1250.0","1","N","N","N","0","","0","0","0","","0","Y","","2","2","0","0","0","2","0","2","1","2","","03","","N","","","","","","","","","",""
"2023090332","","0","0","0","0","0","0","0","0","0","5","0","","02","10","2023","2","40.333104","-79.813455","","11","0","0","0","0","0","0","0","0","","0","0","0","","","0","N","0","","40 19:59.174","","0","79 48:48.438","0","0","0","0","2477","0","0","0","N","0","0","0","2","02477","0","","1.0","","1","N","","N","2","","0","0","0","","0","","","2","0","0","0","0","0","0","2","0","2","","03","","N","","","","","","","","","",""
"2023089178","","1","0","0","0","0","0","0","0","0","2","0","","02","10","2023","7","40.606298","-80.051587","","11","0","0","0","1","0","0","1","0","","0","0","0","","","1","N","0","","40 36:22.671","2","7","80 03:05.712","4","0","0","0","2108","0","0","0","N","0","0","0","2","02108","1","","1.0","1600.0","1","N","N","N","0","","0","0","1","","0","N","","2","1","0","0","0","0","0","2","0","2","","","","N","","","","","","","","","",""
"2023091228","","0","0","0","0","0","0","0","0","0","5","1","","02","10","2023","6","40.445892","-80.011405","","11","0","0","0","0","0","0","0","0","","0","0","0","","","0","N","0","","40 26:45.210","","0","80 00:41.058","0","0","0","0","2301","0","0","0","N","0","0","0","2","02301","0","","6.0","","1","N","N","N","0","","0","0","1","","0","","","2","0","0","0","0","0","0","2","1","2","","03","","N","","","","","","","","","",""
"2023089116","","1","0","0","0","0","0","0","0","0","4","0","","02","10","2023","6","40.355672","-79.83943","","11","0","0","0","0","0","0","0","0","","0","0","0","","","0","N","0","","40 21:20.419","4","0","79 50:21.947","0","0","0","0","2304","0","0","0","N","0","0","0","1","02304","0","","5.0","1150.0","9","N","N","N","1","","0","0","0","","0","Y","","2","0","0","0","0","0","0","2","0","2","","07","","N","","","","","","","","","",""
"2023074603","","1","0","0","0","0","0","0","0","0","5","1","","02","8","2023","6","40.343877","-79.971061","","11","0","0","0","0","0","1","0","0","","0","1","0","","","1","N","0","","40 20:37.957","","0","79 58:15.818","3","0","0","0","2403","0","0","0","N","0","0","0","3","02403","0","","1.0","","1","N","N","N","0","","1","0","0","","0","","","2","1","0","0","0","0","0","2","0","2","","03","","N","","","","","","","","","",""
"2023093309","","1","0","0","0","0","0","0","0","0","4","0","","02","10","2023","5","40.446222","-79.764613","","11","0","0","0","0","0","0","0","0","","0","0","0","","","0","","1","","40 26:46.399","","0","79 45:52.606","0","0","0","0","2446","0","0","0","N","0","0","0","4","02446","0","","1.0","","1","N","N","N","0","","0","0","1","","3","","","2","0","0","0","0","0","0","2","0","2","","03","","N","","","","","","","","","",""
"2023067380","","0","0","0","0","0","0","0","0","0","8","0","","02","7","2023","2","40.425929","-79.940894","","11","0","0","0","0","0","0","1","0","","0","0","0","","","1","","1","","40 25:33.344","","0","79 56:27.218","4","0","0","0","2301","1","0","0","N","1","0","0","2","02301","1","","1.0","","1","N","N","N","0","","0","0","1","","3","","","2","1","0","0","0","0","0","2","0","1","","03","","N","","","","","","","","","",""
"2023091763","","1","0","0","0","0","0","0","0","0","7","0","","02","10","2023","1","40.375478","-80.216931","","11","0","0","0","0","0","0","0","0","","0","0","0","","","0","N","0","","40 22:31.721","4","0","80 13:00.952","9","0","0","0","2214","0","0","0","Y","0","0","0","1","02214","0","","5.0","905.0","9","N","N","N","0","","0","0","0","","0","N","","1","0","0","0","0","0","1","2","0","1","","","","N","","","","","","","","","",""
"2023095227","","2","0","0","0","0","0","0","0","0","1","0","45","02","10","2023","1","40.51679","-80.133321","","11","0","0","0","1","0","0","0","0","","0","0","0","","","0","N","0","","40 31:00.444","","0","80 07:59.954","0","0","0","0","2434","0","0","0","N","0","0","0","2","68B03","0","","1.0","","1","N","N","N","0","","0","0","0","","0","","","2","0","0","0","0","0","0","2","0","2","","03","Y","Y","4","1","N","N","N","Y","N","N","N","N"