"CRN","ARRIVAL_TM","AUTOMOBILE_COUNT","BELTED_DEATH_COUNT","BELTED_SUSP_SERIOUS_INJ_COUNT","BICYCLE_COUNT","BICYCLE_DEATH_COUNT","BICYCLE_SUSP_SERIOUS_INJ_COUNT","BUS_COUNT","CHLDPAS_DEATH_COUNT","CHLDPAS_SUSP_SERIOUS_INJ_COUNT","COLLISION_TYPE","COMM_VEH_COUNT","CONS_ZONE_SPD_LIM","COUNTY","CRASH_MONTH","CRASH_YEAR","DAY_OF_WEEK","DEC_LATITUDE","DEC_LONGITUDE","DISPATCH_TM","DISTRICT","DRIVER_COUNT_16YR","DRIVER_COUNT_17YR","DRIVER_COUNT_18YR","DRIVER_COUNT_19YR","DRIVER_COUNT_20YR","DRIVER_COUNT_50_64YR","DRIVER_COUNT_65_74YR","DRIVER_COUNT_75PLUS","EST_HRS_CLOSED","FATAL_COUNT","HEAVY_TRUCK_COUNT","HORSE_BUGGY_COUNT","HOUR_OF_DAY","ILLUMINATION","INJURY_COUNT","INTERSECTION_RELATED","INTERSECT_TYPE","LANE_CLOSED","LATITUDE","LN_CLOSE_DIR","LOCATION_TYPE","LONGITUDE","MAX_SEVERITY_LEVEL","MCYCLE_DEATH_COUNT","MCYCLE_SUSP_SERIOUS_INJ_COUNT","MOTORCYCLE_COUNT","MUNICIPALITY","NONMOTR_COUNT","NONMOTR_DEATH_COUNT","NONMOTR_SUSP_SERIOUS_INJ_COUNT","NTFY_HIWY_MAINT","PED_COUNT","PED_DEATH_COUNT","PED_SUSP_SERIOUS_INJ_COUNT","PERSON_COUNT","POLICE_AGCY","POSSIBLE_INJ_COUNT","RDWY_SURF_TYPE_CD","RELATION_TO_ROAD","ROADWAY_CLEARED","ROAD_CONDITION","SCH_BUS_IND","SCH_ZONE_IND","SECONDARY_CRASH","SMALL_TRUCK_COUNT","SPEC_JURIS_CD","SUSP_MINOR_INJ_COUNT","SUSP_SERIOUS_INJ_COUNT","SUV_COUNT","TCD_FUNC_CD","TCD_TYPE","TFC_DETOUR_IND","TIME_OF_DAY","TOTAL_UNITS","TOT_INJ_COUNT","UNBELTED_OCC_COUNT","UNB_DEATH_COUNT","UNB_SUSP_SERIOUS_INJ_COUNT","UNK_INJ_DEG_COUNT","UNK_INJ_PER_COUNT","URBAN_RURAL","VAN_COUNT","VEHICLE_COUNT","WEATHER1","WEATHER2","WORKERS_PRES","WORK_ZONE_IND","WORK_ZONE_LOC","WORK_ZONE_TYPE","WZ_CLOSE_DETOUR","WZ_FLAGGER","WZ_LAW_OFFCR_IND","WZ_LN_CLOSURE","WZ_MOVING","WZ_OTHER","WZ_SHLDER_MDN","WZ_WORKERS_INJ_KILLED"
"2023076430","","0","0","0","0","0","0","0","0","0","7","0","","02","8","2023","7","40.583943","-80.209152","","11","0","0","0","0","0","0","0","0","","0","0","0","","","0","N","0","","40 35:02.193","","0","80 12:32.947","0","0","0","0","2107","0","0","0","N","0","0","0","6","02107","0","","4.0","","1","","","N","0","","0","0","0","","0","","","1","0","0","0","0","0","0","2","1","1","","","","N","","","","","","","","","",""
"2023076969","","0","0","0","0","0","0","0","0","0","7","0","","02","8","2023","4","40.462917","-79.759448","","11","0","0","0","0","0","0","0","0","","0","0","0","","","1","N","0","","40 27:46.500","","0","79 45:34.012","3","0","0","0","2466","0","0","0","N","0","0","0","1","02466","0","","4.0","","1","N","N","N","1","","1","0","0","","0","","","1","1","0","0","0","0","0","2","0","1","","","","N","","","","","","","","","",""
"2023091771","","2","0","0","0","0","0","0","0","0","5","0","","02","10","2023","1","40.493555","-80.011568","","11","0","0","0","0","0","1","0","0","","0","0","0","","","0","","1","","40 29:36.799","","0","80 00:41.646","0","0","0","0","2301","0","0","0","N","0","0","0","3","02301","0","","1.0","","1","N","N","N","0","","0","0","0","","2","","","2","0","0","0","0","0","0","2","0","2","","03","","N","","","","","","","","","",""
"2023073302","","1","0","0","0","0","0","0","0","0","4","0","","02","8","2023","6","40.382695","-79.872654","","11","0","0","0","0","0","0","0","0","","0","0","0","","","0","N","2","","40 22:57.702","","0","79 52:21.553","0","0","0","0","2473","0","0","0","N","0","0","0","2","02473","0","","1.0","","1","N","N","N","1","","0","0","0","","3","","","2","0","0","0","0","0","0","2","0","2","","03","","N","","","","","","","","","",""
"2023076793","","2","0","0","0","0","0","0","0","0","5","0","","02","8","2023","4","40.387951","-79.996443","","11","0","0","0","1","0","0","0","0","","0","0","0","","","0","","2","","40 23:16.624","","0","79 59:47.194","0","0","0","0","2301","0","0","0","N","0","0","0","3","02301","0","","1.0","","1","N","N","N","0","","0","0","1","","2","","","3","0","0","0","0","0","0","2","0","3","","03","","N","","","","","","","","","",""
"2023095800","","1","0","0","0","0","0","0","0","0","5","0","","02","10","2023","4","40.472278","-79.959199","","11","0","0","0","0","0","0","0","0","","0","0","0","","","0","N","0","","40 28:20.200","","0","79 57:33.116","0","0","0","0","2301","0","0","0","N","0","0","0","0","02301","0","","6.0","","1","N","N","N","1","","0","0","0","","0","","","2","0","0","0","0","0","0","2","0","2","","03","","N","","","","","","","","","",""
"2023088793","","0","0","0","0","0","0","0","0","0","7","0","","02","8","2023","1","40.404047","-79.843263","","11","0","0","0","0","0","0","0","0","","0","0","0","","","0","N","0","","40 24:14.569","7","0","79 50:35.746","0","0","0","0","2449","0","0","0","N","0","0","0","1","68B03","0","","4.0","100.0","1","N","N","N","0","","0","0","1","","0","Y","","2","0","0","0","0","0","0","2","1","2","","","","N","","","","","","","","","",""
"2023058308","","0","0","0","0","0","0","0","0","0","7","0","","02","7","2023","1","40.468625","-79.706428","","11","0","0","0","0","0","0","0","0","","0","0","0","","","0","N","0","","40 28:07.049","2","0","79 42:23.139","0","0","0","0","2466","0","0","0","N","0","0","0","1","02466","0","","4.0","1007.0","9","N","N","N","0","","0","0","1","","0","Y","","1","0","0","0","0","0","0","2","0","1","","04","","N","","","","","","","","","",""
"2023074644","","0","0","0","0","0","0","0","0","0","7","0","","02","8","2023","7","40.495985","-80.183755","","11","0","0","0","0","0","0","0","0","","0","0","0","","","1","N","0","","40 29:45.547","5","0","80 11:01.518","3","0","0","0","2213","0","0","0","N","0","0","0","1","02213","0","","4.0","1750.0","9","N","N","N","1","","1","0","0","","0","Y","","1","1","1","0","0","0","0","2","0","1","","","","N","","","","","","","","","",""
"2023058464","","0","0","0","0","0","0","0","0","0","4","0","","02","7","2023","1","40.438231","-79.996059","","11","0","0","0","0","0","0","0","0","","0","0","0","","","3","","1","","40 26:17.633","4","0","79 59:45.811","3","0","0","0","2301","0","0","0","N","0","0","0","3","02301","1","","1.0","2120.0","1","N","N","N","0","","1","0","2","","2","Y","","2","3","0","0","0","1","0","2","0","2","","","","N","","","","","","","","","",""
"2023058927","","0","0","0","0","0","0","0","0","0","0","0","","02","7","2023","3","40.473804","-79.919123","","11","0","0","0","0","0","0","0","0","","0","0","0","","","1","N","0","","40 28:25.696","","0","79 55:08.843","3","0","0","1","2301","0","0","0","N","0","0","0","2","02301","0","","1.0","","1","N","N","N","0","","1","0","0","","0","","","1","1","0","0","0","0","0","2","0","1","","","","N","","","","","","","","","",""
"2023060492","","1","0","0","0","0","0","0","0","0","1","0","","02","7","2023","1","40.324114","-79.838994","","11","0","0","0","0","0","1","0","0","","0","0","0","","","0","","2","","40 19:26.811","","0","79 50:20.379","0","0","0","0","2304","0","0","0","N","0","0","0","2","02304","0","","1.0","","1","N","N","N","0","","0","0","1","","4","","","2","0","2","0","0","0","0","2","0","2","","03","","N","","","","","","","","","",""
"2023075678","","1","0","0","0","0","0","0","0","0","1","0","","02","8","2023","7","40.468472","-80.123528","","11","0","0","0","0","0","0","0","0","","0","0","0","","","0","N","0","","40 28:06.500","","0","80 07:24.700","0","0","0","0","2115","0","0","0","N","0","0","0","4","02115","0","","1.0","","1","N","N","N","1","","0","0","0","","2","","","2","0","0","0","0","0","0","2","0","2","","03","","N","","","","","","","","","",""
"2023076527","","1","0","0","0","0","0","0","0","0","7","0","","02","8","2023","3","40.417649","-79.982911","","11","0","0","0","0","0","0","0","0","","0","0","0","","","0","N","0","","40 25:03.536","7","0","79 58:58.480","0","0","0","0","2301","0","0","0","N","0","0","0","1","02301","0","","4.0","1800.0","1","N","N","N","0","","0","0","0","","3","Y","","1","0","0","0","0","0","0","2","0","1","","03","","N","","","","","","","","","",""
"2023092700","","0","0","0","0","0","0","0","0","0","2","0","","02","10","2023","3","40.567388","-80.00696","","11","0","0","0","0","0","0","0","0","","0","0","0","","","3","","1","","40 34:02.595","6","0","80 00:25.056","8","0","0","0","2108","0","0","0","N","0","0","0","4","02108","0","","1.0","2021.0","1","N","N","N","0","","0","0","2","","2","N","","2","3","1","0","0","3","0","2","0","2","","","","N","","","","","","","","","",""
"2023074630","","0","0","0","0","0","0","0","0","0","8","0","","02","8","2023","3","40.400994","-79.903313","","11","0","0","0","0","0","0","0","0","","0","0","0","","","1","","1","","40 24:03.580","","0","79 54:11.925","3","0","0","0","2448","1","0","0","N","1","0","0","2","02448","0","","1.0","","1","N","N","N","0","","1","0","1","","3","","","2","1","0","0","0","0","0","2","0","1","","03","","N","","","","","","","","","",""
"2023061660","","1","0","0","0","0","0","0","0","0","4","0","","02","7","2023","2","40.321093","-79.892428","","11","0","0","0","0","0","0","1","0","","0","0","0","","","0","","2","","40 19:15.936","","7","79 53:32.739","0","0","0","0","2433","0","0","0","N","0","0","0","2","02433","0","","1.0","","1","N","N","N","0","","0","0","1","","3","","","2","0","0","0","0","0","0","2","0","2","","","","N","","","","","","","","","",""
"2023075895","","1","0","0","0","0","0","0","0","0","1","0","","02","8","2023","2","40.409974","-80.020854","","11","0","0","0","0","0","0","0","0","","0","0","0","","","0","N","0","","40 24:35.906","","0","80 01:15.074","9","0","0","1","2301","0","0","0","N","0","0","0","3","02301","0","","6.0","","1","N","N","N","2","","0","0","2","","0","N","","6","0","1","0","0","0","2","2","0","6","","","","N","","","","","","","","","",""
"2023095250","","1","0","0","0","0","0","0","0","0","1","0","","02","10","2023","3","40.421639","-80.104729","","11","0","0","0","0","0","0","0","0","","0","0","0","","","0","N","0","","40 25:17.901","","0","80 06:17.026","0","0","0","0","2115","0","0","0","N","0","0","0","2","68B03","0","","1.0","","9","N","N","N","1","","0","0","0","","0","","","2","0","0","0","0","0","0","2","0","2","","","","N","","","","","","","","","",""
"2023094681","","0","1","0","0","0","0","0","0","0","7","0","","02","9","2023","2","40.432433","-79.868799","","11","0","0","0","0","0","0","0","0","","1","0","0","","","1","N","0","","40 25:56.759","3","2","79 52:07.676","1","0","0","0","2478","0","0","0","N","0","0","0","2","68B03","0","2","5.0","30.0","1","N","N","N","0","0","0","0","1","","0","Y","","1","1","0","0","0","1","0","2","0","1","","03","","N","","","","","","","","","",""
"2023077579","","1","0","0","0","0","0","0","0","0","4","0","","02","8","2023","5","40.347656","-79.947243","","11","0","0","0","0","0","1","0","0","","0","0","0","","","2","","1","","40 20:51.563","4","7","79 56:50.074","3","0","0","0","2473","0","0","0","N","0","0","0","3","02473","0","","1.0","2100.0","1","N","N","N","0","","2","0","1","","3","N","","2","2","0","0","0","0","0","2","0","2","","","","N","","","","","","","","","",""
"2023088882","","2","0","0","0","0","0","0","0","0","1","0","","02","10","2023","5","40.495241","-79.781446","","11","0","1","0","0","0","0","0","0","","0","0","0","","","3","N","0","","40 29:42.867","4","0","79 46:53.207","4","0","0","0","2466","0","0","0","N","0","0","0","4","02466","1","","1.0","2242.0","1","N","N","N","0","","0","0","0","","0","Y","","2","3","1","0","0","2","0","2","0","2","","","","N","","","","","","","","","",""
"2023077591","","0","0","0","0","0","0","0","0","0","4","0","","02","9","2023","6","40.510156","-79.796567","","11","1","0","0","0","0","0","0","0","","0","0","0","","","0","","3","","40 30:36.561","","0","79 47:47.640","9","0","0","0","2113","0","0","0","N","0","0","0","3","02113","0","","1.0","","1","N","N","N","1","","0","0","1","","0","","","2","0","0","0","0","0","1","2","0","2","","","","N","","","","","","","","","",""
"2023094015","","0","0","0","0","0","0","0","0","0","4","0","","02","10","2023","6","40.511459","-80.10094","","11","0","0","0","0","0","1","0","0","","0","0","0","","","3","","1","","40 30:41.251","","0","80 06:03.383","8","0","0","0","2429","0","0","0","N","0","0","0","3","02215","0","","1.0","","9","N","N","N","0","","0","0","2","","2","","","2","3","0","0","0","3","0","2","0","2","","","","N","","","","","","","","","",""
"2023089407","","1","0","0","0","0","0","0","0","0","4","0","","02","9","2023","1","40.372938","-79.792793","","11","0","0","0","0","0","0","0","0","","0","0","0","","","2","N","2","","40 22:22.575","4","0","79 47:34.054","3","0","0","0","2111","0","0","0","N","0","0","0","2","02111","0","","1.0","1536.0","1","N","N","N","0","","2","0","1","","3","Y","","2","2","0","0","0","0","0","2","0","2","","03","","N","","","","","","","","","",""
"2023090312","","1","1","0","0","0","0","0","0","0","1","0","","02","7","2023","4","40.493384","-80.274732","","11","0","0","0","1","0","0","0","0","","1","0","0","","","1","N","0","","40 29:36.183","4","0","80 16:29.036","1","0","0","0","2203","0","0","0","N","0","0","0","2","68B03","0","1","2.0","1213.0","1","N","N","N","1","0","0","1","0","","0","N","","2","1","0","0","0","0","0","2","0","2","","03","","N","","","","","","","","","",""
"2023096400","","0","0","0","0","0","0","0","0","0","98","0","","02","10","2023","1","40.515846","-79.799092","","11","0","0","0","0","0","0","0","0","","0","0","0","","","0","N","0","","40 30:57.044","","0","79 47:56.732","0","0","0","0","2466","0","0","0","N","0","0","0","2","68T02","0","","1.0","","1","N","N","N","0","","0","0","1","","0","","","1","0","0","0","0","0","0","2","0","1","","","","N","","","","","","","","","",""
"2023077578","","0","0","0","0","0","0","0","0","0","7","0","","02","9","2023","6","40.460944","-80.112559","","11","0","0","0","0","0","0","0","1","","0","0","0","","","1","N","0","","40 27:39.400","5","0","80 06:45.212","3","0","0","0","2126","0","0","0","N","0","0","0","1","02126","0","","1.0","1927.0","1","N","N","N","1","","1","0","0","","3","Y","","1","1","0","0","0","0","0","2","0","1","","03","","N","","","","","","","","","",""
"2023091399","","1","0","0","0","0","0","0","0","0","4","0","","02","10","2023","6","40.592141","-80.074993","","11","0","0","0","0","0","1","1","0","","0","0","0","","","3","","3","","40 35:31.706","","0","80 04:29.976","3","0","0","0","2481","0","0","0","N","0","0","0","4","02481","0","","1.0","","1","N","N","N","0","","3","0","1","","3","","","2","3","1","0","0","0","0","2","0","2","","03","","N","","","","","","","","","",""
"2023094318","","1","0","0","0","0","0","0","0","0","4","0","","02","10","2023","1","40.339408","-79.967888","","11","0","0","0","0","0","0","0","0","","0","0","0","","","0","Y","0","","40 20:21.870","","0","79 58:04.397","0","0","0","0","2454","0","0","0","N","0","0","0","2","02454","0","","1.0","","1","N","N","N","0","","0","0","1","","0","","","2","0","0","0","0","0","0","2","0","2","","03","","N","","","","","","","","","",""
"2023092028","","1","0","0","0","0","0","0","0","0","4","0","","02","9","2023","2","40.298293","-80.046863","","11","0","0","0","0","0","0","0","0","","0","0","0","","","2","","1","","40 17:53.855","","0","80 02:48.705","3","0","0","0","2407","0","0","0","N","0","0","0","2","02407","1","","1.0","","9","N","N","N","1","","1","0","0","","0","","","2","2","0","0","0","0","0","2","0","2","","","","N","","","","","","","","","",""
"2023068879","","1","0","0","0","0","0","0","0","0","1","0","","02","8","2023","6","40.553936","-80.020893","","11","0","1","0","0","0","0","1","0","","0","0","0","","","1","N","0","","40 33:14.170","1","0","80 01:15.214","4","0","0","0","2116","0","0","0","N","0","0","0","5","02116","1","","1.0","1120.0","1","N","N","N","0","","0","0","2","","0","N","","3","1","0","0","0","0","0","2","0","3","","03","","N","","","","","","","","","",""
"2023086828","","2","0","0","0","0","0","0","0","0","4","0","","02","8","2023","4","40.434376","-79.787487","","11","0","0","0","0","0","0","0","0","","0","0","0","","","0","Y","0","","40 26:03.752","3","7","79 47:14.953","0","0","0","0","2446","0","0","0","N","0","0","0","2","02446","0","","1.0","1522.0","1","N","N","N","0","","0","0","0","","3","Y","","2","0","0","0","0","0","0","2","0","2","","03","","N","","","","","","","","","",""
"2023092409","","0","0","0","0","0","0","0","0","0","8","1","","02","9","2023","3","40.401369","-79.815604","","11","0","0","0","0","0","1","0","0","","1","1","0","","","0","N","0","","40 24:04.929","4","0","79 48:56.174","1","0","0","0","2479","1","1","0","N","1","1","0","4","02501","0","2","1.0","1314.0","1","N","N","N","0","0","0","0","0","","0","Y","","3","0","0","0","0","0","0","2","1","2","","03","","N","","","","","","","","","",""
"2023091453","","0","0","0","0","0","0","0","0","0","7","0","","02","7","2023","7","40.429227","-79.943875","","11","0","0","0","0","0","0","0","0","","0","0","0","","","0","N","0","","40 25:45.218","4","0","79 56:37.950","0","0","0","0","2301","0","0","0","N","0","0","0","2","68B03","0","","2.0","840.0","9","N","N","N","0","","0","0","1","","0","N","","1","0","0","0","0","0","0","2","0","1","","","","N","","","","","","","","","",""
"2023091118","","0","0","0","0","0","0","0","0","0","7","0","","02","10","2023","1","40.52354","-79.718923","","11","0","0","0","0","0","1","0","0","","0","0","0","","","0","N","0","","40 31:24.743","1","0","79 43:08.124","0","0","0","0","2466","0","0","0","N","0","0","0","1","02466","0","","4.0","725.0","1","N","N","N","0","","0","0","1","","0","Y","","1","0","0","0","0","0","0","1","0","1","","","","N","","","","","","","","","",""
"2023091501","","1","0","0","0","0","0","0","0","0","2","0","","02","10","2023","6","40.672172","-80.098267","","11","0","0","0","0","0","1","1","0","","0","0","0","","","0","N","0","","40 40:19.820","","7","80 05:53.762","0","0","0","0","2212","0","0","0","N","0","0","0","4","02505","0","","1.0","","1","N","N","Y","1","","0","0","1","","0","","","3","0","0","0","0","0","0","2","0","3","","03","","N","","","","","","","","","",""
"2023090688","","0","0","0","0","0","0","0","0","0","4","0","","02","10","2023","4","40.519047","-80.013603","","11","0","0","0","0","0","0","0","0","","0","0","0","","","0","N","2","","40 31:08.569","4","0","80 00:48.971","0","0","0","0","2116","0","0","0","N","0","0","0","5","02116","0","","1.0","2000.0","1","N","N","N","0","","0","0","2","","2","N","","3","0","0","0","0","0","0","2","1","3","","03","","N","","","","","","","","","",""
"2023077430","","0","0","0","0","0","0","0","0","0","1","0","","02","9","2023","6","40.45065","-80.127546","","11","0","0","0","0","0","0","2","0","","0","0","0","","","1","N","0","","40 27:02.339","4","0","80 07:39.164","3","0","0","0","2115","0","0","0","N","0","0","0","3","02115","0","","1.0","1305.0","1","N","N","N","1","","1","0","1","","0","N","","3","1","0","0","0","0","0","2","1","3","","","","N","","","","","","","","","",""
"2023089533","","1","0","0","0","0","0","0","0","0","2","0","","02","10","2023","1","40.480792","-80.079225","","11","0","0","0","0","0","0","0","0","","0","0","0","","","2","N","3","","40 28:50.851","5","0","80 04:45.209","4","0","0","0","2122","0","0","0","N","0","0","0","2","02122","2","","1.0","1619.0","1","N","N","N","0","","0","0","1","","0","N","","2","2","0","0","0","0","0","2","0","2","","03","","N","","","","","","","","","",""
"2023072990","","1","0","0","0","0","0","0","0","0","1","0","","02","8","2023","5","40.465028","-80.067917","","11","0","0","0","0","0","0","0","0","","0","0","0","","","3","N","0","","40 27:54.100","3","0","80 04:04.500","3","0","0","0","2444","0","0","0","N","0","0","0","6","02444","0","","1.0","934.0","1","N","N","N","0","","3","0","2","","0","N","","3","3","0","0","0","0","0","2","0","3","","","","N","","","","","","","","","",""
"2023095752","","1","0","0","0","0","0","0","0","0","1","0","","02","10","2023","3","40.577096","-79.786249","","11","0","0","0","0","0","1","0","0","","0","0","0","","","0","N","0","","40 34:37.546","2","0","79 47:10.495","0","0","0","0","2104","0","0","0","N","0","0","0","3","68D02","0","","1.0","716.0","1","N","N","N","0","","0","0","1","","0","N","","2","0","1","0","0","0","0","2","0","2","","03","","N","","","","","","","","","",""
"2023077063","","0","0","0","0","0","0","0","0","0","4","0","","02","8","2023","5","40.34242","-79.94421","","11","0","0","0","0","0","0","0","0","","0","0","0","","","0","","2","","40 20:32.711","","7","79 56:39.157","0","0","0","0","2473","0","0","0","N","0","0","0","2","02473","0","","1.0","","1","N","N","N","0","","0","0","1","","3","","","2","0","0","0","0","0","0","2","1","2","","03","","N","","","","","","","","","",""
"2023075556","","0","0","0","0","0","0","0","0","0","1","0","","02","8","2023","6","40.451713","-79.952712","","11","0","0","0","0","0","0","0","0","","0","0","0","","","1","","2","","40 27:06.168","","0","79 57:09.764","8","0","0","0","2301","0","0","0","N","0","0","0","2","02301","0","","1.0","","1","N","N","N","0","","0","0","2","","0","","","2","1","0","0","0","1","0","2","0","2","","","","N","","","","","","","","","",""
"2023088530","","1","0","0","0","0","0","1","0","0","4","1","","02","9","2023","7","40.443379","-79.996274","","11","0","0","0","0","0","0","0","0","","0","0","0","","","2","N","0","","40 26:36.164","3","0","79 59:46.586","4","0","0","0","2301","0","0","0","N","0","0","0","4","02503","2","","1.0","1949.0","1","N","N","N","0","","0","0","0","","0","N","","2","2","0","0","0","0","0","2","0","2","","98","","N","","","","","","","","","",""
"2023075977","","0","0","0","0","0","0","0","0","0","5","0","","02","8","2023","2","40.458563","-79.894517","","11","0","0","0","0","0","0","0","0","","0","0","0","","","0","N","0","","40 27:30.825","","0","79 53:40.261","0","0","0","0","2301","0","0","0","N","0","0","0","1","02301","0","","6.0","","1","N","N","N","0","","0","0","1","","0","","","2","0","0","0","0","0","0","2","0","2","","","","N","","","","","","","","","",""
"2023090209","","1","0","0","0","0","0","0","0","0","1","0","","02","9","2023","3","40.507209","-80.040823","","11","0","0","0","1","0","1","0","0","","0","0","0","","","0","N","0","","40 30:25.952","","0","80 02:26.963","0","0","0","0","2116","0","0","0","N","0","0","0","2","68B03","0","","1.0","","1","N","N","N","0","","0","0","1","","0","","","2","0","0","0","0","0","0","2","0","2","","","","N","","","","","","","","","",""
"2023091773","","0","0","0","0","0","0","0","0","0","5","0","","02","10","2023","6","40.437112","-79.972681","","11","0","0","0","0","0","0","0","0","","0","0","0","","","0","N","6","","40 26:13.602","3","8","79 58:21.653","0","0","0","0","2301","0","0","0","N","0","0","0","2","02301","0","","5.0","1145.0","1","N","N","N","0","","0","0","1","","0","Y","","2","0","0","0","0","0","0","2","0","2","","03","","Y","","","","","","","","","",""
"2023091450","","0","0","0","0","0","0","0","0","0","7","0","","02","5","2023","6","40.436148","-80.000228","","11","0","0","0","0","0","0","0","0","","0","0","0","","","0","N","0","","40 26:10.132","","2","80 00:00.819","0","0","0","0","2301","0","0","0","N","0","0","0","2","68B03","0","","3.0","","1","N","N","N","0","","0","0","1","","0","","","1","0","0","0","0","0","0","2","0","1","","03","","N","","","","","","","","","",""
"2023092934","","1","0","0","0","0","0","0","0","0","7","0","","02","10","2023","3","40.387617","-80.027822","","11","0","0","0","0","0","0","0","0","","0","0","0","","","0","N","0","","40 23:15.420","","0","80 01:40.160","0","0","0","0","2109","0","0","0","N","0","0","0","1","02109","0","","4.0","","1","N","N","N","0","","0","0","0","","0","","","1","0","0","0","0","0","0","2","0","1","","03","","N","","","","","","","","","",""
"2023075870","","1","0","0","0","0","0","0","0","0","7","0","","02","8","2023","1","40.400249","-79.983019","","11","0","0","0","0","0","0","0","0","","0","0","0","","","0","","2","","40 24:00.898","","0","79 58:58.870","0","0","0","0","2301","0","0","0","N","0","0","0","1","02301","0","","2.0","","1","N","N","Y","0","","0","0","0","","3","","","1","0","0","0","0","0","0","2","0","1","","03","","N","","","","","","","","","",""
"2023075279","","0","0","0","0","0","0","0","0","0","98","0","","02","8","2023","6","40.644168","-80.053848","","11","0","0","0","0","0","1","0","0","","0","0","0","","","0","N","0","","40 38:39.006","","0","80 03:13.854","0","0","0","0","2216","0","0","0","N","0","0","0","1","02505","0","","1.0","","1","N","N","N","0","","0","0","1","","0","","","1","0","0","0","0","0","0","2","0","1","","","","N","","","","","","","","","",""
"2023095961","","1","0","0","0","0","0","0","0","0","7","0","","02","10","2023","5","40.325162","-80.065356","","11","0","0","0","0","0","1","0","0","","0","0","0","","","0","N","0","","40 19:30.582","","0","80 03:55.283","0","0","0","0","2123","0","0","0","N","0","0","0","1","02123","0","","4.0","","1","N","N","N","0","","0","0","0","","0","","","1","0","0","0","0","0","0","2","0","1","","","","N","","","","","","","","","",""
"2023077602","","2","0","0","0","0","0","0","0","0","1","0","","02","9","2023","7","40.454353","-79.977756","","11","0","0","0","0","0","1","0","0","","0","0","0","","","1","","2","","40 27:15.671","","0","79 58:39.922","3","0","0","0","2301","0","0","0","N","0","0","0","2","02301","0","","1.0","","1","N","N","N","0","","1","0","0","","2","","","2","1","0","0","0","0","0","2","0","2","","","","N","","","","","","","","","",""
"2023029471","","0","0","0","0","0","0","0","0","0","7","0","","02","3","2023","4","40.619645","-80.081724","","11","0","0","0","0","0","0","0","0","","0","0","0","","","0","N","0","","40 37:10.721","3","0","80 04:54.208","0","0","0","0","2212","0","0","0","N","0","0","0","1","02505","0","","2.0","941.0","2","N","N","N","0","","0","0","1","","0","N","","1","0","0","0","0","0","0","2","0","1","","","","N","","","","","","","","","",""
"2023093062","","1","0","0","0","0","0","0","0","0","7","0","","02","10","2023","1","40.427765","-80.106317","","11","0","0","0","0","0","0","0","0","","0","0","0","","","0","N","0","","40 25:39.955","","0","80 06:22.741","0","0","0","0","2115","0","0","0","N","0","0","0","1","68B03","0","","2.0","","9","N","N","N","0","","0","0","0","","0","","","1","0","0","0","0","0","0","2","0","1","","","","N","","","","","","","","","",""
"2023076787","","1","0","0","0","0","0","0","0","0","1","0","","02","8","2023","4","40.416667","-79.986861","","11","0","0","0","0","0","0","0","0","","0","0","0","","","0","N","0","","40 25:00.000","5","0","79 59:12.700","0","0","0","0","2447","0","0","0","N","0","0","0","1","02447","0","","6.0","1015.0","1","N","N","N","0","","0","0","2","","0","N","","3","0","0","0","0","0","0","2","0","3","","04","","N","","","","","","","","","",""
"2023095413","","1","0","0","0","0","0","0","0","0","1","0","","02","10","2023","2","40.401272","-79.835675","","11","0","0","0","0","0","1","0","0","","0","0","0","","","0","N","0","","40 24:04.580","","0","79 50:08.430","0","0","0","0","2425","0","0","0","N","0","0","0","2","68B03","0","","1.0","","1","N","N","N","0","","0","0","0","","0","","","2","0","0","0","0","0","0","2","1","2","","","","N","","","","","","","","","",""
"2023095253","","1","0","0","0","0","0","0","0","0","1","0","45","02","10","2023","3","40.577571","-80.117465","","11","0","0","1","0","0","0","0","0","","0","0","0","","","0","N","0","","40 34:39.256","","0","80 07:02.874","0","0","0","0","2460","0","0","0","N","0","0","0","2","68B03","0","","1.0","","9","N","N","N","1","","0","0","0","","8","","","2","0","0","0","0","0","0","2","0","2","","","Y","Y","4","1","N","N","Y","Y","Y","N","N","N"
"2023091871","","1","0","0","0","0","0","0","0","0","1","0","","02","10","2023","1","40.570725","-80.00275","","11","0","0","1","0","0","1","0","0","","0","0","0","","","0","","1","","40 34:14.609","4","0","80 00:09.899","0","0","0","0","2108","0","0","0","N","0","0","0","3","02108","0","","1.0","2000.0","9","N","N","N","0","","0","0","1","","0","N","","2","0","0","0","0","0","0","2","0","2","","07","","N","","","","","","","","","",""
"2023091231","","1","0","0","0","0","0","0","0","0","1","1","","02","10","2023","5","40.349737","-79.885736","","11","0","0","0","0","0","1","0","0","","0","1","0","","","2","","2","","40 20:59.052","","0","79 53:08.651","8","0","0","0","2423","0","0","0","N","0","0","0","3","02304","0","","1.0","","1","N","N","N","0","","0","0","0","","0","N","","2","2","0","0","0","2","0","2","0","2","","03","","N","","","","","","","","","",""