"CRN","ARRIVAL_TM","AUTOMOBILE_COUNT","BELTED_DEATH_COUNT","BELTED_SUSP_SERIOUS_INJ_COUNT","BICYCLE_COUNT","BICYCLE_DEATH_COUNT","BICYCLE_SUSP_SERIOUS_INJ_COUNT","BUS_COUNT","CHLDPAS_DEATH_COUNT","CHLDPAS_SUSP_SERIOUS_INJ_COUNT","COLLISION_TYPE","COMM_VEH_COUNT","CONS_ZONE_SPD_LIM","COUNTY","CRASH_MONTH","CRASH_YEAR","DAY_OF_WEEK","DEC_LATITUDE","DEC_LONGITUDE","DISPATCH_TM","DISTRICT","DRIVER_COUNT_16YR","DRIVER_COUNT_17YR","DRIVER_COUNT_18YR","DRIVER_COUNT_19YR","DRIVER_COUNT_20YR","DRIVER_COUNT_50_64YR","DRIVER_COUNT_65_74YR","DRIVER_COUNT_75PLUS","EST_HRS_CLOSED","FATAL_COUNT","HEAVY_TRUCK_COUNT","HORSE_BUGGY_COUNT","HOUR_OF_DAY","ILLUMINATION","INJURY_COUNT","INTERSECTION_RELATED","INTERSECT_TYPE","LANE_CLOSED","LATITUDE","LN_CLOSE_DIR","LOCATION_TYPE","LONGITUDE","MAX_SEVERITY_LEVEL","MCYCLE_DEATH_COUNT","MCYCLE_SUSP_SERIOUS_INJ_COUNT","MOTORCYCLE_COUNT","MUNICIPALITY","NONMOTR_COUNT","NONMOTR_DEATH_COUNT","NONMOTR_SUSP_SERIOUS_INJ_COUNT","NTFY_HIWY_MAINT","PED_COUNT","PED_DEATH_COUNT","PED_SUSP_SERIOUS_INJ_COUNT","PERSON_COUNT","POLICE_AGCY","POSSIBLE_INJ_COUNT","RDWY_SURF_TYPE_CD","RELATION_TO_ROAD","ROADWAY_CLEARED","ROAD_CONDITION","SCH_BUS_IND","SCH_ZONE_IND","SECONDARY_CRASH","SMALL_TRUCK_COUNT","SPEC_JURIS_CD","SUSP_MINOR_INJ_COUNT","SUSP_SERIOUS_INJ_COUNT","SUV_COUNT","TCD_FUNC_CD","TCD_TYPE","TFC_DETOUR_IND","TIME_OF_DAY","TOTAL_UNITS","TOT_INJ_COUNT","UNBELTED_OCC_COUNT","UNB_DEATH_COUNT","UNB_SUSP_SERIOUS_INJ_COUNT","UNK_INJ_DEG_COUNT","UNK_INJ_PER_COUNT","URBAN_RURAL","VAN_COUNT","VEHICLE_COUNT","WEATHER1","WEATHER2","WORKERS_PRES","WORK_ZONE_IND","WORK_ZONE_LOC","WORK_ZONE_TYPE","WZ_CLOSE_DETOUR","WZ_FLAGGER","WZ_LAW_OFFCR_IND","WZ_LN_CLOSURE","WZ_MOVING","WZ_OTHER","WZ_SHLDER_MDN","WZ_WORKERS_INJ_KILLED"
"2023089694","","1","0","0","0","0","0","0","0","0","4","1","","02","10","2023","2","40.516903","-79.83389","","11","0","0","0","0","0","0","0","1","","0","1","0","","","0","","1","","40 31:00.850","","0","79 50:02.004","0","0","0","0","2451","0","0","0","N","0","0","0","2","02451","0","","1.0","","1","","","N","0","","0","0","0","","3","","","2","0","0","0","0","0","0","2","0","2","","","","N","","","","","","","","","",""
"2023074615","","1","0","0","0","0","0","0","0","0","1","0","","02","8","2023","4","40.458554","-79.823268","","11","0","0","0","0","0","0","0","0","","0","0","0","","","0","N","0","","40 27:30.796","5","0","79 49:23.766","0","0","0","0","2113","0","0","0","N","0","0","0","2","02113","0","","1.0","1300.0","1","N","N","N","0","","0","0","1","","0","N","","2","0","0","0","0","0","0","2","0","2","","03","","N","","","","","","","","","",""
"2023079761","","1","0","0","0","0","0","0","0","0","1","0","","02","9","2023","7","40.406849","-79.912036","","11","0","0","0","0","0","0","1","0","","0","0","0","","","0","N","0","","40 24:24.655","","0","79 54:43.329","0","0","0","0","2438","0","0","0","N","0","0","0","1","02438","0","","6.0","","1","N","N","N","0","","0","0","0","","0","N","","2","0","0","0","0","0","0","2","1","2","","","","N","","","","","","","","","",""
"2023090919","","0","0","0","0","0","0","0","0","0","6","0","","02","9","2023","7","40.41952","-79.784937","","11","0","0","0","0","0","0","0","0","","0","0","0","","","0","N","0","","40 25:10.271","","0","79 47:05.773","0","0","0","0","2446","0","0","0","N","0","0","0","1","02446","0","","1.0","","1","N","N","N","1","","0","0","1","","0","","","2","0","0","0","0","0","0","2","0","2","","","","N","","","","","","","","","",""
"2023095071","","1","0","0","0","0","0","0","0","0","4","0","","02","10","2023","3","40.425502","-80.005089","","11","0","0","0","0","0","0","0","0","","0","0","0","","","0","","2","","40 25:31.807","","0","80 00:18.320","0","0","0","0","2301","0","0","0","N","0","0","0","2","02301","0","","1.0","","1","","","N","0","","0","0","0","","0","","","2","0","0","0","0","0","0","2","1","2","","03","","N","","","","","","","","","",""
"2023092842","","2","1","0","0","0","0","0","0","0","1","0","","02","4","2023","7","40.429364","-79.999101","","11","0","0","0","0","0","1","0","0","","1","0","0","","","0","","1","","40 25:45.712","","0","79 59:56.762","1","0","0","0","2301","0","0","0","N","0","0","0","2","02301","0","1","1.0","","1","N","N","N","0","0","0","0","0","","2","","","2","0","0","0","0","0","0","2","0","2","","03","","N","","","","","","","","","",""
"2023074776","","1","0","0","0","0","0","0","0","0","7","0","","02","8","2023","5","40.399016","-79.858154","","11","0","0","0","0","0","0","0","0","","0","0","0","","","0","N","0","","40 23:56.459","","0","79 51:29.355","9","0","0","0","2449","0","0","0","N","0","0","0","2","02501","0","","5.0","","1","N","N","N","0","","0","0","0","","0","","","1","0","2","0","0","0","1","2","0","1","","03","","N","","","","","","","","","",""
"2023077444","","1","0","0","0","0","0","0","0","0","4","0","","02","8","2023","5","40.443572","-80.004695","","11","0","0","0","0","0","0","0","0","","0","0","0","","","0","","2","","40 26:36.858","","0","80 00:16.902","0","0","0","0","2301","0","0","0","N","0","0","0","2","02301","0","","1.0","","1","N","N","N","0","","0","0","1","","2","","","2","0","1","0","0","0","0","2","0","2","","98","","N","","","","","","","","","",""
"2023075338","","0","0","0","0","0","0","0","0","0","4","0","","02","8","2023","6","40.521895","-79.842254","","11","0","0","0","0","0","0","0","1","","0","0","0","","","0","","1","","40 31:18.823","","0","79 50:32.115","0","0","0","0","2451","0","0","0","N","0","0","0","2","02451","0","","1.0","","1","N","N","N","0","","0","0","2","","3","","","2","0","0","0","0","0","0","2","0","2","","","","N","","","","","","","","","",""
"2023079007","","1","0","0","0","0","0","0","0","0","4","0","","02","9","2023","6","40.334404","-80.003035","","11","0","0","0","0","0","0","0","1","","0","0","0","","","0","","1","","40 20:03.853","","0","80 00:10.927","0","0","0","0","2407","0","0","0","N","0","0","0","6","02407","0","","1.0","","1","N","N","N","1","","0","0","0","","3","","","2","0","0","0","0","0","0","2","0","2","","03","","N","","","","","","","","","",""
"2023094275","","0","0","0","0","0","0","0","0","0","1","0","","02","10","2023","4","40.52185","-80.005206","","11","0","0","0","0","0","1","0","0","","0","0","0","","","0","","1","","40 31:18.661","1","0","80 00:18.743","0","0","0","0","2116","0","0","0","N","0","0","0","3","02116","0","","1.0","1430.0","1","N","N","N","0","","0","0","1","","2","N","","2","0","0","0","0","0","0","2","1","2","","03","","N","","","","","","","","","",""
"2023074249","","1","0","0","0","0","0","0","0","0","7","0","","02","8","2023","3","40.337964","-79.926453","","11","1","0","0","0","0","0","0","0","","0","0","0","","","0","N","0","","40 20:16.669","1","0","79 55:35.232","0","0","0","0","2473","0","0","0","N","0","0","0","1","02473","0","","4.0","1325.0","1","N","N","N","0","","0","0","0","","0","N","","1","0","0","0","0","0","0","2","0","1","","03","","N","","","","","","","","","",""
"2023087950","","0","0","0","0","0","0","1","0","0","8","1","","02","10","2023","3","40.455405","-79.943747","","11","0","0","0","0","0","0","1","0","","0","0","0","","","1","N","0","","40 27:19.457","7","7","79 56:37.489","3","0","0","0","2301","1","0","0","N","1","0","0","2","02301","0","","1.0","1645.0","1","N","N","N","0","","1","0","0","","2","Y","","2","1","0","0","0","0","0","2","0","1","","","","N","","","","","","","","","",""
"2023093273","","1","0","0","0","0","0","0","0","0","2","0","","02","10","2023","2","40.484096","-79.85434","","11","0","0","0","0","0","2","0","0","","0","0","0","","","0","N","0","","40 29:02.744","","0","79 51:15.623","0","0","0","0","2113","0","0","0","N","0","0","0","4","02113","0","","1.0","","1","N","N","N","1","","0","0","1","","0","","","3","0","0","0","0","0","0","2","0","3","","04","","N","","","","","","","","","",""
"2023077407","","1","0","0","0","0","0","0","0","0","4","0","","02","9","2023","6","40.425906","-79.966129","","11","0","0","0","0","0","1","0","0","","0","0","0","","","0","","1","","40 25:33.260","","0","79 57:58.065","0","0","0","0","2301","0","0","0","N","0","0","0","2","02301","0","","1.0","","1","N","N","N","0","","0","0","1","","0","","","2","0","0","0","0","0","0","2","0","2","","03","","N","","","","","","","","","",""
"2023076427","","0","0","0","0","0","0","0","0","0","7","0","","02","8","2023","3","40.440728","-80.01885","","11","0","0","1","0","0","0","0","0","","0","0","0","","","1","N","0","","40 26:26.622","","7","80 01:07.860","8","0","0","0","2301","0","0","0","N","0","0","0","2","02301","0","","2.0","","1","N","N","N","0","","0","0","1","","0","","","1","1","0","0","0","1","0","2","0","1","","03","","N","","","","","","","","","",""
"2023093498","","0","0","0","0","0","0","0","0","0","7","0","","02","10","2023","5","40.441221","-80.243805","","11","0","0","1","0","0","0","0","0","","0","0","0","","","0","N","0","","40 26:28.395","","0","80 14:37.699","0","0","0","0","2214","0","0","0","N","0","0","0","2","02214","0","","2.0","","9","N","N","N","0","","0","0","1","","0","","","1","0","0","0","0","0","0","2","0","1","","07","","N","","","","","","","","","",""
"2023080617","","0","0","0","0","0","0","0","0","0","7","0","","02","8","2023","4","40.574861","-80.201444","","11","0","0","0","0","0","0","1","0","","0","0","0","","","0","N","0","","40 34:29.500","","0","80 12:05.200","0","0","0","0","2107","0","0","0","N","0","0","0","1","02107","0","","4.0","","1","N","N","N","0","","0","0","1","","0","","","1","0","0","0","0","0","0","1","0","1","","03","","N","","","","","","","","","",""
"2023093627","","2","0","0","0","0","0","0","0","0","4","0","","02","10","2023","6","40.455977","-79.894544","","11","0","0","0","0","0","0","0","0","","0","0","0","","","0","N","1","","40 27:21.517","","0","79 53:40.360","0","0","0","0","2301","0","0","0","N","0","0","0","2","02301","0","","1.0","","9","N","N","N","0","","0","0","0","","3","","","2","0","0","0","0","0","0","2","0","2","","07","","N","","","","","","","","","",""
"2023074474","","0","0","0","0","0","0","0","0","0","4","0","","02","8","2023","3","40.384364","-80.186075","","11","0","0","0","0","0","1","0","0","","0","0","0","","","1","","3","","40 23:03.709","","0","80 11:09.869","3","0","0","0","2119","0","0","0","N","0","0","0","4","02119","0","","1.0","","1","N","N","N","0","","1","0","2","","3","","","2","1","0","0","0","0","0","1","0","2","","03","","N","","","","","","","","","",""
"2023093966","","0","0","0","0","0","0","0","0","0","98","0","","02","10","2023","4","40.420944","-80.09433","","11","0","0","0","0","0","0","0","0","","0","0","0","","","0","N","0","","40 25:15.400","","0","80 05:39.587","0","0","0","0","2457","0","0","0","N","0","0","0","1","68B03","0","","1.0","","1","N","N","N","0","","0","0","1","","0","","","1","0","0","0","0","0","0","2","0","1","","03","","N","","","","","","","","","",""
"2023088738","","0","0","0","0","0","0","0","0","0","4","0","","02","10","2023","5","40.340294","-79.967313","","11","0","0","0","0","0","0","0","1","","0","0","0","","","2","","2","","40 20:25.057","3","0","79 58:02.326","3","0","0","0","2454","0","0","0","N","0","0","0","3","02454","0","","1.0","2143.0","1","N","N","N","1","","2","0","1","","2","N","","2","2","0","0","0","0","0","2","0","2","","03","","N","","","","","","","","","",""
"2023085279","","0","0","0","0","0","0","0","0","0","1","0","","02","9","2023","6","40.42094","-80.031486","","11","0","0","0","0","0","0","0","0","","0","0","0","","","1","N","0","","40 25:15.385","3","0","80 01:53.350","3","0","0","1","2301","0","0","0","N","0","0","0","2","68B03","0","","1.0","1745.0","1","N","N","N","0","","1","0","1","","0","N","","2","1","0","0","0","0","0","2","0","2","","03","","N","","","","","","","","","",""
"2023094265","","0","0","0","0","0","0","0","0","0","2","0","","02","10","2023","1","40.350711","-80.014841","","11","0","0","0","1","0","0","1","0","","0","0","0","","","0","","1","","40 21:02.560","","0","80 00:53.427","0","0","0","0","2407","0","0","0","N","0","0","0","3","02407","0","","1.0","","1","N","N","N","0","","0","0","2","","2","","","2","0","0","0","0","0","0","2","0","2","","03","","N","","","","","","","","","",""
"2023094310","","0","0","0","0","0","0","0","0","0","7","0","","02","10","2023","7","40.448147","-80.113225","","11","0","0","0","0","0","0","0","0","","0","0","0","","","1","N","0","","40 26:53.330","","0","80 06:47.609","4","0","0","0","2115","0","0","0","N","0","0","0","1","02115","1","","2.0","","1","N","N","N","0","","0","0","0","","0","","","1","1","1","0","0","0","0","2","1","1","","03","","N","","","","","","","","","",""
"2023077580","","0","0","0","0","0","0","0","0","0","7","0","","02","9","2023","6","40.411366","-80.011826","","11","0","0","0","0","0","1","0","0","","0","0","0","","","0","N","0","","40 24:40.918","3","0","80 00:42.574","0","0","0","0","2301","0","0","0","N","0","0","0","1","02301","0","","3.0","2330.0","1","N","N","N","0","","0","0","1","","0","N","","1","0","0","0","0","0","0","2","0","1","","","","N","","","","","","","","","",""
"2023091868","","0","0","0","0","0","0","0","0","0","7","0","","02","10","2023","6","40.315374","-79.831016","","11","0","0","0","0","0","0","0","1","","0","0","0","","","2","N","2","","40 18:55.346","5","0","79 49:51.658","3","0","0","0","2469","0","0","0","N","0","0","0","2","02469","0","","5.0","2139.0","1","N","N","N","0","","2","0","1","","2","Y","","1","2","0","0","0","0","0","2","0","1","","03","","N","","","","","","","","","",""
"2023088713","","0","0","0","0","0","0","0","0","0","7","0","","02","9","2023","7","40.660447","-79.876204","","11","0","0","0","1","0","0","0","0","","0","0","0","","","0","N","0","","40 39:37.608","4","0","79 52:34.335","0","0","0","0","2220","0","0","0","N","0","0","0","1","02220","0","","2.0","917.0","1","","","N","0","","0","0","1","","0","N","","1","0","0","0","0","0","0","1","0","1","","","","N","","","","","","","","","",""
"2023080165","","1","0","0","0","0","0","0","0","0","4","0","","02","8","2023","4","40.492907","-80.306229","","11","0","0","0","0","0","0","0","0","","0","0","0","","","0","","2","","40 29:34.465","4","7","80 18:22.424","0","0","0","0","2203","0","0","0","N","0","0","0","2","02203","0","","1.0","920.0","1","N","N","N","0","","0","0","0","","3","N","","2","0","0","0","0","0","0","2","1","2","","03","","N","","","","","","","","","",""
"2023077537","","1","0","0","0","0","0","0","0","0","4","0","","02","9","2023","6","40.56796","-80.049493","","11","0","0","0","0","0","0","0","0","","0","0","0","","","0","","1","","40 34:04.655","","0","80 02:58.174","0","0","0","0","2108","0","0","0","N","0","0","0","2","02108","0","","1.0","","1","N","N","N","0","","0","0","1","","3","","","2","0","0","0","0","0","0","2","0","2","","03","","N","","","","","","","","","",""
"2023092129","","1","0","0","0","0","0","0","0","0","4","0","","02","10","2023","6","40.361671","-80.069898","","11","0","0","0","0","0","1","0","0","","0","0","0","","","1","","2","","40 21:42.016","6","0","80 04:11.633","8","0","0","0","2123","0","0","0","N","0","0","0","3","02123","0","","1.0","811.0","1","N","N","N","0","","0","0","1","","3","N","","2","1","0","0","0","1","0","2","0","2","","","","N","","","","","","","","","",""
"2023078457","","1","0","0","0","0","0","0","0","0","7","0","","02","9","2023","7","40.435363","-80.012913","","11","0","0","0","0","0","0","0","0","","0","0","0","","","0","","1","","40 26:07.308","","0","80 00:46.488","9","0","0","0","2301","0","0","0","N","0","0","0","1","02301","0","","4.0","","1","N","N","N","0","","0","0","0","","2","","","1","0","0","0","0","0","1","2","0","1","","03","","N","","","","","","","","","",""
"2023092002","","1","0","0","0","0","0","0","0","0","1","0","","02","9","2023","6","40.437317","-80.211215","","11","0","0","0","1","0","0","1","0","","0","0","0","","","0","N","0","","40 26:14.340","","0","80 12:40.373","0","0","0","0","2214","0","0","0","N","0","0","0","3","68B03","0","","1.0","","1","N","N","N","0","","0","0","1","","0","","","2","0","0","0","0","0","0","2","0","2","","03","","N","","","","","","","","","",""
"2023089030","","1","0","0","0","0","0","0","0","0","5","0","","02","10","2023","6","40.474213","-80.037017","","11","0","0","0","0","0","0","0","0","","0","0","0","","","1","N","2","","40 28:27.166","7","0","80 02:13.261","3","0","0","0","2301","0","0","0","N","0","0","0","1","02301","0","","4.0","2000.0","1","N","N","N","1","","1","0","3","","0","Y","","5","1","0","0","0","0","0","2","0","5","","03","","N","","","","","","","","","",""
"2023077112","","1","0","0","0","0","0","0","0","0","5","0","","02","8","2023","5","40.428789","-79.999475","","11","0","0","0","0","0","2","0","0","","0","0","0","","","0","N","0","","40 25:43.642","3","4","79 59:58.109","0","0","0","0","2301","0","0","0","N","0","0","0","4","02301","0","","1.0","1525.0","1","N","N","N","1","","0","0","1","","0","Y","","3","0","0","0","0","0","0","2","0","3","","03","","N","","","","","","","","","",""
"2023090114","","2","0","0","0","0","0","0","0","0","4","0","","02","10","2023","4","40.366693","-80.014401","","11","0","0","0","0","0","0","1","0","","0","0","0","","","0","","1","","40 22:00.093","3","0","80 00:51.844","0","0","0","0","2416","0","0","0","N","0","0","0","2","02416","0","","1.0","30.0","1","N","N","N","0","","0","0","0","","2","Y","","2","0","0","0","0","0","0","2","0","2","","03","","N","","","","","","","","","",""
"2023090506","","0","0","0","0","0","0","0","0","0","2","0","","02","10","2023","4","40.467163","-80.025042","","11","0","0","0","0","0","0","1","0","","0","0","0","","","0","","1","","40 28:01.786","","0","80 01:30.151","0","0","0","0","2301","0","0","0","N","0","0","0","2","02301","0","","1.0","","1","N","N","N","0","","0","0","0","","0","","","2","0","0","0","0","0","0","2","2","2","","03","","N","","","","","","","","","",""
"2023088876","","2","0","0","0","0","0","0","0","0","4","0","","02","10","2023","3","40.34508","-79.972817","","11","0","0","0","0","0","0","0","0","","0","0","0","","","3","N","0","","40 20:42.289","1","0","79 58:22.141","3","0","0","0","2403","0","0","0","N","0","0","0","3","02403","0","","1.0","1609.0","1","N","N","N","0","","3","0","0","","2","N","","2","3","0","0","0","0","0","2","0","2","","03","","N","","","","","","","","","",""
"2023092780","","0","0","0","0","0","0","0","0","0","0","1","","02","10","2023","6","40.435306","-79.747806","","11","0","0","0","0","0","0","0","0","","0","1","0","","","1","N","0","","40 26:07.100","4","2","79 44:52.100","8","0","0","0","2446","0","0","0","N","0","0","0","1","68T09","0","","1.0","859.0","1","N","N","N","0","","0","0","0","","8","N","","1","1","0","0","0","1","0","2","0","1","","","","N","","","","","","","","","",""
"2023092177","","0","0","0","0","0","0","0","0","0","7","0","","02","10","2023","5","40.279532","-79.91053","","11","0","0","0","0","0","0","1","0","","0","0","0","","","1","N","0","","40 16:46.314","6","0","79 54:37.907","8","0","0","0","2440","0","0","0","N","0","0","0","1","02440","0","","5.0","1747.0","1","N","N","N","0","","0","0","2","","0","Y","","2","1","0","0","0","1","0","2","0","2","","","","N","","","","","","","","","",""
"2023077582","","0","0","0","0","0","0","0","0","0","7","0","","02","9","2023","6","40.336161","-79.844487","","11","0","0","0","0","0","0","0","0","","0","0","0","","","0","","2","","40 20:10.181","","0","79 50:40.152","0","0","0","0","2304","0","0","0","N","0","0","0","1","02304","0","","4.0","","1","N","N","N","0","","0","0","1","","0","","","1","0","1","0","0","0","0","2","0","1","","03","","N","","","","","","","","","",""
"2023090419","","1","0","0","0","0","0","0","0","0","1","0","","02","10","2023","7","40.427433","-79.891002","","11","0","0","0","0","0","0","0","0","","0","0","0","","","1","N","0","","40 25:38.757","","0","79 53:27.608","3","0","0","0","2463","0","0","0","N","0","0","0","2","68B03","0","","1.0","","1","N","N","N","0","","1","0","1","","0","","","2","1","0","0","0","0","0","2","0","2","","","","N","","","","","","","","","",""
"2023076831","","1","0","0","0","0","0","0","0","0","1","0","","02","8","2023","2","40.356714","-79.991056","","11","0","0","0","0","1","0","0","1","","0","0","0","","","0","N","0","","40 21:24.170","","0","79 59:27.800","0","0","0","0","2476","0","0","0","N","0","0","0","2","02476","0","","1.0","","1","N","N","N","0","","0","0","1","","0","","","2","0","0","0","0","0","0","2","0","2","","","","N","","","","","","","","","",""
"2023080836","","0","0","0","0","0","0","0","0","0","1","0","","02","8","2023","7","40.43874","-79.74839","","11","0","0","0","0","0","0","0","0","","0","0","0","","","0","N","0","","40 26:19.464","","0","79 44:54.204","0","0","0","0","2446","0","0","0","N","0","0","0","4","02446","0","","1.0","","1","N","N","N","1","","0","0","0","","0","","","2","0","0","0","0","0","0","2","1","2","","03","","N","","","","","","","","","",""
"2023078211","","0","0","0","0","0","0","0","0","0","1","0","","02","9","2023","6","40.484567","-79.816486","","11","0","0","0","0","0","0","0","0","","0","0","0","","","1","N","0","","40 29:04.441","","0","79 48:59.350","8","0","0","0","2113","0","0","0","N","0","0","0","2","02113","0","","1.0","","1","N","N","N","0","","0","0","2","","0","","","2","1","0","0","0","1","0","2","0","2","","","","N","","","","","","","","","",""
"2023077633","","1","0","0","0","0","0","0","0","0","7","0","","02","8","2023","4","40.393434","-79.870788","","11","0","0","0","0","0","0","0","0","","0","0","0","","","0","N","0","","40 23:36.363","","0","79 52:14.838","0","0","0","0","2473","0","0","0","N","0","0","0","1","02473","0","","4.0","","1","N","N","N","0","","0","0","0","","0","","","2","0","1","0","0","0","0","2","0","1","","03","","N","","","","","","","","","",""
"2023093674","","2","0","0","0","0","0","0","0","0","4","0","","02","10","2023","6","40.440131","-80.228218","","11","0","1","0","0","0","0","0","0","","0","0","0","","","1","Y","0","","40 26:24.472","","7","80 13:41.586","4","0","0","0","2214","0","0","0","N","0","0","0","2","02214","1","","1.0","","9","N","N","N","0","","0","0","0","","0","","","2","1","0","0","0","0","0","2","0","2","","","","N","","","","","","","","","",""
"2023080321","","1","0","0","0","0","0","0","0","0","7","0","","02","8","2023","2","40.393701","-79.833451","","11","0","0","0","0","0","0","0","0","","0","0","0","","","1","N","0","","40 23:37.322","2","0","79 50:00.424","2","0","0","0","2111","0","0","0","Y","0","0","0","1","02111","0","","2.0","650.0","1","N","N","N","0","","0","1","0","","0","Y","","1","1","1","0","1","0","0","2","0","1","","03","","N","","","","","","","","","",""
"2023077304","","0","0","0","0","0","0","0","0","0","7","0","","02","8","2023","5","40.410552","-80.015167","","11","0","0","0","0","0","0","1","0","","0","0","0","","","1","N","0","","40 24:37.987","","0","80 00:54.600","4","0","0","0","2301","0","0","0","N","0","0","0","1","02301","1","","4.0","","9","N","N","N","0","","0","0","1","","0","","","1","1","1","0","0","0","0","2","0","1","","04","","N","","","","","","","","","",""
"2023077289","","2","0","0","0","0","0","0","0","0","4","0","","02","8","2023","5","40.451687","-79.983137","","11","0","0","0","0","0","0","0","0","","0","0","0","","","0","","1","","40 27:06.074","","0","79 58:59.293","9","0","0","0","2301","0","0","0","N","0","0","0","3","02301","0","","1.0","","1","N","N","N","1","","0","0","1","","0","","","4","0","0","0","0","0","1","2","0","4","","03","","N","","","","","","","","","",""
"2023061618","","0","0","0","0","0","0","0","0","0","7","0","","02","7","2023","4","40.427603","-79.905774","","11","0","0","0","0","0","1","0","0","","0","0","0","","","1","N","0","","40 25:39.370","7","0","79 54:20.788","8","0","0","0","2301","0","0","0","N","0","0","0","2","02301","0","","4.0","1600.0","1","N","N","N","0","","0","0","1","","0","Y","","1","1","0","0","0","1","0","2","0","1","","03","","N","","","","","","","","","",""
"2023061806","","1","0","0","0","0","0","0","0","0","7","0","","02","7","2023","4","40.450936","-80.027845","","11","0","0","0","0","0","0","0","0","","0","0","0","","","0","N","0","","40 27:03.369","","0","80 01:40.242","0","0","0","0","2301","0","0","0","Y","0","0","0","1","02301","0","","7.0","","1","N","N","N","0","","0","0","0","","0","","","1","0","0","0","0","0","0","2","0","1","","03","","N","","","","","","","","","",""
"2023076768","","2","0","0","0","0","0","0","0","0","4","0","","02","8","2023","4","40.407974","-79.991497","","11","0","0","0","0","1","0","0","0","","0","0","0","","","0","","2","","40 24:28.706","","0","79 59:29.389","0","0","0","0","2301","0","0","0","N","0","0","0","2","02301","0","","1.0","","1","N","N","N","0","","0","0","0","","0","","","2","0","0","0","0","0","0","2","0","2","","","","N","","","","","","","","","",""
"2023091761","","0","0","0","0","0","0","0","0","0","7","0","","02","10","2023","7","40.650874","-80.017695","","11","0","1","0","0","0","0","0","0","","0","0","0","","","0","N","0","","40 39:03.148","6","0","80 01:03.701","0","0","0","0","2216","0","0","0","N","0","0","0","1","02505","0","","5.0","1817.0","9","N","N","N","0","","0","0","1","","0","N","","1","0","0","0","0","0","0","2","0","1","","","","N","","","","","","","","","",""
"2023093202","","1","0","0","0","0","0","0","0","0","7","0","","02","10","2023","7","40.427924","-79.948665","","11","0","0","0","0","0","0","0","0","","0","0","0","","","0","N","0","","40 25:40.527","3","3","79 56:55.195","0","0","0","0","2301","0","0","0","N","0","0","0","1","68B03","0","","2.0","40.0","1","N","N","N","0","","0","0","0","","0","N","","1","0","1","0","0","0","0","2","0","1","","03","","N","","","","","","","","","",""
"2023078633","","1","0","0","0","0","0","0","0","0","7","0","","02","8","2023","1","40.440499","-79.859619","","11","0","0","0","0","1","0","0","0","","0","0","0","","","0","N","0","","40 26:25.795","4","0","79 51:34.627","0","0","0","0","2419","0","0","0","N","0","0","0","5","68B03","0","","3.0","1919.0","1","N","N","N","0","","0","0","1","","0","Y","","2","0","0","0","0","0","0","2","0","2","","","","N","","","","","","","","","",""
"2023075073","","1","0","0","0","0","0","0","0","0","5","0","","02","8","2023","5","40.458025","-79.931478","","11","0","0","0","0","0","0","0","1","","0","0","0","","","0","N","0","","40 27:28.889","","0","79 55:53.320","0","0","0","0","2301","0","0","0","N","0","0","0","2","02301","0","","1.0","","1","N","N","N","0","","0","0","1","","0","N","","2","0","0","0","0","0","0","2","0","2","","03","","N","","","","","","","","","",""
"2023014880","","4","0","0","0","0","0","0","0","0","5","0","","02","2","2023","7","40.445774","-79.872112","","11","0","0","0","0","0","0","0","0","","0","0","0","","","1","N","0","","40 26:44.787","","0","79 52:19.604","8","0","0","0","2478","0","0","0","N","0","0","0","1","02478","0","","6.0","","1","N","N","Y","0","","0","0","1","","0","","","5","1","0","0","0","1","0","2","0","5","","","","N","","","","","","","","","",""
"2023075004","","0","0","0","0","0","0","0","0","0","4","1","","02","8","2023","5","40.458823","-79.972788","","11","0","0","0","0","0","1","0","0","","0","0","0","","","0","","1","","40 27:31.764","","0","79 58:22.035","0","0","0","0","2301","0","0","0","N","0","0","0","2","02301","0","","1.0","","1","N","N","N","0","","0","0","1","","0","","","2","0","0","0","0","0","0","2","1","2","","03","","N","","","","","","","","","",""
"2023062206","","1","0","0","0","0","0","0","0","0","6","0","","02","7","2023","5","40.492997","-79.910878","","11","0","0","0","0","0","0","0","1","","0","0","0","","","0","N","0","","40 29:34.788","","0","79 54:39.160","9","0","0","0","2112","0","0","0","N","0","0","0","4","02112","0","","1.0","","9","N","N","N","0","","0","0","1","","0","","","2","0","0","0","0","0","1","2","0","2","","98","","N","","","","","","","","","",""
"2023062964","","0","0","0","0","0","0","0","0","0","7","0","","02","7","2023","7","40.512882","-80.056397","","11","0","0","0","0","0","0","0","0","","0","0","0","","","1","N","0","","40 30:46.376","2","0","80 03:23.029","3","0","0","0","2116","0","0","0","N","0","0","0","1","02116","0","","4.0","2049.0","1","N","N","N","0","","1","0","1","","0","N","","1","1","0","0","0","0","0","2","0","1","","03","","N","","","","","","","","","",""
"2023078679","","1","0","0","0","0","0","0","0","0","1","0","","02","8","2023","3","40.382716","-80.093847","","11","0","0","0","0","1","1","0","1","","0","0","0","","","1","N","0","","40 22:57.779","","0","80 05:37.850","4","0","0","0","2102","0","0","0","N","0","0","0","4","02102","1","","1.0","","1","N","N","N","0","","0","0","1","","2","","","3","1","0","0","0","0","0","2","1","3","","03","","N","","","","","","","","","",""