"CRN","ARRIVAL_TM","AUTOMOBILE_COUNT","BELTED_DEATH_COUNT","BELTED_SUSP_SERIOUS_INJ_COUNT","BICYCLE_COUNT","BICYCLE_DEATH_COUNT","BICYCLE_SUSP_SERIOUS_INJ_COUNT","BUS_COUNT","CHLDPAS_DEATH_COUNT","CHLDPAS_SUSP_SERIOUS_INJ_COUNT","COLLISION_TYPE","COMM_VEH_COUNT","CONS_ZONE_SPD_LIM","COUNTY","CRASH_MONTH","CRASH_YEAR","DAY_OF_WEEK","DEC_LATITUDE","DEC_LONGITUDE","DISPATCH_TM","DISTRICT","DRIVER_COUNT_16YR","DRIVER_COUNT_17YR","DRIVER_COUNT_18YR","DRIVER_COUNT_19YR","DRIVER_COUNT_20YR","DRIVER_COUNT_50_64YR","DRIVER_COUNT_65_74YR","DRIVER_COUNT_75PLUS","EST_HRS_CLOSED","FATAL_COUNT","HEAVY_TRUCK_COUNT","HORSE_BUGGY_COUNT","HOUR_OF_DAY","ILLUMINATION","INJURY_COUNT","INTERSECTION_RELATED","INTERSECT_TYPE","LANE_CLOSED","LATITUDE","LN_CLOSE_DIR","LOCATION_TYPE","LONGITUDE","MAX_SEVERITY_LEVEL","MCYCLE_DEATH_COUNT","MCYCLE_SUSP_SERIOUS_INJ_COUNT","MOTORCYCLE_COUNT","MUNICIPALITY","NONMOTR_COUNT","NONMOTR_DEATH_COUNT","NONMOTR_SUSP_SERIOUS_INJ_COUNT","NTFY_HIWY_MAINT","PED_COUNT","PED_DEATH_COUNT","PED_SUSP_SERIOUS_INJ_COUNT","PERSON_COUNT","POLICE_AGCY","POSSIBLE_INJ_COUNT","RDWY_SURF_TYPE_CD","RELATION_TO_ROAD","ROADWAY_CLEARED","ROAD_CONDITION","SCH_BUS_IND","SCH_ZONE_IND","SECONDARY_CRASH","SMALL_TRUCK_COUNT","SPEC_JURIS_CD","SUSP_MINOR_INJ_COUNT","SUSP_SERIOUS_INJ_COUNT","SUV_COUNT","TCD_FUNC_CD","TCD_TYPE","TFC_DETOUR_IND","TIME_OF_DAY","TOTAL_UNITS","TOT_INJ_COUNT","UNBELTED_OCC_COUNT","UNB_DEATH_COUNT","UNB_SUSP_SERIOUS_INJ_COUNT","UNK_INJ_DEG_COUNT","UNK_INJ_PER_COUNT","URBAN_RURAL","VAN_COUNT","VEHICLE_COUNT","WEATHER1","WEATHER2","WORKERS_PRES","WORK_ZONE_IND","WORK_ZONE_LOC","WORK_ZONE_TYPE","WZ_CLOSE_DETOUR","WZ_FLAGGER","WZ_LAW_OFFCR_IND","WZ_LN_CLOSURE","WZ_MOVING","WZ_OTHER","WZ_SHLDER_MDN","WZ_WORKERS_INJ_KILLED"
"2023075656","","0","0","0","0","0","0","0","0","0","7","1","","02","8","2023","2","40.399627","-79.878428","","11","0","0","0","0","0","0","0","0","","0","1","0","","","1","N","0","","40 23:58.656","2","0","79 52:42.341","8","0","0","0","2473","0","0","0","Y","0","0","0","1","02473","0","","3.0","1000.0","1","N","N","N","0","","0","0","0","","0","N","","1","1","0","0","0","1","0","2","0","1","","03","","N","","","","","","","","","",""
"2023077595","","0","0","0","0","0","0","0","0","0","98","0","","02","9","2023","6","40.487073","-79.803617","","11","0","0","0","0","0","0","0","0","","0","0","0","","","1","N","0","","40 29:13.464","6","0","79 48:13.020","8","0","0","1","2113","0","0","0","N","0","0","0","1","02113","0","","1.0","2327.0","1","N","N","N","0","","0","0","0","","0","N","","1","1","0","0","0","1","0","2","0","1","","","","N","","","","","","","","","",""
"2023062429","","0","0","0","0","0","0","0","0","0","7","0","","02","7","2023","7","40.392689","-79.9345","","11","0","0","0","0","0","0","0","0","","0","0","0","","","0","N","0","","40 23:33.679","1","2","79 56:04.199","0","0","0","0","2301","0","0","0","N","0","0","0","2","02301","0","","2.0","300.0","1","N","N","N","0","","0","0","1","","0","N","","1","0","0","0","0","0","0","2","0","1","","03","","N","","","","","","","","","",""
"2023092075","","2","0","0","0","0","0","0","0","0","4","0","","02","10","2023","1","40.339218","-79.961836","","11","0","0","0","0","0","0","1","0","","0","0","0","","","1","N","0","","40 20:21.184","5","7","79 57:42.608","3","0","0","0","2454","0","0","0","N","0","0","0","2","02454","0","","1.0","1403.0","1","N","N","N","0","","1","0","0","","0","N","","2","1","0","0","0","0","0","2","0","2","","03","","N","","","","","","","","","",""
"2023062033","","0","0","0","1","0","0","0","0","0","8","0","","02","7","2023","5","40.448656","-80.002278","","11","0","0","0","0","0","1","0","0","","0","0","0","","","1","","1","","40 26:55.161","7","0","80 00:08.202","3","0","0","0","2301","1","0","0","N","0","0","0","2","02301","0","","1.0","1715.0","1","N","N","N","0","","1","0","1","","2","Y","","2","1","0","0","0","0","0","2","0","1","","03","","N","","","","","","","","","",""
"2023073666","","1","0","0","0","0","0","0","0","0","4","0","","02","8","2023","1","40.451151","-79.983896","","11","0","1","0","0","0","0","0","0","","0","0","0","","","0","N","0","","40 27:04.143","","0","79 59:02.025","0","0","0","0","2301","0","0","0","N","0","0","0","3","02301","0","","1.0","","1","N","N","Y","0","","0","0","2","","0","","","3","0","0","0","0","0","0","2","0","3","","03","","N","","","","","","","","","",""
"2023075436","","1","0","0","0","0","0","0","0","0","1","1","","02","8","2023","1","40.385528","-79.862222","","11","0","0","0","0","0","0","0","0","","0","1","0","","","1","N","0","","40 23:07.900","","7","79 51:44.000","3","0","0","0","2473","0","0","0","N","0","0","0","1","02473","0","","1.0","","1","N","N","N","0","","1","0","0","","0","","","2","1","0","0","0","0","0","2","0","2","","03","","N","","","","","","","","","",""
"2023076511","","1","0","0","0","0","0","0","0","0","1","0","","02","8","2023","3","40.399991","-80.020325","","11","0","0","1","0","0","0","0","0","","0","0","0","","","0","","2","","40 23:59.969","","0","80 01:13.171","0","0","0","0","2301","0","0","0","N","0","0","0","3","02301","0","","1.0","","1","N","N","N","1","","0","0","0","","0","","","2","0","0","0","0","0","0","2","0","2","","03","","N","","","","","","","","","",""
"2023075560","","2","0","0","0","0","0","0","0","0","2","0","","02","8","2023","6","40.385018","-79.994955","","11","0","0","0","0","0","0","0","1","","0","0","0","","","1","","2","","40 23:06.065","","0","79 59:41.839","3","0","0","0","2301","0","0","0","N","0","0","0","3","02301","0","","1.0","","1","N","N","N","0","","1","0","0","","2","","","2","1","1","0","0","0","0","2","0","2","","03","","N","","","","","","","","","",""
"2023076528","","1","0","0","0","0","0","0","0","0","7","0","","02","8","2023","3","40.45797","-80.029943","","11","0","0","0","0","0","0","1","0","","0","0","0","","","1","","7","","40 27:28.691","1","8","80 01:47.795","8","0","0","0","2301","0","0","0","Y","0","0","0","1","02301","0","","3.0","1745.0","1","N","N","N","0","","0","0","0","","0","N","","1","1","0","0","0","1","0","2","0","1","","03","","N","","","","","","","","","",""
"2023063277","","1","0","0","0","0","0","0","0","0","4","0","","02","7","2023","3","40.416528","-80.013139","","11","0","1","0","0","0","0","0","0","","0","0","0","","","0","N","0","","40 24:59.500","","7","80 00:47.300","0","0","0","0","2301","0","0","0","N","0","0","0","3","02301","0","","1.0","","1","N","N","N","1","","0","0","0","","0","N","","2","0","0","0","0","0","0","2","0","2","","03","","N","","","","","","","","","",""
"2023077022","","2","0","0","0","0","0","0","0","0","1","0","","02","8","2023","4","40.543303","-79.837768","","11","0","0","0","0","0","0","0","0","","0","0","0","","","2","","6","","40 32:35.889","","0","79 50:15.965","3","0","0","0","2208","0","0","0","N","0","0","0","3","68D02","0","","1.0","","9","N","N","N","0","","1","0","0","","0","","","2","2","0","0","0","1","0","2","0","2","","07","","N","","","","","","","","","",""
"2023062214","","2","0","0","0","0","0","0","0","0","5","0","","02","7","2023","5","40.414169","-79.997051","","11","0","0","0","0","0","0","0","0","","0","0","0","","","0","","2","","40 24:51.008","","0","79 59:49.384","0","0","0","0","2301","0","0","0","N","0","0","0","3","02301","0","","1.0","","1","N","N","N","0","","0","0","2","","0","","","4","0","0","0","0","0","0","2","0","4","","04","","N","","","","","","","","","",""
"2023074917","","0","0","0","0","0","0","0","0","0","4","0","","02","8","2023","2","40.591193","-79.947991","","11","0","0","0","0","0","2","0","0","","0","0","0","","","1","","1","","40 35:28.296","1","0","79 56:52.767","8","0","0","0","2207","0","0","0","N","0","0","0","3","02207","0","","1.0","1640.0","1","N","N","N","0","","0","0","3","","2","Y","","3","1","0","0","0","1","0","2","0","3","","03","","N","","","","","","","","","",""
"2023061671","","0","0","0","0","0","0","0","0","0","1","0","","02","7","2023","4","40.425848","-80.019926","","11","0","0","0","0","1","1","0","0","","0","0","0","","","0","","1","","40 25:33.054","","0","80 01:11.735","0","0","0","0","2301","0","0","0","N","0","0","0","3","02301","0","","1.0","","1","N","N","N","0","","0","0","3","","2","","","3","0","0","0","0","0","0","2","0","3","","03","","N","","","","","","","","","",""
"2023093205","","1","0","0","0","0","0","0","0","0","7","0","","02","10","2023","7","40.441989","-79.792898","","11","0","0","0","0","0","0","0","0","","0","0","0","","","0","N","0","","40 26:31.161","3","0","79 47:34.433","0","0","0","0","2446","0","0","0","N","0","0","0","1","68B03","0","","4.0","1006.0","9","N","N","N","0","","0","0","0","","0","N","","1","0","0","0","0","0","0","2","0","1","","07","","N","","","","","","","","","",""
"2023072518","","0","0","0","0","0","0","1","0","0","4","1","","02","8","2023","4","40.37263","-80.099508","","11","0","0","0","0","0","1","0","1","","0","0","0","","","1","","3","","40 22:21.468","4","2","80 05:58.230","3","0","0","0","2102","0","0","0","N","0","0","0","2","02503","0","","1.0","1655.0","1","N","N","N","0","","1","0","1","","4","N","","2","1","0","0","0","0","0","2","0","2","","","","N","","","","","","","","","",""
"2023094760","","0","0","0","0","0","0","0","0","0","4","1","","02","10","2023","3","40.43956","-80.010047","","11","0","0","0","0","0","0","0","0","","0","1","0","","","2","","3","","40 26:22.415","4","3","80 00:36.169","2","0","0","0","2301","0","0","0","N","0","0","0","3","68B03","0","","1.0","1409.0","1","N","N","N","0","","0","2","1","","0","N","","2","2","2","0","2","0","0","2","0","2","","","","N","","","","","","","","","",""
"2023076046","","3","0","0","0","0","0","0","0","0","1","0","","02","8","2023","1","40.443896","-80.02775","","11","0","0","0","0","0","0","0","0","","0","0","0","","","0","","3","","40 26:38.024","7","0","80 01:39.901","0","0","0","0","2301","0","0","0","N","0","0","0","6","02301","0","","1.0","2150.0","1","N","N","N","0","","0","0","1","","2","Y","","4","0","0","0","0","0","0","2","0","4","","03","","N","","","","","","","","","",""
"2023062765","","0","0","0","0","0","0","0","0","0","1","0","","02","7","2023","1","40.464664","-79.940447","","11","0","0","0","0","0","0","0","0","","0","0","0","","","1","N","0","","40 27:52.792","","0","79 56:25.610","3","0","0","0","2301","0","0","0","N","0","0","0","4","02301","0","","6.0","","1","N","N","N","1","","1","0","1","","0","","","2","1","1","0","0","0","0","2","0","2","","03","","N","","","","","","","","","",""
"2023045271","","0","0","0","0","0","0","0","0","0","1","0","","02","5","2023","1","40.434414","-80.156353","","11","0","0","1","0","0","0","0","0","","0","0","0","","","0","Y","0","","40 26:03.890","4","0","80 09:22.870","0","0","0","0","2115","0","0","0","N","0","0","0","2","02501","0","","1.0","1424.0","1","N","N","N","1","","0","0","1","","0","Y","","2","0","0","0","0","0","0","1","0","2","","","","N","","","","","","","","","",""
"2023072943","","0","0","0","0","0","0","0","0","0","6","0","","02","8","2023","5","40.602278","-80.049491","","11","0","0","0","0","0","0","1","0","","0","0","0","","","0","","2","","40 36:08.200","","0","80 02:58.169","0","0","0","0","2216","0","0","0","N","0","0","0","7","02505","0","","1.0","","1","N","N","N","0","","0","0","0","","2","","","2","0","0","0","0","0","0","2","2","2","","03","","N","","","","","","","","","",""
"2023062427","","1","0","0","0","0","0","0","0","0","7","0","","02","7","2023","7","40.671029","-80.134702","","11","0","0","0","0","0","0","0","0","","0","0","0","","","0","N","0","","40 40:15.705","3","7","80 08:04.928","0","0","0","0","2212","0","0","0","N","0","0","0","1","02505","0","","4.0","125.0","1","N","N","N","0","","0","0","0","","0","N","","1","0","0","0","0","0","0","1","0","1","","","","N","","","","","","","","","",""
"2023065164","","2","0","1","0","0","0","0","0","0","1","0","","02","7","2023","3","40.43333","-79.747339","","11","0","0","0","0","0","1","0","0","","0","0","0","","","2","Y","0","","40 25:59.989","3","0","79 44:50.421","2","0","0","0","2446","0","0","0","N","0","0","0","2","68T09","0","","1.0","1137.0","1","N","N","N","0","","0","1","0","","4","Y","","2","2","0","0","0","1","0","2","0","2","","","","N","","","","","","","","","",""
"2023062308","","1","0","0","1","0","0","0","0","0","8","0","","02","7","2023","6","40.541824","-79.79785","","11","0","0","0","0","0","0","0","1","","0","0","0","","","1","","2","","40 32:30.568","","0","79 47:52.259","8","0","0","0","2418","1","0","0","N","0","0","0","2","02514","0","","1.0","","1","N","N","N","0","","0","0","0","","3","","","2","1","0","0","0","1","0","2","0","1","","","","N","","","","","","","","","",""
"2023077590","","1","0","0","0","0","0","0","0","0","7","0","","02","8","2023","5","40.337112","-79.891411","","11","0","0","0","0","0","0","0","0","","0","0","0","","","1","N","0","","40 20:13.602","","0","79 53:29.080","3","0","0","0","2433","0","0","0","N","0","0","0","1","02433","0","","4.0","","1","","","N","0","","1","0","0","","0","","","1","1","0","0","0","0","0","2","0","1","","","","N","","","","","","","","","",""
"2023077381","","0","0","0","0","0","0","0","0","0","5","0","","02","7","2023","1","40.425512","-79.90779","","11","0","0","0","0","0","1","0","0","","0","0","0","","","1","N","0","","40 25:31.843","4","4","79 54:28.045","3","0","0","0","2301","0","0","0","N","0","0","0","2","68B03","0","","1.0","630.0","1","N","N","N","0","","1","0","2","","0","N","","2","1","0","0","0","0","0","2","0","2","","","","N","","","","","","","","","",""
"2023093700","","0","0","0","0","0","0","0","0","0","4","0","","02","10","2023","2","40.387148","-80.054749","","11","0","0","0","0","0","1","0","0","","0","0","0","","","1","","1","","40 23:13.733","2","0","80 03:17.095","3","0","0","0","2109","0","0","0","N","0","0","0","3","02109","0","","1.0","1917.0","9","N","N","N","1","","1","0","0","","2","N","","2","1","0","0","0","0","0","2","1","2","","","","N","","","","","","","","","",""
"2023061859","","0","0","0","1","0","0","0","0","0","8","0","","02","7","2023","3","40.45082","-79.713591","","11","0","0","0","0","0","0","0","1","","0","0","0","","","1","","1","","40 27:02.952","3","0","79 42:48.928","8","0","0","0","2466","1","0","0","N","0","0","0","2","02466","0","","1.0","1353.0","1","N","N","N","1","","0","0","0","","2","Y","","2","1","0","0","0","1","0","2","0","1","","03","","N","","","","","","","","","",""
"2023090522","","1","0","0","0","0","0","0","0","0","1","0","","02","10","2023","7","40.55142","-79.971486","","11","0","0","0","0","0","0","0","0","","0","0","0","","","1","","2","","40 33:05.112","","0","79 58:17.350","8","0","0","0","2207","0","0","0","N","0","0","0","2","02207","0","","1.0","","1","N","N","N","0","","0","0","1","","3","N","","2","1","0","0","0","1","0","2","0","2","","03","","N","","","","","","","","","",""
"2023075791","","0","0","0","0","0","0","0","0","0","7","0","","02","8","2023","1","40.637174","-80.064911","","11","0","0","0","0","0","0","1","0","","0","0","0","","","0","N","0","","40 38:13.828","","7","80 03:53.681","0","0","0","0","2216","0","0","0","N","0","0","0","2","02505","0","","5.0","","1","N","N","N","0","","0","0","1","","0","N","","1","0","0","0","0","0","0","2","0","1","","","","N","","","","","","","","","",""
"2023068874","","0","1","0","0","0","0","0","0","0","1","1","","02","8","2023","6","40.62311","-79.942817","","11","0","0","0","0","0","2","0","0","","1","1","0","","","1","N","0","","40 37:23.195","5","0","79 56:34.140","1","0","0","0","2217","0","0","0","N","0","0","0","6","02505","0","2","1.0","2005.0","1","N","N","N","1","0","0","0","3","","0","Y","","5","1","0","0","0","1","0","2","0","5","","","","N","","","","","","","","","",""
"2023092148","","1","0","0","0","0","0","0","0","0","1","0","","02","10","2023","2","40.406495","-79.887738","","11","0","0","0","0","0","1","0","0","","0","0","0","","","0","N","0","","40 24:23.381","3","0","79 53:15.858","0","0","0","0","2475","0","0","0","N","0","0","0","5","02475","0","","1.0","1640.0","1","N","N","N","1","","0","0","1","","0","Y","","3","0","2","0","0","0","0","2","0","3","","03","","N","","","","","","","","","",""
"2023092310","","0","0","0","0","0","0","0","0","0","1","0","","02","10","2023","1","40.534591","-79.843805","","11","0","0","0","0","0","1","0","0","","0","0","0","","","1","N","0","","40 32:04.526","2","0","79 50:37.697","3","0","0","0","2208","0","0","0","N","0","0","0","6","02208","0","","1.0","1422.0","1","N","N","Y","1","","1","0","1","","0","Y","","3","1","0","0","0","0","0","2","1","3","","","","N","","","","","","","","","",""
"2023077540","","0","0","0","0","0","0","0","0","0","8","0","","02","8","2023","5","40.443186","-79.953533","","11","0","0","0","0","0","0","0","0","","0","0","0","","","1","","1","","40 26:35.471","","0","79 57:12.720","3","0","0","0","2301","1","0","0","N","1","0","0","2","02301","0","","1.0","","1","N","N","N","0","","1","0","1","","2","","","2","1","0","0","0","0","1","2","0","1","","03","","N","","","","","","","","","",""
"2023076276","","0","0","0","0","0","0","0","0","0","8","0","","02","8","2023","2","40.430641","-80.009547","","11","0","0","0","0","0","0","0","0","","0","0","0","","","1","","1","","40 25:50.307","","0","80 00:34.370","2","0","0","0","2301","1","0","1","N","1","0","1","3","02301","0","","1.0","","1","N","N","N","0","","0","1","1","","3","","","2","1","0","0","0","0","0","2","0","1","","","","N","","","","","","","","","",""
"2023094604","","1","0","0","0","0","0","0","0","0","7","0","","02","10","2023","1","40.374532","-80.049512","","11","0","0","0","0","0","0","1","0","","0","0","0","","","0","","2","","40 22:28.314","5","0","80 02:58.242","0","0","0","0","2109","0","0","0","N","0","0","0","1","02109","0","","4.0","1451.0","1","N","N","N","0","","0","0","0","","0","Y","","1","0","0","0","0","0","0","2","0","1","","03","","N","","","","","","","","","",""
"2023062399","","0","0","0","0","0","0","0","0","0","0","0","","02","7","2023","6","40.504421","-79.832164","","11","0","0","0","0","0","0","0","0","","0","0","0","","","1","","1","","40 30:15.916","","0","79 49:55.792","2","0","1","1","2113","0","0","0","N","0","0","0","1","02113","0","","1.0","","1","N","N","N","0","","0","1","0","","0","","","1","1","0","0","0","0","0","2","0","1","","03","","N","","","","","","","","","",""
"2023076442","","0","0","0","0","0","0","0","0","0","7","0","","02","8","2023","5","40.352343","-79.906883","","11","0","0","0","0","0","0","0","0","","0","0","0","","","0","N","0","","40 21:08.433","7","0","79 54:24.777","0","0","0","0","2473","0","0","0","N","0","0","0","1","02473","0","","2.0","2115.0","1","N","","N","0","","0","0","1","","0","Y","","1","0","0","0","0","0","0","2","0","1","","03","","N","","","","","","","","","",""
"2023074248","","1","0","0","0","0","0","0","0","0","4","0","","02","8","2023","3","40.25531","-79.852368","","11","0","0","0","0","0","0","0","0","","0","0","0","","","1","","2","","40 15:19.117","6","0","79 51:08.524","3","0","0","0","2105","0","0","0","N","0","0","0","2","02105","0","","1.0","900.0","1","N","N","N","1","","1","0","0","","0","N","","2","1","0","0","0","0","0","1","0","2","","","","N","","","","","","","","","",""
"2023076263","","1","0","0","0","0","0","0","0","0","1","1","","02","8","2023","2","40.588258","-80.048717","","11","0","0","0","0","0","0","0","1","","0","1","0","","","0","","2","","40 35:17.730","4","0","80 02:55.380","0","0","0","0","2108","0","0","0","Y","0","0","0","2","02108","0","","1.0","1635.0","1","N","N","N","0","","0","0","0","","0","N","","2","0","0","0","0","0","0","2","0","2","","03","","N","","","","","","","","","",""
"2023077539","","0","0","0","0","0","0","0","0","0","4","0","","02","8","2023","5","40.579484","-79.957487","","11","0","0","0","0","0","1","0","0","","0","0","0","","","1","","2","","40 34:46.141","5","0","79 57:26.952","4","0","0","0","2207","0","0","0","N","0","0","0","3","02207","1","","1.0","908.0","1","N","N","N","0","","0","0","2","","3","N","","2","1","0","0","0","0","0","2","0","2","","03","","N","","","","","","","","","",""
"2023075612","","1","0","0","0","0","0","0","0","0","2","0","","02","8","2023","6","40.554393","-80.021334","","11","0","0","1","0","0","0","0","0","","0","0","0","","","0","","1","","40 33:15.814","2","0","80 01:16.803","0","0","0","0","2108","0","0","0","N","0","0","0","3","02108","0","","1.0","2245.0","1","N","N","N","0","","0","0","1","","2","N","","2","0","0","0","0","0","0","2","0","2","","03","","N","","","","","","","","","",""
"2023079904","","0","0","0","0","0","0","0","0","0","0","0","","02","8","2023","7","40.642546","-79.720166","","11","0","0","0","0","0","0","0","0","","0","0","0","","","1","N","0","","40 38:33.164","2","0","79 43:12.599","2","0","1","1","2106","0","0","0","N","0","0","0","1","68D02","0","","1.0","107.0","1","N","N","N","0","","0","1","0","","0","N","","1","1","0","0","0","0","0","2","0","1","","03","","N","","","","","","","","","",""
"2023075570","","0","0","0","0","0","0","0","0","0","7","0","","02","8","2023","4","40.574553","-80.120339","","11","0","0","0","0","0","0","0","0","","0","0","0","","","0","","2","","40 34:28.392","","0","80 07:13.221","0","0","0","0","2460","0","0","0","N","0","0","0","1","02215","0","","5.0","","1","N","N","N","1","","0","0","0","","0","","","1","0","0","0","0","0","0","1","0","1","","","","N","","","","","","","","","",""
"2023092646","","1","0","0","0","0","0","0","0","0","4","0","","02","10","2023","2","40.448432","-80.158021","","11","0","0","2","0","0","0","0","0","","0","0","0","","","1","","1","","40 26:54.356","3","0","80 09:28.877","3","0","0","0","2115","0","0","0","N","0","0","0","2","02115","0","","1.0","2000.0","1","N","N","N","1","","1","0","0","","2","N","","2","1","0","0","0","0","0","2","0","2","","","","N","","","","","","","","","",""
"2023060750","","0","0","0","0","0","0","0","0","0","5","0","","02","7","2023","7","40.433025","-80.149193","","11","0","0","0","0","0","1","0","0","","0","0","0","","","1","N","0","","40 25:58.889","2","0","80 08:57.095","3","0","0","0","2115","0","0","0","N","0","0","0","3","02501","0","","1.0","1345.0","1","N","N","N","1","","1","0","1","","0","N","","2","1","0","0","0","0","0","1","0","2","","98","","N","","","","","","","","","",""
"2023095199","","0","0","0","0","0","0","0","0","0","8","0","","02","8","2023","4","40.41239","-80.066766","","11","0","0","0","0","0","0","0","0","","1","0","0","","","0","N","0","","40 24:44.603","3","0","80 04:00.359","1","0","0","0","2435","1","1","0","N","1","1","0","3","68B03","0","2","1.0","400.0","1","N","N","Y","0","0","0","0","1","","0","N","","3","0","0","0","0","0","1","2","0","2","","03","","N","","","","","","","","","",""
"2023077399","","2","0","0","0","0","0","0","0","0","4","0","","02","8","2023","4","40.362396","-79.826111","","11","0","0","0","0","0","0","1","0","","0","0","0","","","1","","1","","40 21:44.626","2","0","79 49:33.998","4","0","0","0","2111","0","0","0","N","0","0","0","2","02111","1","","1.0","1325.0","1","N","N","N","0","","0","0","0","","2","N","","2","1","0","0","0","0","0","2","0","2","","03","","N","","","","","","","","","",""
"2023076060","","0","0","0","0","0","0","0","0","0","5","0","","02","8","2023","2","40.347111","-79.889459","","11","0","0","0","0","0","1","0","0","","0","0","0","","","0","N","0","","40 20:49.600","","3","79 53:22.054","0","0","0","0","2423","0","0","0","N","0","0","0","3","02304","0","","1.0","","1","N","N","N","0","","0","0","2","","0","","","2","0","0","0","0","0","0","2","0","2","","03","","N","","","","","","","","","",""
"2023069420","","0","0","0","0","0","0","0","0","0","2","0","","02","7","2023","6","40.361806","-80.093492","","11","0","0","0","0","0","1","0","0","","0","0","0","","","2","N","0","","40 21:42.500","6","0","80 05:36.570","2","0","0","0","2123","0","0","0","N","0","0","0","2","02123","0","","1.0","100.0","1","N","N","N","0","","0","2","2","","0","N","","2","2","1","0","1","0","0","2","0","2","","03","","N","","","","","","","","","",""
"2023075970","","0","0","0","0","0","0","0","0","0","2","0","","02","8","2023","2","40.338544","-80.017787","","11","0","0","0","0","0","0","0","0","","0","0","0","","","3","","1","","40 20:18.757","5","0","80 01:04.033","4","0","0","0","2407","0","0","0","N","0","0","0","5","02407","3","","1.0","1400.0","1","N","N","N","0","","0","0","2","","2","Y","","2","3","0","0","0","0","0","2","0","2","","03","","N","","","","","","","","","",""
"2023077470","","1","0","0","0","0","0","0","0","0","7","0","","02","8","2023","4","40.433753","-79.885414","","11","0","0","0","0","0","1","0","0","","0","0","0","","","3","N","0","","40 26:01.511","7","0","79 53:07.489","3","0","0","0","2426","0","0","0","N","0","0","0","3","02426","1","","4.0","923.0","1","Y","N","N","0","","2","0","0","","0","N","","2","3","1","0","0","0","0","2","1","2","","03","","N","","","","","","","","","",""
"2023090841","","1","0","0","0","0","0","0","0","0","7","0","","02","10","2023","6","40.355666","-79.814915","","11","0","0","0","0","0","0","1","0","","0","0","0","","","2","N","0","","40 21:20.396","6","0","79 48:53.695","3","0","0","0","2477","0","0","0","N","0","0","0","2","02477","0","","4.0","1630.0","1","N","N","N","0","","2","0","0","","0","Y","","1","2","0","0","0","0","0","2","0","1","","","","N","","","","","","","","","",""
"2023076023","","0","0","0","0","0","0","0","0","0","3","1","","02","8","2023","4","40.523053","-79.840927","","11","0","0","0","0","0","0","0","0","","0","1","0","","","0","N","0","","40 31:22.990","","0","79 50:27.337","0","0","0","0","2451","0","0","0","N","0","0","0","1","02451","0","","1.0","","1","N","N","N","0","","0","0","1","","0","N","","2","0","0","0","0","0","0","2","0","2","","03","","N","","","","","","","","","",""
"2023086157","","0","0","0","0","0","0","1","0","0","1","1","","02","9","2023","5","40.459769","-79.920751","","11","0","0","0","0","0","0","0","0","","0","0","0","","","0","","2","","40 27:35.169","1","0","79 55:14.703","9","0","0","0","2301","0","0","0","N","0","0","0","2","02503","0","","1.0","738.0","1","N","N","N","0","","0","0","1","","2","N","","2","0","0","0","0","0","1","2","0","2","","03","","N","","","","","","","","","",""
"2023073561","","2","0","0","0","0","0","0","0","0","4","0","","02","8","2023","1","40.485909","-80.053319","","11","0","0","0","0","0","0","0","0","","0","0","0","","","1","N","0","","40 29:09.274","6","7","80 03:11.950","3","0","0","0","2404","0","0","0","N","0","0","0","3","02404","0","","1.0","1340.0","1","N","N","N","0","","1","0","1","","0","N","","3","1","0","0","0","0","0","2","0","3","","","","N","","","","","","","","","",""
"2023061986","","1","0","0","0","0","0","0","0","0","1","0","","02","7","2023","5","40.421283","-79.958594","","11","0","0","0","0","0","1","0","0","","0","0","0","","","0","N","0","","40 25:16.618","","7","79 57:30.937","0","0","0","0","2301","0","0","0","N","0","0","0","2","02301","0","","1.0","","1","N","N","N","0","","0","0","1","","0","","","2","0","2","0","0","0","0","2","0","2","","03","","N","","","","","","","","","",""
"2023075691","","0","0","0","0","0","0","0","0","0","7","0","","02","8","2023","2","40.428562","-79.936561","","11","0","0","0","0","0","0","0","0","","0","0","0","","","1","N","0","","40 25:42.823","4","0","79 56:11.621","8","0","0","0","2301","0","0","0","Y","0","0","0","2","68B03","0","","4.0","1840.0","9","N","N","N","0","","0","0","2","","0","N","","2","1","1","0","0","1","0","2","0","2","","","","N","","","","","","","","","",""
"2023062413","","1","0","0","0","0","0","0","0","0","2","0","","02","7","2023","6","40.511118","-79.87892","","11","0","0","0","0","0","1","0","1","","0","0","0","","","1","N","0","","40 30:40.024","5","0","79 52:44.111","8","0","0","0","2432","0","0","0","N","0","0","0","3","02432","0","","1.0","2159.0","1","N","N","N","0","","0","0","1","","0","Y","","2","1","0","0","0","1","0","2","0","2","","","","N","","","","","","","","","",""
"2023076826","","1","0","0","0","0","0","0","0","0","7","0","","02","8","2023","4","40.503879","-80.19631","","11","0","0","0","0","0","0","0","0","","0","0","0","","","0","N","0","","40 30:13.965","6","0","80 11:46.715","0","0","0","0","2213","0","0","0","N","0","0","0","1","02213","0","","2.0","5.0","9","N","N","N","0","","0","0","0","","0","N","","1","0","0","0","0","0","0","2","0","1","","","","N","","","","","","","","","",""