"CRN","ARRIVAL_TM","AUTOMOBILE_COUNT","BELTED_DEATH_COUNT","BELTED_SUSP_SERIOUS_INJ_COUNT","BICYCLE_COUNT","BICYCLE_DEATH_COUNT","BICYCLE_SUSP_SERIOUS_INJ_COUNT","BUS_COUNT","CHLDPAS_DEATH_COUNT","CHLDPAS_SUSP_SERIOUS_INJ_COUNT","COLLISION_TYPE","COMM_VEH_COUNT","CONS_ZONE_SPD_LIM","COUNTY","CRASH_MONTH","CRASH_YEAR","DAY_OF_WEEK","DEC_LATITUDE","DEC_LONGITUDE","DISPATCH_TM","DISTRICT","DRIVER_COUNT_16YR","DRIVER_COUNT_17YR","DRIVER_COUNT_18YR","DRIVER_COUNT_19YR","DRIVER_COUNT_20YR","DRIVER_COUNT_50_64YR","DRIVER_COUNT_65_74YR","DRIVER_COUNT_75PLUS","EST_HRS_CLOSED","FATAL_COUNT","HEAVY_TRUCK_COUNT","HORSE_BUGGY_COUNT","HOUR_OF_DAY","ILLUMINATION","INJURY_COUNT","INTERSECTION_RELATED","INTERSECT_TYPE","LANE_CLOSED","LATITUDE","LN_CLOSE_DIR","LOCATION_TYPE","LONGITUDE","MAX_SEVERITY_LEVEL","MCYCLE_DEATH_COUNT","MCYCLE_SUSP_SERIOUS_INJ_COUNT","MOTORCYCLE_COUNT","MUNICIPALITY","NONMOTR_COUNT","NONMOTR_DEATH_COUNT","NONMOTR_SUSP_SERIOUS_INJ_COUNT","NTFY_HIWY_MAINT","PED_COUNT","PED_DEATH_COUNT","PED_SUSP_SERIOUS_INJ_COUNT","PERSON_COUNT","POLICE_AGCY","POSSIBLE_INJ_COUNT","RDWY_SURF_TYPE_CD","RELATION_TO_ROAD","ROADWAY_CLEARED","ROAD_CONDITION","SCH_BUS_IND","SCH_ZONE_IND","SECONDARY_CRASH","SMALL_TRUCK_COUNT","SPEC_JURIS_CD","SUSP_MINOR_INJ_COUNT","SUSP_SERIOUS_INJ_COUNT","SUV_COUNT","TCD_FUNC_CD","TCD_TYPE","TFC_DETOUR_IND","TIME_OF_DAY","TOTAL_UNITS","TOT_INJ_COUNT","UNBELTED_OCC_COUNT","UNB_DEATH_COUNT","UNB_SUSP_SERIOUS_INJ_COUNT","UNK_INJ_DEG_COUNT","UNK_INJ_PER_COUNT","URBAN_RURAL","VAN_COUNT","VEHICLE_COUNT","WEATHER1","WEATHER2","WORKERS_PRES","WORK_ZONE_IND","WORK_ZONE_LOC","WORK_ZONE_TYPE","WZ_CLOSE_DETOUR","WZ_FLAGGER","WZ_LAW_OFFCR_IND","WZ_LN_CLOSURE","WZ_MOVING","WZ_OTHER","WZ_SHLDER_MDN","WZ_WORKERS_INJ_KILLED"
"2023093489","","0","0","0","0","0","0","0","0","0","7","0","","02","10","2023","1","40.393306","-79.968971","","11","0","0","0","0","0","0","0","0","","0","0","0","","","0","N","0","","40 23:35.901","3","0","79 58:08.297","0","0","0","0","2403","0","0","0","N","0","0","0","2","02403","0","","5.0","118.0","1","N","N","N","0","","0","0","0","","0","N","","1","0","0","0","0","0","0","2","1","1","","03","","N","","","","","","","","","",""
"2023075897","","0","0","0","0","0","0","0","0","0","7","0","","02","8","2023","2","40.46667","-79.86455","","11","0","0","0","0","0","0","0","0","","0","0","0","","","0","N","0","","40 28:00.013","","7","79 51:52.380","0","0","0","0","2113","0","0","0","N","0","0","0","2","02113","0","","5.0","","1","N","N","Y","0","","0","0","2","","0","","","2","0","0","0","0","0","0","2","0","2","","","","N","","","","","","","","","",""
"2023076066","","0","0","0","0","0","0","0","0","0","7","0","","02","8","2023","1","40.390231","-80.028572","","11","0","0","0","0","0","1","0","0","","0","0","0","","","0","N","0","","40 23:24.830","","0","80 01:42.860","9","0","0","0","2109","0","0","0","N","0","0","0","1","02109","0","","5.0","","1","N","N","N","0","","0","0","0","","0","","","1","0","0","0","0","0","1","2","1","1","","03","","N","","","","","","","","","",""
"2023062574","","1","0","0","0","0","0","0","0","0","7","0","","02","7","2023","5","40.57574","-80.13728","","11","0","0","1","0","0","0","0","0","","0","0","0","","","0","","2","","40 34:32.663","","0","80 08:14.209","0","0","0","0","2460","0","0","0","N","0","0","0","1","02215","0","","2.0","","1","N","N","N","0","","0","0","0","","0","","","1","0","1","0","0","0","0","1","0","1","","03","","N","","","","","","","","","",""
"2023062598","","0","0","0","0","0","0","0","0","0","1","0","","02","7","2023","7","40.437127","-79.737455","","11","0","0","1","0","0","1","0","0","","0","0","0","","","1","N","0","","40 26:13.657","","0","79 44:14.839","4","0","0","0","2446","0","0","0","N","0","0","0","9","02446","1","","1.0","","1","N","N","N","0","","0","0","3","","0","","","3","1","0","0","0","0","0","2","0","3","","03","","N","","","","","","","","","",""
"2023075713","","1","0","0","0","0","0","0","0","0","5","0","","02","8","2023","5","40.433303","-79.760248","","11","0","0","0","0","0","1","0","0","","0","0","0","","","1","","1","","40 25:59.890","","0","79 45:36.893","3","0","0","0","2446","0","0","0","N","0","0","0","2","02446","0","","1.0","","1","N","N","N","1","","1","0","0","","2","","","2","1","0","0","0","0","0","2","0","2","","","","N","","","","","","","","","",""
"2023076395","","0","0","0","0","0","0","0","0","0","3","0","","02","8","2023","3","40.413248","-80.022986","","11","0","0","0","0","0","0","1","0","","0","0","0","","","0","N","0","","40 24:47.691","1","0","80 01:22.750","0","0","0","0","2301","0","0","0","N","0","0","0","3","02301","0","","1.0","940.0","1","Y","N","N","0","","0","0","1","","0","N","","2","0","0","0","0","0","0","2","1","2","","03","","N","","","","","","","","","",""
"2023062437","","1","0","0","0","0","0","0","0","0","4","0","","02","7","2023","7","40.429685","-79.923534","","11","0","0","0","0","0","1","0","0","","0","0","0","","","0","","5","","40 25:46.867","","0","79 55:24.724","0","0","0","0","2301","0","0","0","N","0","0","0","2","02301","0","","1.0","","1","N","N","N","1","","0","0","0","","2","","","2","0","0","0","0","0","0","2","0","2","","03","","N","","","","","","","","","",""
"2023075734","","1","0","0","0","0","0","0","0","0","1","1","","02","8","2023","7","40.35161","-79.850637","","11","0","0","0","0","0","1","0","0","","0","1","0","","","1","N","0","","40 21:05.795","","7","79 51:02.293","4","0","0","0","2304","0","0","0","N","0","0","0","6","02304","1","","1.0","","1","N","N","N","0","","0","0","0","","0","","","2","1","0","0","0","0","0","2","0","2","","","","N","","","","","","","","","",""
"2023091508","","0","0","0","0","0","0","0","0","0","8","0","","02","10","2023","6","40.455677","-79.942844","","11","0","0","0","0","0","0","0","1","","0","0","0","","","2","N","1","","40 27:20.437","3","0","79 56:34.239","4","0","0","0","2301","2","0","0","N","2","0","0","3","02301","2","","1.0","1419.0","1","N","N","N","0","","0","0","1","","2","Y","","3","2","0","0","0","0","0","2","0","1","","03","","N","","","","","","","","","",""
"2023075532","","1","0","0","0","0","0","0","0","0","5","0","","02","8","2023","7","40.443546","-80.054034","","11","0","0","0","0","0","0","0","1","","0","0","0","","","1","","2","","40 26:36.765","5","0","80 03:14.522","3","0","0","0","2301","0","0","0","N","0","0","0","1","02301","0","","6.0","1037.0","1","","","N","0","","1","0","2","","0","Y","","3","1","0","0","0","0","0","2","0","3","","03","","N","","","","","","","","","",""
"2023065524","","0","0","0","0","0","0","0","0","0","7","0","","02","7","2023","3","40.663447","-80.090718","","11","0","0","0","0","0","0","0","0","","0","0","0","","","0","N","0","","40 39:48.409","","0","80 05:26.585","0","0","0","0","2212","0","0","0","N","0","0","0","1","68B03","0","","4.0","","1","N","N","N","0","","0","0","1","","0","","","1","0","0","0","0","0","0","2","0","1","","","","N","","","","","","","","","",""
"2023077084","","0","0","0","0","0","0","0","0","0","4","0","","02","8","2023","5","40.451195","-79.925779","","11","0","0","0","0","0","0","0","0","","0","0","0","","","1","","2","","40 27:04.302","","0","79 55:32.803","3","0","0","0","2301","0","0","0","N","0","0","0","2","02301","0","","1.0","","1","N","N","N","1","","1","0","1","","3","","","2","1","0","0","0","0","0","2","0","2","","03","","N","","","","","","","","","",""
"2023075876","","1","0","0","0","0","0","0","0","0","4","0","","02","8","2023","1","40.459516","-79.971046","","11","0","0","0","0","0","0","0","0","","0","0","0","","","1","","1","","40 27:34.259","7","0","79 58:15.764","3","0","0","0","2301","0","0","0","N","0","0","0","5","02301","0","","1.0","2218.0","1","N","N","N","0","","1","0","1","","0","Y","","2","1","0","0","0","0","0","2","0","2","","04","","N","","","","","","","","","",""
"2023062665","","1","0","0","0","0","0","0","0","0","4","0","","02","7","2023","6","40.454131","-79.996842","","11","0","0","0","0","0","1","0","0","","0","0","0","","","1","","1","","40 27:14.872","7","2","79 59:48.632","3","0","0","0","2301","0","0","0","N","0","0","0","2","02301","0","","1.0","2150.0","1","N","N","N","0","","1","0","1","","2","N","","2","1","0","0","0","0","0","2","0","2","","03","","N","","","","","","","","","",""
"2023061216","","1","0","0","0","0","0","0","0","0","4","0","","02","7","2023","3","40.599922","-80.033261","","11","0","0","1","0","0","0","0","0","","0","0","0","","","0","N","0","","40 35:59.718","1","0","80 01:59.739","0","0","0","0","2108","0","0","0","N","0","0","0","4","02108","0","","1.0","1715.0","1","N","N","N","0","","0","0","1","","0","N","","2","0","0","0","0","0","0","2","0","2","","03","","N","","","","","","","","","",""
"2023063494","","1","0","0","0","0","0","0","0","0","7","0","","02","7","2023","5","40.348506","-79.986958","","11","0","0","0","0","0","0","0","0","","0","0","0","","","2","N","0","","40 20:54.620","","0","79 59:13.050","8","0","0","0","2476","0","0","0","N","0","0","0","2","02476","0","","4.0","","1","N","N","N","0","","0","0","0","","0","","","1","2","1","0","0","2","0","2","0","1","","","","N","","","","","","","","","",""
"2023075408","","1","0","0","0","0","0","0","0","0","4","0","","02","8","2023","6","40.383454","-79.930777","","11","0","0","0","0","0","1","0","0","","0","0","0","","","1","N","1","","40 23:00.435","7","0","79 55:50.797","3","0","0","0","2301","0","0","0","N","0","0","0","3","02301","0","","1.0","1930.0","9","N","N","N","0","","1","0","1","","0","N","","2","1","0","0","0","0","0","2","0","2","","03","","N","","","","","","","","","",""
"2023076825","","1","0","0","0","0","0","0","0","0","7","0","","02","8","2023","4","40.529236","-80.234183","","11","0","0","0","0","0","0","0","0","","0","0","0","","","1","N","0","","40 31:45.250","5","0","80 14:03.060","3","0","0","0","2213","0","0","0","N","0","0","0","1","02213","0","","5.0","1930.0","9","N","N","N","0","","1","0","0","","0","Y","","1","1","0","0","0","0","0","2","0","1","","04","","N","","","","","","","","","",""
"2023062672","","1","0","0","0","0","0","0","0","0","7","0","","02","7","2023","7","40.422278","-79.902694","","11","0","0","0","0","0","0","0","0","","0","0","0","","","0","N","0","","40 25:20.200","3","0","79 54:09.700","0","0","0","0","2301","0","0","0","N","0","0","0","2","02301","0","","2.0","5.0","1","N","N","Y","0","","0","0","0","","0","N","","1","0","0","0","0","0","0","2","0","1","","","","N","","","","","","","","","",""
"2023062820","","0","0","0","0","0","0","0","0","0","7","0","","02","7","2023","1","40.350312","-79.856277","","11","0","0","0","0","0","0","0","0","","0","0","0","","","1","","1","","40 21:01.124","5","0","79 51:22.597","8","0","0","0","2304","0","0","0","N","0","0","0","1","02304","0","","4.0","1924.0","1","N","N","N","1","","0","0","0","","2","Y","","1","1","0","0","0","1","0","2","0","1","","03","","N","","","","","","","","","",""
"2023083311","","0","0","0","0","0","0","0","0","0","8","0","","02","9","2023","3","40.362099","-79.93217","","11","0","0","0","0","0","0","0","0","","0","0","0","","","1","","1","","40 21:43.555","","0","79 55:55.812","3","0","0","0","2473","1","0","0","N","1","0","0","2","02473","0","","1.0","","1","N","","N","0","","1","0","1","","2","","","2","1","0","0","0","0","0","2","0","1","","03","","N","","","","","","","","","",""
"2023071068","","1","0","0","0","0","0","0","0","0","5","0","","02","8","2023","6","40.453297","-79.980756","","11","0","0","0","0","0","0","0","0","","0","0","0","","","0","N","0","","40 27:11.870","4","0","79 58:50.720","0","0","0","0","2301","0","0","0","N","0","0","0","1","02301","0","","6.0","40.0","1","N","N","Y","0","","0","0","3","","0","Y","","4","0","0","0","0","0","0","2","0","4","","","","N","","","","","","","","","",""
"2023082352","","0","0","0","0","0","0","0","0","0","0","0","","02","9","2023","1","40.522592","-80.075035","","11","0","0","0","0","0","1","0","0","","0","0","0","","","1","N","0","","40 31:21.330","2","0","80 04:30.125","8","0","0","1","2215","0","0","0","N","0","0","0","2","02215","0","","1.0","1230.0","9","N","N","N","0","","0","0","0","","0","N","","1","1","0","0","0","1","0","2","0","1","","","","N","","","","","","","","","",""
"2023071366","","1","0","0","0","0","0","0","0","0","7","0","","02","8","2023","7","40.282334","-79.806694","","11","0","0","0","0","0","0","0","0","","0","0","0","","","0","N","0","","40 16:56.404","","0","79 48:24.099","0","0","0","0","2105","0","0","0","N","0","0","0","1","02105","0","","2.0","","1","N","N","N","0","","0","0","0","","0","","","1","0","0","0","0","0","0","2","0","1","","","","N","","","","","","","","","",""
"2023023927","","0","0","0","0","0","0","0","0","0","1","0","","02","3","2023","4","40.269917","-79.884648","","11","0","0","0","0","0","0","0","0","","0","0","0","","","0","N","0","","40 16:11.702","","0","79 53:04.734","0","0","0","0","2428","0","0","0","N","0","0","0","2","02428","0","","1.0","","1","N","N","N","1","","0","0","1","","0","","","2","0","0","0","0","0","0","2","0","2","","","","N","","","","","","","","","",""
"2023064040","","1","0","0","0","0","0","0","0","0","5","0","","02","7","2023","1","40.405224","-79.953428","","11","0","0","0","2","0","0","0","0","","0","0","0","","","1","N","0","","40 24:18.808","4","0","79 57:12.341","8","0","0","1","2403","0","0","0","N","0","0","0","5","02403","0","","1.0","150.0","1","N","N","Y","1","","0","0","0","","0","Y","","3","1","0","0","0","1","0","2","0","3","","","","N","","","","","","","","","",""
"2023084660","","1","0","0","0","0","0","0","0","0","7","0","","02","9","2023","5","40.427491","-79.953183","","11","0","0","0","0","0","0","0","0","","0","0","0","","","0","N","0","","40 25:38.966","4","0","79 57:11.457","0","0","0","0","2301","0","0","0","N","0","0","0","1","68B03","0","","4.0","2005.0","9","N","N","N","0","","0","0","0","","0","N","","1","0","0","0","0","0","0","2","0","1","","","","N","","","","","","","","","",""
"2023084824","","0","0","0","0","0","0","0","0","0","7","1","","02","9","2023","5","40.608976","-79.947084","","11","0","0","0","0","0","0","0","0","","0","1","0","","","1","N","0","","40 36:32.313","3","5","79 56:49.502","3","0","0","0","2207","0","0","0","N","0","0","0","1","68T02","0","","4.0","2250.0","1","N","N","N","0","","1","0","0","","8","N","","1","1","0","0","0","0","0","2","0","1","","","","N","","","","","","","","","",""
"2023069310","","2","0","0","0","0","0","0","0","0","4","0","","02","8","2023","7","40.45062","-80.174341","","11","0","0","0","1","0","0","0","0","","0","0","0","","","0","","1","","40 27:02.232","","2","80 10:27.628","0","0","0","0","2214","0","0","0","N","0","0","0","2","02214","0","","1.0","","1","N","N","N","0","","0","0","0","","2","","","2","0","0","0","0","0","0","2","0","2","","03","","N","","","","","","","","","",""
"2023071204","","0","0","0","0","0","0","0","0","0","1","0","","02","8","2023","6","40.388037","-80.042615","","11","0","0","0","0","0","1","0","0","","0","0","0","","","2","Y","0","","40 23:16.932","","0","80 02:33.414","3","0","0","0","2109","0","0","0","N","0","0","0","3","02109","0","","1.0","","1","N","N","N","1","","2","0","1","","2","","","2","2","0","0","0","0","0","2","0","2","","03","","N","","","","","","","","","",""
"2023083943","","2","0","0","0","0","0","0","0","0","4","0","","02","9","2023","4","40.34783","-79.866007","","11","0","0","0","0","0","0","0","0","","0","0","0","","","2","","1","","40 20:52.188","","0","79 51:57.625","4","0","0","0","2304","0","0","0","N","0","0","0","2","02304","2","","1.0","","1","N","N","N","0","","0","0","0","","3","","","2","2","0","0","0","0","0","2","0","2","","03","","N","","","","","","","","","",""
"2023084208","","1","0","0","0","0","0","0","0","0","4","0","","02","9","2023","6","40.45405","-80.026302","","11","0","0","0","0","0","1","0","0","","0","0","0","","","0","","1","","40 27:14.579","7","0","80 01:34.687","0","0","0","0","2301","0","0","0","N","0","0","0","5","02301","0","","4.0","2250.0","1","N","N","N","0","","0","0","0","","0","Y","","2","0","0","0","0","0","0","2","1","2","","03","","N","","","","","","","","","",""
"2023085255","","0","0","0","0","0","0","0","0","0","5","0","","02","9","2023","4","40.347071","-79.864108","","11","0","0","0","0","0","0","0","0","","0","0","0","","","1","N","1","","40 20:49.457","","0","79 51:50.789","3","0","0","0","2304","0","0","0","N","0","0","0","2","02304","0","","1.0","","1","N","N","Y","0","","1","0","3","","2","","","3","1","0","0","0","0","0","2","0","3","","03","","N","","","","","","","","","",""
"2023071052","","1","0","0","0","0","0","0","0","0","4","0","","02","8","2023","6","40.555141","-79.809416","","11","0","0","0","0","0","1","1","0","","0","0","0","","","0","","2","","40 33:18.509","1","2","79 48:33.898","0","0","0","0","2121","0","0","0","N","0","0","0","2","02514","0","","1.0","1755.0","1","N","N","N","0","","0","0","1","","0","N","","3","0","0","0","0","0","0","2","0","2","","03","","N","","","","","","","","","",""
"2023062285","","1","0","0","0","0","0","0","0","0","5","0","","02","7","2023","5","40.465306","-79.963417","","11","0","0","0","0","0","0","1","0","","0","0","0","","","0","N","0","","40 27:55.100","","0","79 57:48.300","0","0","0","0","2301","0","0","0","N","0","0","0","1","02301","0","","5.0","","1","N","N","N","0","","0","0","1","","0","","","2","0","0","0","0","0","0","2","0","2","","","","N","","","","","","","","","",""
"2023021394","","0","0","0","0","0","0","0","0","0","1","1","","02","3","2023","3","40.541209","-79.779992","","11","0","0","0","0","0","0","1","0","","0","1","0","","","1","","1","","40 32:28.351","3","0","79 46:47.970","8","0","0","0","2462","0","0","0","N","0","0","0","3","02462","0","","1.0","930.0","1","N","N","N","1","","0","0","0","","2","N","","2","1","0","0","0","1","0","2","0","2","","03","","N","","","","","","","","","",""
"2023069154","","0","0","0","0","0","0","0","0","0","7","0","","02","8","2023","1","40.548828","-80.039776","","11","0","0","0","0","0","0","0","1","","0","0","0","","","1","N","0","","40 32:55.781","","0","80 02:23.194","3","0","0","0","2116","0","0","0","N","0","0","0","1","02116","0","","1.0","","1","N","N","N","0","","1","0","1","","0","","","1","1","1","0","0","0","0","2","0","1","","","","N","","","","","","","","","",""
"2023071239","","1","0","0","0","0","0","0","0","0","5","0","","02","8","2023","4","40.457972","-80.067639","","11","0","0","0","0","0","0","0","0","","0","0","0","","","0","N","0","","40 27:28.700","4","0","80 04:03.500","0","0","0","0","2301","0","0","0","N","0","0","0","1","02301","0","","6.0","2205.0","1","N","N","N","0","","0","0","1","","0","N","","2","0","0","0","0","0","0","2","0","2","","03","","N","","","","","","","","","",""
"2023075609","","1","0","0","0","0","0","0","0","0","4","0","","02","8","2023","7","40.651735","-79.82215","","11","0","0","0","0","0","2","0","0","","0","0","0","","","2","N","0","","40 39:06.247","6","7","79 49:19.739","3","0","0","0","2220","0","0","0","N","0","0","0","4","02220","0","","1.0","1710.0","1","N","N","N","0","","2","0","1","","0","Y","","2","2","0","0","0","0","0","1","0","2","","","","N","","","","","","","","","",""
"2023075966","","0","0","0","0","0","0","0","0","0","8","0","","02","8","2023","2","40.465954","-79.953577","","11","0","0","0","0","0","1","0","0","","0","0","0","","","1","","2","","40 27:57.435","3","0","79 57:12.876","4","0","0","0","2301","1","0","0","N","1","0","0","3","02301","1","","1.0","845.0","1","N","N","N","0","","0","0","1","","2","N","","2","1","0","0","0","0","0","2","0","1","","03","","N","","","","","","","","","",""
"2023069450","","2","0","0","0","0","0","0","0","0","1","0","","02","8","2023","2","40.495483","-79.97627","","11","0","0","0","0","0","1","0","0","","0","0","0","","","0","","3","","40 29:43.738","","0","79 58:34.571","0","0","0","0","2118","0","0","0","N","0","0","0","3","02445","0","","1.0","","1","N","N","N","0","","0","0","1","","2","","","3","0","0","0","0","0","0","2","0","3","","07","","N","","","","","","","","","",""
"2023075714","","0","0","0","0","0","0","0","0","0","4","0","","02","8","2023","7","40.361083","-80.029222","","11","0","0","0","0","0","0","0","0","","0","0","0","","","0","","9","","40 21:39.900","7","0","80 01:45.200","0","0","0","0","2416","0","0","0","N","0","0","0","1","02503","0","","1.0","1134.0","1","N","N","N","0","","0","0","1","","5","Y","","2","0","0","0","0","0","0","2","0","1","","","","N","","","","","","","","","",""
"2023070456","","1","0","0","0","0","0","0","0","0","4","0","","02","8","2023","5","40.458917","-79.974417","","11","0","0","0","0","0","1","0","0","","0","0","0","","","0","N","0","","40 27:32.100","","7","79 58:27.900","0","0","0","0","2301","0","0","0","N","0","0","0","2","02301","0","","1.0","","9","N","N","N","0","","0","0","1","","0","N","","2","0","0","0","0","0","0","2","0","2","","07","","N","","","","","","","","","",""
"2023084704","","1","0","0","0","0","0","0","0","0","7","0","","02","7","2023","1","40.42094","-80.094316","","11","0","0","0","0","0","0","0","0","","0","0","0","","","0","N","0","","40 25:15.384","","0","80 05:39.539","0","0","0","0","2457","0","0","0","N","0","0","0","2","68B03","0","","3.0","","9","N","N","N","1","","0","0","0","","0","","","2","0","0","0","0","0","0","2","0","2","","07","","N","","","","","","","","","",""
"2023084427","","0","0","0","0","0","0","0","0","0","5","0","","02","9","2023","7","40.457102","-79.877675","","11","0","0","0","0","0","0","0","0","","0","0","0","","","1","N","2","","40 27:25.568","","0","79 52:39.631","3","0","0","0","2301","0","0","0","N","0","0","0","2","02301","0","","1.0","","9","N","N","N","0","","1","0","2","","2","","","2","1","0","0","0","0","0","2","0","2","","","","N","","","","","","","","","",""
"2023061626","","1","0","0","0","0","0","0","0","0","1","0","","02","7","2023","4","40.463533","-79.980836","","11","0","0","0","0","0","0","0","0","","0","0","0","","","1","","6","","40 27:48.718","2","2","79 58:51.009","4","0","0","0","2301","0","0","0","N","0","0","0","2","02301","1","","1.0","1430.0","1","N","N","N","0","","0","0","1","","0","N","","2","1","0","0","0","0","0","2","0","2","","03","","N","","","","","","","","","",""
"2023075726","","1","0","0","0","0","0","0","0","0","4","0","","02","8","2023","7","40.379159","-80.151259","","11","0","0","0","0","0","1","0","0","","0","0","0","","","1","","3","","40 22:44.973","6","0","80 09:04.533","8","0","0","0","2119","0","0","0","N","0","0","0","3","02119","0","","1.0","1638.0","1","N","N","N","0","","0","0","1","","3","N","","2","1","0","0","0","1","0","2","0","2","","03","","N","","","","","","","","","",""
"2023070190","","1","0","0","0","0","0","0","0","0","8","0","","02","8","2023","4","40.462128","-79.926821","","11","0","0","0","0","0","0","0","0","","0","0","0","","","1","","1","","40 27:43.659","","0","79 55:36.555","3","0","0","0","2301","1","0","0","N","1","0","0","2","02301","0","","1.0","","1","N","N","N","0","","1","0","0","","3","","","2","1","0","0","0","0","0","2","0","1","","","","N","","","","","","","","","",""
"2023069616","","1","0","0","0","0","0","0","0","0","7","0","","02","8","2023","2","40.495958","-79.893663","","11","0","0","0","0","0","0","0","0","","0","0","0","","","0","N","0","","40 29:45.447","5","0","79 53:37.185","0","0","0","0","2432","0","0","0","N","0","0","0","1","02432","0","","2.0","1919.0","1","N","N","N","0","","0","0","0","","0","N","","1","0","1","0","0","0","0","2","0","1","","03","","N","","","","","","","","","",""
"2023075749","","1","0","0","0","0","0","0","0","0","4","0","","02","8","2023","1","40.43899","-79.995623","","11","0","0","0","0","0","1","0","0","","0","0","0","","","2","","1","","40 26:20.364","1","0","79 59:44.242","3","0","0","0","2301","0","0","0","N","0","0","0","3","02301","1","","1.0","955.0","1","N","N","N","0","","1","0","1","","2","N","","2","2","0","0","0","0","0","2","0","2","","03","","N","","","","","","","","","",""
"2023069421","","1","0","0","0","0","0","0","0","0","4","0","","02","8","2023","7","40.354664","-80.073577","","11","0","1","0","0","0","1","0","0","","0","0","0","","","1","","1","","40 21:16.791","5","0","80 04:24.878","3","0","0","0","2123","0","0","0","N","0","0","0","2","02123","0","","1.0","50.0","1","N","N","N","1","","1","0","0","","3","N","","2","1","0","0","0","0","0","2","0","2","","03","","N","","","","","","","","","",""
"2023078027","","1","0","0","0","0","0","0","0","0","4","0","","02","8","2023","3","40.400167","-79.989139","","11","0","0","0","0","0","0","0","0","","0","0","0","","","1","","2","","40 24:00.600","7","0","79 59:20.900","8","0","0","1","2301","0","0","0","N","0","0","0","3","02301","0","","1.0","2151.0","1","N","N","N","0","","0","0","0","","3","Y","","2","1","0","0","0","1","0","2","0","2","","","","N","","","","","","","","","",""
"2023084797","","2","0","0","0","0","0","0","0","0","6","0","","02","9","2023","3","40.442589","-80.11119","","11","0","0","0","0","0","0","0","0","","0","0","0","","","1","N","0","","40 26:33.321","","0","80 06:40.283","3","0","0","0","2115","0","0","0","N","0","0","0","3","68B03","0","","1.0","","1","N","N","N","0","","1","0","0","","0","","","2","1","0","0","0","0","0","2","0","2","","03","","N","","","","","","","","","",""
"2023075753","","1","0","0","0","0","0","0","0","0","8","0","","02","8","2023","1","40.440224","-79.996636","","11","0","0","0","0","0","0","0","0","","0","0","0","","","1","N","0","","40 26:24.805","3","0","79 59:47.889","2","0","0","0","2301","1","0","1","N","1","0","1","3","02301","0","","6.0","1145.0","1","N","N","N","0","","0","1","1","","0","N","","3","1","1","0","0","0","0","2","0","2","","","","N","","","","","","","","","",""
"2023070341","","2","0","0","0","0","0","0","0","0","4","0","","02","8","2023","6","40.445993","-79.946799","","11","0","0","0","1","0","0","0","0","","0","0","0","","","0","","2","","40 26:45.576","","0","79 56:48.477","0","0","0","0","2301","0","0","0","N","0","0","0","2","02301","0","","1.0","","1","N","N","N","0","","0","0","0","","0","","","2","0","0","0","0","0","0","2","0","2","","03","","N","","","","","","","","","",""
"2023083957","","0","0","0","0","0","0","0","0","0","1","1","","02","9","2023","3","40.239448","-79.864608","","11","0","0","0","0","0","1","0","0","","0","0","0","","","0","N","0","","40 14:22.011","6","0","79 51:52.588","9","0","0","0","2105","0","0","0","N","0","0","0","3","02501","0","","1.0","913.0","1","N","N","N","0","","0","0","1","","0","Y","","2","0","0","0","0","0","2","1","0","2","","03","","N","","","","","","","","","",""
"2023072636","","1","0","0","0","0","0","0","0","0","1","0","","02","8","2023","7","40.437578","-80.003471","","11","0","0","0","0","0","0","1","0","","0","0","0","","","2","N","0","","40 26:15.280","4","0","80 00:12.496","8","0","0","0","2301","0","0","0","N","0","0","0","4","68B03","0","","1.0","1920.0","1","N","N","N","0","","0","0","2","","0","N","","3","2","0","0","0","2","0","2","0","3","","","","N","","","","","","","","","",""
"2023084390","","0","0","0","0","0","0","0","0","0","2","0","","02","9","2023","6","40.583925","-79.881773","","11","0","1","0","0","0","0","0","0","","0","0","0","","","4","","1","","40 35:02.131","5","0","79 52:54.381","3","0","0","0","2209","0","0","0","N","0","0","0","4","02209","0","","1.0","2244.0","1","N","N","N","1","","4","0","1","","2","N","","2","4","0","0","0","0","0","2","0","2","","","","N","","","","","","","","","",""
"2023072032","","1","0","0","0","0","0","0","0","0","4","0","","02","8","2023","2","40.462998","-79.824093","","11","0","0","0","0","0","0","0","0","","0","0","0","","","0","N","0","","40 27:46.791","","7","79 49:26.733","0","0","0","0","2113","0","0","0","N","0","0","0","3","02113","0","","1.0","","9","N","N","N","0","","0","0","1","","3","","","2","0","0","0","0","0","0","2","0","2","","03","","N","","","","","","","","","",""
"2023073251","","1","0","0","0","0","0","0","0","0","4","0","","02","8","2023","2","40.352694","-80.118733","","11","0","0","1","0","0","0","0","0","","0","0","0","","","2","N","0","","40 21:09.699","","0","80 07:07.439","3","0","0","0","2119","0","0","0","N","0","0","0","4","02119","0","","1.0","","9","N","N","N","0","","2","0","1","","0","","","2","2","0","0","0","0","0","2","0","2","","","","N","","","","","","","","","",""