"CRN","ARRIVAL_TM","AUTOMOBILE_COUNT","BELTED_DEATH_COUNT","BELTED_SUSP_SERIOUS_INJ_COUNT","BICYCLE_COUNT","BICYCLE_DEATH_COUNT","BICYCLE_SUSP_SERIOUS_INJ_COUNT","BUS_COUNT","CHLDPAS_DEATH_COUNT","CHLDPAS_SUSP_SERIOUS_INJ_COUNT","COLLISION_TYPE","COMM_VEH_COUNT","CONS_ZONE_SPD_LIM","COUNTY","CRASH_MONTH","CRASH_YEAR","DAY_OF_WEEK","DEC_LATITUDE","DEC_LONGITUDE","DISPATCH_TM","DISTRICT","DRIVER_COUNT_16YR","DRIVER_COUNT_17YR","DRIVER_COUNT_18YR","DRIVER_COUNT_19YR","DRIVER_COUNT_20YR","DRIVER_COUNT_50_64YR","DRIVER_COUNT_65_74YR","DRIVER_COUNT_75PLUS","EST_HRS_CLOSED","FATAL_COUNT","HEAVY_TRUCK_COUNT","HORSE_BUGGY_COUNT","HOUR_OF_DAY","ILLUMINATION","INJURY_COUNT","INTERSECTION_RELATED","INTERSECT_TYPE","LANE_CLOSED","LATITUDE","LN_CLOSE_DIR","LOCATION_TYPE","LONGITUDE","MAX_SEVERITY_LEVEL","MCYCLE_DEATH_COUNT","MCYCLE_SUSP_SERIOUS_INJ_COUNT","MOTORCYCLE_COUNT","MUNICIPALITY","NONMOTR_COUNT","NONMOTR_DEATH_COUNT","NONMOTR_SUSP_SERIOUS_INJ_COUNT","NTFY_HIWY_MAINT","PED_COUNT","PED_DEATH_COUNT","PED_SUSP_SERIOUS_INJ_COUNT","PERSON_COUNT","POLICE_AGCY","POSSIBLE_INJ_COUNT","RDWY_SURF_TYPE_CD","RELATION_TO_ROAD","ROADWAY_CLEARED","ROAD_CONDITION","SCH_BUS_IND","SCH_ZONE_IND","SECONDARY_CRASH","SMALL_TRUCK_COUNT","SPEC_JURIS_CD","SUSP_MINOR_INJ_COUNT","SUSP_SERIOUS_INJ_COUNT","SUV_COUNT","TCD_FUNC_CD","TCD_TYPE","TFC_DETOUR_IND","TIME_OF_DAY","TOTAL_UNITS","TOT_INJ_COUNT","UNBELTED_OCC_COUNT","UNB_DEATH_COUNT","UNB_SUSP_SERIOUS_INJ_COUNT","UNK_INJ_DEG_COUNT","UNK_INJ_PER_COUNT","URBAN_RURAL","VAN_COUNT","VEHICLE_COUNT","WEATHER1","WEATHER2","WORKERS_PRES","WORK_ZONE_IND","WORK_ZONE_LOC","WORK_ZONE_TYPE","WZ_CLOSE_DETOUR","WZ_FLAGGER","WZ_LAW_OFFCR_IND","WZ_LN_CLOSURE","WZ_MOVING","WZ_OTHER","WZ_SHLDER_MDN","WZ_WORKERS_INJ_KILLED"
"2023072388","","1","0","0","0","0","0","0","0","0","4","0","","02","8","2023","2","40.537859","-79.834762","","11","0","0","0","0","0","0","0","1","","0","0","0","","","0","","2","","40 32:16.294","","0","79 50:05.144","0","0","0","0","2208","0","0","0","N","0","0","0","4","02208","0","","1.0","","1","N","N","N","0","","0","0","1","","2","N","","2","0","0","0","0","0","0","2","0","2","","","","N","","","","","","","","","",""
"2023070241","","1","0","0","0","0","0","0","0","0","1","0","","02","8","2023","4","40.463514","-79.98085","","11","0","0","0","0","0","1","0","0","","0","0","0","","","2","N","0","","40 27:48.650","2","0","79 58:51.061","3","0","0","0","2301","0","0","0","N","0","0","0","2","02301","0","","1.0","1700.0","1","N","N","N","0","","2","0","1","","0","N","","2","2","0","0","0","0","0","2","0","2","","03","","N","","","","","","","","","",""
"2023088365","","1","0","0","0","0","0","0","0","0","4","0","","02","10","2023","4","40.581595","-79.921713","","11","0","0","0","0","0","0","0","1","","0","0","0","","","0","","1","","40 34:53.742","4","0","79 55:18.168","0","0","0","0","2207","0","0","0","N","0","0","0","2","02207","0","","1.0","1218.0","1","N","N","N","0","","0","0","1","","3","N","","2","0","0","0","0","0","0","1","0","2","","03","","N","","","","","","","","","",""
"2023071689","","1","0","0","0","0","0","0","0","0","4","0","","02","8","2023","7","40.346474","-80.088955","","11","0","0","0","0","0","0","0","0","","0","0","0","","","0","","2","","40 20:47.305","5","0","80 05:20.238","0","0","0","0","2123","0","0","0","N","0","0","0","4","02123","0","","1.0","1853.0","9","N","N","N","0","","0","0","1","","3","N","","2","0","0","0","0","0","0","2","0","2","","","","N","","","","","","","","","",""
"2023075879","","0","0","0","1","0","0","0","0","0","1","0","","02","8","2023","1","40.478556","-79.951139","","11","0","0","0","0","0","0","0","0","","0","0","0","","","1","N","0","","40 28:42.800","","0","79 57:04.100","8","0","0","0","2301","0","0","0","N","0","0","0","1","02301","0","","6.0","","1","N","N","N","0","","0","0","1","","0","","","2","1","0","0","0","1","0","2","0","2","","03","","N","","","","","","","","","",""
"2023085851","","0","0","0","0","0","0","0","0","0","4","0","","02","9","2023","1","40.618766","-79.908034","","11","0","0","0","0","0","0","1","0","","0","0","0","","","0","","2","","40 37:07.556","3","0","79 54:28.923","0","0","0","0","2220","0","0","0","N","0","0","0","2","02220","0","","1.0","1946.0","9","N","N","N","0","","0","0","2","","0","N","","2","0","0","0","0","0","0","1","0","2","","","","N","","","","","","","","","",""
"2023076638","","0","0","0","0","0","0","0","0","0","7","0","","02","8","2023","2","40.623684","-80.038716","","11","0","0","0","1","0","0","0","0","","0","0","0","","","0","","3","","40 37:25.263","7","0","80 02:19.377","0","0","0","0","2216","0","0","0","N","0","0","0","2","02505","0","","2.0","1933.0","1","N","N","N","0","","0","0","1","","0","N","","1","0","0","0","0","0","0","1","0","1","","03","","N","","","","","","","","","",""
"2023070002","","1","0","0","0","0","0","0","0","0","7","0","","02","7","2023","3","40.401272","-79.804406","","11","0","0","0","0","0","0","0","0","","0","0","0","","","0","N","0","","40 24:04.578","2","0","79 48:15.861","0","0","0","0","2446","0","0","0","N","0","0","0","1","02446","0","","2.0","2000.0","1","N","N","N","0","","0","0","0","","0","Y","","1","0","0","0","0","0","0","2","0","1","","03","","N","","","","","","","","","",""
"2023075258","","2","0","0","0","0","0","0","0","0","1","0","","02","8","2023","6","40.482365","-79.869451","","11","0","0","0","0","1","1","0","0","","0","0","0","","","0","N","0","","40 28:56.515","3","0","79 52:10.023","0","0","0","0","2113","0","0","0","N","0","0","0","6","02113","0","","1.0","1412.0","1","N","N","N","2","","0","0","0","","0","N","","4","0","0","0","0","0","0","2","0","4","","03","","N","","","","","","","","","",""
"2023084301","","2","0","0","0","0","0","0","0","0","2","1","","02","9","2023","6","40.421272","-79.980021","","11","0","0","0","0","0","0","0","0","","0","0","0","","","0","N","0","","40 25:16.579","7","0","79 58:48.076","0","0","0","0","2301","0","0","0","N","0","0","0","1","02301","0","","6.0","1408.0","1","N","N","N","0","","0","0","0","","0","N","","3","0","0","0","0","0","0","2","1","3","","03","","N","","","","","","","","","",""
"2023092426","","0","0","0","0","0","0","0","0","0","1","1","","02","10","2023","5","40.329043","-80.027757","","11","0","0","0","0","0","0","0","0","","0","1","0","","","0","","2","","40 19:44.553","","0","80 01:39.924","0","0","0","0","2407","0","0","0","N","0","0","0","2","02407","0","","1.0","","1","N","N","N","0","","0","0","1","","0","","","2","0","0","0","0","0","0","2","0","2","","","","N","","","","","","","","","",""
"2023070155","","3","0","1","0","0","0","0","0","0","5","0","","02","8","2023","4","40.456303","-79.896715","","11","0","0","0","0","0","0","0","0","","0","0","0","","","1","N","0","","40 27:22.692","","0","79 53:48.174","2","0","0","0","2301","0","0","0","N","0","0","0","1","02301","0","","6.0","","1","N","N","N","0","","0","1","0","","2","","","3","1","0","0","0","0","0","2","0","3","","03","","N","","","","","","","","","",""
"2023080162","","0","0","0","0","0","0","0","0","0","4","0","","02","9","2023","2","40.511874","-80.102913","","11","0","0","0","0","0","0","0","0","","0","0","0","","","0","","2","","40 30:42.747","","0","80 06:10.488","0","0","0","0","2429","0","0","0","N","0","0","0","3","02215","0","","1.0","","1","N","N","N","1","","0","0","1","","0","","","2","0","0","0","0","0","0","2","0","2","","","","N","","","","","","","","","",""
"2023091330","","0","0","0","0","0","0","0","0","0","4","1","","02","8","2023","5","40.434959","-79.752342","","11","0","0","0","0","0","2","0","0","","0","1","0","","","1","N","0","","40 26:05.851","3","2","79 45:08.432","3","0","0","0","2446","0","0","0","N","0","0","0","3","68T09","0","","1.0","1430.0","1","N","N","N","0","","1","0","1","","0","N","","2","1","0","0","0","0","0","2","0","2","","03","","N","","","","","","","","","",""
"2023071882","","1","0","0","0","0","0","0","0","0","4","0","","02","8","2023","4","40.542487","-79.804243","","11","0","0","0","0","0","0","0","0","","0","0","0","","","0","","1","","40 32:32.953","5","0","79 48:15.274","0","0","0","0","2418","0","0","0","N","0","0","0","2","02514","0","","1.0","950.0","1","N","N","N","0","","0","0","1","","3","N","","2","0","0","0","0","0","0","2","0","2","","03","","N","","","","","","","","","",""
"2023070108","","2","0","0","0","0","0","0","0","0","4","0","","02","8","2023","1","40.440834","-80.006757","","11","0","0","0","0","0","0","0","0","","0","0","0","","","0","","1","","40 26:27.002","","2","80 00:24.325","0","0","0","0","2301","0","0","0","N","0","0","0","2","02301","0","","1.0","","1","N","N","N","0","","0","0","0","","0","N","","2","0","0","0","0","0","0","2","0","2","","","","N","","","","","","","","","",""
"2023076533","","1","0","0","0","0","0","0","0","0","1","0","","02","8","2023","3","40.464876","-79.853242","","11","0","0","0","0","0","2","1","0","","0","0","0","","","3","","3","","40 27:53.552","","0","79 51:11.672","8","0","0","0","2113","0","0","0","N","0","0","0","4","02113","0","","1.0","","1","N","N","Y","2","","0","0","0","","0","","","3","3","0","0","0","3","0","2","0","3","","98","","N","","","","","","","","","",""
"2023090450","","2","0","0","0","0","0","0","0","0","4","0","","02","10","2023","4","40.44925","-79.901436","","11","0","0","0","0","0","1","0","0","","0","0","0","","","0","","1","","40 26:57.300","3","0","79 54:05.169","0","0","0","0","2301","0","0","0","N","0","0","0","2","02301","0","","1.0","30.0","1","N","N","N","0","","0","0","0","","2","N","","2","0","0","0","0","0","0","2","0","2","","03","","N","","","","","","","","","",""
"2023072928","","0","0","0","0","0","0","0","0","0","7","0","","02","8","2023","1","40.435138","-79.995046","","11","0","0","0","0","0","0","0","0","","0","0","0","","","0","","2","","40 26:06.495","4","7","79 59:42.166","0","0","0","0","2301","0","0","0","N","0","0","0","1","02301","0","","4.0","659.0","1","N","N","N","0","","0","0","1","","0","N","","1","0","0","0","0","0","0","2","0","1","","","","N","","","","","","","","","",""
"2023069754","","1","0","0","0","0","0","0","0","0","4","0","","02","8","2023","3","40.368349","-79.816696","","11","0","0","0","0","0","0","0","1","","0","0","0","","","2","","3","","40 22:06.055","5","0","79 49:00.107","8","0","0","0","2111","0","0","0","Y","0","0","0","2","02111","0","","1.0","929.0","1","N","N","N","0","","0","0","1","","3","Y","","2","2","0","0","0","2","0","2","0","2","","03","","N","","","","","","","","","",""
"2023075689","","3","0","0","0","0","0","0","0","0","1","0","","02","8","2023","1","40.427189","-79.920139","","11","0","0","0","0","0","0","0","0","","0","0","0","","","1","N","0","","40 25:37.881","","4","79 55:12.500","3","0","0","0","2301","0","0","0","N","0","0","0","6","68B03","0","","1.0","","1","N","N","N","0","","1","0","0","","0","","","3","1","0","0","0","0","1","2","0","3","","03","","N","","","","","","","","","",""
"2023069135","","0","0","0","0","0","0","0","0","0","7","0","25","02","8","2023","1","40.436575","-79.973449","","11","0","0","0","0","0","0","0","0","","0","0","0","","","0","","7","","40 26:11.669","3","8","79 58:24.418","0","0","0","0","2301","0","0","0","Y","0","0","0","1","02301","0","","7.0","20.0","1","N","N","N","0","","0","0","1","","0","N","","2","0","0","0","0","0","0","2","0","1","","03","Y","Y","3","1","","","Y","","","","Y","N"
"2023070754","","2","0","0","0","0","0","0","0","0","4","0","","02","8","2023","5","40.465423","-79.956692","","11","0","0","0","0","0","0","0","0","","0","0","0","","","1","","1","","40 27:55.521","","0","79 57:24.090","8","0","0","0","2301","0","0","0","N","0","0","0","2","02301","0","","1.0","","1","N","N","N","0","","0","0","0","","3","","","2","1","0","0","0","1","0","2","0","2","","03","","N","","","","","","","","","",""
"2023073945","","1","0","0","0","0","0","0","0","0","4","0","","02","8","2023","1","40.439755","-79.896499","","11","0","0","0","0","0","1","0","0","","0","0","0","","","0","","1","","40 26:23.118","","0","79 53:47.395","0","0","0","0","2301","0","0","0","N","0","0","0","2","02301","0","","1.0","","1","N","N","N","1","","0","0","0","","0","N","","2","0","0","0","0","0","0","2","0","2","","03","","N","","","","","","","","","",""
"2023069158","","0","0","0","0","0","0","0","0","0","98","0","","02","8","2023","1","40.446191","-79.827919","","11","0","0","0","0","0","0","0","0","","0","0","0","","","0","N","0","","40 26:46.287","","0","79 49:40.509","0","0","0","0","2113","0","0","0","N","0","0","0","3","02113","0","","1.0","","1","N","N","N","0","","0","0","1","","2","","","1","0","0","0","0","0","0","2","0","1","","","","N","","","","","","","","","",""
"2023069240","","1","0","0","0","0","0","0","0","0","1","0","","02","8","2023","7","40.469975","-80.003374","","11","0","0","0","0","0","0","0","0","","0","0","0","","","0","N","0","","40 28:11.910","2","0","80 00:12.147","0","0","0","0","2301","0","0","0","N","0","0","0","8","68B03","0","","1.0","100.0","1","N","N","N","0","","0","0","1","","0","N","","2","0","2","0","0","0","0","2","0","2","","","","N","","","","","","","","","",""
"2023092932","","1","0","0","0","0","0","0","0","0","7","0","","02","10","2023","4","40.476365","-80.010412","","11","0","0","0","0","0","0","0","0","","0","0","0","","","1","N","3","","40 28:34.914","","0","80 00:37.483","3","0","0","0","2301","0","0","0","N","0","0","0","1","02301","0","","2.0","","1","N","N","Y","0","","1","0","0","","0","","","1","1","0","0","0","0","0","2","0","1","","03","","N","","","","","","","","","",""
"2023070152","","0","0","0","0","0","0","0","0","0","7","0","","02","8","2023","4","40.446718","-79.972959","","11","0","0","0","0","0","0","0","0","","0","0","0","","","0","","11","","40 26:48.185","","0","79 58:22.652","9","0","0","0","2301","0","0","0","N","0","0","0","1","02301","0","","4.0","","1","N","N","N","0","","0","0","1","","0","","","1","0","0","0","0","0","1","2","0","1","","04","","N","","","","","","","","","",""
"2023071510","","0","0","0","0","0","0","0","0","0","5","0","","02","8","2023","1","40.433249","-80.028415","","11","0","0","0","0","0","0","0","0","","0","0","0","","","2","N","0","","40 25:59.698","1","0","80 01:42.293","3","0","0","2","2301","0","0","0","N","0","0","0","3","02301","0","","1.0","2000.0","1","N","N","N","0","","2","0","0","","0","Y","","2","2","0","0","0","0","0","2","0","2","","03","","N","","","","","","","","","",""
"2023075750","","0","0","0","0","0","0","0","0","0","7","0","","02","8","2023","1","40.443669","-80.027838","","11","0","0","0","0","0","0","0","0","","0","0","0","","","0","N","0","","40 26:37.208","3","0","80 01:40.218","0","0","0","0","2301","0","0","0","N","0","0","0","3","02301","0","","3.0","2338.0","1","N","N","N","0","","0","0","1","","2","Y","","1","0","0","0","0","0","0","2","0","1","","","","N","","","","","","","","","",""
"2023070005","","0","0","0","0","0","0","0","0","0","7","0","","02","8","2023","7","40.344438","-79.88402","","11","0","0","0","0","0","0","0","0","","0","0","0","","","0","","3","","40 20:39.975","4","3","79 53:02.472","0","0","0","0","2433","0","0","0","N","0","0","0","1","02433","0","","2.0","525.0","1","N","N","N","0","","0","0","1","","0","N","","1","0","0","0","0","0","0","2","0","1","","","","N","","","","","","","","","",""
"2023071390","","0","0","0","0","0","0","0","0","0","4","0","","02","8","2023","7","40.447683","-80.164392","","11","0","0","0","0","0","1","0","0","","0","0","0","","","0","","2","","40 26:51.658","","2","80 09:51.811","0","0","0","0","2115","0","0","0","N","0","0","0","4","02115","0","","1.0","","1","N","N","N","1","","0","0","1","","2","","","2","0","0","0","0","0","0","2","0","2","","","","N","","","","","","","","","",""
"2023086462","","0","0","0","0","0","0","0","0","0","0","0","","02","9","2023","5","40.397695","-79.769277","","11","0","0","0","0","0","0","1","0","","0","0","0","","","0","N","0","","40 23:51.701","","0","79 46:09.398","0","0","0","0","2446","0","0","0","N","0","0","0","1","02446","0","","1.0","","1","N","N","N","1","","0","0","0","","0","","","1","0","0","0","0","0","0","2","0","1","","","","N","","","","","","","","","",""
"2023082670","","1","0","0","0","0","0","0","0","0","1","0","","02","9","2023","6","40.408856","-80.081097","","11","0","0","0","0","0","0","0","0","","0","0","0","","","0","","1","","40 24:31.883","","0","80 04:51.949","9","0","0","0","2415","0","0","0","N","0","0","0","3","02415","0","","1.0","","1","N","N","N","0","","0","0","1","","2","","","2","0","0","0","0","0","1","2","0","2","","03","","N","","","","","","","","","",""
"2023070019","","2","0","0","0","0","0","0","0","0","1","0","","02","8","2023","3","40.469962","-79.956276","","11","0","0","0","0","0","0","0","0","","0","0","0","","","0","N","0","","40 28:11.862","","0","79 57:22.592","0","0","0","0","2301","0","0","0","N","0","0","0","1","02301","0","","6.0","","1","N","N","N","0","","0","0","2","","0","","","4","0","0","0","0","0","0","2","0","4","","","","N","","","","","","","","","",""
"2023085456","","0","0","0","0","0","0","0","0","0","4","0","","02","9","2023","4","40.523765","-80.071929","","11","0","0","0","0","0","0","1","1","","0","0","0","","","3","","1","","40 31:25.554","7","0","80 04:18.945","3","0","0","0","2215","0","0","0","N","0","0","0","3","02215","0","","1.0","1627.0","1","N","N","N","1","","3","0","1","","2","N","","2","3","0","0","0","0","0","2","0","2","","","","N","","","","","","","","","",""
"2023071666","","1","0","0","0","0","0","0","0","0","7","0","","02","8","2023","4","40.398515","-80.133757","","11","0","0","0","0","0","0","0","0","","0","0","0","","","0","N","0","","40 23:54.653","5","0","80 08:01.526","0","0","0","0","2102","0","0","0","N","0","0","0","1","02102","0","","1.0","2000.0","9","N","N","N","0","","0","0","0","","0","Y","","1","0","0","0","0","0","0","2","0","1","","04","","N","","","","","","","","","",""
"2023073581","","2","0","0","0","0","0","0","0","0","4","0","","02","8","2023","1","40.362063","-80.011224","","11","0","0","0","0","0","1","0","0","","0","0","0","","","0","","1","","40 21:43.427","","0","80 00:40.407","0","0","0","0","2416","0","0","0","N","0","0","0","2","02416","0","","1.0","","1","N","N","N","0","","0","0","0","","3","","","2","0","0","0","0","0","0","2","0","2","","03","","N","","","","","","","","","",""
"2023076828","","2","0","0","0","0","0","0","0","0","1","0","","02","8","2023","6","40.374223","-80.005777","","11","0","0","0","0","0","1","0","1","","0","0","0","","","3","N","0","","40 22:27.201","1","0","80 00:20.797","3","0","0","0","2416","0","0","0","N","0","0","0","5","02416","0","","1.0","20.0","1","N","N","Y","0","","3","0","1","","0","N","","3","3","0","0","0","0","0","2","0","3","","04","","N","","","","","","","","","",""
"2023068956","","0","0","0","0","0","0","0","0","0","7","0","","02","8","2023","7","40.472025","-79.787711","","11","0","0","0","0","1","0","0","0","","0","0","0","","","1","","2","","40 28:19.289","","0","79 47:15.759","3","0","0","0","2113","0","0","0","N","0","0","0","2","02113","0","","4.0","","1","N","N","Y","0","","1","0","1","","0","","","1","1","0","0","0","0","0","2","0","1","","03","","N","","","","","","","","","",""
"2023084687","","1","0","0","0","0","0","0","0","0","1","0","","02","9","2023","5","40.436675","-79.865242","","11","0","0","0","0","0","0","1","0","","0","0","0","","","0","N","0","","40 26:12.031","3","0","79 51:54.870","0","0","0","0","2478","0","0","0","N","0","0","0","3","68B03","0","","1.0","1630.0","1","N","N","N","0","","0","0","2","","0","N","","3","0","0","0","0","0","0","2","0","3","","","","N","","","","","","","","","",""
"2023085969","","1","0","0","0","0","0","0","0","0","1","0","","02","9","2023","6","40.440499","-79.831487","","11","0","0","0","0","0","0","0","0","","0","0","0","","","1","N","0","","40 26:25.797","3","0","79 49:53.352","4","0","0","0","2419","0","0","0","N","0","0","0","3","68B03","1","","1.0","2020.0","1","N","N","N","0","","0","0","1","","0","N","","3","1","0","0","0","0","1","2","1","3","","","","N","","","","","","","","","",""
"2023075683","","0","0","0","0","0","0","0","0","0","7","0","","02","8","2023","1","40.393353","-79.98996","","11","0","0","0","0","0","0","0","0","","0","0","0","","","0","","11","","40 23:36.070","","0","79 59:23.856","0","0","0","0","2301","0","0","0","Y","0","0","0","1","02301","0","","2.0","","1","N","N","N","0","","0","0","1","","0","","","1","0","1","0","0","0","0","2","0","1","","03","","N","","","","","","","","","",""
"2023061559","","2","0","0","0","0","0","0","0","0","4","0","","02","7","2023","4","40.341547","-79.849388","","11","0","0","0","0","0","1","0","0","","0","0","0","","","0","","1","","40 20:29.568","1","0","79 50:57.798","0","0","0","0","2304","0","0","0","N","0","0","0","2","02304","0","","1.0","1125.0","1","N","N","N","0","","0","0","0","","3","Y","","2","0","0","0","0","0","0","2","0","2","","03","","N","","","","","","","","","",""
"2023090052","","0","0","0","0","0","0","0","0","0","4","0","","02","10","2023","2","40.441415","-79.923384","","11","0","0","0","0","0","0","0","0","","0","0","0","","","1","","1","","40 26:29.094","","0","79 55:24.182","4","0","0","0","2301","0","0","0","N","0","0","0","2","02301","1","","1.0","","1","N","N","N","1","","0","0","1","","2","","","2","1","0","0","0","0","0","2","0","2","","","","N","","","","","","","","","",""
"2023091235","","1","0","0","0","0","0","0","0","0","4","0","","02","10","2023","6","40.486457","-79.810986","","11","0","0","0","0","0","0","1","1","","0","0","0","","","0","N","0","","40 29:11.244","","0","79 48:39.549","0","0","0","0","2113","0","0","0","N","0","0","0","3","02113","0","","2.0","","1","N","N","N","1","","0","0","0","","0","","","2","0","0","0","0","0","0","2","0","2","","","","N","","","","","","","","","",""
"2023084358","","1","0","0","0","0","0","0","0","0","1","0","","02","9","2023","7","40.461587","-79.96708","","11","0","0","0","0","0","0","0","1","","0","0","0","","","0","N","1","","40 27:41.713","3","0","79 58:01.488","0","0","0","0","2301","0","0","0","N","0","0","0","3","02301","0","","1.0","1755.0","9","N","N","Y","0","","0","0","1","","2","N","","3","0","0","0","0","0","0","2","0","2","","04","","N","","","","","","","","","",""
"2023085418","","0","0","0","0","0","0","0","0","0","1","0","","02","9","2023","3","40.245957","-79.873277","","11","0","0","0","0","0","0","0","0","","0","0","0","","","1","N","0","","40 14:45.445","1","0","79 52:23.797","4","0","0","0","2204","0","0","0","N","0","0","0","2","02105","1","","1.0","920.0","1","N","N","N","1","","0","0","1","","7","N","","2","1","0","0","0","0","0","1","0","2","","03","","Y","","","","","","","","","",""
"2023072749","","1","0","0","0","0","0","0","0","0","4","0","","02","8","2023","7","40.50632","-80.052585","","11","0","0","0","1","0","0","0","0","","0","0","0","","","0","","1","","40 30:22.751","","0","80 03:09.306","0","0","0","0","2116","0","0","0","N","0","0","0","4","02116","0","","1.0","","1","N","N","N","0","","0","0","1","","3","N","","2","0","0","0","0","0","0","2","0","2","","03","","N","","","","","","","","","",""
"2023071546","","0","0","0","0","0","0","0","0","0","7","0","","02","8","2023","1","40.451403","-79.964665","","11","0","0","0","0","0","0","0","0","","0","0","0","","","1","N","0","","40 27:05.050","2","0","79 57:52.795","8","0","0","0","2301","0","0","0","N","0","0","0","1","02301","0","","4.0","2347.0","1","N","N","N","0","","0","0","1","","0","N","","1","1","0","0","0","1","0","2","0","1","","","","N","","","","","","","","","",""
"2023091524","","0","0","0","0","0","0","0","0","0","7","0","","02","10","2023","3","40.368392","-79.816672","","11","0","0","0","0","0","1","0","0","","0","0","0","","","1","","3","","40 22:06.212","2","0","79 49:00.018","4","0","0","0","2111","0","0","0","Y","0","0","0","1","02111","1","","2.0","837.0","1","N","N","N","0","","0","0","1","","0","N","","1","1","0","0","0","0","0","2","0","1","","03","","N","","","","","","","","","",""
"2023084674","","0","0","0","0","0","0","0","0","0","7","0","","02","9","2023","2","40.445379","-79.848802","","11","0","0","0","0","0","0","1","0","","0","0","0","","","0","N","0","","40 26:43.363","","0","79 50:55.686","0","0","0","0","2419","0","0","0","Y","0","0","0","1","68B03","0","","4.0","","1","N","N","N","0","","0","0","1","","0","","","1","0","0","0","0","0","0","2","0","1","","","","N","","","","","","","","","",""
"2023070179","","0","0","0","0","0","0","0","0","0","5","0","","02","8","2023","3","40.438748","-80.032935","","11","0","0","0","0","0","0","0","0","","0","0","0","","","1","N","0","","40 26:19.494","2","0","80 01:58.565","4","0","0","0","2301","0","0","0","N","0","0","0","2","02301","1","","1.0","2341.0","1","N","N","N","0","","0","0","2","","0","N","","2","1","1","0","0","0","0","2","0","2","","03","","N","","","","","","","","","",""
"2023091495","","1","0","0","0","0","0","0","0","0","7","0","","02","10","2023","6","40.455112","-79.885976","","11","0","0","0","0","0","0","0","0","","0","0","0","","","1","N","1","","40 27:18.403","3","0","79 53:09.513","3","0","0","0","2301","0","0","0","N","0","0","0","1","02301","0","","5.0","2000.0","1","N","N","N","0","","1","0","0","","0","Y","","1","1","0","0","0","0","0","2","0","1","","03","","N","","","","","","","","","",""
"2023069253","","0","0","0","0","0","0","0","0","0","7","0","","02","8","2023","1","40.412684","-80.028392","","11","0","0","0","0","0","0","0","0","","0","0","0","","","0","N","0","","40 24:45.664","3","0","80 01:42.211","0","0","0","0","2301","0","0","0","N","0","0","0","1","02301","0","","4.0","1930.0","1","N","N","N","1","","0","0","0","","0","Y","","1","0","0","0","0","0","0","2","0","1","","03","","N","","","","","","","","","",""
"2023071414","","1","0","0","0","0","0","0","0","0","4","0","","02","8","2023","6","40.44599","-79.849155","","11","0","0","0","0","0","1","0","0","","0","0","0","","","2","N","0","","40 26:45.563","","0","79 50:56.958","3","0","0","0","2419","0","0","0","N","0","0","0","3","02419","0","","1.0","","1","N","N","N","0","","2","0","1","","0","","","2","2","0","0","0","0","0","2","0","2","","03","","N","","","","","","","","","",""
"2023084570","","0","0","0","0","0","0","0","0","0","7","0","","02","9","2023","1","40.664094","-80.100825","","11","0","0","0","0","0","1","0","0","","0","0","0","","","0","N","0","","40 39:50.740","","0","80 06:02.969","0","0","0","0","2212","0","0","0","N","0","0","0","1","02505","0","","2.0","","9","N","Y","N","1","","0","0","0","","0","","","1","0","0","0","0","0","0","2","0","1","","","","N","","","","","","","","","",""
"2023070874","","0","0","0","0","0","0","0","0","0","4","0","","02","8","2023","6","40.40777","-79.891705","","11","0","0","0","0","0","0","0","0","","0","0","0","","","1","","3","","40 24:27.973","","0","79 53:30.137","4","0","0","0","2448","0","0","0","N","0","0","0","2","02448","1","","1.0","","1","N","N","N","0","","0","0","1","","0","","","2","1","1","0","0","0","0","2","1","2","","03","","N","","","","","","","","","",""
"2023062244","","2","0","0","0","0","0","0","0","0","1","0","","02","7","2023","5","40.410765","-80.081526","","11","0","0","0","0","0","0","1","0","","0","0","0","","","2","","2","","40 24:38.755","4","0","80 04:53.493","3","0","0","0","2415","0","0","0","N","0","0","0","4","02415","0","","1.0","939.0","1","N","N","N","0","","2","0","0","","0","N","","2","2","0","0","0","0","0","2","0","2","","03","","N","","","","","","","","","",""
"2023062218","","1","0","0","0","0","0","0","0","0","7","0","","02","7","2023","6","40.466481","-80.034684","","11","0","0","0","0","0","0","0","0","","0","0","0","","","0","N","0","","40 27:59.331","2","0","80 02:04.864","9","0","0","0","2301","0","0","0","N","0","0","0","1","02301","0","","3.0","100.0","1","N","N","N","0","","0","0","0","","0","N","","1","0","0","0","0","0","1","2","0","1","","","","N","","","","","","","","","",""
"2023070416","","0","0","0","0","0","0","0","0","0","1","0","","02","8","2023","2","40.421274","-80.046444","","11","0","0","0","0","0","0","1","0","","0","0","0","","","0","","6","","40 25:16.587","2","2","80 02:47.199","0","0","0","0","2435","0","0","0","N","0","0","0","2","02435","0","","1.0","1256.0","1","N","N","N","0","","0","0","2","","3","N","","2","0","0","0","0","0","0","2","0","2","","","","N","","","","","","","","","",""
"2023075888","","1","0","0","0","0","0","0","0","0","7","0","","02","8","2023","1","40.491584","-79.968471","","11","0","0","0","0","0","0","0","0","","0","0","0","","","0","N","0","","40 29:29.704","6","0","79 58:06.497","0","0","0","0","2118","0","0","0","N","0","0","0","1","02118","0","","4.0","1850.0","1","N","N","N","0","","0","0","0","","0","Y","","1","0","0","0","0","0","0","2","0","1","","","","N","","","","","","","","","",""