"CRN","ARRIVAL_TM","AUTOMOBILE_COUNT","BELTED_DEATH_COUNT","BELTED_SUSP_SERIOUS_INJ_COUNT","BICYCLE_COUNT","BICYCLE_DEATH_COUNT","BICYCLE_SUSP_SERIOUS_INJ_COUNT","BUS_COUNT","CHLDPAS_DEATH_COUNT","CHLDPAS_SUSP_SERIOUS_INJ_COUNT","COLLISION_TYPE","COMM_VEH_COUNT","CONS_ZONE_SPD_LIM","COUNTY","CRASH_MONTH","CRASH_YEAR","DAY_OF_WEEK","DEC_LATITUDE","DEC_LONGITUDE","DISPATCH_TM","DISTRICT","DRIVER_COUNT_16YR","DRIVER_COUNT_17YR","DRIVER_COUNT_18YR","DRIVER_COUNT_19YR","DRIVER_COUNT_20YR","DRIVER_COUNT_50_64YR","DRIVER_COUNT_65_74YR","DRIVER_COUNT_75PLUS","EST_HRS_CLOSED","FATAL_COUNT","HEAVY_TRUCK_COUNT","HORSE_BUGGY_COUNT","HOUR_OF_DAY","ILLUMINATION","INJURY_COUNT","INTERSECTION_RELATED","INTERSECT_TYPE","LANE_CLOSED","LATITUDE","LN_CLOSE_DIR","LOCATION_TYPE","LONGITUDE","MAX_SEVERITY_LEVEL","MCYCLE_DEATH_COUNT","MCYCLE_SUSP_SERIOUS_INJ_COUNT","MOTORCYCLE_COUNT","MUNICIPALITY","NONMOTR_COUNT","NONMOTR_DEATH_COUNT","NONMOTR_SUSP_SERIOUS_INJ_COUNT","NTFY_HIWY_MAINT","PED_COUNT","PED_DEATH_COUNT","PED_SUSP_SERIOUS_INJ_COUNT","PERSON_COUNT","POLICE_AGCY","POSSIBLE_INJ_COUNT","RDWY_SURF_TYPE_CD","RELATION_TO_ROAD","ROADWAY_CLEARED","ROAD_CONDITION","SCH_BUS_IND","SCH_ZONE_IND","SECONDARY_CRASH","SMALL_TRUCK_COUNT","SPEC_JURIS_CD","SUSP_MINOR_INJ_COUNT","SUSP_SERIOUS_INJ_COUNT","SUV_COUNT","TCD_FUNC_CD","TCD_TYPE","TFC_DETOUR_IND","TIME_OF_DAY","TOTAL_UNITS","TOT_INJ_COUNT","UNBELTED_OCC_COUNT","UNB_DEATH_COUNT","UNB_SUSP_SERIOUS_INJ_COUNT","UNK_INJ_DEG_COUNT","UNK_INJ_PER_COUNT","URBAN_RURAL","VAN_COUNT","VEHICLE_COUNT","WEATHER1","WEATHER2","WORKERS_PRES","WORK_ZONE_IND","WORK_ZONE_LOC","WORK_ZONE_TYPE","WZ_CLOSE_DETOUR","WZ_FLAGGER","WZ_LAW_OFFCR_IND","WZ_LN_CLOSURE","WZ_MOVING","WZ_OTHER","WZ_SHLDER_MDN","WZ_WORKERS_INJ_KILLED"
"2023071238","","1","0","0","0","0","0","0","0","0","5","0","","02","8","2023","2","40.414861","-79.92175","","11","0","0","0","0","0","0","0","0","","0","0","0","","","0","N","0","","40 24:53.500","","0","79 55:18.300","0","0","0","0","2301","0","0","0","N","0","0","0","1","02301","0","","6.0","","1","N","N","N","0","","0","0","2","","0","","","3","0","0","0","0","0","0","2","0","3","","03","","N","","","","","","","","","",""
"2023091419","","1","0","0","0","0","0","0","0","0","7","0","","02","8","2023","2","40.508392","-80.045447","","11","0","1","0","0","0","0","0","0","","0","0","0","","","0","N","0","","40 30:30.212","1","0","80 02:43.610","0","0","0","0","2116","0","0","0","Y","0","0","0","1","68B03","0","","3.0","844.0","1","N","N","N","0","","0","0","0","","0","N","","2","0","0","0","0","0","0","2","0","1","","03","","N","","","","","","","","","",""
"2023084493","","0","0","0","0","0","0","0","0","0","7","0","","02","7","2023","6","40.506444","-80.137223","","11","0","0","0","0","0","0","0","0","","0","0","0","","","0","N","0","","40 30:23.198","1","0","80 08:14.003","0","0","0","0","2115","0","0","0","Y","0","0","0","1","68B03","0","","5.0","1350.0","1","N","N","N","1","","0","0","0","","0","N","","1","0","0","0","0","0","0","2","0","1","","03","","N","","","","","","","","","",""
"2023085419","","0","0","0","0","0","0","0","0","0","1","1","","02","9","2023","3","40.439556","-79.999","","11","0","0","0","0","0","1","0","0","","0","1","0","","","1","N","0","","40 26:22.400","","0","79 59:56.400","3","0","0","0","2301","0","0","0","N","0","0","0","2","02301","0","","6.0","","1","N","N","N","0","","1","0","1","","0","","","2","1","0","0","0","0","0","2","0","2","","03","","N","","","","","","","","","",""
"2023068948","","0","0","0","0","0","0","0","0","0","1","0","","02","8","2023","7","40.427116","-79.967047","","11","0","0","0","0","0","2","0","0","","0","0","0","","","1","","1","","40 25:37.616","","0","79 58:01.368","3","0","0","0","2301","0","0","0","N","0","0","0","2","02301","0","","1.0","","1","N","N","N","0","","1","0","1","","0","","","2","1","0","0","0","0","0","2","1","2","","03","","N","","","","","","","","","",""
"2023071538","","0","0","0","0","0","0","0","0","0","7","0","","02","8","2023","2","40.348728","-79.940749","","11","0","0","0","0","0","0","0","0","","0","0","0","","","0","N","0","","40 20:55.421","4","0","79 56:26.697","0","0","0","0","2473","0","0","0","Y","0","0","0","1","02473","0","","3.0","305.0","1","N","N","N","0","","0","0","1","","0","N","","1","0","0","0","0","0","0","2","0","1","","03","","N","","","","","","","","","",""
"2023085139","","1","0","0","0","0","0","0","0","0","1","0","","02","9","2023","2","40.477585","-79.842812","","11","0","0","0","0","0","0","0","0","","0","0","0","","","0","N","2","","40 28:39.307","","0","79 50:34.123","0","0","0","0","2113","0","0","0","N","0","0","0","2","02113","0","","1.0","","1","N","N","N","0","","0","0","1","","3","","","2","0","0","0","0","0","0","2","0","2","","03","","N","","","","","","","","","",""
"2023070120","","1","0","0","0","0","0","0","0","0","4","0","","02","8","2023","1","40.362107","-79.858764","","11","0","0","0","0","0","1","0","1","","0","0","0","","","0","","1","","40 21:43.585","","0","79 51:31.552","0","0","0","0","2473","0","0","0","N","0","0","0","3","02473","0","","1.0","","1","N","N","N","0","","0","0","1","","3","","","2","0","0","0","0","0","0","2","0","2","","03","","N","","","","","","","","","",""
"2023071298","","1","0","0","0","0","0","0","0","0","5","0","","02","8","2023","7","40.442868","-80.029505","","11","0","0","0","0","0","0","0","0","","0","0","0","","","1","N","0","","40 26:34.326","4","3","80 01:46.218","8","0","0","0","2301","0","0","0","N","0","0","0","3","02301","0","","1.0","2344.0","9","N","N","N","0","","0","0","1","","0","N","","2","1","0","0","0","1","0","2","0","2","","","","N","","","","","","","","","",""
"2023091877","","0","1","0","0","0","0","0","0","0","7","0","","02","9","2023","7","40.615676","-79.754","","11","0","0","0","0","0","0","0","0","","1","0","0","","","0","","7","","40 36:56.432","2","2","79 45:14.400","1","0","0","0","2202","0","0","0","N","0","0","0","1","68D02","0","2","4.0","700.0","1","N","N","N","1","0","0","0","0","","0","Y","","1","0","0","0","0","0","0","2","0","1","","03","","N","","","","","","","","","",""
"2023071044","","1","0","0","0","0","0","0","0","0","7","0","","02","8","2023","6","40.352092","-79.850931","","11","0","0","0","0","0","0","0","0","","0","0","0","","","0","","1","","40 21:07.532","2","0","79 51:03.352","0","0","0","0","2304","0","0","0","N","0","0","0","1","02304","0","","4.0","2000.0","1","N","N","N","0","","0","0","0","","0","N","","1","0","0","0","0","0","0","2","0","1","","03","","N","","","","","","","","","",""
"2023071665","","0","0","0","0","0","0","0","0","0","6","0","","02","8","2023","7","40.506608","-79.746843","","11","0","0","0","0","0","0","0","0","","0","0","0","","","0","N","0","","40 30:23.788","1","0","79 44:48.635","0","0","0","0","2466","0","0","0","N","0","0","0","2","02466","0","","1.0","1947.0","9","N","N","N","1","","0","0","1","","0","N","","2","0","0","0","0","0","0","2","0","2","","","","N","","","","","","","","","",""
"2023086534","","2","0","0","0","0","0","0","0","0","2","0","","02","8","2023","7","40.455395","-79.884738","","11","0","0","0","0","0","0","0","0","","0","0","0","","","1","","2","","40 27:19.422","","0","79 53:05.056","8","0","0","0","2301","0","0","0","N","0","0","0","3","02301","0","","1.0","","1","N","N","N","0","","0","0","1","","0","","","3","1","0","0","0","1","0","2","0","3","","03","","N","","","","","","","","","",""
"2023069084","","1","0","0","0","0","0","0","0","0","1","0","","02","8","2023","1","40.418583","-79.970556","","11","0","0","0","0","0","0","0","0","","0","0","0","","","0","N","0","","40 25:06.900","","0","79 58:14.000","0","0","0","0","2301","0","0","0","N","0","0","0","1","02301","0","","6.0","","1","N","N","N","0","","0","0","1","","0","","","2","0","1","0","0","0","0","2","0","2","","03","","N","","","","","","","","","",""
"2023083759","","1","0","0","0","0","0","1","0","0","4","1","","02","9","2023","5","40.442836","-79.996817","","11","0","0","0","0","0","0","0","0","","0","0","0","","","1","","1","","40 26:34.209","","0","79 59:48.541","3","0","0","0","2301","0","0","0","N","0","0","0","3","02503","0","","1.0","","1","N","N","N","0","","1","0","0","","2","","","2","1","0","0","0","0","0","2","0","2","","","","N","","","","","","","","","",""
"2023084677","","0","0","0","0","0","0","0","0","0","1","0","","02","9","2023","2","40.443071","-79.764299","","11","0","0","0","0","0","1","0","0","","0","0","0","","","1","N","0","","40 26:35.057","","0","79 45:51.478","4","0","0","0","2446","0","0","0","N","0","0","0","2","68B03","1","","1.0","","1","N","N","N","0","","0","0","2","","0","","","2","1","0","0","0","0","0","2","0","2","","","","N","","","","","","","","","",""
"2023081572","","0","0","0","0","0","0","0","0","0","8","0","","02","9","2023","6","40.349104","-79.818316","","11","0","0","0","0","0","0","1","0","","0","0","0","","","1","N","0","","40 20:56.775","4","0","79 49:05.937","3","0","0","0","2477","1","0","0","N","1","0","0","2","02477","0","","1.0","1710.0","1","N","N","N","0","","1","0","1","","0","N","","2","1","0","0","0","0","0","2","0","1","","","","N","","","","","","","","","",""
"2023072898","","0","0","0","0","0","0","0","0","0","7","0","","02","8","2023","5","40.342864","-79.848242","","11","0","0","0","0","0","0","0","0","","0","0","0","","","0","N","0","","40 20:34.311","3","0","79 50:53.672","0","0","0","0","2304","0","0","0","N","0","0","0","1","02304","0","","5.0","45.0","1","N","N","N","1","","0","0","0","","0","N","","1","0","1","0","0","0","0","2","0","1","","03","","N","","","","","","","","","",""
"2023070774","","1","0","0","0","0","0","0","0","0","1","0","","02","8","2023","5","40.429495","-79.999098","","11","0","0","0","0","0","1","0","0","","0","0","0","","","1","Y","0","","40 25:46.181","2","3","79 59:56.754","3","0","0","0","2301","0","0","0","N","0","0","0","3","02301","0","","1.0","2215.0","1","N","N","N","0","","1","0","1","","0","N","","2","1","0","0","0","0","0","2","0","2","","","","N","","","","","","","","","",""
"2023070140","","0","0","0","0","0","0","0","0","0","1","0","","02","8","2023","6","40.329952","-80.059264","","11","0","0","0","0","0","0","0","0","","0","0","0","","","1","","3","","40 19:47.827","","0","80 03:33.350","8","0","0","0","2407","0","0","0","N","0","0","0","3","02407","0","","1.0","","1","N","N","N","0","","0","0","2","","0","","","2","1","1","0","0","1","0","2","0","2","","","","N","","","","","","","","","",""
"2023069812","","0","0","0","0","0","0","0","0","0","0","0","","02","8","2023","3","40.397846","-80.026363","","11","0","0","0","0","0","0","0","0","","0","0","0","","","1","","3","","40 23:52.245","2","0","80 01:34.905","8","0","0","1","2301","0","0","0","N","0","0","0","1","02301","0","","1.0","1723.0","1","N","N","N","0","","0","0","0","","0","N","","1","1","0","0","0","1","0","2","0","1","","03","","N","","","","","","","","","",""
"2023083226","","1","0","0","0","0","0","0","0","0","5","0","","02","9","2023","7","40.539601","-80.012016","","11","0","0","0","1","0","1","0","0","","0","0","0","","","1","N","0","","40 32:22.565","","0","80 00:43.257","8","0","0","1","2116","0","0","0","N","0","0","0","4","02116","0","","1.0","","1","N","N","N","0","","0","0","0","","0","","","2","1","0","0","0","1","0","2","0","2","","","","N","","","","","","","","","",""
"2023069823","","1","0","0","0","0","0","0","0","0","5","0","","02","8","2023","6","40.430544","-79.884373","","11","0","0","0","0","0","0","0","0","","0","0","0","","","2","N","0","","40 25:49.959","2","0","79 53:03.741","3","0","0","0","2426","0","0","0","N","0","0","0","5","02426","0","","1.0","858.0","1","N","N","N","0","","2","0","0","","0","N","","2","2","0","0","0","0","0","2","1","2","","03","","N","","","","","","","","","",""
"2023079175","","1","0","0","0","0","0","0","0","0","4","0","","02","8","2023","6","40.522801","-80.217163","","11","0","0","0","0","0","1","0","0","","0","0","0","","","1","N","0","","40 31:22.084","","7","80 13:01.787","3","0","0","0","2213","0","0","0","N","0","0","0","4","02213","0","","1.0","","1","N","N","N","0","","1","0","1","","0","","","2","1","0","0","0","0","0","2","0","2","","03","","N","","","","","","","","","",""
"2023084799","","1","0","0","0","0","0","0","0","0","1","0","","02","9","2023","5","40.581791","-80.097531","","11","0","0","0","0","0","1","1","0","","0","0","0","","","3","N","0","","40 34:54.448","1","0","80 05:51.112","4","0","0","0","2481","0","0","0","N","0","0","0","4","68B03","1","","1.0","1909.0","1","N","N","N","0","","0","0","2","","0","N","","3","3","3","0","0","2","0","2","0","3","","04","","N","","","","","","","","","",""
"2023072746","","1","0","0","0","0","0","0","0","0","4","0","","02","8","2023","3","40.355183","-79.835254","","11","0","0","0","0","0","0","0","0","","0","0","0","","","0","","2","","40 21:18.659","","0","79 50:06.916","0","0","0","0","2304","0","0","0","N","0","0","0","2","02304","0","","1.0","","1","N","N","N","0","","0","0","1","","2","","","2","0","0","0","0","0","0","2","0","2","","03","","N","","","","","","","","","",""
"2023083806","","0","0","0","0","0","0","0","0","0","7","0","","02","9","2023","3","40.572128","-80.023673","","11","0","0","0","0","0","1","0","0","","0","0","0","","","0","","1","","40 34:19.660","2","0","80 01:25.221","0","0","0","0","2108","0","0","0","N","0","0","0","1","02108","0","","4.0","700.0","1","","","N","1","","0","0","0","","2","Y","","1","0","0","0","0","0","0","2","0","1","","03","","N","","","","","","","","","",""
"2023076665","","0","0","0","0","0","0","0","0","0","4","0","","02","8","2023","3","40.384682","-80.054551","","11","0","0","0","0","0","0","0","0","","0","0","0","","","1","","2","","40 23:04.855","","0","80 03:16.382","3","0","0","0","2109","0","0","0","N","0","0","0","2","02109","0","","1.0","","1","N","N","N","0","","1","0","2","","3","","","2","1","0","0","0","0","0","2","0","2","","03","","N","","","","","","","","","",""
"2023070918","","1","0","0","0","0","0","0","0","0","1","0","","02","8","2023","6","40.435149","-79.986131","","11","0","0","0","1","0","0","0","0","","0","0","0","","","1","N","0","","40 26:06.536","","0","79 59:10.073","4","0","0","0","2301","0","0","0","N","0","0","0","2","02301","1","","1.0","","1","N","N","N","0","","0","0","1","","0","","","2","1","0","0","0","0","0","2","0","2","","03","","N","","","","","","","","","",""
"2023079900","","0","0","1","0","0","0","0","0","0","7","0","","02","8","2023","1","40.439428","-80.008741","","11","0","0","0","0","0","0","0","0","","0","0","0","","","1","N","0","","40 26:21.940","3","2","80 00:31.466","2","0","0","0","2301","0","0","0","N","0","0","0","1","68B03","0","","2.0","120.0","1","N","N","N","0","","0","1","1","","0","N","","1","1","0","0","0","0","0","2","0","1","","","","N","","","","","","","","","",""
"2023070443","","1","0","0","0","0","0","0","0","0","7","0","","02","8","2023","5","40.461821","-80.075893","","11","0","0","0","0","0","0","0","0","","0","0","0","","","0","","1","","40 27:42.555","","0","80 04:33.213","0","0","0","0","2301","0","0","0","N","0","0","0","1","02301","0","","2.0","","9","N","N","N","0","","0","0","0","","0","N","","2","0","0","0","0","0","0","2","0","1","","","","N","","","","","","","","","",""
"2023071196","","1","0","0","0","0","0","0","0","0","5","0","","02","8","2023","6","40.406473","-79.820131","","11","0","0","0","0","0","0","0","0","","0","0","0","","","0","N","0","","40 24:23.303","3","0","79 49:12.471","0","0","0","0","2467","0","0","0","N","0","0","0","1","02467","0","","4.0","4.0","1","N","N","N","0","","0","0","0","","0","Y","","3","0","0","0","0","0","0","2","1","2","","","","N","","","","","","","","","",""
"2023079349","","1","0","0","0","0","0","1","0","0","0","1","","02","9","2023","5","40.476095","-80.031548","","11","0","0","0","0","0","0","0","0","","0","0","0","","","2","","1","","40 28:33.941","","0","80 01:53.572","4","0","0","0","2301","0","0","0","N","0","0","0","3","02503","2","","1.0","","9","N","N","N","0","","0","0","0","","2","","","2","2","0","0","0","0","0","2","0","2","","98","","N","","","","","","","","","",""
"2023085360","","1","0","0","0","0","0","0","0","0","5","0","","02","9","2023","2","40.403706","-80.040486","","11","0","0","0","0","0","0","0","1","","0","0","0","","","1","N","0","","40 24:13.342","","7","80 02:25.751","3","0","0","0","2301","0","0","0","N","0","0","0","1","02301","0","","6.0","","9","N","N","N","0","","1","0","2","","0","","","3","1","1","0","0","0","0","2","0","3","","04","","N","","","","","","","","","",""
"2023086549","","0","0","0","0","0","0","0","0","0","1","0","","02","9","2023","4","40.369524","-80.011181","","11","0","0","0","0","0","0","0","0","","0","0","0","","","1","N","0","","40 22:10.287","","0","80 00:40.253","3","0","0","0","2416","0","0","0","N","0","0","0","2","02416","0","","1.0","","1","N","N","N","1","","1","0","1","","0","","","2","1","0","0","0","0","0","2","0","2","","03","","N","","","","","","","","","",""
"2023071517","","2","0","0","0","0","0","0","0","0","4","0","","02","8","2023","1","40.46475","-79.826167","","11","0","0","0","0","0","0","1","0","","0","0","0","","","0","N","0","","40 27:53.100","","7","79 49:34.200","0","0","0","0","2113","0","0","0","N","0","0","0","2","02113","0","","1.0","","1","N","N","Y","0","","0","0","1","","0","","","3","0","0","0","0","0","0","2","0","3","","03","","N","","","","","","","","","",""
"2023084932","","0","0","0","0","0","0","0","0","0","0","0","","02","9","2023","7","40.31295","-79.909709","","11","0","0","0","0","0","0","0","0","","0","0","0","","","1","N","0","","40 18:46.620","","0","79 54:34.953","2","0","0","0","2440","0","0","0","N","0","0","0","1","02440","0","","1.0","","1","N","N","N","0","","0","1","0","","0","","","1","1","0","0","0","0","0","2","0","1","","","","N","","","","","","","","","",""
"2023085253","","0","0","0","0","0","0","0","0","0","1","0","","02","9","2023","3","40.339288","-79.913571","","11","0","0","0","0","0","0","0","0","","0","0","0","","","1","","3","","40 20:21.437","7","0","79 54:48.854","3","0","0","0","2473","0","0","0","N","0","0","0","2","02473","0","","1.0","1450.0","1","N","N","N","0","","1","0","0","","3","N","","2","1","0","0","0","0","0","2","2","2","","","","N","","","","","","","","","",""
"2023070233","","1","0","0","0","0","0","0","0","0","4","0","","02","8","2023","4","40.461838","-80.075877","","11","0","0","0","0","0","1","0","0","","0","0","0","","","1","","1","","40 27:42.615","","0","80 04:33.156","3","0","0","0","2301","0","0","0","N","0","0","0","2","02301","0","","1.0","","1","N","N","N","0","","1","0","1","","3","","","2","1","0","0","0","0","0","2","0","2","","03","","N","","","","","","","","","",""
"2023072370","","0","0","0","0","0","0","0","0","0","5","0","","02","8","2023","6","40.403023","-79.891191","","11","0","0","0","0","0","0","0","0","","0","0","0","","","0","N","0","","40 24:10.884","6","0","79 53:28.288","0","0","0","0","2448","0","0","0","N","0","0","0","1","02448","0","","6.0","758.0","1","N","N","N","0","","0","0","2","","0","Y","","2","0","0","0","0","0","0","2","0","2","","03","","N","","","","","","","","","",""
"2023071384","","2","0","0","0","0","0","0","0","0","4","0","","02","8","2023","1","40.260669","-79.850207","","11","0","0","0","0","0","0","0","0","","0","0","0","","","0","","3","","40 15:38.408","2","0","79 51:00.746","0","0","0","0","2105","0","0","0","Y","0","0","0","2","02105","0","","1.0","1245.0","1","N","N","N","0","","0","0","0","","3","N","","2","0","0","0","0","0","0","1","0","2","","","","N","","","","","","","","","",""
"2023071346","","0","0","0","0","0","0","0","0","0","4","0","","02","8","2023","7","40.473169","-80.062153","","11","0","0","0","0","0","0","1","0","","0","0","0","","","1","N","0","","40 28:23.408","7","7","80 03:43.750","3","0","0","1","2444","0","0","0","N","0","0","0","2","02444","0","","1.0","1047.0","1","N","N","N","1","","1","0","0","","0","Y","","2","1","0","0","0","0","0","2","0","2","","","","N","","","","","","","","","",""
"2023091265","","0","0","0","0","0","0","0","0","0","1","1","","02","10","2023","5","40.32695","-80.076581","","11","0","0","0","0","0","0","1","0","","0","1","0","","","1","Y","0","","40 19:37.020","5","0","80 04:35.692","4","0","0","0","2123","0","0","0","N","0","0","0","4","02123","1","","1.0","1416.0","1","N","N","N","0","","0","0","3","","0","N","","4","1","0","0","0","0","0","2","0","4","","03","","N","","","","","","","","","",""
"2023082384","","1","0","0","0","0","0","0","0","0","5","1","","02","9","2023","2","40.438541","-79.997381","","11","0","0","0","0","0","0","0","0","","0","1","0","","","0","N","0","","40 26:18.749","2","0","79 59:50.571","0","0","0","0","2301","0","0","0","N","0","0","0","2","02301","0","","1.0","1422.0","1","N","N","N","0","","0","0","0","","2","N","","2","0","0","0","0","0","0","2","0","2","","03","","N","","","","","","","","","",""
"2023083697","","1","0","0","0","0","0","0","0","0","6","0","","02","9","2023","5","40.53404","-80.019117","","11","0","1","0","0","0","1","0","1","","0","0","0","","","1","","1","","40 32:02.544","","0","80 01:08.821","3","0","0","0","2116","0","0","0","N","0","0","0","3","02116","0","","1.0","","1","N","N","N","1","","1","0","1","","0","","","3","1","0","0","0","0","0","2","0","3","","03","","N","","","","","","","","","",""
"2023084436","","0","0","0","0","0","0","0","0","0","7","0","","02","9","2023","7","40.477967","-79.845663","","11","0","0","0","0","1","0","0","0","","0","0","0","","","0","N","3","","40 28:40.682","3","0","79 50:44.387","9","0","0","0","2113","0","0","0","N","0","0","0","2","02113","0","","5.0","2015.0","9","N","N","N","0","","0","0","1","","0","N","","1","0","2","0","0","0","1","2","0","1","","","","N","","","","","","","","","",""
"2023071490","","0","0","0","0","0","0","0","0","0","4","0","","02","8","2023","1","40.455272","-79.717443","","11","0","0","0","0","0","0","0","0","","0","0","0","","","1","","3","","40 27:18.978","3","0","79 43:02.794","3","0","0","0","2466","0","0","0","N","0","0","0","4","02466","0","","1.0","1802.0","1","N","N","N","0","","1","0","1","","3","N","","2","1","0","0","0","0","0","2","1","2","","03","","N","","","","","","","","","",""
"2023068977","","0","0","0","0","0","0","0","0","0","1","0","","02","8","2023","6","40.598702","-80.999934","","11","0","0","1","0","0","0","0","0","","0","0","0","","","1","","3","","40 35:55.326","","0","80 59:59.761","8","0","0","0","2108","0","0","0","N","0","0","0","3","02501","0","","1.0","","1","N","N","N","1","","0","0","1","","0","","","2","1","0","0","0","1","0","1","0","2","","","","N","","","","","","","","","",""
"2023071990","","1","0","0","0","0","0","0","0","0","7","0","","02","8","2023","2","40.435802","-79.994954","","11","0","0","0","0","0","0","0","0","","0","0","0","","","0","N","0","","40 26:08.888","","8","79 59:41.836","0","0","0","0","2301","0","0","0","N","0","0","0","1","02301","0","","2.0","","9","N","N","N","0","","0","0","0","","0","","","1","0","0","0","0","0","0","2","0","1","","04","","N","","","","","","","","","",""
"2023071560","","0","0","0","1","0","0","0","0","0","8","0","","02","8","2023","1","40.412364","-79.910605","","11","0","0","0","0","0","0","0","0","","0","0","0","","","1","N","0","","40 24:44.509","","7","79 54:38.179","3","0","0","0","2438","1","0","0","N","0","0","0","4","02438","0","","1.0","","1","N","N","Y","0","","1","0","1","","0","","","2","1","0","0","0","0","0","2","0","1","","","","N","","","","","","","","","",""
"2023080604","","0","0","0","0","0","0","0","0","0","2","0","","02","8","2023","6","40.493931","-79.949767","","11","0","0","0","0","0","0","0","1","","0","0","0","","","1","N","0","","40 29:38.150","6","0","79 56:59.160","8","0","0","1","2430","0","0","0","N","0","0","0","2","02430","0","","1.0","1230.0","1","N","N","N","0","","0","0","1","","0","N","","2","1","0","0","0","1","0","2","0","2","","","","N","","","","","","","","","",""
"2023071378","","1","0","0","0","0","0","0","0","0","7","0","","02","8","2023","7","40.487468","-79.883203","","11","0","0","0","0","0","1","0","0","","0","0","0","","","0","N","0","","40 29:14.885","","0","79 52:59.530","0","0","0","0","2112","0","0","0","N","0","0","0","1","02112","0","","4.0","","1","N","N","N","0","","0","0","0","","2","N","","1","0","0","0","0","0","0","2","0","1","","03","","N","","","","","","","","","",""
"2023084666","","2","0","0","0","0","0","0","0","0","1","0","","02","9","2023","4","40.485198","-80.122789","","11","0","0","0","1","0","0","0","0","","0","0","0","","","0","N","0","","40 29:06.713","","0","80 07:22.041","0","0","0","0","2126","0","0","0","N","0","0","0","3","68B03","0","","4.0","","1","N","N","N","0","","0","0","0","","0","","","3","0","0","0","0","0","0","2","1","3","","","","N","","","","","","","","","",""
"2023084476","","1","0","0","0","0","0","0","0","0","4","0","","02","9","2023","7","40.41822","-80.049207","","11","0","0","0","0","0","1","1","0","","0","0","0","","","0","N","1","","40 25:05.592","","0","80 02:57.145","0","0","0","0","2435","0","0","0","N","0","0","0","3","02435","0","","1.0","","9","N","N","N","0","","0","0","1","","3","","","2","0","0","0","0","0","0","2","0","2","","07","","N","","","","","","","","","",""
"2023071757","","0","0","0","0","0","0","0","0","0","1","0","","02","8","2023","2","40.438619","-79.746672","","11","0","0","0","0","0","0","0","0","","0","0","0","","","0","N","0","","40 26:19.029","","0","79 44:48.018","0","0","0","0","2446","0","0","0","N","0","0","0","4","02446","0","","1.0","","9","N","N","N","1","","0","0","1","","0","","","2","0","0","0","0","0","0","2","0","2","","07","","N","","","","","","","","","",""
"2023092790","","1","0","0","0","0","0","0","0","0","7","0","","02","10","2023","6","40.432148","-79.960035","","11","0","0","0","0","0","0","0","0","","0","0","0","","","0","N","0","","40 25:55.731","3","0","79 57:36.125","0","0","0","0","2301","0","0","0","N","0","0","0","1","68B03","0","","3.0","1925.0","1","N","N","N","0","","0","0","0","","0","N","","1","0","0","0","0","0","0","2","0","1","","03","","N","","","","","","","","","",""
"2023072296","","2","0","0","0","0","0","0","0","0","4","0","","02","8","2023","6","40.56732","-80.019045","","11","0","0","0","0","0","1","0","0","","0","0","0","","","1","N","0","","40 34:02.351","","7","80 01:08.561","3","0","0","0","2108","0","0","0","N","0","0","0","2","02108","0","","1.0","","1","N","N","N","0","","1","0","0","","3","N","","2","1","0","0","0","0","0","2","0","2","","","","N","","","","","","","","","",""
"2023086132","","0","0","0","0","0","0","0","0","0","1","0","","02","9","2023","5","40.424787","-80.115226","","11","0","0","0","0","0","0","0","1","","0","0","0","","","0","N","0","","40 25:29.232","3","0","80 06:54.815","0","0","0","0","2102","0","0","0","N","0","0","0","2","68B03","0","","1.0","806.0","1","N","N","Y","0","","0","0","2","","0","N","","2","0","0","0","0","0","0","2","0","2","","","","N","","","","","","","","","",""
"2023083855","","0","0","0","0","0","0","1","0","0","3","2","","02","9","2023","6","40.466501","-80.02545","","11","0","0","0","0","0","0","1","1","","0","1","0","","","1","N","0","","40 27:59.402","","7","80 01:31.620","3","0","0","0","2301","0","0","0","N","0","0","0","5","02301","0","","1.0","","1","Y","N","N","0","","1","0","0","","2","","","2","1","0","0","0","0","0","2","0","2","","03","","N","","","","","","","","","",""
"2023084668","","0","0","0","0","0","0","0","0","0","1","0","","02","9","2023","4","40.460573","-80.111626","","11","0","0","0","0","0","1","0","0","","0","0","0","","","1","N","0","","40 27:38.063","","0","80 06:41.854","8","0","0","0","2126","0","0","0","N","0","0","0","3","68B03","0","","1.0","","1","N","N","N","1","","0","0","1","","0","","","3","1","0","0","0","1","0","2","1","3","","03","","N","","","","","","","","","",""
"2023085288","","0","0","0","0","0","0","0","0","0","7","0","","02","9","2023","5","40.322304","-80.144807","","11","0","0","0","0","0","0","0","0","","0","0","0","","","1","N","0","","40 19:20.295","","0","80 08:41.304","8","0","0","0","2119","0","0","0","N","0","0","0","1","68B03","0","","5.0","","9","N","N","N","0","","0","0","1","","0","","","1","1","0","0","0","1","0","2","0","1","","07","","N","","","","","","","","","",""