"CRN","ARRIVAL_TM","AUTOMOBILE_COUNT","BELTED_DEATH_COUNT","BELTED_SUSP_SERIOUS_INJ_COUNT","BICYCLE_COUNT","BICYCLE_DEATH_COUNT","BICYCLE_SUSP_SERIOUS_INJ_COUNT","BUS_COUNT","CHLDPAS_DEATH_COUNT","CHLDPAS_SUSP_SERIOUS_INJ_COUNT","COLLISION_TYPE","COMM_VEH_COUNT","CONS_ZONE_SPD_LIM","COUNTY","CRASH_MONTH","CRASH_YEAR","DAY_OF_WEEK","DEC_LATITUDE","DEC_LONGITUDE","DISPATCH_TM","DISTRICT","DRIVER_COUNT_16YR","DRIVER_COUNT_17YR","DRIVER_COUNT_18YR","DRIVER_COUNT_19YR","DRIVER_COUNT_20YR","DRIVER_COUNT_50_64YR","DRIVER_COUNT_65_74YR","DRIVER_COUNT_75PLUS","EST_HRS_CLOSED","FATAL_COUNT","HEAVY_TRUCK_COUNT","HORSE_BUGGY_COUNT","HOUR_OF_DAY","ILLUMINATION","INJURY_COUNT","INTERSECTION_RELATED","INTERSECT_TYPE","LANE_CLOSED","LATITUDE","LN_CLOSE_DIR","LOCATION_TYPE","LONGITUDE","MAX_SEVERITY_LEVEL","MCYCLE_DEATH_COUNT","MCYCLE_SUSP_SERIOUS_INJ_COUNT","MOTORCYCLE_COUNT","MUNICIPALITY","NONMOTR_COUNT","NONMOTR_DEATH_COUNT","NONMOTR_SUSP_SERIOUS_INJ_COUNT","NTFY_HIWY_MAINT","PED_COUNT","PED_DEATH_COUNT","PED_SUSP_SERIOUS_INJ_COUNT","PERSON_COUNT","POLICE_AGCY","POSSIBLE_INJ_COUNT","RDWY_SURF_TYPE_CD","RELATION_TO_ROAD","ROADWAY_CLEARED","ROAD_CONDITION","SCH_BUS_IND","SCH_ZONE_IND","SECONDARY_CRASH","SMALL_TRUCK_COUNT","SPEC_JURIS_CD","SUSP_MINOR_INJ_COUNT","SUSP_SERIOUS_INJ_COUNT","SUV_COUNT","TCD_FUNC_CD","TCD_TYPE","TFC_DETOUR_IND","TIME_OF_DAY","TOTAL_UNITS","TOT_INJ_COUNT","UNBELTED_OCC_COUNT","UNB_DEATH_COUNT","UNB_SUSP_SERIOUS_INJ_COUNT","UNK_INJ_DEG_COUNT","UNK_INJ_PER_COUNT","URBAN_RURAL","VAN_COUNT","VEHICLE_COUNT","WEATHER1","WEATHER2","WORKERS_PRES","WORK_ZONE_IND","WORK_ZONE_LOC","WORK_ZONE_TYPE","WZ_CLOSE_DETOUR","WZ_FLAGGER","WZ_LAW_OFFCR_IND","WZ_LN_CLOSURE","WZ_MOVING","WZ_OTHER","WZ_SHLDER_MDN","WZ_WORKERS_INJ_KILLED"
"2023070026","","1","0","0","1","0","0","0","0","0","8","0","","02","8","2023","6","40.446802","-79.950596","","11","0","0","0","0","0","1","0","0","","0","0","0","","","1","","1","","40 26:48.488","","0","79 57:02.146","8","0","0","0","2301","1","0","0","N","0","0","0","2","02301","0","","1.0","","1","N","N","N","0","","0","0","0","","2","","","2","1","0","0","0","1","0","2","0","1","","03","","N","","","","","","","","","",""
"2023086232","","0","0","0","0","0","0","0","0","0","8","1","","02","9","2023","3","40.359458","-79.992066","","11","0","0","0","0","0","0","0","0","","0","0","0","","","1","N","0","","40 21:34.050","5","0","79 59:31.439","2","0","0","0","2476","1","0","1","N","1","0","1","1","02476","0","","4.0","1336.0","1","N","N","N","0","","0","1","0","","0","Y","","2","1","0","0","0","0","0","2","1","1","","","","N","","","","","","","","","",""
"2023071202","","1","0","0","0","0","0","0","0","0","7","0","","02","8","2023","7","40.461613","-79.967111","","11","0","0","0","0","0","0","0","0","","0","0","0","","","0","","1","","40 27:41.805","2","3","79 58:01.600","0","0","0","0","2301","0","0","0","N","0","0","0","2","02301","0","","5.0","1800.0","9","N","N","N","0","","0","0","0","","0","N","","1","0","0","0","0","0","0","2","0","1","","04","","N","","","","","","","","","",""
"2023079344","","0","0","0","0","0","0","0","0","0","7","0","","02","8","2023","1","40.328665","-79.857835","","11","0","0","0","0","0","0","0","0","","0","0","0","","","0","N","0","","40 19:43.194","","0","79 51:28.206","0","0","0","0","2442","0","0","0","N","0","0","0","1","02442","0","","4.0","","1","N","N","N","0","","0","0","1","","0","","","1","0","0","0","0","0","0","2","0","1","","","","N","","","","","","","","","",""
"2023084706","","0","0","0","0","0","0","0","0","0","5","0","","02","7","2023","5","40.427658","-79.924447","","11","0","0","0","0","0","1","0","0","","0","0","0","","","1","N","0","","40 25:39.570","3","4","79 55:28.008","3","0","0","0","2301","0","0","0","N","0","0","0","2","68B03","0","","1.0","1637.0","1","N","N","N","2","","1","0","0","","0","N","","2","1","0","0","0","0","0","2","0","2","","","","N","","","","","","","","","",""
"2023081599","","1","0","0","0","0","0","0","0","0","4","0","","02","9","2023","6","40.379518","-79.812714","","11","0","0","0","1","0","2","0","0","","0","0","0","","","2","","2","","40 22:46.264","1","0","79 48:45.772","4","0","0","0","2424","0","0","0","N","0","0","0","5","02424","2","","1.0","1835.0","1","N","N","N","0","","0","0","2","","0","N","","4","2","0","0","0","0","0","2","0","3","","03","","N","","","","","","","","","",""
"2023085784","","1","0","0","0","0","0","0","0","0","1","0","","02","7","2023","1","40.434074","-79.995612","","11","0","0","0","0","0","0","0","0","","0","0","0","","","0","Y","0","","40 26:02.666","3","0","79 59:44.204","9","0","0","0","2301","0","0","0","N","0","0","0","2","68B03","0","","1.0","1637.0","1","N","N","N","0","","0","0","1","","0","N","","2","0","0","0","0","0","1","2","0","2","","","","N","","","","","","","","","",""
"2023084665","","0","0","0","0","0","0","0","0","0","7","0","","02","9","2023","3","40.473876","-80.006085","","11","0","0","0","0","0","0","0","0","","0","0","0","","","0","N","0","","40 28:25.955","2","0","80 00:21.905","0","0","0","0","2301","0","0","0","N","0","0","0","2","68B03","0","","1.0","2359.0","1","N","N","N","1","","0","0","1","","0","N","","2","0","0","0","0","0","0","2","0","2","","","","N","","","","","","","","","",""
"2023070919","","0","0","0","0","0","0","0","0","0","7","0","","02","8","2023","6","40.418262","-79.824668","","11","0","0","0","0","0","0","0","0","","0","0","0","","","1","","3","","40 25:05.742","5","0","79 49:28.804","2","0","0","0","2124","0","0","0","N","0","0","0","1","02124","0","","4.0","747.0","1","N","N","Y","0","","0","1","0","","0","Y","","1","1","1","0","1","0","0","2","1","1","","","","N","","","","","","","","","",""
"2023076152","","1","0","0","0","0","0","0","0","0","1","0","","02","8","2023","2","40.478909","-80.043101","","11","0","0","0","0","0","0","0","0","","0","0","0","","","0","","1","","40 28:44.071","","3","80 02:35.164","0","0","0","0","2301","0","0","0","N","0","0","0","2","02301","0","","1.0","","1","N","N","N","0","","0","0","1","","0","","","2","0","0","0","0","0","0","2","0","2","","","","N","","","","","","","","","",""
"2023071172","","1","0","0","0","0","0","0","0","0","0","0","90","02","8","2023","5","40.434502","-79.924978","","11","0","0","0","0","0","0","1","0","","0","0","0","","","0","N","0","","40 26:04.208","","0","79 55:29.921","0","0","0","0","2301","0","0","0","N","0","0","0","1","02301","0","","1.0","","1","N","N","N","0","","0","0","0","","8","","","1","0","0","0","0","0","0","2","0","1","","","Y","Y","4","1","","","N","Y","","","","N"
"2023069110","","0","0","0","0","0","0","0","0","0","7","0","","02","8","2023","6","40.510887","-79.771724","","11","1","0","0","0","0","0","0","0","","0","0","0","","","0","N","0","","40 30:39.193","","0","79 46:18.206","0","0","0","0","2466","0","0","0","N","0","0","0","1","02466","0","","4.0","","1","N","N","N","0","","0","0","1","","0","N","","1","0","0","0","0","0","0","2","0","1","","","","N","","","","","","","","","",""
"2023084225","","2","0","0","0","0","0","0","0","0","1","0","","02","9","2023","7","40.399528","-80.038794","","11","0","0","0","0","0","0","0","0","","0","0","0","","","0","N","0","","40 23:58.299","","0","80 02:19.658","0","0","0","0","2422","0","0","0","N","0","0","0","1","02422","0","","6.0","","1","N","N","N","0","","0","0","1","","0","","","3","0","0","0","0","0","0","2","0","3","","03","","N","","","","","","","","","",""
"2023084943","","1","0","0","0","0","0","0","0","0","4","0","","02","9","2023","6","40.528546","-80.035292","","11","0","0","0","0","0","1","0","0","","0","0","0","","","0","N","1","","40 31:42.766","","0","80 02:07.052","0","0","0","0","2116","0","0","0","N","0","0","0","3","02116","0","","1.0","","1","N","N","N","0","","0","0","1","","3","","","2","0","0","0","0","0","0","2","0","2","","","","N","","","","","","","","","",""
"2023071168","","1","0","0","0","0","0","0","0","0","1","0","","02","8","2023","7","40.576933","-80.026298","","11","0","0","0","0","0","1","0","0","","0","0","0","","","1","Y","0","","40 34:36.959","2","0","80 01:34.673","4","0","0","0","2108","0","0","0","N","0","0","0","4","02108","1","","1.0","1120.0","1","N","N","N","0","","0","0","1","","0","N","","2","1","0","0","0","0","0","2","0","2","","","","N","","","","","","","","","",""
"2023072088","","0","0","0","0","0","0","0","0","0","7","0","","02","8","2023","7","40.353311","-80.007733","","11","0","0","1","0","0","0","0","0","","0","0","0","","","1","N","0","","40 21:11.921","","0","80 00:27.840","3","0","0","0","2476","0","0","0","N","0","0","0","2","02476","0","","4.0","","1","N","N","N","0","","1","0","1","","0","","","1","1","0","0","0","0","0","2","0","1","","","","N","","","","","","","","","",""
"2023070017","","0","0","0","0","0","0","0","0","0","4","0","","02","8","2023","3","40.491481","-79.86589","","11","0","0","0","0","0","1","0","1","","0","0","0","","","2","","2","","40 29:29.330","2","0","79 51:57.203","8","0","0","0","2112","0","0","0","N","0","0","0","2","02112","0","","1.0","730.0","1","N","N","N","0","","0","0","2","","2","N","","2","2","0","0","0","2","0","2","0","2","","03","","N","","","","","","","","","",""
"2023086138","","1","0","0","0","0","0","0","0","0","7","0","","02","9","2023","1","40.587474","-80.099768","","11","0","0","0","0","0","0","0","0","","0","0","0","","","0","N","0","","40 35:14.905","","0","80 05:59.163","0","0","0","0","2481","0","0","0","N","0","0","0","1","68B03","0","","4.0","","9","N","N","N","0","","0","0","0","","0","","","1","0","0","0","0","0","0","2","0","1","","","","N","","","","","","","","","",""
"2023070847","","1","0","0","0","0","0","0","0","0","7","0","","02","8","2023","4","40.538673","-79.830423","","11","0","0","0","0","0","0","0","1","","0","0","0","","","1","","2","","40 32:19.223","","0","79 49:49.522","8","0","0","0","2208","0","0","0","N","0","0","0","2","02208","0","","4.0","","1","N","N","N","0","","0","0","1","","2","","","2","1","0","0","0","1","0","2","0","2","","03","","N","","","","","","","","","",""
"2023006363","","0","0","0","0","0","0","0","0","0","1","0","","02","1","2023","7","40.541077","-79.784119","","11","0","0","0","0","0","0","1","0","","0","0","0","","","0","","1","","40 32:27.876","","0","79 47:02.829","0","0","0","0","2462","0","0","0","N","0","0","0","3","02462","0","","1.0","","1","N","N","N","0","","0","0","2","","0","","","2","0","1","0","0","0","0","2","0","2","","03","","N","","","","","","","","","",""
"2023072290","","1","0","0","0","0","0","0","0","0","4","0","","02","8","2023","1","40.408368","-79.901029","","11","0","0","0","0","0","0","0","0","","0","0","0","","","1","","1","","40 24:30.126","7","0","79 54:03.706","8","0","0","0","2448","0","0","0","N","0","0","0","2","02448","0","","1.0","519.0","1","N","N","Y","1","","0","0","0","","3","Y","","2","1","0","0","0","1","1","2","0","2","","","","N","","","","","","","","","",""
"2023071524","","1","0","0","0","0","0","0","0","0","1","0","","02","8","2023","1","40.429071","-79.995988","","11","0","0","0","0","0","0","0","0","","0","0","0","","","1","N","0","","40 25:44.656","3","0","79 59:45.557","4","0","0","0","2301","0","0","0","N","0","0","0","3","02301","1","","1.0","2330.0","1","N","N","N","0","","0","0","1","","0","Y","","2","1","0","0","0","0","1","2","0","2","","03","","N","","","","","","","","","",""
"2023070418","","1","0","0","0","0","0","0","0","0","1","0","","02","8","2023","4","40.29241","-79.91557","","11","0","0","0","0","0","0","0","1","","0","0","0","","","0","","2","","40 17:32.676","","0","79 54:56.052","0","0","0","0","2440","0","0","0","N","0","0","0","3","02440","0","","1.0","","1","N","N","N","0","","0","0","1","","2","","","2","0","0","0","0","0","0","2","0","2","","","","N","","","","","","","","","",""
"2023085384","","0","0","0","0","0","0","0","0","0","2","0","","02","9","2023","3","40.491601","-80.061176","","11","0","0","0","0","0","1","0","0","","0","0","0","","","2","","1","","40 29:29.763","","0","80 03:40.233","3","0","0","0","2404","0","0","0","N","0","0","0","2","02404","1","","1.0","","1","N","N","N","0","","1","0","1","","2","N","","2","2","0","0","0","0","0","2","1","2","","04","","N","","","","","","","","","",""
"2023080517","","1","0","0","0","0","0","0","0","0","4","1","","02","9","2023","2","40.455555","-79.888108","","11","0","0","0","0","0","1","0","0","","0","1","0","","","0","","1","","40 27:19.998","","0","79 53:17.187","0","0","0","0","2301","0","0","0","N","0","0","0","2","02301","0","","1.0","","1","N","N","N","0","","0","0","0","","2","","","2","0","1","0","0","0","0","2","0","2","","","","N","","","","","","","","","",""
"2023085891","","1","0","0","0","0","0","0","0","0","1","0","","02","9","2023","4","40.409717","-80.081263","","11","0","0","0","0","0","0","1","0","","0","0","0","","","0","N","1","","40 24:34.981","","0","80 04:52.546","0","0","0","0","2415","0","0","0","N","0","0","0","2","02415","0","","1.0","","1","N","N","N","0","","0","0","1","","3","","","2","0","0","0","0","0","0","2","0","2","","03","","N","","","","","","","","","",""
"2023085562","","1","0","0","0","0","0","0","0","0","7","0","","02","9","2023","3","40.528734","-80.272546","","11","0","0","0","0","0","0","0","0","","0","0","0","","","0","N","0","","40 31:43.443","","0","80 16:21.164","0","0","0","0","2203","0","0","0","Y","0","0","0","2","68B03","0","","4.0","","1","N","N","N","0","","0","0","0","","0","","","1","0","0","0","0","0","0","1","0","1","","03","","N","","","","","","","","","",""
"2023070358","","1","0","1","0","0","0","0","0","0","4","0","","02","8","2023","1","40.463448","-79.917411","","11","0","0","0","0","0","0","0","0","","0","0","0","","","5","","1","","40 27:48.414","7","0","79 55:02.680","2","0","0","0","2301","0","0","0","N","0","0","0","5","02301","0","","1.0","226.0","1","N","N","N","0","","2","3","0","","2","Y","","2","5","4","0","2","0","0","2","1","2","","","","N","","","","","","","","","",""
"2023069308","","2","0","0","0","0","0","0","0","0","4","0","","02","8","2023","1","40.448387","-80.003739","","11","0","0","0","0","0","1","0","0","","0","0","0","","","0","","1","","40 26:54.194","","0","80 00:13.461","0","0","0","0","2301","0","0","0","N","0","0","0","2","02301","0","","1.0","","1","N","N","N","0","","0","0","0","","0","N","","2","0","0","0","0","0","0","2","0","2","","03","","N","","","","","","","","","",""
"2023080606","","0","0","0","0","0","0","0","0","0","4","0","","02","8","2023","3","40.640682","-79.710839","","11","0","0","0","0","0","0","1","1","","0","0","0","","","2","","2","","40 38:26.455","1","0","79 42:39.022","8","0","0","0","2106","0","0","0","N","0","0","0","4","02106","0","","1.0","1501.0","1","N","N","N","0","","0","0","2","","3","N","","2","2","0","0","0","2","0","2","0","2","","","","N","","","","","","","","","",""
"2023074392","","3","0","0","0","0","0","0","0","0","1","0","45","02","8","2023","7","40.517005","-80.133423","","11","0","0","0","0","2","0","1","1","","0","0","0","","","1","N","0","","40 31:01.218","2","3","80 08:00.324","8","0","0","0","2434","0","0","0","N","0","0","0","4","68B03","0","","1.0","1032.0","1","N","N","N","0","","0","0","1","","8","N","","4","1","0","0","0","1","0","2","0","4","","","Y","Y","4","1","N","N","N","Y","Y","N","Y","N"
"2023070438","","0","0","0","0","0","0","0","0","0","1","0","","02","8","2023","4","40.447608","-80.165197","","11","0","0","0","0","0","2","0","0","","0","0","0","","","1","","6","","40 26:51.388","","0","80 09:54.709","8","0","0","0","2115","0","0","0","N","0","0","0","2","02115","0","","1.0","","1","N","N","N","0","","0","0","0","","4","","","2","1","0","0","0","1","0","2","2","2","","","","N","","","","","","","","","",""
"2023085281","","2","0","0","0","0","0","0","0","0","2","0","","02","9","2023","7","40.409831","-79.866344","","11","0","0","0","0","0","0","0","0","","0","0","0","","","0","N","0","","40 24:35.390","","0","79 51:58.840","9","0","0","0","2449","0","0","0","N","0","0","0","1","68B03","0","","6.0","","1","N","N","N","0","","0","0","1","","0","","","3","0","0","0","0","0","1","2","0","3","","","","N","","","","","","","","","",""
"2023069320","","1","0","0","0","0","0","0","0","0","1","0","","02","8","2023","6","40.43873","-79.747724","","11","0","0","0","1","0","0","0","0","","0","0","0","","","0","N","0","","40 26:19.428","","0","79 44:51.808","0","0","0","0","2446","0","0","0","N","0","0","0","2","02446","0","","1.0","","1","N","N","N","0","","0","0","1","","0","","","2","0","0","0","0","0","0","2","0","2","","","","N","","","","","","","","","",""
"2023069818","","0","0","0","0","0","0","0","0","0","4","0","","02","8","2023","6","40.519778","-80.217856","","11","0","0","0","0","0","0","0","0","","0","0","0","","","1","","2","","40 31:11.201","2","7","80 13:04.282","3","0","0","0","2213","0","0","0","N","0","0","0","2","02213","0","","1.0","1300.0","1","N","N","N","0","","1","0","2","","2","N","","2","1","0","0","0","0","0","2","0","2","","03","","N","","","","","","","","","",""
"2023082399","","0","0","0","0","0","0","0","0","0","4","0","","02","9","2023","2","40.371833","-79.843669","","11","0","0","0","0","0","1","0","0","","0","0","0","","","2","","2","","40 22:18.598","2","0","79 50:37.207","3","0","0","0","2303","0","0","0","N","0","0","0","3","02303","0","","1.0","1737.0","1","N","N","N","0","","2","0","2","","2","Y","","2","2","0","0","0","0","0","2","0","2","","","","N","","","","","","","","","",""
"2023084642","","1","0","0","0","0","0","0","0","0","4","0","","02","8","2023","7","40.399969","-79.834788","","11","0","0","0","0","0","0","0","0","","0","0","0","","","0","","1","","40 23:59.887","2","0","79 50:05.238","9","0","0","0","2425","0","0","0","N","0","0","0","2","68B03","0","","1.0","1815.0","1","N","N","N","0","","0","0","1","","2","N","","2","0","0","0","0","0","1","2","0","2","","","","N","","","","","","","","","",""
"2023070604","","0","0","0","0","0","0","0","0","0","1","0","","02","8","2023","3","40.362175","-80.068557","","11","0","0","0","0","0","1","0","0","","0","0","0","","","1","","2","","40 21:43.831","","0","80 04:06.805","3","0","0","0","2123","0","0","0","N","0","0","0","5","02123","0","","1.0","","1","N","N","N","0","","1","0","3","","0","","","3","1","0","0","0","0","0","2","0","3","","","","N","","","","","","","","","",""
"2023071758","","0","0","0","0","0","0","0","0","0","4","0","","02","8","2023","7","40.345104","-79.840142","","11","0","0","0","0","0","0","0","0","","0","0","0","","","0","","2","","40 20:42.374","","0","79 50:24.510","0","0","0","0","2304","0","0","0","N","0","0","0","3","02304","0","","1.0","","9","N","N","N","0","","0","0","2","","0","","","2","0","0","0","0","0","0","2","0","2","","07","","N","","","","","","","","","",""
"2023069278","","1","0","0","0","0","0","0","0","0","2","0","","02","8","2023","7","40.452447","-80.013671","","11","0","0","0","0","0","0","0","0","","0","0","0","","","0","N","0","","40 27:08.808","4","0","80 00:49.214","0","0","0","0","2301","0","0","0","N","0","0","0","1","02301","0","","6.0","2305.0","1","N","N","N","0","","0","0","2","","0","N","","3","0","0","0","0","0","0","2","0","3","","03","","N","","","","","","","","","",""
"2023085290","","2","0","0","0","0","0","0","0","0","1","1","","02","9","2023","6","40.426043","-79.912446","","11","0","0","0","0","0","1","0","0","","0","1","0","","","0","N","0","","40 25:33.753","","4","79 54:44.804","0","0","0","0","2301","0","0","0","N","0","0","0","3","68B03","0","","1.0","","1","N","N","N","0","","0","0","0","","0","","","3","0","0","0","0","0","0","2","0","3","","03","","N","","","","","","","","","",""
"2023083516","","1","0","0","0","0","0","0","0","0","1","0","","02","9","2023","4","40.50175","-80.011328","","11","0","0","0","0","0","0","0","0","","0","0","0","","","0","N","0","","40 30:06.301","2","0","80 00:40.780","0","0","0","0","2116","0","0","0","N","0","0","0","5","02116","0","","1.0","1735.0","1","N","N","N","2","","0","0","0","","0","N","","3","0","0","0","0","0","0","2","0","3","","03","","N","","","","","","","","","",""
"2023070920","","0","0","0","0","0","0","0","0","0","98","0","","02","8","2023","2","40.35702","-80.127683","","11","0","0","0","0","0","1","0","0","","0","0","0","","","0","N","0","","40 21:25.273","","0","80 07:39.660","0","0","0","0","2119","0","0","0","N","0","0","0","1","02119","0","","1.0","","1","N","N","N","0","","0","0","1","","0","","","1","0","0","0","0","0","0","2","0","1","","03","","N","","","","","","","","","",""
"2023084332","","0","0","0","0","0","0","0","0","0","7","0","","02","9","2023","6","40.454269","-79.837608","","11","0","0","0","0","0","0","0","0","","0","0","0","","","0","","3","","40 27:15.369","2","0","79 50:15.388","0","0","0","0","2113","0","0","0","N","0","0","0","1","02113","0","","5.0","2130.0","1","N","N","N","0","","0","0","1","","0","N","","1","0","1","0","0","0","0","2","0","1","","","","N","","","","","","","","","",""
"2023082044","","1","0","0","0","0","0","0","0","0","4","0","","02","9","2023","7","40.444144","-79.78161","","11","1","0","0","0","0","0","1","0","","0","0","0","","","0","N","2","","40 26:38.918","6","0","79 46:53.796","0","0","0","0","2446","0","0","0","N","0","0","0","2","02446","0","","1.0","1430.0","1","N","N","N","0","","0","0","1","","3","Y","","2","0","0","0","0","0","0","2","0","2","","","","N","","","","","","","","","",""
"2023070076","","0","0","0","0","0","0","0","0","0","7","0","","02","8","2023","3","40.491401","-79.882683","","11","0","0","0","0","0","0","0","0","","0","0","0","","","0","N","0","","40 29:29.045","","2","79 52:57.659","0","0","0","0","2112","0","0","0","N","0","0","0","1","68D02","0","","3.0","","1","N","N","N","0","","0","0","1","","0","","","1","0","0","0","0","0","0","2","0","1","","","","N","","","","","","","","","",""
"2023073551","","0","0","0","0","0","0","0","0","0","0","0","","02","8","2023","6","40.486025","-79.85546","","11","0","0","0","0","0","0","0","0","","0","0","0","","","1","N","0","","40 29:09.689","6","0","79 51:19.656","3","0","0","0","2113","0","0","0","N","0","0","0","1","02113","0","","1.0","1928.0","1","N","N","N","0","","1","0","1","","0","N","","1","1","0","0","0","0","0","2","0","1","","03","","N","","","","","","","","","",""
"2023069738","","1","0","0","0","0","0","0","0","0","1","0","","02","8","2023","2","40.462111","-80.030784","","11","0","0","0","0","0","1","0","0","","0","0","0","","","0","","1","","40 27:43.598","","8","80 01:50.821","0","0","0","0","2301","0","0","0","N","0","0","0","2","02301","0","","1.0","","1","N","N","N","0","","0","0","1","","2","N","","2","0","0","0","0","0","0","2","0","2","","03","","N","","","","","","","","","",""
"2023084529","","0","0","0","0","0","0","0","0","0","4","0","","02","9","2023","1","40.567388","-80.00696","","11","1","0","0","0","0","0","0","0","","0","0","0","","","0","","1","","40 34:02.595","","0","80 00:25.056","0","0","0","0","2108","0","0","0","N","0","0","0","4","02108","0","","1.0","","9","N","N","N","0","","0","0","2","","2","","","2","0","0","0","0","0","0","2","0","2","","07","","N","","","","","","","","","",""
"2023073781","","0","0","0","0","0","0","0","0","0","1","0","","02","8","2023","6","40.491418","-79.951063","","11","0","0","0","0","0","1","0","0","","0","0","0","","","2","Y","0","","40 29:29.105","2","0","79 57:03.827","3","0","0","0","2430","0","0","0","N","0","0","0","4","02430","0","","1.0","800.0","1","N","N","N","1","","2","0","2","","0","N","","3","2","0","0","0","0","0","2","0","3","","03","","N","","","","","","","","","",""
"2023074388","","1","0","0","0","0","0","0","0","0","7","0","","02","8","2023","4","40.474501","-80.006521","","11","0","0","0","0","0","0","0","0","","0","0","0","","","1","N","0","","40 28:28.204","2","0","80 00:23.477","3","0","0","0","2301","0","0","0","N","0","0","0","1","68B03","0","","2.0","120.0","1","N","N","N","0","","1","0","0","","0","N","","1","1","0","0","0","0","0","2","0","1","","","","N","","","","","","","","","",""
"2023069279","","1","0","0","0","0","0","0","0","0","7","0","","02","8","2023","1","40.34444","-79.88407","","11","0","0","0","0","0","0","0","0","","0","0","0","","","2","","3","","40 20:39.983","2","3","79 53:02.651","2","0","0","0","2433","0","0","0","Y","0","0","0","2","02433","0","","3.0","552.0","1","N","N","N","0","","1","1","0","","0","Y","","1","2","2","0","1","0","0","2","0","1","","03","","N","","","","","","","","","",""
"2023092055","","1","0","0","0","0","0","0","0","0","4","0","","02","10","2023","2","40.544515","-80.035968","","11","0","0","0","0","0","1","0","0","","0","0","0","","","0","","2","","40 32:40.253","","0","80 02:09.483","0","0","0","0","2116","0","0","0","N","0","0","0","2","02116","0","","1.0","","1","N","N","N","0","","0","0","1","","0","","","2","0","0","0","0","0","0","2","0","2","","","","N","","","","","","","","","",""
"2023070906","","1","0","0","0","0","0","0","0","0","1","0","","02","8","2023","7","40.487829","-80.05628","","11","0","0","0","0","0","2","0","0","","0","0","0","","","1","N","0","","40 29:16.186","1","0","80 03:22.608","3","0","0","0","2404","0","0","0","N","0","0","0","2","02404","0","","1.0","1732.0","1","N","N","N","0","","1","0","1","","0","N","","2","1","0","0","0","0","0","2","0","2","","","","N","","","","","","","","","",""
"2023071294","","1","0","0","0","0","0","0","0","0","7","0","","02","8","2023","6","40.442889","-80.298333","","11","0","0","0","0","0","0","0","0","","0","0","0","","","0","N","0","","40 26:34.400","","7","80 17:54.000","9","0","0","0","2203","0","0","0","N","0","0","0","1","02203","0","","4.0","","1","N","N","N","0","","0","0","0","","0","","","1","0","0","0","0","0","1","1","0","1","","","","N","","","","","","","","","",""
"2023085989","","1","0","0","0","0","0","0","0","0","7","0","","02","9","2023","7","40.440609","-79.831082","","11","0","0","0","0","0","0","0","0","","0","0","0","","","0","N","0","","40 26:26.191","3","0","79 49:51.894","0","0","0","0","2419","0","0","0","Y","0","0","0","1","68B03","0","","4.0","905.0","1","N","N","N","0","","0","0","0","","0","N","","1","0","0","0","0","0","0","2","0","1","","","","N","","","","","","","","","",""
"2023080679","","0","0","0","0","0","0","0","0","0","1","0","","02","9","2023","2","40.383576","-79.995709","","11","0","0","0","0","0","1","0","0","","0","0","0","","","0","N","2","","40 23:00.874","","0","79 59:44.551","0","0","0","0","2301","0","0","0","N","0","0","0","3","02301","0","","1.0","","1","N","N","N","1","","0","0","1","","0","N","","3","0","0","0","0","0","0","2","0","2","","03","","N","","","","","","","","","",""
"2023084298","","2","0","0","0","0","0","0","0","0","4","0","","02","9","2023","7","40.31555","-79.806389","","11","0","0","0","0","0","0","0","0","","0","0","0","","","0","N","0","","40 18:55.981","","7","79 48:23.001","0","0","0","0","2105","0","0","0","N","0","0","0","1","02105","0","","5.0","","1","N","N","N","0","","0","0","0","","0","","","3","0","0","0","0","0","0","2","1","3","","03","","N","","","","","","","","","",""
"2023085603","","1","0","0","0","0","0","0","0","0","7","0","","02","9","2023","3","40.404282","-79.838285","","11","0","0","0","0","0","0","0","0","","0","0","0","","","0","N","0","","40 24:15.414","","0","79 50:17.827","9","0","0","0","2449","0","0","0","N","0","0","0","1","68B03","0","","4.0","","1","N","N","N","0","","0","0","0","","0","","","1","0","0","0","0","0","1","2","0","1","","","","N","","","","","","","","","",""
"2023070582","","2","0","0","0","0","0","0","0","0","4","0","","02","8","2023","3","40.423525","-79.843359","","11","0","0","0","0","0","0","1","0","","0","0","0","","","2","","2","","40 25:24.691","3","0","79 50:36.093","4","0","0","0","2124","0","0","0","N","0","0","0","2","02124","2","","1.0","1114.0","1","N","N","N","0","","0","0","0","","3","Y","","2","2","0","0","0","0","0","2","0","2","","03","","N","","","","","","","","","",""
"2023070171","","2","0","0","0","0","0","0","0","0","4","0","","02","8","2023","3","40.514624","-79.982028","","11","0","0","0","0","0","1","0","0","","0","0","0","","","0","N","0","","40 30:52.647","","7","79 58:55.299","9","0","0","0","2118","0","0","0","N","0","0","0","2","02118","0","","1.0","","1","N","N","N","0","","0","0","0","","0","","","2","0","0","0","0","0","1","2","0","2","","03","","N","","","","","","","","","",""
"2023091817","","1","0","0","0","0","0","0","0","0","4","0","","02","10","2023","1","40.541128","-80.006498","","11","0","0","0","0","0","0","0","0","","0","0","0","","","0","Y","0","","40 32:28.061","","7","80 00:23.391","0","0","0","0","2116","0","0","0","N","0","0","0","5","02116","0","","1.0","","9","N","N","N","0","","0","0","1","","0","","","2","0","0","0","0","0","0","2","0","2","","04","","N","","","","","","","","","",""