"CRN","ARRIVAL_TM","AUTOMOBILE_COUNT","BELTED_DEATH_COUNT","BELTED_SUSP_SERIOUS_INJ_COUNT","BICYCLE_COUNT","BICYCLE_DEATH_COUNT","BICYCLE_SUSP_SERIOUS_INJ_COUNT","BUS_COUNT","CHLDPAS_DEATH_COUNT","CHLDPAS_SUSP_SERIOUS_INJ_COUNT","COLLISION_TYPE","COMM_VEH_COUNT","CONS_ZONE_SPD_LIM","COUNTY","CRASH_MONTH","CRASH_YEAR","DAY_OF_WEEK","DEC_LATITUDE","DEC_LONGITUDE","DISPATCH_TM","DISTRICT","DRIVER_COUNT_16YR","DRIVER_COUNT_17YR","DRIVER_COUNT_18YR","DRIVER_COUNT_19YR","DRIVER_COUNT_20YR","DRIVER_COUNT_50_64YR","DRIVER_COUNT_65_74YR","DRIVER_COUNT_75PLUS","EST_HRS_CLOSED","FATAL_COUNT","HEAVY_TRUCK_COUNT","HORSE_BUGGY_COUNT","HOUR_OF_DAY","ILLUMINATION","INJURY_COUNT","INTERSECTION_RELATED","INTERSECT_TYPE","LANE_CLOSED","LATITUDE","LN_CLOSE_DIR","LOCATION_TYPE","LONGITUDE","MAX_SEVERITY_LEVEL","MCYCLE_DEATH_COUNT","MCYCLE_SUSP_SERIOUS_INJ_COUNT","MOTORCYCLE_COUNT","MUNICIPALITY","NONMOTR_COUNT","NONMOTR_DEATH_COUNT","NONMOTR_SUSP_SERIOUS_INJ_COUNT","NTFY_HIWY_MAINT","PED_COUNT","PED_DEATH_COUNT","PED_SUSP_SERIOUS_INJ_COUNT","PERSON_COUNT","POLICE_AGCY","POSSIBLE_INJ_COUNT","RDWY_SURF_TYPE_CD","RELATION_TO_ROAD","ROADWAY_CLEARED","ROAD_CONDITION","SCH_BUS_IND","SCH_ZONE_IND","SECONDARY_CRASH","SMALL_TRUCK_COUNT","SPEC_JURIS_CD","SUSP_MINOR_INJ_COUNT","SUSP_SERIOUS_INJ_COUNT","SUV_COUNT","TCD_FUNC_CD","TCD_TYPE","TFC_DETOUR_IND","TIME_OF_DAY","TOTAL_UNITS","TOT_INJ_COUNT","UNBELTED_OCC_COUNT","UNB_DEATH_COUNT","UNB_SUSP_SERIOUS_INJ_COUNT","UNK_INJ_DEG_COUNT","UNK_INJ_PER_COUNT","URBAN_RURAL","VAN_COUNT","VEHICLE_COUNT","WEATHER1","WEATHER2","WORKERS_PRES","WORK_ZONE_IND","WORK_ZONE_LOC","WORK_ZONE_TYPE","WZ_CLOSE_DETOUR","WZ_FLAGGER","WZ_LAW_OFFCR_IND","WZ_LN_CLOSURE","WZ_MOVING","WZ_OTHER","WZ_SHLDER_MDN","WZ_WORKERS_INJ_KILLED"
"2023084322","","1","0","0","0","0","0","1","0","0","4","1","","02","9","2023","6","40.428854","-79.864494","","11","0","0","0","0","0","0","0","1","","0","0","0","","","1","N","0","","40 25:43.875","5","7","79 51:52.177","3","0","0","0","2431","0","0","0","N","0","0","0","3","02431","0","","1.0","1659.0","1","Y","N","N","0","","1","0","0","","0","N","","2","1","0","0","0","0","0","2","0","2","","","","N","","","","","","","","","",""
"2023069181","","1","0","0","0","0","0","0","0","0","4","0","","02","8","2023","1","40.395356","-80.030725","","11","0","0","0","0","0","1","1","0","","0","0","0","","","0","","2","","40 23:43.281","","0","80 01:50.611","0","0","0","0","2301","0","0","0","N","0","0","0","2","02422","0","","1.0","","1","N","N","N","0","","0","0","3","","3","","","4","0","0","0","0","0","0","2","0","4","","03","","N","","","","","","","","","",""
"2023071396","","0","0","0","0","0","0","0","0","0","4","0","","02","8","2023","3","40.443289","-79.76671","","11","0","0","0","0","0","0","0","0","","0","0","0","","","1","","3","","40 26:35.842","7","0","79 46:00.156","4","0","0","0","2446","0","0","0","N","0","0","0","7","02446","1","","1.0","1750.0","1","N","N","N","0","","0","0","3","","3","Y","","3","1","0","0","0","0","0","2","0","3","","03","","N","","","","","","","","","",""
"2023091803","","1","0","0","0","0","0","0","0","0","5","0","","02","10","2023","6","40.379466","-80.005814","","11","0","0","0","0","0","0","1","0","","0","0","0","","","1","N","0","","40 22:46.079","","0","80 00:20.932","2","0","1","1","2101","0","0","0","N","0","0","0","2","02101","0","","1.0","","1","N","N","N","0","","0","1","0","","0","","","2","1","0","0","0","0","0","2","0","2","","03","","N","","","","","","","","","",""
"2023086343","","0","0","0","0","0","0","0","0","0","1","1","","02","9","2023","1","40.427838","-79.949505","","11","0","0","0","0","0","1","0","0","","0","1","0","","","3","N","0","","40 25:40.218","4","3","79 56:58.218","3","0","0","0","2301","0","0","0","N","0","0","0","5","68B03","2","","1.0","738.0","9","N","N","Y","0","","1","0","3","","0","N","","4","3","1","0","0","0","0","2","0","4","","","","N","","","","","","","","","",""
"2023086111","","0","0","0","0","0","0","0","0","0","7","0","","02","9","2023","1","40.42819","-79.890266","","11","0","0","0","0","0","0","0","0","","0","0","0","","","1","","3","","40 25:41.484","","2","79 53:24.959","4","0","0","0","2426","0","0","0","Y","0","0","0","1","68B03","1","","5.0","","1","N","N","N","0","","0","0","1","","0","","","1","1","0","0","0","0","0","2","0","1","","03","","N","","","","","","","","","",""
"2023086552","","1","0","0","0","0","0","0","0","0","7","0","","02","9","2023","5","40.36765","-79.993931","","11","0","0","0","0","0","0","0","0","","0","0","0","","","0","N","0","","40 22:03.540","5","0","79 59:38.150","9","0","0","0","2476","0","0","0","N","0","0","0","1","02476","0","","4.0","633.0","1","N","N","N","0","","0","0","0","","0","Y","","1","0","0","0","0","0","1","2","0","1","","03","","N","","","","","","","","","",""
"2023069458","","1","0","0","0","0","0","0","0","0","4","0","","02","8","2023","2","40.448033","-79.894544","","11","0","0","0","0","0","0","0","0","","0","0","0","","","0","","1","","40 26:52.920","","0","79 53:40.360","0","0","0","0","2301","0","0","0","N","0","0","0","2","02301","0","","1.0","","1","N","N","N","0","","0","0","0","","2","","","2","0","0","0","0","0","0","2","1","2","","03","","N","","","","","","","","","",""
"2023077013","","1","0","0","0","0","0","0","0","0","7","0","","02","8","2023","7","40.440778","-79.859025","","11","0","0","0","0","0","0","0","0","","0","0","0","","","0","N","0","","40 26:26.800","3","0","79 51:32.489","0","0","0","0","2419","0","0","0","N","0","0","0","1","68B03","0","","3.0","620.0","9","N","N","N","0","","0","0","0","","0","N","","1","0","0","0","0","0","0","2","0","1","","","","N","","","","","","","","","",""
"2023071069","","0","0","0","0","0","0","0","0","0","7","0","","02","8","2023","7","40.234942","-79.855826","","11","0","0","0","0","0","0","0","0","","0","0","0","","","0","N","0","","40 14:05.792","2","0","79 51:20.974","0","0","0","0","2105","0","0","0","N","0","0","0","1","02105","0","","4.0","251.0","1","N","N","N","0","","0","0","1","","0","N","","1","0","1","0","0","0","0","1","0","1","","","","N","","","","","","","","","",""
"2023069107","","1","0","0","0","0","0","0","0","0","4","0","","02","8","2023","7","40.431933","-79.839183","","11","0","0","0","0","0","0","1","0","","0","0","0","","","0","","2","","40 25:54.959","","0","79 50:21.059","0","0","0","0","2419","0","0","0","N","0","0","0","3","02419","0","","1.0","","1","N","N","N","0","","0","0","1","","3","","","2","0","0","0","0","0","0","2","0","2","","04","","N","","","","","","","","","",""
"2023069814","","1","0","0","0","0","0","0","0","0","2","0","","02","8","2023","3","40.42767","-80.066302","","11","0","0","0","0","0","1","1","0","","0","0","0","","","1","N","0","","40 25:39.611","","0","80 03:58.688","3","0","0","0","2301","0","0","0","N","0","0","0","2","02301","0","","1.0","","1","N","N","N","1","","1","0","0","","0","","","2","1","0","0","0","0","0","2","0","2","","03","","N","","","","","","","","","",""
"2023069407","","0","0","0","0","0","0","0","0","0","98","0","","02","8","2023","2","40.598199","-79.777496","","11","0","0","0","0","0","0","0","0","","0","0","0","","","1","N","0","","40 35:53.518","","0","79 46:38.987","3","0","0","0","2104","0","0","0","N","0","0","0","1","02514","0","","1.0","","1","N","N","N","0","","1","0","1","","0","","","1","1","0","0","0","0","0","1","0","1","","","","N","","","","","","","","","",""
"2023084705","","2","0","0","0","0","0","0","0","0","1","1","","02","7","2023","1","40.41142","-80.075405","","11","0","0","1","0","0","0","0","0","","0","1","0","","","2","N","0","","40 24:41.113","4","0","80 04:31.458","4","0","0","0","2117","0","0","0","N","0","0","0","5","68B03","1","","1.0","745.0","9","N","N","N","1","","0","0","0","","7","N","","4","2","0","0","0","1","0","2","0","4","","","","N","","","","","","","","","",""
"2023074485","","1","0","0","0","0","0","0","0","0","2","0","","02","8","2023","2","40.666555","-80.0561","","11","0","0","0","0","0","0","0","0","","0","0","0","","","1","N","0","","40 39:59.597","6","0","80 03:21.961","3","0","0","0","2216","0","0","0","N","0","0","0","3","02505","0","","1.0","1627.0","9","N","N","N","0","","1","0","1","","0","Y","","2","1","0","0","0","0","0","2","0","2","","","","N","","","","","","","","","",""
"2023069018","","1","0","0","0","0","0","0","0","0","1","0","","02","8","2023","7","40.486341","-80.043573","","11","0","0","0","1","0","0","0","0","","0","0","0","","","1","N","0","","40 29:10.828","5","0","80 02:36.864","2","0","1","1","2301","0","0","0","N","0","0","0","1","02301","0","","6.0","1845.0","1","N","N","N","0","","0","1","0","","0","N","","2","1","0","0","0","0","0","2","0","2","","03","","N","","","","","","","","","",""
"2023071470","","0","0","0","0","0","0","0","0","0","7","0","","02","8","2023","1","40.350359","-79.887332","","11","0","0","0","0","0","1","0","0","","0","0","0","","","1","N","0","","40 21:01.294","","0","79 53:14.396","4","0","0","0","2423","0","0","0","N","0","0","0","4","02304","1","","4.0","","1","N","N","N","1","","0","0","0","","0","","","1","1","0","0","0","0","0","2","0","1","","","","N","","","","","","","","","",""
"2023085815","","1","0","0","0","0","0","0","0","0","4","1","","02","9","2023","4","40.572128","-80.023673","","11","0","0","0","0","0","1","0","1","","0","0","0","","","0","","1","","40 34:19.660","2","0","80 01:25.221","0","0","0","0","2108","0","0","0","N","0","0","0","2","02108","0","","1.0","1023.0","1","Y","N","N","0","","0","0","0","","2","Y","","2","0","0","0","0","0","0","2","1","2","","","","N","","","","","","","","","",""
"2023070301","","0","0","0","0","0","0","0","0","0","4","0","","02","8","2023","4","40.439786","-79.712976","","11","0","0","0","0","0","1","0","0","","0","0","0","","","0","N","0","","40 26:23.231","4","0","79 42:46.712","0","0","0","0","2446","0","0","0","N","0","0","0","3","02446","0","","1.0","1855.0","1","N","N","N","1","","0","0","1","","0","N","","2","0","0","0","0","0","0","2","0","2","","03","","N","","","","","","","","","",""
"2023070348","0302","1","0","0","0","0","0","0","0","0","4","0","","02","8","2023","5","40.458382","-79.896956","0253","11","0","0","0","0","0","0","0","0","","0","0","0","","","0","N","0","","40 27:30.175","","0","79 53:49.040","0","0","0","0","2301","0","0","0","N","0","0","0","1","02301","0","","6.0","","1","N","N","N","0","","0","0","2","","0","","","3","0","0","0","0","0","0","2","0","3","","","","N","","","","","","","","","",""
"2023075289","1530","0","0","0","0","0","0","0","0","0","4","1","","02","8","2023","6","40.449464","-80.107469","1520","11","0","0","0","0","0","0","0","1","","0","1","0","","","0","","1","","40 26:58.071","","0","80 06:26.887","0","0","0","0","2115","0","0","0","N","0","0","0","2","02115","0","","1.0","","1","N","N","N","0","","0","0","0","","2","","","2","0","0","0","0","0","0","2","1","2","","03","","N","","","","","","","","","",""
"2023071635","1044","2","0","0","0","0","0","0","0","0","4","0","","02","8","2023","2","40.494944","-79.749993","1039","11","0","0","0","0","0","1","0","1","","0","0","0","","","1","","2","","40 29:41.798","2","0","79 44:59.975","8","0","0","0","2466","0","0","0","N","0","0","0","3","02466","0","","1.0","1117.0","1","N","N","N","0","","0","0","1","","3","N","","3","1","0","0","0","1","0","2","0","3","","","","N","","","","","","","","","",""
"2023071522","2306","0","0","0","0","0","0","0","0","0","7","0","","02","8","2023","7","40.433442","-80.031098","2303","11","0","0","0","0","0","0","0","0","","0","0","0","","","0","N","0","","40 26:00.392","4","0","80 01:51.952","0","0","0","0","2301","0","0","0","N","0","0","0","2","02301","0","","4.0","2348.0","1","N","N","N","0","","0","0","1","","0","N","","1","0","1","0","0","0","0","2","0","1","","03","","N","","","","","","","","","",""
"2023071372","1900","1","0","0","0","0","0","0","0","0","5","0","","02","8","2023","7","40.469591","-79.920651","1900","11","0","0","0","0","0","0","0","0","","0","0","0","","","0","N","0","","40 28:10.529","","0","79 55:14.343","9","0","0","0","2301","0","0","0","N","0","0","0","1","02301","0","","6.0","","9","N","N","N","0","","0","0","1","","0","","","2","0","0","0","0","0","1","2","0","2","","","","N","","","","","","","","","",""
"2023069059","2100","1","0","0","0","0","0","0","0","0","4","0","","02","8","2023","7","40.496024","-80.007884","2056","11","0","0","0","0","0","0","1","0","","0","0","0","","","0","","1","","40 29:45.687","","0","80 00:28.384","0","0","0","0","2301","0","0","0","N","0","0","0","3","02301","0","","1.0","","1","N","N","N","0","","0","0","1","","0","","","2","0","0","0","0","0","0","2","0","2","","03","","N","","","","","","","","","",""
"2023093053","1430","1","0","0","0","0","0","0","0","0","7","0","","02","10","2023","7","40.427291","-79.951745","1430","11","0","0","0","0","0","0","0","0","","0","0","0","","","0","N","0","","40 25:38.249","","0","79 57:06.283","0","0","0","0","2301","0","0","0","N","0","0","0","1","68B03","0","","2.0","","9","N","N","N","0","","0","0","0","","0","","","1","0","0","0","0","0","0","2","0","1","","","","N","","","","","","","","","",""
"2023086084","0122","1","0","0","0","0","0","0","0","0","7","0","","02","9","2023","5","40.519362","-79.808633","0113","11","0","0","0","0","0","0","0","0","","0","0","0","","","1","N","0","","40 31:09.704","4","0","79 48:31.077","3","0","0","0","2466","0","0","0","N","0","0","0","1","02466","0","","5.0","207.0","1","N","N","N","0","","1","0","0","","0","N","","1","1","0","0","0","0","0","2","0","1","","03","","N","","","","","","","","","",""
"2023071545","2345","2","0","0","0","0","0","0","0","0","1","0","","02","8","2023","1","40.46508","-79.954419","2337","11","0","0","0","0","0","0","0","0","","0","0","0","","","0","N","0","","40 27:54.287","","0","79 57:15.908","0","0","0","0","2301","0","0","0","N","0","0","0","1","02301","0","","6.0","","1","N","N","Y","0","","0","0","1","","0","","","3","0","0","0","0","0","0","2","0","3","","03","","N","","","","","","","","","",""
"2023070015","1933","0","0","0","0","0","0","0","0","0","7","0","","02","8","2023","3","40.654618","-80.091448","1926","11","0","0","0","0","0","0","0","0","","0","0","0","","","0","Y","0","","40 39:16.624","","0","80 05:29.212","0","0","0","0","2212","0","0","0","N","0","0","0","1","02505","0","","2.0","","1","N","N","N","0","","0","0","1","","0","","","1","0","0","0","0","0","0","2","0","1","","","","N","","","","","","","","","",""
"2023065956","0911","0","0","0","0","0","0","0","0","0","1","0","","02","7","2023","4","40.45729","-79.909045","0906","11","0","0","0","0","0","1","0","0","","0","0","0","","","1","","1","","40 27:26.245","1","0","79 54:32.562","3","0","0","0","2301","0","0","0","N","0","0","0","2","02301","0","","1.0","2130.0","1","N","N","N","0","","1","0","1","","2","N","","2","1","0","0","0","0","0","2","1","2","","03","","N","","","","","","","","","",""
"2023071535","0229","0","0","0","0","0","0","0","0","0","1","0","","02","7","2023","7","40.513751","-80.021392","0229","11","0","0","0","1","0","0","0","0","","0","0","0","","","0","N","0","","40 30:49.502","","0","80 01:17.011","0","0","0","0","2474","0","0","0","N","0","0","0","1","02474","0","","6.0","","1","N","N","N","0","","0","0","2","","0","","","2","0","0","0","0","0","0","2","0","2","","03","","N","","","","","","","","","",""
"2023081338","1723","1","0","0","0","0","0","0","0","0","1","0","","02","8","2023","1","40.423903","-80.030629","1713","11","0","0","0","0","0","2","0","0","","0","0","0","","","0","N","0","","40 25:26.050","4","0","80 01:50.266","0","0","0","0","2301","0","0","0","N","0","0","0","4","68B03","0","","1.0","100.0","1","N","N","N","1","","0","0","1","","0","Y","","3","0","0","0","0","0","0","2","0","3","","","","N","","","","","","","","","",""
"2023073810","","0","0","0","0","0","0","0","0","0","1","1","","02","6","2023","5","40.526527","-80.159081","","11","0","0","0","0","0","0","1","0","","0","1","0","","","1","","1","","40 31:35.498","","0","80 09:32.693","8","0","0","0","2436","0","0","0","N","0","0","0","2","00000","0","","1.0","","1","","","N","1","","0","0","0","","2","","","2","1","1","0","0","1","0","2","0","2","","03","","N","","","","","","","","","",""
"2023069984","1915","1","0","0","0","0","0","0","0","0","7","0","","02","8","2023","3","40.462491","-79.947336","1909","11","0","0","0","0","0","1","0","0","","0","0","0","","","1","N","0","","40 27:44.968","","0","79 56:50.410","8","0","0","0","2301","0","0","0","Y","0","0","0","1","02301","0","","4.0","","1","N","N","N","0","","0","0","0","","0","","","1","1","0","0","0","1","0","2","0","1","","03","","N","","","","","","","","","",""
"2023067356","1458","1","0","0","0","0","0","0","0","0","1","0","","02","7","2023","3","40.42852","-79.976268","1438","11","0","0","0","0","0","1","0","0","","0","0","0","","","2","","1","","40 25:42.671","","0","79 58:34.565","3","0","0","0","2301","0","0","0","N","0","0","0","4","02301","0","","1.0","","1","N","N","N","0","","2","0","1","","2","","","2","2","0","0","0","0","1","2","0","2","","03","","N","","","","","","","","","",""
"2023077722","1644","1","0","0","0","0","0","0","0","0","7","0","","02","8","2023","2","40.5312","-80.044464","1633","11","0","0","0","0","0","1","0","0","","0","0","0","","","0","N","0","","40 31:52.320","","0","80 02:40.069","0","0","0","0","2116","0","0","0","N","0","0","0","1","02116","0","","5.0","","1","N","N","N","0","","0","0","0","","0","","","1","0","0","0","0","0","0","2","0","1","","","","N","","","","","","","","","",""
"2023080760","1215","2","0","0","0","0","0","0","0","0","4","0","","02","9","2023","5","40.537459","-80.011127","1208","11","0","0","0","0","0","0","1","0","","0","0","0","","","0","","1","","40 32:14.852","","7","80 00:40.058","0","0","0","0","2116","0","0","0","N","0","0","0","2","02116","0","","1.0","","1","N","N","N","0","","0","0","0","","0","","","2","0","0","0","0","0","0","2","0","2","","","","N","","","","","","","","","",""
"2023066701","1713","0","0","0","0","0","0","0","0","0","6","0","","02","7","2023","6","40.460836","-80.19423","1709","11","0","1","0","0","0","0","0","0","","0","0","0","","","0","N","0","","40 27:39.011","6","0","80 11:39.227","0","0","0","0","2203","0","0","0","N","0","0","0","2","02203","0","","1.0","1821.0","9","N","N","N","1","","0","0","1","","0","N","","2","0","0","0","0","0","0","2","0","2","","04","","N","","","","","","","","","",""
"2023066969","1842","0","0","0","0","0","0","0","0","0","4","0","","02","7","2023","7","40.438231","-79.996043","1838","11","0","1","0","0","0","0","0","0","","0","0","0","","","0","","1","","40 26:17.633","","0","79 59:45.755","0","0","0","0","2301","0","0","0","N","0","0","0","6","02301","0","","1.0","","1","N","N","N","0","","0","0","2","","2","","","2","0","0","0","0","0","0","2","0","2","","03","","N","","","","","","","","","",""
"2023090362","0634","0","0","0","0","0","0","0","0","0","98","0","","02","10","2023","4","40.519894","-79.736644","0629","11","0","0","0","0","0","0","1","0","","0","0","0","","","0","N","0","","40 31:11.618","4","0","79 44:11.920","0","0","0","0","2466","0","0","0","N","0","0","0","1","02466","0","","1.0","714.0","1","N","N","N","0","","0","0","1","","0","N","","1","0","0","0","0","0","0","1","0","1","","03","","N","","","","","","","","","",""
"2023067997","1245","1","0","0","0","0","0","0","0","0","7","0","","02","7","2023","6","40.349115","-79.936746","1241","11","0","0","0","0","0","0","0","0","","0","0","0","","","0","N","0","","40 20:56.814","","0","79 56:12.286","0","0","0","0","2473","0","0","0","N","0","0","0","1","02473","0","","2.0","","1","N","N","N","0","","0","0","0","","0","","","1","0","1","0","0","0","0","2","0","1","","03","","N","","","","","","","","","",""
"2023079931","1700","1","0","0","1","0","0","0","0","0","8","0","","02","7","2023","1","40.440478","-79.991519","1656","11","0","0","0","0","0","0","0","0","","0","0","0","","","1","","1","","40 26:25.721","","0","79 59:29.468","3","0","0","0","2301","1","0","0","N","0","0","0","2","02301","0","","1.0","","1","N","Y","N","0","","1","0","0","","2","","","2","1","0","0","0","0","0","2","0","1","","03","","N","","","","","","","","","",""
"2023070677","1500","1","0","0","0","0","0","0","0","0","5","0","","02","7","2023","7","40.397106","-79.998839","1448","11","0","0","0","0","0","0","0","0","","0","0","0","","","0","N","0","","40 23:49.583","","0","79 59:55.820","0","0","0","0","2301","0","0","0","N","0","0","0","3","02301","0","","1.0","","9","N","N","N","0","","0","0","1","","2","","","2","0","0","0","0","0","0","2","0","2","","07","","N","","","","","","","","","",""
"2023066518","1854","2","0","0","0","0","0","0","0","0","1","0","","02","7","2023","4","40.370588","-79.828788","1847","11","0","0","0","0","0","2","0","0","","0","0","0","","","1","","3","","40 22:14.117","","0","79 49:43.635","3","0","0","0","2111","0","0","0","N","0","0","0","2","02111","0","","1.0","","1","N","N","N","0","","1","0","0","","3","","","2","1","0","0","0","0","0","2","0","2","","03","","N","","","","","","","","","",""
"2023081991","0236","1","0","0","0","0","0","0","0","0","7","0","","02","9","2023","1","40.455784","-79.965856","0236","11","0","0","0","0","0","0","0","0","","0","0","0","","","0","","5","","40 27:20.823","","0","79 57:57.083","0","0","0","0","2301","0","0","0","N","0","0","0","1","02301","0","","4.0","","1","N","N","N","0","","0","0","0","","2","","","1","0","0","0","0","0","0","2","0","1","","03","","N","","","","","","","","","",""
"2023077012","0028","0","0","1","0","0","0","0","0","0","5","0","","02","8","2023","7","40.635614","-80.098144","0006","11","0","0","0","0","0","0","0","0","","0","0","0","","","2","N","0","","40 38:08.210","2","0","80 05:53.319","2","0","0","0","2212","0","0","0","N","0","0","0","2","68B03","0","","1.0","145.0","9","N","N","N","0","","1","1","3","","7","N","","3","2","0","0","0","0","0","2","0","3","","08","","N","","","","","","","","","",""
"2023077646","1359","0","0","0","0","0","0","0","0","0","4","0","","02","8","2023","3","40.655259","-80.010206","1348","11","0","0","0","0","0","1","0","0","","0","0","0","","","0","","2","","40 39:18.933","","0","80 00:36.740","0","0","0","0","2216","0","0","0","N","0","0","0","2","02505","0","","1.0","","1","N","N","N","0","","0","0","2","","3","N","","2","0","0","0","0","0","0","1","0","2","","03","","N","","","","","","","","","",""
"2023068393","1016","1","0","0","0","0","0","0","0","0","1","0","","02","8","2023","5","40.441721","-80.021511","1009","11","0","0","0","0","0","0","0","0","","0","0","0","","","1","N","0","","40 26:30.195","","7","80 01:17.439","8","0","0","0","2301","0","0","0","N","0","0","0","2","02301","0","","1.0","","1","N","N","N","0","","0","0","0","","2","","","2","1","0","0","0","1","0","2","1","2","","03","","N","","","","","","","","","",""
"2023066872","0646","2","0","0","0","0","0","0","0","0","6","0","","02","7","2023","7","40.472168","-80.010293","0643","11","0","0","0","0","0","0","0","0","","0","0","0","","","1","N","0","","40 28:19.803","","0","80 00:37.055","4","0","0","0","2301","0","0","0","N","0","0","0","3","02301","1","","6.0","","1","N","N","N","0","","0","0","1","","0","","","3","1","0","0","0","0","1","2","0","3","","03","","N","","","","","","","","","",""
"2023077771","1944","0","0","0","0","0","0","0","0","0","7","0","","02","9","2023","7","40.290411","-80.028249","1940","11","0","0","0","0","0","0","0","0","","0","0","0","","","0","N","0","","40 17:25.480","2","0","80 01:41.698","0","0","0","0","2219","0","0","0","N","0","0","0","1","02219","0","","5.0","2040.0","1","N","N","N","0","","0","0","1","","0","N","","1","0","0","0","0","0","0","2","0","1","","","","N","","","","","","","","","",""
"2023079465","1651","0","0","0","0","0","0","0","0","0","4","0","","02","8","2023","5","40.653193","-80.079502","1641","11","0","0","0","0","0","0","0","0","","0","0","0","","","0","","1","","40 39:11.494","","0","80 04:46.206","0","0","0","0","2212","0","0","0","N","0","0","0","3","02505","0","","1.0","","1","N","N","N","1","","0","0","1","","2","","","2","0","0","0","0","0","0","2","0","2","","03","","N","","","","","","","","","",""
"2023066476","1625","0","0","0","0","0","0","0","0","0","4","0","","02","7","2023","5","40.437014","-79.774876","1625","11","0","0","0","0","0","0","0","1","","0","0","0","","","0","N","0","","40 26:13.252","","7","79 46:29.554","0","0","0","0","2446","0","0","0","N","0","0","0","3","02446","0","","1.0","","1","N","N","N","0","","0","0","2","","0","","","2","0","1","0","0","0","0","2","0","2","","03","","N","","","","","","","","","",""
"2023079479","1645","0","0","0","0","0","0","0","0","0","1","0","","02","9","2023","6","40.600132","-79.996074","1640","11","0","0","0","0","0","0","0","1","","0","0","0","","","0","","2","","40 36:00.476","","0","79 59:45.866","0","0","0","0","2108","0","0","0","N","0","0","0","2","02108","0","","1.0","","1","N","N","N","1","","0","0","1","","0","","","2","0","0","0","0","0","0","2","0","2","","03","","N","","","","","","","","","",""
"2023067618","1914","0","0","0","0","0","0","0","0","0","8","0","","02","7","2023","2","40.477023","-79.999494","1909","11","0","0","0","0","0","1","0","0","","0","0","0","","","1","","2","","40 28:37.281","1","0","79 59:58.180","8","0","0","0","2301","1","0","0","N","1","0","0","2","02301","0","","1.0","1935.0","1","N","N","N","0","","0","0","1","","3","N","","2","1","0","0","0","1","0","2","0","1","","03","","N","","","","","","","","","",""
"2023068665","1957","1","0","0","0","0","0","0","0","0","1","0","","02","7","2023","7","40.351738","-79.863209","1956","11","0","0","1","0","0","0","0","0","","0","0","0","","","2","","1","","40 21:06.255","","0","79 51:47.553","3","0","0","0","2304","0","0","0","N","0","0","0","5","02304","0","","1.0","","1","N","N","N","0","","2","0","1","","2","","","2","2","0","0","0","0","1","2","0","2","","03","","N","","","","","","","","","",""
"2023067887","1645","0","0","0","0","0","0","0","0","0","4","0","","02","7","2023","2","40.427766","-79.979226","1643","11","0","0","0","0","0","0","0","1","","0","0","0","","","0","","1","","40 25:39.959","","0","79 58:45.215","0","0","0","0","2301","0","0","0","N","0","0","0","2","02301","0","","1.0","","1","N","N","N","0","","0","0","2","","3","","","2","0","0","0","0","0","0","2","0","2","","03","","N","","","","","","","","","",""
"2023066063","2145","2","0","0","0","0","0","0","0","0","4","0","","02","7","2023","3","40.531539","-79.710378","2141","11","0","0","0","0","0","0","0","0","","0","0","0","","","0","N","0","","40 31:53.540","4","0","79 42:37.360","9","0","0","0","2466","0","0","0","N","0","0","0","3","02466","0","","1.0","2155.0","1","N","N","N","0","","0","0","0","","0","N","","2","0","0","0","0","0","1","1","0","2","","03","","N","","","","","","","","","",""
"2023078551","0619","0","0","0","0","0","0","0","0","0","7","0","","02","7","2023","7","40.398825","-80.105383","0614","11","0","0","0","0","0","0","0","0","","0","0","0","","","0","N","0","","40 23:55.769","2","0","80 06:19.377","0","0","0","0","2102","0","0","0","N","0","0","0","1","68B03","0","","2.0","646.0","9","N","N","N","0","","0","0","1","","0","N","","1","0","0","0","0","0","0","2","0","1","","","","N","","","","","","","","","",""
"2023071691","1443","2","0","0","0","0","0","0","0","0","1","0","","02","8","2023","7","40.429638","-79.892113","1435","11","0","0","0","0","0","0","0","0","","0","0","0","","","1","","5","","40 25:46.696","","2","79 53:31.608","4","0","0","0","2426","0","0","0","N","0","0","0","2","02426","1","","1.0","","1","N","N","N","0","","0","0","0","","0","","","2","1","0","0","0","0","0","2","0","2","","03","","N","","","","","","","","","",""
"2023081158","1206","0","0","0","0","0","0","0","0","0","1","0","","02","9","2023","5","40.470274","-79.908533","1206","11","0","0","0","0","0","0","1","0","","0","0","0","","","1","","2","","40 28:12.985","3","0","79 54:30.718","4","0","0","0","2301","0","0","0","N","0","0","0","2","02301","1","","1.0","1254.0","1","N","N","N","0","","0","0","2","","2","N","","2","1","0","0","0","0","0","2","0","2","","","","N","","","","","","","","","",""
"2023082134","0627","0","0","0","0","0","0","0","0","0","7","1","45","02","8","2023","4","40.561356","-80.114489","0615","11","0","0","0","0","0","1","0","0","","0","1","0","","","0","N","0","","40 33:40.881","1","0","80 06:52.160","0","0","0","0","2460","0","0","0","Y","0","0","0","1","68B03","0","","2.0","1330.0","1","N","N","N","0","","0","0","0","","0","N","","1","0","0","0","0","0","0","2","0","1","","","N","Y","4","1","","","N","","","Y","","N"