"CRN","ARRIVAL_TM","AUTOMOBILE_COUNT","BELTED_DEATH_COUNT","BELTED_SUSP_SERIOUS_INJ_COUNT","BICYCLE_COUNT","BICYCLE_DEATH_COUNT","BICYCLE_SUSP_SERIOUS_INJ_COUNT","BUS_COUNT","CHLDPAS_DEATH_COUNT","CHLDPAS_SUSP_SERIOUS_INJ_COUNT","COLLISION_TYPE","COMM_VEH_COUNT","CONS_ZONE_SPD_LIM","COUNTY","CRASH_MONTH","CRASH_YEAR","DAY_OF_WEEK","DEC_LATITUDE","DEC_LONGITUDE","DISPATCH_TM","DISTRICT","DRIVER_COUNT_16YR","DRIVER_COUNT_17YR","DRIVER_COUNT_18YR","DRIVER_COUNT_19YR","DRIVER_COUNT_20YR","DRIVER_COUNT_50_64YR","DRIVER_COUNT_65_74YR","DRIVER_COUNT_75PLUS","EST_HRS_CLOSED","FATAL_COUNT","HEAVY_TRUCK_COUNT","HORSE_BUGGY_COUNT","HOUR_OF_DAY","ILLUMINATION","INJURY_COUNT","INTERSECTION_RELATED","INTERSECT_TYPE","LANE_CLOSED","LATITUDE","LN_CLOSE_DIR","LOCATION_TYPE","LONGITUDE","MAX_SEVERITY_LEVEL","MCYCLE_DEATH_COUNT","MCYCLE_SUSP_SERIOUS_INJ_COUNT","MOTORCYCLE_COUNT","MUNICIPALITY","NONMOTR_COUNT","NONMOTR_DEATH_COUNT","NONMOTR_SUSP_SERIOUS_INJ_COUNT","NTFY_HIWY_MAINT","PED_COUNT","PED_DEATH_COUNT","PED_SUSP_SERIOUS_INJ_COUNT","PERSON_COUNT","POLICE_AGCY","POSSIBLE_INJ_COUNT","RDWY_SURF_TYPE_CD","RELATION_TO_ROAD","ROADWAY_CLEARED","ROAD_CONDITION","SCH_BUS_IND","SCH_ZONE_IND","SECONDARY_CRASH","SMALL_TRUCK_COUNT","SPEC_JURIS_CD","SUSP_MINOR_INJ_COUNT","SUSP_SERIOUS_INJ_COUNT","SUV_COUNT","TCD_FUNC_CD","TCD_TYPE","TFC_DETOUR_IND","TIME_OF_DAY","TOTAL_UNITS","TOT_INJ_COUNT","UNBELTED_OCC_COUNT","UNB_DEATH_COUNT","UNB_SUSP_SERIOUS_INJ_COUNT","UNK_INJ_DEG_COUNT","UNK_INJ_PER_COUNT","URBAN_RURAL","VAN_COUNT","VEHICLE_COUNT","WEATHER1","WEATHER2","WORKERS_PRES","WORK_ZONE_IND","WORK_ZONE_LOC","WORK_ZONE_TYPE","WZ_CLOSE_DETOUR","WZ_FLAGGER","WZ_LAW_OFFCR_IND","WZ_LN_CLOSURE","WZ_MOVING","WZ_OTHER","WZ_SHLDER_MDN","WZ_WORKERS_INJ_KILLED"
"2023078739","0737","0","0","0","0","0","0","0","0","0","1","1","","02","9","2023","4","40.486298","-80.054066","0734","11","0","0","0","0","0","1","0","0","","0","1","0","","","1","","2","","40 29:10.671","5","0","80 03:14.638","8","0","0","0","2404","0","0","0","N","0","0","0","2","02404","0","","1.0","833.0","1","N","N","N","1","","0","0","0","","0","N","","2","1","0","0","0","1","0","2","0","2","","03","","N","","","","","","","","","",""
"2023067058","1715","1","0","0","0","0","0","0","0","0","4","0","","02","7","2023","6","40.639716","-79.953878","1704","11","0","0","0","0","0","1","0","0","","0","0","0","","","0","","1","","40 38:22.977","","0","79 57:13.961","0","0","0","0","2217","0","0","0","N","0","0","0","3","02505","0","","1.0","","9","N","N","N","0","","0","0","1","","3","","","2","0","0","0","0","0","0","2","0","2","","03","","N","","","","","","","","","",""
"2023082392","1634","1","0","0","0","0","0","1","0","0","4","1","","02","9","2023","2","40.461424","-79.897567","1629","11","0","0","0","0","0","2","0","0","","0","0","0","","","1","","1","","40 27:41.126","5","0","79 53:51.241","3","0","0","0","2301","0","0","0","N","0","0","0","10","02301","0","","1.0","1650.0","9","Y","N","N","0","","1","0","0","","3","N","","2","1","0","0","0","0","0","2","0","2","","03","","N","","","","","","","","","",""
"2023078025","0738","0","0","0","0","0","0","0","0","0","2","0","","02","9","2023","2","40.449706","-80.025099","0737","11","0","0","0","0","0","1","0","0","","0","0","0","","","0","N","3","","40 26:58.940","","0","80 01:30.356","0","0","0","0","2301","0","0","0","N","0","0","0","2","02301","0","","1.0","","1","N","N","N","0","","0","0","1","","1","","","2","0","2","0","0","0","0","2","1","2","","03","","N","","","","","","","","","",""
"2023068418","1529","2","0","0","0","0","0","0","0","0","6","0","","02","8","2023","5","40.46642","-79.994379","1517","11","0","0","0","0","0","1","0","0","","0","0","0","","","1","N","0","","40 27:59.113","","0","79 59:39.763","8","0","0","0","2301","0","0","0","N","0","0","0","3","02301","0","","1.0","","1","N","N","Y","0","","0","0","0","","0","","","2","1","0","0","0","1","0","2","0","2","","03","","N","","","","","","","","","",""
"2023078780","1309","0","0","0","0","0","0","0","0","0","4","0","","02","9","2023","4","40.606889","-79.947174","1304","11","0","0","0","0","0","1","0","1","","1","0","0","","","1","N","0","","40 36:24.799","2","7","79 56:49.826","1","0","0","0","2207","0","0","0","N","0","0","0","2","02207","0","2","1.0","1403.0","1","N","N","N","0","0","1","0","2","","0","N","","2","1","1","1","0","0","0","2","0","2","","03","","N","","","","","","","","","",""
"2023081209","1525","1","0","0","0","0","0","0","0","0","2","0","","02","9","2023","5","40.658288","-79.994019","1524","11","0","0","0","0","0","0","0","0","","0","0","0","","","0","","1","","40 39:29.836","","0","79 59:38.470","0","0","0","0","2216","0","0","0","N","0","0","0","2","02505","0","","1.0","","1","N","N","N","0","","0","0","0","","3","","","2","0","0","0","0","0","0","1","1","2","","03","","N","","","","","","","","","",""
"2023067653","2159","1","0","0","0","0","0","0","0","0","7","0","","02","7","2023","6","40.527129","-79.816633","2159","11","0","0","0","0","0","0","1","0","","0","0","0","","","0","","2","","40 31:37.663","","0","79 48:59.880","0","0","0","0","2466","0","0","0","N","0","0","0","1","02466","0","","3.0","","9","N","N","N","0","","0","0","0","","2","","","1","0","0","0","0","0","0","2","0","1","","03","","N","","","","","","","","","",""
"2023064953","1633","2","0","0","0","0","0","0","0","0","1","0","","02","7","2023","2","40.416664","-79.880139","1629","11","0","0","0","0","0","1","0","0","","0","0","0","","","0","N","0","","40 24:59.990","2","0","79 52:48.500","0","0","0","0","2463","0","0","0","N","0","0","0","1","02463","0","","6.0","1655.0","1","N","N","N","0","","0","0","0","","0","N","","3","0","0","0","0","0","0","2","1","3","","03","","N","","","","","","","","","",""
"2023069040","1659","2","0","0","0","0","0","0","0","0","1","0","","02","8","2023","4","40.521179","-79.955826","1645","11","0","0","0","0","0","0","0","0","","0","0","0","","","0","N","0","","40 31:16.245","","0","79 57:20.972","0","0","0","0","2118","0","0","0","N","0","0","0","2","02118","0","","6.0","","1","N","N","N","0","","0","0","0","","0","","","2","0","0","0","0","0","0","2","0","2","","03","","N","","","","","","","","","",""
"2023078041","1803","1","0","0","0","0","0","0","0","0","7","0","","02","8","2023","5","40.409894","-79.749925","1758","11","0","0","0","0","0","0","0","0","","0","0","0","","","1","N","0","","40 24:35.620","6","0","79 44:59.731","8","0","0","0","2446","0","0","0","N","0","0","0","1","02446","0","","5.0","1940.0","1","N","N","N","0","","0","0","1","","0","Y","","2","1","0","0","0","1","0","2","0","2","","03","","N","","","","","","","","","",""
"2023075685","1613","1","0","0","0","0","0","0","0","0","1","0","","02","8","2023","4","40.309772","-79.914992","1606","11","0","0","0","0","0","1","0","0","","0","0","0","","","0","N","3","","40 18:35.179","2","0","79 54:53.971","0","0","0","0","2440","0","0","0","N","0","0","0","2","02440","0","","1.0","1645.0","1","N","N","N","0","","0","0","1","","0","Y","","2","0","0","0","0","0","0","2","0","2","","03","","N","","","","","","","","","",""
"2023073489","1656","1","0","0","0","0","0","0","0","0","1","0","","02","7","2023","5","40.425612","-79.910702","1641","11","0","0","0","0","0","0","0","0","","0","0","0","","","1","N","0","","40 25:32.202","","0","79 54:38.528","3","0","0","0","2301","0","0","0","N","0","0","0","3","68B03","0","","1.0","","1","N","N","N","0","","1","0","2","","0","","","3","1","0","0","0","0","0","2","0","3","","","","N","","","","","","","","","",""
"2023079571","1345","0","0","0","0","0","0","0","0","0","7","1","30","02","9","2023","5","40.570508","-79.9543","1343","11","0","0","0","0","0","0","0","0","","0","1","0","","","0","N","0","","40 34:13.827","1","0","79 57:15.480","0","0","0","0","2207","0","0","0","Y","0","0","0","1","02207","0","","2.0","1520.0","1","N","N","N","0","","0","0","0","","0","N","","1","0","0","0","0","0","0","2","0","1","","03","N","Y","4","1","","","N","","Y","","","N"
"2023065990","1355","0","0","0","0","0","0","0","0","0","4","0","","02","7","2023","4","40.462083","-80.018274","1354","11","0","0","0","0","0","1","0","0","","0","0","0","","","1","","1","","40 27:43.497","","0","80 01:05.787","3","0","0","0","2301","0","0","0","N","0","0","0","2","02301","0","","1.0","","1","N","N","N","0","","1","0","2","","3","","","2","1","0","0","0","0","0","2","0","2","","03","","N","","","","","","","","","",""
"2023076379","0734","0","0","0","0","0","0","2","0","0","1","2","","02","8","2023","3","40.440756","-80.000384","0732","11","0","0","0","0","0","1","0","0","","0","0","0","","","1","","1","","40 26:26.723","2","0","80 00:01.382","3","0","0","0","2301","0","0","0","N","0","0","0","3","02503","0","","1.0","742.0","1","N","N","N","0","","1","0","0","","2","N","","2","1","0","0","0","0","0","2","0","2","","03","","N","","","","","","","","","",""
"2023082823","1250","2","0","0","0","0","0","0","0","0","2","0","","02","9","2023","2","40.381059","-80.094894","1245","11","0","0","0","0","0","0","0","1","","0","0","0","","","0","","2","","40 22:51.813","","0","80 05:41.620","0","0","0","0","2102","0","0","0","N","0","0","0","2","02102","0","","1.0","","1","N","N","N","0","","0","0","0","","2","","","2","0","0","0","0","0","0","2","0","2","","","","N","","","","","","","","","",""
"2023066817","1336","1","0","0","0","0","0","0","0","0","4","0","","02","7","2023","4","40.319394","-79.941386","1333","11","0","0","0","0","0","0","1","0","","0","0","0","","","2","N","0","","40 19:09.820","2","7","79 56:28.989","8","0","0","0","2454","0","0","0","N","0","0","0","5","02454","0","","1.0","1430.0","1","N","N","N","0","","0","0","2","","0","Y","","3","2","2","0","0","2","0","2","0","3","","03","","N","","","","","","","","","",""
"2023068677","0923","1","0","0","0","0","0","0","0","0","1","0","","02","8","2023","6","40.336841","-79.949029","0918","11","0","0","0","0","0","0","0","1","","0","0","0","","","0","N","0","","40 20:12.628","","7","79 56:56.506","0","0","0","0","2473","0","0","0","N","0","0","0","3","02473","0","","1.0","","1","N","N","N","0","","0","0","1","","2","","","2","0","0","0","0","0","0","2","0","2","","03","","N","","","","","","","","","",""
"2023079770","1348","1","0","0","0","0","0","0","0","0","1","0","","02","9","2023","7","40.332829","-80.00008","1344","11","0","0","0","0","0","0","0","0","","0","0","0","","","1","N","0","","40 19:58.185","1","0","80 00:00.287","3","0","0","0","2219","0","0","0","N","0","0","0","4","02219","0","","1.0","1435.0","1","N","N","N","1","","1","0","2","","0","N","","4","1","0","0","0","0","0","2","0","4","","98","","N","","","","","","","","","",""
"2023077752","1831","1","0","0","0","0","0","0","0","0","7","0","45","02","7","2023","6","40.489382","-80.124954","1812","11","0","0","0","0","0","0","0","0","","0","0","0","","","1","N","0","","40 29:21.774","1","0","80 07:29.833","3","0","0","0","2126","0","0","0","Y","0","0","0","1","68B03","0","","2.0","1900.0","1","N","N","N","0","","1","0","0","","0","N","","1","1","0","0","0","0","0","2","0","1","","","N","Y","4","1","","","N","","","","Y","N"
"2023079629","1541","1","0","0","0","0","0","0","0","0","4","0","","02","9","2023","6","40.339033","-79.961079","1541","11","0","0","1","0","0","1","0","0","","0","0","0","","","1","N","0","","40 20:20.517","","0","79 57:39.884","3","0","0","0","2454","0","0","0","N","0","0","0","2","02454","0","","1.0","","1","N","N","N","1","","1","0","0","","0","","","2","1","1","0","0","0","0","2","0","2","","","","N","","","","","","","","","",""
"2023066151","1850","1","0","0","0","0","0","0","0","0","4","0","","02","7","2023","4","40.448628","-80.002278","1842","11","0","0","0","0","0","0","0","0","","0","0","0","","","0","","1","","40 26:55.061","3","0","80 00:08.202","0","0","0","0","2301","0","0","0","N","0","0","0","2","02301","0","","1.0","1930.0","1","N","N","N","1","","0","0","0","","2","N","","2","0","0","0","0","0","0","2","0","2","","03","","N","","","","","","","","","",""
"2023067841","0929","2","0","0","0","0","0","0","0","0","4","0","","02","7","2023","6","40.43384","-79.885403","0929","11","0","0","0","0","0","0","0","0","","0","0","0","","","0","","1","","40 26:01.823","6","0","79 53:07.451","0","0","0","0","2426","0","0","0","N","0","0","0","3","02426","0","","1.0","949.0","1","N","N","N","0","","0","0","0","","2","N","","2","0","0","0","0","0","0","2","0","2","","03","","N","","","","","","","","","",""
"2023069647","1803","3","0","1","0","0","0","0","0","0","4","0","","02","8","2023","4","40.384062","-79.995494","1755","11","0","0","1","0","0","0","0","0","","0","0","0","","","1","","2","","40 23:02.623","","0","79 59:43.780","2","0","0","0","2301","0","0","0","N","0","0","0","2","02301","0","","1.0","","1","N","N","N","0","","0","1","0","","0","","","3","1","0","0","0","0","0","2","0","3","","03","","N","","","","","","","","","",""
"2023082035","1011","0","0","0","0","0","0","0","0","0","1","0","","02","9","2023","4","40.549929","-80.026633","1011","11","0","0","1","0","0","0","0","1","","0","0","0","","","2","N","0","","40 32:59.746","2","0","80 01:35.880","3","0","0","0","2116","0","0","0","N","0","0","0","2","02116","0","","1.0","1035.0","1","N","N","Y","1","","2","0","1","","0","N","","2","2","0","0","0","0","0","2","0","2","","03","","N","","","","","","","","","",""
"2023082543","1813","1","0","0","0","0","0","0","0","0","1","0","","02","9","2023","4","40.454551","-79.997128","1730","11","0","0","0","0","0","1","0","0","","0","0","0","","","1","N","0","","40 27:16.385","","3","79 59:49.660","3","0","0","0","2301","0","0","0","N","0","0","0","4","68B03","0","","1.0","","1","N","N","N","0","","1","0","1","","0","","","3","1","0","0","0","0","0","2","1","3","","03","","N","","","","","","","","","",""
"2023068984","1541","1","0","0","0","0","0","0","0","0","4","0","","02","7","2023","1","40.347833","-79.94775","1537","11","0","0","0","1","0","0","0","0","","0","0","0","","","0","N","0","","40 20:52.200","","7","79 56:51.900","0","0","0","0","2473","0","0","0","N","0","0","0","2","02473","0","","1.0","","1","N","N","N","1","","0","0","0","","0","","","2","0","0","0","0","0","0","2","0","2","","03","","N","","","","","","","","","",""
"2023069816","1835","1","0","0","0","0","0","0","0","0","4","0","","02","7","2023","1","40.461153","-80.168673","1830","11","1","0","0","0","0","0","0","0","","0","0","0","","","3","","2","","40 27:40.151","","0","80 10:07.224","3","0","0","0","2213","0","0","0","N","0","0","0","4","02213","2","","1.0","","9","N","N","N","0","","1","0","1","","3","","","2","3","0","0","0","0","0","2","0","2","","07","","N","","","","","","","","","",""
"2023077681","1545","1","0","0","0","0","0","0","0","0","6","0","","02","9","2023","7","40.311579","-79.937901","1541","11","0","0","0","0","0","0","1","0","","0","0","0","","","1","N","0","","40 18:41.685","","7","79 56:16.444","3","0","0","1","2440","0","0","0","N","0","0","0","2","02440","0","","1.0","","1","N","N","N","0","","1","0","0","","0","","","2","1","0","0","0","0","0","2","0","2","","","","N","","","","","","","","","",""
"2023081440","1625","1","0","0","0","0","0","0","0","0","4","0","","02","8","2023","4","40.404409","-80.107159","1615","11","0","0","0","0","0","0","0","0","","0","0","0","","","1","N","0","","40 24:15.873","","0","80 06:25.771","8","0","0","0","2102","0","0","0","Y","0","0","0","2","68B03","0","","1.0","","1","N","N","N","0","","0","0","1","","0","","","2","1","0","0","0","1","0","2","0","2","","03","","N","","","","","","","","","",""
"2023066425","1904","2","0","0","0","0","0","0","0","0","7","0","","02","7","2023","5","40.454163","-79.912162","1900","11","0","0","0","0","0","0","0","0","","0","0","0","","","2","Y","0","","40 27:14.985","2","0","79 54:43.783","3","0","0","0","2301","0","0","0","N","0","0","0","5","02301","1","","2.0","1930.0","1","N","N","N","1","","1","0","1","","2","Y","","4","2","0","0","0","0","0","2","0","4","","03","","N","","","","","","","","","",""
"2023082012","0810","1","0","0","0","0","0","0","0","0","98","0","","02","9","2023","7","40.429913","-80.134653","0805","11","0","0","0","0","0","1","0","0","","0","0","0","","","0","N","0","","40 25:47.686","","0","80 08:04.751","0","0","0","0","2102","0","0","0","N","0","0","0","1","68B03","0","","1.0","","1","N","N","N","0","","0","0","0","","0","","","1","0","0","0","0","0","0","2","0","1","","","","N","","","","","","","","","",""
"2023065985","1335","1","0","0","0","0","0","0","0","0","4","0","","02","7","2023","4","40.428798","-79.985322","1331","11","0","0","0","0","0","0","0","0","","0","0","0","","","0","","1","","40 25:43.671","","0","79 59:07.158","0","0","0","0","2301","0","0","0","N","0","0","0","2","02301","0","","1.0","","1","N","N","N","0","","0","0","1","","3","","","2","0","0","0","0","0","0","2","0","2","","","","N","","","","","","","","","",""
"2023068914","1751","0","0","0","0","0","0","0","0","0","7","0","","02","7","2023","1","40.496944","-79.937464","1740","11","0","0","0","0","0","0","0","0","","0","0","0","","","0","N","0","","40 29:48.999","","0","79 56:14.870","0","0","0","0","2461","0","0","0","Y","0","0","0","2","68D02","0","","3.0","","9","N","N","N","1","","0","0","0","","0","","","1","0","0","0","0","0","0","2","0","1","","","","N","","","","","","","","","",""
"2023084174","0644","1","0","0","0","0","0","0","0","0","1","0","","02","9","2023","3","40.41804","-80.055101","0644","11","0","0","0","0","0","0","0","0","","0","0","0","","","0","N","0","","40 25:04.945","","0","80 03:18.363","0","0","0","0","2435","0","0","0","N","0","0","0","2","68B03","0","","1.0","","1","N","N","N","0","","0","0","1","","0","","","2","0","0","0","0","0","0","2","0","2","","","","N","","","","","","","","","",""
"2023065678","1650","1","0","0","0","0","0","0","0","0","4","0","","02","7","2023","3","40.42875","-79.987506","1644","11","0","0","0","0","0","0","0","1","","0","0","0","","","1","","1","","40 25:43.499","","0","79 59:15.020","2","0","1","1","2301","0","0","0","N","0","0","0","2","02301","0","","1.0","","1","N","N","N","0","","0","1","0","","0","","","2","1","0","0","0","0","0","2","0","2","","03","","N","","","","","","","","","",""
"2023079099","0654","1","0","0","0","0","0","0","0","0","4","1","","02","9","2023","5","40.337699","-79.951381","0648","11","0","0","0","0","0","0","0","0","","0","1","0","","","0","Y","0","","40 20:15.716","","7","79 57:04.972","0","0","0","0","2454","0","0","0","N","0","0","0","2","02454","0","","1.0","","9","N","N","N","0","","0","0","0","","2","N","","2","0","0","0","0","0","0","2","0","2","","","","N","","","","","","","","","",""
"2023068946","1907","1","0","0","0","0","0","0","0","0","7","0","","02","7","2023","2","40.327139","-79.898611","1900","11","0","0","0","0","0","0","0","0","","0","0","0","","","2","N","0","","40 19:37.700","5","0","79 53:55.001","8","0","0","0","2473","0","0","0","Y","0","0","0","2","02473","0","","2.0","1942.0","1","N","N","N","0","","0","0","0","","0","Y","","1","2","0","0","0","2","0","2","0","1","","03","","N","","","","","","","","","",""
"2023082969","1752","1","0","0","0","0","0","0","0","0","4","0","","02","9","2023","3","40.442903","-79.923656","1752","11","1","0","0","0","0","0","1","0","","0","0","0","","","0","N","1","","40 26:34.450","","0","79 55:25.160","0","0","0","0","2301","0","0","0","N","0","0","0","4","02301","0","","1.0","","1","N","N","N","0","","0","0","2","","3","","","3","0","0","0","0","0","0","2","0","3","","03","","N","","","","","","","","","",""
"2023071845","1656","1","0","0","0","0","0","0","0","0","4","0","","02","7","2023","2","40.460113","-79.927914","1646","11","0","0","0","0","0","0","0","0","","0","0","0","","","0","","5","","40 27:36.406","6","0","79 55:40.491","0","0","0","0","2301","0","0","0","N","0","0","0","2","02301","0","","1.0","1802.0","1","N","N","N","0","","0","0","1","","3","N","","2","0","0","0","0","0","0","2","0","2","","03","","N","","","","","","","","","",""
"2023080238","1456","1","0","0","0","0","0","0","0","0","4","0","","02","9","2023","2","40.494386","-79.747641","1445","11","0","0","1","0","0","0","0","0","","0","0","0","","","0","","3","","40 29:39.790","3","0","79 44:51.507","0","0","0","0","2466","0","0","0","Y","0","0","0","4","02466","0","","1.0","1522.0","1","N","N","N","0","","0","0","1","","3","N","","2","0","0","0","0","0","0","2","0","2","","03","","N","","","","","","","","","",""
"2023082684","0224","1","0","0","0","0","0","0","0","0","2","1","45","02","8","2023","4","40.549506","-80.119738","0210","11","0","0","1","0","0","1","0","0","","0","1","0","","","1","N","0","","40 32:58.220","1","0","80 07:11.058","8","0","0","0","2215","0","0","0","N","0","0","0","2","68B03","0","","1.0","350.0","1","N","N","N","0","","0","0","0","","0","N","","2","1","0","0","0","1","0","2","0","2","","","Y","Y","4","1","N","N","N","N","N","N","Y","N"
"2023080425","0255","1","0","0","0","0","0","0","0","0","4","0","","02","9","2023","1","40.474072","-80.031666","0246","11","0","0","0","0","0","0","0","0","","0","0","0","","","0","","2","","40 28:26.659","","0","80 01:53.997","0","0","0","0","2301","0","0","0","N","0","0","0","2","02301","0","","1.0","","1","","","N","0","","0","0","1","","0","","","2","0","0","0","0","0","0","2","0","2","","03","","N","","","","","","","","","",""
"2023082698","0813","1","0","0","0","0","0","0","0","0","1","0","","02","9","2023","6","40.449047","-80.005831","0813","11","0","0","0","0","0","0","0","0","","0","0","0","","","1","N","0","","40 26:56.569","","0","80 00:20.993","3","0","0","0","2301","0","0","0","N","0","0","0","3","68B03","0","","1.0","","1","N","N","N","1","","1","0","1","","0","","","3","1","0","0","0","0","0","2","0","3","","03","","N","","","","","","","","","",""
"2023081121","0803","1","0","0","0","0","0","0","0","0","4","0","","02","9","2023","5","40.438334","-79.842884","0800","11","0","0","0","0","0","1","0","0","","0","0","0","","","0","","2","","40 26:18.004","5","0","79 50:34.384","0","0","0","0","2419","0","0","0","N","0","0","0","2","02419","0","","1.0","830.0","1","N","N","N","0","","0","0","1","","3","Y","","2","0","0","0","0","0","0","2","0","2","","03","","N","","","","","","","","","",""
"2023080750","1520","1","0","0","0","0","0","0","0","0","4","0","","02","9","2023","1","40.35451","-80.114766","1515","11","0","0","0","0","0","1","1","0","","0","0","0","","","1","","1","","40 21:16.237","","0","80 06:53.157","4","0","0","0","2119","0","0","0","N","0","0","0","4","02119","1","","1.0","","1","N","N","N","0","","0","0","1","","2","","","2","1","0","0","0","0","0","2","0","2","","","","N","","","","","","","","","",""
"2023095510","1049","0","0","0","0","0","0","0","0","0","8","0","","02","10","2023","4","40.464798","-79.829048","1048","11","0","0","0","0","0","0","0","0","","0","0","0","","","1","Y","0","","40 27:53.272","","7","79 49:44.573","8","0","0","0","2113","1","0","0","N","1","0","0","2","02113","0","","1.0","","1","N","N","N","0","","0","0","1","","3","","","2","1","0","0","0","1","0","2","0","1","","","","N","","","","","","","","","",""
"2023081436","2141","0","0","0","0","0","0","0","0","0","0","0","","02","8","2023","2","40.420354","-80.032431","2141","11","0","0","0","0","1","0","0","0","","0","0","0","","","0","Y","0","","40 25:13.274","","0","80 01:56.752","0","0","0","0","2301","0","0","0","N","0","0","0","1","68B03","0","","1.0","","1","N","N","N","0","","0","0","1","","0","","","1","0","0","0","0","0","0","2","0","1","","03","","N","","","","","","","","","",""
"2023065629","1125","1","0","0","0","0","0","0","0","0","0","0","","02","7","2023","3","40.437603","-79.95678","1120","11","0","0","0","0","0","1","0","0","","0","0","0","","","0","N","0","","40 26:15.372","","0","79 57:24.408","0","0","0","0","2301","0","0","0","N","0","0","0","1","02301","0","","1.0","","1","N","N","N","0","","0","0","0","","0","","","1","0","0","0","0","0","0","2","0","1","","03","","N","","","","","","","","","",""
"2023081454","0740","0","0","0","0","0","0","0","0","0","7","0","","02","9","2023","4","40.601914","-80.093547","0720","11","0","0","0","0","0","0","0","0","","0","0","0","","","1","N","0","","40 36:06.890","","0","80 05:36.768","8","0","0","0","2481","0","0","0","Y","0","0","0","1","68B03","0","","4.0","","1","N","N","N","0","","0","0","1","","0","","","1","1","0","0","0","1","0","2","0","1","","03","","N","","","","","","","","","",""
"2023066715","1512","0","0","0","0","0","0","0","0","0","4","0","","02","7","2023","3","40.336532","-79.810018","1512","11","0","0","0","0","0","1","0","0","","0","0","0","","","1","N","0","","40 20:11.516","1","7","79 48:36.064","4","0","0","0","2477","0","0","0","N","0","0","0","2","02477","1","","1.0","1650.0","1","N","N","N","1","","0","0","1","","0","Y","","2","1","0","0","0","0","0","2","0","2","","03","","N","","","","","","","","","",""
"2023066367","1515","0","0","0","0","0","0","0","0","0","8","0","","02","7","2023","5","40.431146","-80.010589","1509","11","0","0","0","0","0","0","0","0","","0","0","0","","","1","","1","","40 25:52.125","","0","80 00:38.120","8","0","0","0","2301","1","0","0","N","1","0","0","2","02301","0","","1.0","","1","N","N","N","0","","0","0","0","","0","","","2","1","0","0","0","1","0","2","1","1","","03","","N","","","","","","","","","",""
"2023067615","2202","0","0","0","0","0","0","0","0","0","4","0","","02","7","2023","6","40.441265","-79.95918","2151","11","0","0","0","0","0","0","0","0","","0","0","0","","","0","","2","","40 26:28.554","","0","79 57:33.047","0","0","0","0","2301","0","0","0","N","0","0","0","3","02301","0","","1.0","","9","N","N","N","1","","0","0","1","","0","","","2","0","0","0","0","0","0","2","0","2","","04","","N","","","","","","","","","",""
"2023066607","1110","0","0","0","0","0","0","0","0","0","4","0","","02","7","2023","4","40.436614","-79.782271","1105","11","0","0","0","0","0","0","1","0","","0","0","0","","","0","N","0","","40 26:11.811","3","7","79 46:56.177","0","0","0","0","2446","0","0","0","N","0","0","0","2","02446","0","","1.0","1140.0","1","N","N","N","0","","0","0","2","","0","N","","2","0","0","0","0","0","0","2","0","2","","","","N","","","","","","","","","",""
"2023079473","2214","1","0","0","0","0","0","0","0","0","4","0","","02","9","2023","3","40.444144","-79.78161","2210","11","0","0","1","0","0","0","0","0","","0","0","0","","","0","","5","","40 26:38.918","4","0","79 46:53.796","0","0","0","0","2446","0","0","0","N","0","0","0","2","02446","0","","1.0","2240.0","1","N","N","N","0","","0","0","1","","3","Y","","2","0","0","0","0","0","0","2","0","2","","98","","N","","","","","","","","","",""
"2023067614","1632","2","0","0","0","0","0","0","0","0","4","0","","02","7","2023","7","40.351728","-80.038799","1628","11","0","0","0","0","0","1","0","0","","0","0","0","","","2","","2","","40 21:06.220","","0","80 02:19.676","3","0","0","0","2407","0","0","0","N","0","0","0","2","02407","0","","1.0","","1","N","N","N","0","","2","0","0","","0","","","2","2","0","0","0","0","0","2","0","2","","03","","N","","","","","","","","","",""
"2023080106","1240","1","0","0","0","0","0","0","0","0","7","0","","02","9","2023","1","40.383031","-79.868158","1237","11","0","0","0","0","0","0","1","0","","0","0","0","","","0","N","0","","40 22:58.910","","7","79 52:05.370","0","0","0","0","2473","0","0","0","N","0","0","0","1","02473","0","","4.0","","1","N","N","N","0","","0","0","0","","0","","","1","0","0","0","0","0","0","2","0","1","","03","","N","","","","","","","","","",""
"2023078772","2322","0","1","1","0","0","0","0","0","0","2","0","","02","9","2023","3","40.529971","-80.009412","2312","11","0","0","0","0","0","1","1","0","","1","0","0","","","2","N","0","","40 31:47.894","5","0","80 00:33.883","1","0","0","0","2116","0","0","0","N","0","0","0","3","02116","0","2","1.0","430.0","1","N","N","N","0","0","1","1","2","","0","Y","","2","2","0","0","0","0","0","2","0","2","","03","","N","","","","","","","","","",""
"2023080843","1457","1","0","0","0","0","0","1","0","0","6","1","","02","9","2023","4","40.266273","-79.955447","1451","11","0","0","0","1","0","0","0","0","","0","0","0","","","5","N","0","","40 15:58.584","5","0","79 57:19.610","3","0","0","0","2440","0","0","0","N","0","0","0","18","02440","2","","1.0","1640.0","1","Y","N","N","0","","3","0","0","","0","Y","","2","5","0","0","0","0","0","1","0","2","","03","","N","","","","","","","","","",""
"2023082618","1905","2","0","0","0","0","0","0","0","0","4","0","","02","9","2023","2","40.598935","-79.968276","1900","11","0","1","0","0","0","0","1","0","","0","0","0","","","2","","2","","40 35:56.166","","0","79 58:05.792","8","0","0","0","2207","0","0","0","N","0","0","0","2","02207","0","","1.0","","1","N","N","N","0","","0","0","0","","3","","","2","2","0","0","0","2","0","2","0","2","","03","","N","","","","","","","","","",""