"CRN","ARRIVAL_TM","AUTOMOBILE_COUNT","BELTED_DEATH_COUNT","BELTED_SUSP_SERIOUS_INJ_COUNT","BICYCLE_COUNT","BICYCLE_DEATH_COUNT","BICYCLE_SUSP_SERIOUS_INJ_COUNT","BUS_COUNT","CHLDPAS_DEATH_COUNT","CHLDPAS_SUSP_SERIOUS_INJ_COUNT","COLLISION_TYPE","COMM_VEH_COUNT","CONS_ZONE_SPD_LIM","COUNTY","CRASH_MONTH","CRASH_YEAR","DAY_OF_WEEK","DEC_LATITUDE","DEC_LONGITUDE","DISPATCH_TM","DISTRICT","DRIVER_COUNT_16YR","DRIVER_COUNT_17YR","DRIVER_COUNT_18YR","DRIVER_COUNT_19YR","DRIVER_COUNT_20YR","DRIVER_COUNT_50_64YR","DRIVER_COUNT_65_74YR","DRIVER_COUNT_75PLUS","EST_HRS_CLOSED","FATAL_COUNT","HEAVY_TRUCK_COUNT","HORSE_BUGGY_COUNT","HOUR_OF_DAY","ILLUMINATION","INJURY_COUNT","INTERSECTION_RELATED","INTERSECT_TYPE","LANE_CLOSED","LATITUDE","LN_CLOSE_DIR","LOCATION_TYPE","LONGITUDE","MAX_SEVERITY_LEVEL","MCYCLE_DEATH_COUNT","MCYCLE_SUSP_SERIOUS_INJ_COUNT","MOTORCYCLE_COUNT","MUNICIPALITY","NONMOTR_COUNT","NONMOTR_DEATH_COUNT","NONMOTR_SUSP_SERIOUS_INJ_COUNT","NTFY_HIWY_MAINT","PED_COUNT","PED_DEATH_COUNT","PED_SUSP_SERIOUS_INJ_COUNT","PERSON_COUNT","POLICE_AGCY","POSSIBLE_INJ_COUNT","RDWY_SURF_TYPE_CD","RELATION_TO_ROAD","ROADWAY_CLEARED","ROAD_CONDITION","SCH_BUS_IND","SCH_ZONE_IND","SECONDARY_CRASH","SMALL_TRUCK_COUNT","SPEC_JURIS_CD","SUSP_MINOR_INJ_COUNT","SUSP_SERIOUS_INJ_COUNT","SUV_COUNT","TCD_FUNC_CD","TCD_TYPE","TFC_DETOUR_IND","TIME_OF_DAY","TOTAL_UNITS","TOT_INJ_COUNT","UNBELTED_OCC_COUNT","UNB_DEATH_COUNT","UNB_SUSP_SERIOUS_INJ_COUNT","UNK_INJ_DEG_COUNT","UNK_INJ_PER_COUNT","URBAN_RURAL","VAN_COUNT","VEHICLE_COUNT","WEATHER1","WEATHER2","WORKERS_PRES","WORK_ZONE_IND","WORK_ZONE_LOC","WORK_ZONE_TYPE","WZ_CLOSE_DETOUR","WZ_FLAGGER","WZ_LAW_OFFCR_IND","WZ_LN_CLOSURE","WZ_MOVING","WZ_OTHER","WZ_SHLDER_MDN","WZ_WORKERS_INJ_KILLED"
"2023079567","1809","1","0","0","0","0","0","0","0","0","4","0","","02","9","2023","6","40.478195","-80.039727","1807","11","0","0","0","0","0","0","0","0","","0","0","0","","","1","N","1","","40 28:41.502","1","0","80 02:23.017","3","0","0","0","2301","0","0","0","N","0","0","0","2","02301","0","","1.0","1840.0","1","N","N","N","0","","1","0","1","","3","Y","","2","1","1","0","0","0","0","2","0","2","","03","","N","","","","","","","","","",""
"2023068772","1554","0","0","1","0","0","0","0","0","0","2","0","","02","8","2023","6","40.462008","-79.923094","1552","11","0","0","0","0","0","1","1","0","","0","0","0","","","2","","1","","40 27:43.230","7","0","79 55:23.137","2","0","0","0","2301","0","0","0","N","0","0","0","2","02301","0","","1.0","1922.0","1","N","N","Y","0","","1","1","4","","3","N","","5","2","0","0","0","0","0","2","1","5","","03","","N","","","","","","","","","",""
"2023081672","0304","1","0","0","0","0","0","0","0","0","2","0","","02","6","2023","7","40.421205","-80.031216","0303","11","0","0","0","0","0","1","0","0","","0","0","0","","","2","N","0","","40 25:16.337","3","0","80 01:52.378","8","0","0","0","2301","0","0","0","N","0","0","0","3","68B03","0","","1.0","100.0","1","N","N","N","0","","0","0","1","","0","N","","2","2","0","0","0","2","0","2","0","2","","","","N","","","","","","","","","",""
"2023080751","0605","1","0","0","0","0","0","0","0","0","4","0","","02","9","2023","3","40.398354","-80.026074","0558","11","0","0","0","0","0","1","0","0","","0","0","0","","","1","N","1","","40 23:54.073","","0","80 01:33.866","3","0","0","0","2301","0","0","0","N","0","0","0","2","02301","0","","1.0","","1","N","N","N","1","","1","0","0","","2","","","2","1","0","0","0","0","0","2","0","2","","","","N","","","","","","","","","",""
"2023080684","1743","3","0","0","0","0","0","0","0","0","4","0","","02","9","2023","3","40.425905","-79.953779","1735","11","0","0","0","0","0","0","0","0","","0","0","0","","","0","N","2","","40 25:33.259","4","0","79 57:13.605","0","0","0","0","2301","0","0","0","N","0","0","0","5","02301","0","","1.0","1830.0","1","N","N","N","0","","0","0","1","","0","N","","4","0","0","0","0","0","0","2","0","4","","03","","N","","","","","","","","","",""
"2023067741","1528","0","0","0","0","0","0","0","0","0","1","0","","02","7","2023","7","40.273978","-79.886307","1526","11","0","0","0","0","0","1","0","0","","0","0","0","","","1","N","0","","40 16:26.319","2","3","79 53:10.706","3","0","0","0","2428","0","0","0","N","0","0","0","5","02428","0","","1.0","1610.0","9","N","N","N","1","","1","0","2","","0","N","","3","1","0","0","0","0","0","2","0","3","","07","","N","","","","","","","","","",""
"2023077928","1932","0","0","0","1","0","0","0","0","0","8","1","","02","9","2023","1","40.461892","-79.937606","1923","11","0","0","0","0","0","0","0","0","","0","0","0","","","1","","1","","40 27:42.811","","0","79 56:15.383","3","0","0","0","2301","1","0","0","N","0","0","0","2","02301","0","","1.0","","1","N","N","N","0","","1","0","0","","2","","","2","1","0","0","0","0","0","2","1","1","","","","N","","","","","","","","","",""
"2023082388","1521","0","0","0","0","0","0","0","0","0","4","0","","02","9","2023","2","40.437753","-79.769832","1520","11","0","0","0","0","0","0","0","0","","0","0","0","","","1","Y","0","","40 26:15.909","","7","79 46:11.395","4","0","0","0","2446","0","0","0","N","0","0","0","2","02446","1","","1.0","","1","N","N","N","0","","0","0","2","","3","","","2","1","0","0","0","0","0","2","0","2","","03","","N","","","","","","","","","",""
"2023080410","1634","2","0","0","0","0","0","0","0","0","4","0","","02","9","2023","2","40.438997","-79.829855","1629","11","0","0","0","0","0","1","0","0","","0","0","0","","","0","N","2","","40 26:20.390","","0","79 49:47.478","0","0","0","0","2419","0","0","0","N","0","0","0","2","02419","0","","1.0","","1","N","N","N","0","","0","0","0","","3","","","2","0","0","0","0","0","0","2","0","2","","03","","N","","","","","","","","","",""
"2023067487","1850","1","0","0","0","0","0","0","0","0","4","0","","02","7","2023","5","40.368854","-79.778852","1838","11","0","0","0","0","0","2","0","0","","0","0","0","","","0","N","0","","40 22:07.873","","7","79 46:43.868","0","0","0","0","2111","0","0","0","N","0","0","0","2","02111","0","","1.0","","9","N","N","N","1","","0","0","0","","0","","","2","0","0","0","0","0","0","2","0","2","","03","","N","","","","","","","","","",""
"2023082903","1614","1","0","0","0","0","0","0","0","0","4","0","","02","9","2023","3","40.465426","-79.956659","1554","11","0","0","0","1","0","0","0","0","","0","0","0","","","0","","1","","40 27:55.532","","0","79 57:23.972","0","0","0","0","2301","0","0","0","N","0","0","0","3","02301","0","","1.0","","1","N","N","N","0","","0","0","1","","3","","","2","0","0","0","0","0","0","2","0","2","","03","","N","","","","","","","","","",""
"2023065870","0638","0","0","0","0","0","0","0","0","0","7","0","","02","7","2023","4","40.476533","-79.779939","0632","11","0","0","0","1","0","0","0","0","","0","0","0","","","0","N","0","","40 28:35.520","","0","79 46:47.779","0","0","0","0","2113","0","0","0","N","0","0","0","2","02113","0","","5.0","","1","N","N","N","1","","0","0","0","","3","","","1","0","0","0","0","0","0","2","0","1","","","","N","","","","","","","","","",""
"2023078020","2157","0","0","0","1","1","0","0","0","0","8","0","","02","8","2023","5","40.462939","-80.033419","2133","11","0","0","0","0","0","0","0","0","","1","0","0","","","0","","2","","40 27:46.582","7","0","80 02:00.310","1","0","0","0","2301","1","1","0","N","0","0","0","2","02301","0","1","1.0","2256.0","1","N","N","N","0","0","0","0","0","","0","Y","","2","0","0","0","0","0","0","2","0","1","","","","N","","","","","","","","","",""
"2023067377","1042","2","0","0","0","0","0","0","0","0","4","0","","02","7","2023","2","40.615379","-79.933974","1037","11","0","0","0","0","0","0","1","1","","0","0","0","","","0","","1","","40 36:55.366","","0","79 56:02.306","0","0","0","0","2207","0","0","0","N","0","0","0","2","02207","0","","1.0","","1","N","N","N","0","","0","0","0","","3","N","","2","0","1","0","0","0","0","2","0","2","","","","N","","","","","","","","","",""
"2023066516","0654","1","0","0","0","0","0","0","0","0","4","0","","02","7","2023","5","40.435455","-79.984404","0648","11","0","0","0","0","0","0","1","0","","0","0","0","","","0","","2","","40 26:07.638","4","0","79 59:03.853","0","0","0","0","2301","0","0","0","N","0","0","0","2","02301","0","","1.0","715.0","1","N","N","N","0","","0","0","1","","3","N","","2","0","0","0","0","0","0","2","0","2","","","","N","","","","","","","","","",""
"2023070134","1130","0","0","0","0","0","0","0","0","0","6","0","","02","7","2023","7","40.372808","-79.913358","1120","11","0","0","0","0","0","0","0","0","","0","0","0","","","0","Y","0","","40 22:22.110","","0","79 54:48.087","0","0","0","0","2301","0","0","0","N","0","0","0","3","02301","0","","1.0","","1","N","N","N","0","","0","0","2","","0","","","2","0","0","0","0","0","0","2","0","2","","","","N","","","","","","","","","",""
"2023079622","2116","1","0","0","0","0","0","0","0","0","7","0","","02","9","2023","2","40.336216","-79.977001","2114","11","0","0","0","0","0","1","0","0","","0","0","0","","","1","N","0","","40 20:10.378","3","0","79 58:37.204","2","0","0","0","2454","0","0","0","N","0","0","0","1","02454","0","","5.0","108.0","1","N","N","N","0","","0","1","0","","0","Y","","1","1","1","0","1","0","0","2","0","1","","","","N","","","","","","","","","",""
"2023082690","2137","1","0","0","0","0","0","0","0","0","7","0","","02","8","2023","6","40.405544","-79.846361","2127","11","0","0","0","0","0","1","0","0","","0","0","0","","","0","N","0","","40 24:19.960","4","0","79 50:46.900","0","0","0","0","2449","0","0","0","N","0","0","0","1","68B03","0","","5.0","2230.0","1","N","N","N","0","","0","0","0","","0","Y","","1","0","0","0","0","0","0","2","0","1","","","","N","","","","","","","","","",""
"2023071983","1731","0","0","0","0","0","0","0","0","0","1","0","","02","7","2023","3","40.555719","-79.813018","1724","11","0","0","0","0","0","0","1","0","","0","0","0","","","1","","6","","40 33:20.588","","2","79 48:46.866","4","0","0","0","2208","0","0","0","N","0","0","0","2","68D02","1","","1.0","","1","N","N","N","1","","0","0","0","","3","","","2","1","0","0","0","0","0","2","1","2","","03","","N","","","","","","","","","",""
"2023068178","0041","0","0","0","0","0","0","0","0","0","7","0","","02","7","2023","2","40.413416","-79.82519","0039","11","0","0","0","0","0","0","0","0","","0","0","0","","","1","Y","0","","40 24:48.298","","0","79 49:30.684","4","0","0","0","2124","0","0","0","N","0","0","0","1","02124","1","","4.0","","1","N","N","N","1","","0","0","0","","0","","","2","1","1","0","0","0","0","2","0","1","","","","N","","","","","","","","","",""
"2023033482","1758","0","0","0","0","0","0","0","0","0","7","0","","02","4","2023","1","40.445869","-79.714487","1748","11","0","0","0","0","0","0","0","0","","0","0","0","","","1","N","0","","40 26:45.129","5","0","79 42:52.152","2","0","1","1","2446","0","0","0","N","0","0","0","1","02446","0","","2.0","1848.0","1","N","N","N","0","","0","1","0","","0","Y","","1","1","0","0","0","0","0","2","0","1","","04","","N","","","","","","","","","",""
"2023067782","1413","1","0","0","0","0","0","0","0","0","4","0","","02","7","2023","6","40.658263","-79.883709","1406","11","0","0","0","0","0","0","0","1","","0","0","0","","","0","","2","","40 39:29.746","6","0","79 53:01.351","0","0","0","0","2220","0","0","0","N","0","0","0","2","02220","0","","1.0","1425.0","1","N","N","Y","1","","0","0","0","","3","N","","2","0","0","0","0","0","0","1","0","2","","03","","N","","","","","","","","","",""
"2023067140","1615","0","0","0","0","0","0","0","0","0","4","0","","02","7","2023","1","40.520293","-80.018197","1609","11","0","0","0","0","0","1","0","0","","0","0","0","","","1","N","0","","40 31:13.055","","7","80 01:05.509","3","0","0","0","2116","0","0","0","N","0","0","0","3","02116","0","","1.0","","1","N","N","N","0","","1","0","2","","0","","","2","1","0","0","0","0","0","2","0","2","","03","","N","","","","","","","","","",""
"2023079902","2350","1","0","0","0","0","0","0","0","0","1","0","55","02","8","2023","3","40.428133","-79.94834","2341","11","0","0","0","0","1","1","0","0","","0","0","0","","","5","N","0","","40 25:41.279","4","0","79 56:54.024","3","0","0","0","2301","0","0","0","N","0","0","0","7","68B03","1","","1.0","44.0","1","N","N","N","0","","4","0","1","","8","N","","2","5","0","0","0","0","0","2","0","2","","","Y","Y","2","2","N","N","N","Y","Y","N","N","N"
"2023081445","0730","1","0","0","0","0","0","0","0","0","7","0","","02","9","2023","1","40.429522","-79.877887","0713","11","0","0","0","1","0","0","0","0","","0","0","0","","","0","N","0","","40 25:46.280","","0","79 52:40.394","0","0","0","0","2426","0","0","0","N","0","0","0","1","68B03","0","","2.0","","1","N","N","N","0","","0","0","0","","0","","","1","0","0","0","0","0","0","2","0","1","","03","","N","","","","","","","","","",""
"2023070458","1629","1","0","0","0","0","0","0","0","0","8","0","","02","8","2023","5","40.431893","-80.003519","1628","11","0","0","0","0","0","0","0","0","","0","0","0","","","1","N","0","","40 25:54.814","","0","80 00:12.668","3","0","0","0","2301","1","0","0","N","1","0","0","2","02301","0","","1.0","","1","N","N","N","0","","1","0","0","","0","","","2","1","0","0","0","0","0","2","0","1","","","","N","","","","","","","","","",""
"2023081151","0906","1","0","0","0","0","0","0","0","0","7","0","","02","9","2023","5","40.421381","-80.140538","0859","11","0","0","0","0","0","0","0","1","","0","0","0","","","0","","1","","40 25:16.973","","0","80 08:25.938","0","0","0","0","2102","0","0","0","N","0","0","0","1","02102","0","","4.0","","1","N","N","N","0","","0","0","0","","3","","","1","0","0","0","0","0","0","1","0","1","","03","","N","","","","","","","","","",""
"2023085375","0645","1","0","0","0","0","0","0","0","0","7","0","","02","9","2023","3","40.473985","-79.756768","0639","11","0","0","0","0","0","0","0","1","","0","0","0","","","0","N","2","","40 28:26.346","","0","79 45:24.364","0","0","0","0","2466","0","0","0","N","0","0","0","1","02466","0","","5.0","","1","N","N","N","0","","0","0","0","","0","","","1","0","0","0","0","0","0","2","0","1","","03","","N","","","","","","","","","",""
"2023056269","0946","0","0","0","0","0","0","0","0","0","4","0","","02","6","2023","2","40.455246","-79.966009","0939","11","0","0","0","0","0","1","0","0","","0","0","0","","","0","","2","","40 27:18.884","3","0","79 57:57.634","0","0","0","0","2301","0","0","0","N","0","0","0","3","02301","0","","1.0","1030.0","1","N","N","Y","0","","0","0","3","","3","Y","","3","0","0","0","0","0","0","2","0","3","","03","","N","","","","","","","","","",""
"2023087838","0635","1","0","0","0","0","0","0","0","0","0","2","","02","9","2023","4","40.496393","-79.78404","0620","11","0","0","0","0","0","1","0","0","","0","2","0","","","0","N","0","","40 29:47.015","","0","79 47:02.543","0","0","0","0","2466","0","0","0","N","0","0","0","3","68T02","0","","1.0","","1","N","N","N","0","","0","0","0","","0","","","3","0","0","0","0","0","0","2","0","3","","03","","N","","","","","","","","","",""
"2023083227","0805","0","0","0","0","0","0","0","0","0","7","0","","02","9","2023","4","40.632686","-80.002263","0758","11","0","0","0","0","0","0","0","0","","0","0","0","","","0","N","2","","40 37:57.668","3","0","80 00:08.147","0","0","0","0","2216","0","0","0","Y","0","0","0","1","02505","0","","5.0","911.0","1","N","N","N","0","","0","0","1","","0","N","","1","0","0","0","0","0","0","2","0","1","","03","","N","","","","","","","","","",""
"2023072734","1316","1","0","0","0","0","0","0","0","0","2","0","","02","8","2023","5","40.463516","-79.851102","1311","11","0","0","0","0","0","0","0","0","","0","0","0","","","0","N","0","","40 27:48.656","","0","79 51:03.966","9","0","0","0","2113","0","0","0","N","0","0","0","3","02113","0","","1.0","","1","N","N","N","0","","0","0","1","","0","","","2","0","0","0","0","0","2","2","0","2","","","","N","","","","","","","","","",""
"2023067792","0826","0","0","0","0","0","0","0","0","0","7","0","","02","7","2023","2","40.352917","-79.860361","0826","11","0","0","0","0","0","0","0","0","","0","0","0","","","0","N","0","","40 21:10.500","","7","79 51:37.300","0","0","0","0","2304","0","0","0","N","0","0","0","3","02304","0","","5.0","","1","N","N","N","0","","0","0","1","","0","","","1","0","3","0","0","0","0","2","0","1","","","","N","","","","","","","","","",""
"2023086961","1401","0","0","0","0","0","0","0","0","0","1","0","","02","7","2023","2","40.410567","-80.071479","1401","11","0","0","0","0","0","0","1","0","","0","0","0","","","0","N","0","","40 24:38.040","4","0","80 04:17.325","0","0","0","0","2117","0","0","0","N","0","0","0","2","68B03","0","","1.0","100.0","1","N","N","N","1","","0","0","1","","0","N","","2","0","0","0","0","0","0","2","0","2","","03","","N","","","","","","","","","",""
"2023057575","1801","2","0","0","0","0","0","0","0","0","1","0","","02","6","2023","5","40.606974","-79.925026","1752","11","0","0","1","0","0","0","0","0","","0","0","0","","","0","Y","0","","40 36:25.105","2","0","79 55:30.094","0","0","0","0","2207","0","0","0","N","0","0","0","2","02207","0","","1.0","1856.0","1","N","N","N","0","","0","0","0","","0","N","","2","0","0","0","0","0","0","2","0","2","","","","N","","","","","","","","","",""
"2023072741","1415","0","0","0","0","0","0","0","0","0","4","0","","02","8","2023","5","40.385697","-79.984143","1402","11","0","0","0","0","0","1","0","0","","0","0","0","","","0","","1","","40 23:08.509","4","0","79 59:02.915","0","0","0","0","2301","0","0","0","N","0","0","0","2","02301","0","","1.0","1430.0","1","N","N","N","0","","0","0","1","","3","N","","2","0","0","0","0","0","0","2","1","2","","03","","N","","","","","","","","","",""
"2023029349","0439","1","0","0","0","0","0","0","0","0","7","0","","02","4","2023","1","40.442621","-80.029753","0438","11","0","0","0","0","0","0","0","0","","0","0","0","","","0","N","0","","40 26:33.437","","0","80 01:47.111","0","0","0","0","2301","0","0","0","Y","0","0","0","1","02301","0","","3.0","","1","N","N","N","0","","0","0","0","","0","","","1","0","0","0","0","0","0","2","0","1","","","","N","","","","","","","","","",""
"2023082947","1142","0","0","0","0","0","0","0","0","0","5","0","","02","8","2023","5","40.435404","-79.979644","1140","11","0","0","0","0","0","0","0","0","","0","0","0","","","4","N","0","","40 26:07.454","3","0","79 58:46.720","4","0","0","0","2301","0","0","0","N","0","0","0","5","68B03","4","","1.0","1220.0","1","N","N","N","0","","0","0","2","","0","N","","2","4","0","0","0","0","0","2","0","2","","","","N","","","","","","","","","",""
"2023096132","2110","0","0","0","0","0","0","0","0","0","0","0","","02","10","2023","5","40.579784","-79.994574","2107","11","0","0","0","0","0","1","0","0","","0","0","0","","","1","N","0","","40 34:47.224","7","0","79 59:40.467","8","0","0","1","2108","0","0","0","N","0","0","0","1","02108","0","","1.0","2148.0","1","N","N","N","0","","0","0","0","","0","Y","","1","1","0","0","0","1","0","2","0","1","","03","","N","","","","","","","","","",""
"2023073682","0138","1","0","0","0","0","0","0","0","0","4","0","","02","8","2023","1","40.441899","-79.956481","0138","11","0","0","0","0","1","1","0","0","","0","0","0","","","1","","1","","40 26:30.838","3","0","79 57:23.330","8","0","0","0","2301","0","0","0","N","0","0","0","2","02506","0","","1.0","203.0","1","N","N","N","0","","0","0","1","","2","N","","2","1","1","0","0","1","0","2","0","2","","","","N","","","","","","","","","",""
"2023093519","1556","1","0","0","0","0","0","0","0","0","4","0","","02","10","2023","5","40.343364","-79.884791","1551","11","0","0","1","0","0","0","0","0","","0","0","0","","","1","N","0","","40 20:36.112","","7","79 53:05.249","4","0","0","0","2304","0","0","0","N","0","0","0","2","02304","1","","1.0","","1","N","N","N","1","","0","0","0","","0","","","2","1","0","0","0","0","0","2","0","2","","03","","N","","","","","","","","","",""
"2023071913","2156","1","0","0","0","0","0","0","0","0","7","0","","02","8","2023","7","40.448844","-80.06719","2150","11","0","0","0","0","0","0","0","0","","0","0","0","","","0","N","2","","40 26:55.837","2","0","80 04:01.884","0","0","0","0","2301","0","0","0","N","0","0","0","1","02301","0","","4.0","30.0","1","N","N","N","0","","0","0","0","","3","Y","","1","0","0","0","0","0","0","2","0","1","","03","","N","","","","","","","","","",""
"2023078036","1355","0","0","0","0","0","0","0","0","0","5","0","","02","9","2023","6","40.427488","-79.927646","1355","11","0","0","0","0","0","1","1","0","","0","0","0","","","0","N","0","","40 25:38.958","","0","79 55:39.525","0","0","0","0","2301","0","0","0","N","0","0","0","2","02301","0","","1.0","","1","N","N","N","1","","0","0","1","","0","","","2","0","0","0","0","0","0","2","0","2","","03","","N","","","","","","","","","",""
"2023066949","2205","1","0","0","0","0","0","0","0","0","4","0","","02","7","2023","4","40.47703","-79.956969","2150","11","0","0","1","0","0","0","0","0","","0","0","0","","","0","","2","","40 28:37.308","4","0","79 57:25.088","0","0","0","0","2301","0","0","0","N","0","0","0","2","02301","0","","1.0","2245.0","1","N","N","N","0","","0","0","1","","3","N","","2","0","0","0","0","0","0","2","0","2","","03","","N","","","","","","","","","",""
"2023086242","1457","0","0","0","0","0","0","0","0","0","1","0","","02","9","2023","3","40.636162","-80.05429","1456","11","0","1","0","0","0","0","0","0","","0","0","0","","","0","","2","","40 38:10.183","4","0","80 03:15.444","0","0","0","0","2216","0","0","0","N","0","0","0","5","02505","0","","1.0","1524.0","1","N","N","N","0","","0","0","2","","0","N","","2","0","0","0","0","0","0","2","0","2","","","","N","","","","","","","","","",""
"2023072707","0925","0","0","0","0","0","0","0","0","0","1","0","","02","8","2023","5","40.448242","-79.986901","0920","11","0","0","0","0","0","1","0","0","","0","0","0","","","1","","2","","40 26:53.672","4","0","79 59:12.843","3","0","0","1","2301","0","0","0","N","0","0","0","5","02301","0","","1.0","945.0","1","N","N","N","0","","1","0","1","","2","N","","2","1","0","0","0","0","0","2","0","2","","03","","N","","","","","","","","","",""
"2023077420","0907","0","0","0","0","0","0","0","0","0","4","0","","02","9","2023","6","40.330042","-79.988186","0902","11","0","0","0","0","0","1","0","0","","0","0","0","","","0","","1","","40 19:48.151","","0","79 59:17.470","0","0","0","0","2219","0","0","0","N","0","0","0","2","02219","0","","1.0","","1","N","N","N","2","","0","0","0","","2","N","","2","0","0","0","0","0","0","2","0","2","","03","","N","","","","","","","","","",""
"2023073663","1842","1","0","0","0","0","0","0","0","0","4","0","","02","8","2023","1","40.443012","-80.052645","1839","11","0","0","0","0","0","0","0","0","","0","0","0","","","1","","2","","40 26:34.843","4","0","80 03:09.523","8","0","0","0","2301","0","0","0","N","0","0","0","2","02301","0","","1.0","1900.0","1","N","N","N","0","","0","0","1","","2","N","","2","1","0","0","0","1","0","2","0","2","","03","","N","","","","","","","","","",""
"2023079627","1837","1","0","0","0","0","0","0","0","0","4","0","","02","9","2023","6","40.435758","-79.771064","1835","11","0","0","0","0","0","0","1","0","","0","0","0","","","1","N","0","","40 26:08.727","3","7","79 46:15.832","3","0","0","0","2446","0","0","0","N","0","0","0","3","02446","0","","1.0","1900.0","9","N","N","N","1","","1","0","0","","2","N","","2","1","0","0","0","0","0","2","0","2","","07","","N","","","","","","","","","",""
"2023081132","0846","0","0","0","0","0","0","0","0","0","8","0","","02","9","2023","5","40.441709","-79.921002","0845","11","0","0","0","0","0","0","0","0","","0","0","0","","","1","N","2","","40 26:30.152","","0","79 55:15.607","3","0","0","0","2301","1","0","0","N","1","0","0","2","02301","0","","1.0","","1","N","N","N","1","","1","0","0","","0","","","2","1","0","0","0","0","0","2","0","1","","","","N","","","","","","","","","",""
"2023077596","2237","1","0","0","0","0","0","0","0","0","7","0","","02","9","2023","6","40.318899","-79.890528","2236","11","0","0","0","0","0","0","0","0","","0","0","0","","","0","N","0","","40 19:08.038","1","0","79 53:25.902","0","0","0","0","2433","0","0","0","N","0","0","0","1","02433","0","","4.0","2300.0","1","","","N","0","","0","0","0","","0","Y","","2","0","0","0","0","0","0","2","0","1","","","","N","","","","","","","","","",""
"2023073225","0802","0","0","0","0","0","0","0","0","0","0","0","","02","8","2023","4","40.410131","-79.955163","0757","11","0","0","0","0","0","0","0","0","","0","0","0","","","1","N","0","","40 24:36.471","","0","79 57:18.588","8","0","0","1","2403","0","0","0","N","0","0","0","2","02403","0","","1.0","","1","N","N","N","1","","0","0","0","","0","","","2","1","1","0","0","1","0","2","0","2","","","","N","","","","","","","","","",""
"2023076709","1033","0","0","0","0","0","0","0","0","0","0","0","","02","8","2023","7","40.646304","-79.720697","1033","11","0","0","0","0","0","1","0","0","","0","0","0","","","1","N","0","","40 38:46.694","1","0","79 43:14.508","2","0","1","2","2106","0","0","0","N","0","0","0","3","68D02","0","","1.0","1055.0","1","N","N","N","0","","0","1","0","","0","N","","2","1","0","0","0","0","0","2","0","2","","","","N","","","","","","","","","",""
"2023093610","0753","1","0","0","0","0","0","0","0","0","4","0","","02","10","2023","6","40.528835","-80.007946","0750","11","0","0","0","0","0","0","1","0","","0","0","0","","","1","N","0","","40 31:43.805","","7","80 00:28.607","3","0","0","0","2116","0","0","0","N","0","0","0","4","02116","0","","1.0","","9","N","N","N","0","","1","0","0","","0","","","2","1","0","0","0","0","0","2","1","2","","07","","N","","","","","","","","","",""
"2023093673","1823","0","0","0","0","0","0","0","0","0","7","0","","02","10","2023","5","40.509769","-79.95616","1820","11","0","0","0","0","0","0","0","1","","0","0","0","","","0","N","2","","40 30:35.168","5","0","79 57:22.176","0","0","0","0","2118","0","0","0","N","0","0","0","1","02118","0","","2.0","2000.0","1","N","N","N","1","","0","0","0","","0","Y","","2","0","0","0","0","0","0","2","0","1","","","","N","","","","","","","","","",""
"2023072007","0755","1","0","0","0","0","0","0","0","0","1","0","","02","8","2023","3","40.463436","-79.917419","0751","11","0","0","0","0","0","0","0","0","","0","0","0","","","1","","1","","40 27:48.370","4","0","79 55:02.707","3","0","0","0","2301","0","0","0","N","0","0","0","4","02301","0","","1.0","810.0","9","N","N","N","0","","1","0","1","","2","N","","2","1","1","0","0","0","0","2","0","2","","","","N","","","","","","","","","",""
"2023077314","0240","1","0","0","0","0","0","0","0","0","98","0","","02","9","2023","6","40.575279","-79.960142","0238","11","0","0","0","0","0","0","0","0","","0","0","0","","","0","","2","","40 34:31.004","","0","79 57:36.512","0","0","0","0","2207","0","0","0","N","0","0","0","1","02207","0","","5.0","","1","N","N","N","0","","0","0","0","","3","","","1","0","0","0","0","0","0","2","0","1","","03","","N","","","","","","","","","",""
"2023086551","0537","0","0","0","0","0","0","0","0","0","7","0","","02","9","2023","6","40.397732","-80.184815","0530","11","0","0","0","0","0","0","0","0","","0","0","0","","","0","N","0","","40 23:51.836","5","3","80 11:05.333","0","0","0","0","2450","0","0","0","N","0","0","0","1","02450","0","","4.0","100.0","1","N","N","N","0","","0","0","1","","0","Y","","1","0","0","0","0","0","0","2","0","1","","03","","N","","","","","","","","","",""
"2023077465","1613","0","0","0","0","0","0","0","0","0","5","0","","02","8","2023","5","40.445121","-80.009591","1600","11","0","0","0","0","0","0","0","0","","0","0","0","","","2","","3","","40 26:42.435","","3","80 00:34.529","3","0","0","0","2301","0","0","0","N","0","0","0","4","02301","0","","1.0","","1","N","N","N","1","","2","0","1","","0","","","2","2","1","0","0","0","1","2","0","2","","","","N","","","","","","","","","",""
"2023072951","0448","0","0","0","0","0","0","0","0","0","4","0","","02","8","2023","6","40.435798","-79.960693","0443","11","0","0","0","0","0","0","0","0","","0","0","0","","","1","N","0","","40 26:08.871","4","7","79 57:38.493","2","0","1","1","2301","0","0","0","N","0","0","0","2","02301","0","","1.0","510.0","1","N","N","N","1","","0","1","0","","2","N","","2","1","0","0","0","0","0","2","0","2","","03","","N","","","","","","","","","",""