"CRN","ARRIVAL_TM","AUTOMOBILE_COUNT","BELTED_DEATH_COUNT","BELTED_SUSP_SERIOUS_INJ_COUNT","BICYCLE_COUNT","BICYCLE_DEATH_COUNT","BICYCLE_SUSP_SERIOUS_INJ_COUNT","BUS_COUNT","CHLDPAS_DEATH_COUNT","CHLDPAS_SUSP_SERIOUS_INJ_COUNT","COLLISION_TYPE","COMM_VEH_COUNT","CONS_ZONE_SPD_LIM","COUNTY","CRASH_MONTH","CRASH_YEAR","DAY_OF_WEEK","DEC_LATITUDE","DEC_LONGITUDE","DISPATCH_TM","DISTRICT","DRIVER_COUNT_16YR","DRIVER_COUNT_17YR","DRIVER_COUNT_18YR","DRIVER_COUNT_19YR","DRIVER_COUNT_20YR","DRIVER_COUNT_50_64YR","DRIVER_COUNT_65_74YR","DRIVER_COUNT_75PLUS","EST_HRS_CLOSED","FATAL_COUNT","HEAVY_TRUCK_COUNT","HORSE_BUGGY_COUNT","HOUR_OF_DAY","ILLUMINATION","INJURY_COUNT","INTERSECTION_RELATED","INTERSECT_TYPE","LANE_CLOSED","LATITUDE","LN_CLOSE_DIR","LOCATION_TYPE","LONGITUDE","MAX_SEVERITY_LEVEL","MCYCLE_DEATH_COUNT","MCYCLE_SUSP_SERIOUS_INJ_COUNT","MOTORCYCLE_COUNT","MUNICIPALITY","NONMOTR_COUNT","NONMOTR_DEATH_COUNT","NONMOTR_SUSP_SERIOUS_INJ_COUNT","NTFY_HIWY_MAINT","PED_COUNT","PED_DEATH_COUNT","PED_SUSP_SERIOUS_INJ_COUNT","PERSON_COUNT","POLICE_AGCY","POSSIBLE_INJ_COUNT","RDWY_SURF_TYPE_CD","RELATION_TO_ROAD","ROADWAY_CLEARED","ROAD_CONDITION","SCH_BUS_IND","SCH_ZONE_IND","SECONDARY_CRASH","SMALL_TRUCK_COUNT","SPEC_JURIS_CD","SUSP_MINOR_INJ_COUNT","SUSP_SERIOUS_INJ_COUNT","SUV_COUNT","TCD_FUNC_CD","TCD_TYPE","TFC_DETOUR_IND","TIME_OF_DAY","TOTAL_UNITS","TOT_INJ_COUNT","UNBELTED_OCC_COUNT","UNB_DEATH_COUNT","UNB_SUSP_SERIOUS_INJ_COUNT","UNK_INJ_DEG_COUNT","UNK_INJ_PER_COUNT","URBAN_RURAL","VAN_COUNT","VEHICLE_COUNT","WEATHER1","WEATHER2","WORKERS_PRES","WORK_ZONE_IND","WORK_ZONE_LOC","WORK_ZONE_TYPE","WZ_CLOSE_DETOUR","WZ_FLAGGER","WZ_LAW_OFFCR_IND","WZ_LN_CLOSURE","WZ_MOVING","WZ_OTHER","WZ_SHLDER_MDN","WZ_WORKERS_INJ_KILLED"
"2023096140","2128","1","0","0","0","0","0","0","0","0","4","0","","02","10","2023","5","40.398784","-80.065389","2121","11","0","0","1","0","0","1","0","0","","0","0","0","","","0","","2","","40 23:55.624","","0","80 03:55.401","0","0","0","0","2117","0","0","0","N","0","0","0","2","02117","0","","1.0","","1","N","N","N","0","","0","0","1","","0","N","","2","0","0","0","0","0","0","2","0","2","","03","","N","","","","","","","","","",""
"2023072437","0835","1","0","0","0","0","0","0","0","0","5","1","","02","8","2023","4","40.378193","-80.046016","0834","11","0","0","0","0","0","0","0","0","","0","1","0","","","0","N","0","","40 22:41.495","","0","80 02:45.659","0","0","0","0","2109","0","0","0","N","0","0","0","2","02109","0","","1.0","","1","N","N","N","0","","0","0","0","","0","","","2","0","0","0","0","0","0","2","0","2","","","","N","","","","","","","","","",""
"2023032299","1617","2","0","0","0","0","0","0","0","0","5","0","","02","4","2023","4","40.455991","-79.991569","1603","11","0","0","0","0","0","2","0","0","","0","0","0","","","0","","6","","40 27:21.567","","2","79 59:29.650","0","0","0","0","2301","0","0","0","N","0","0","0","4","02301","0","","1.0","","1","","","N","0","","0","0","0","","0","","","2","0","0","0","0","0","0","2","0","2","","03","","N","","","","","","","","","",""
"2023094673","1302","2","0","0","0","0","0","0","0","0","1","0","","02","8","2023","7","40.438007","-80.004647","1241","11","0","0","0","0","1","0","0","0","","0","0","0","","","0","N","0","","40 26:16.826","","0","80 00:16.730","0","0","0","0","2301","0","0","0","N","0","0","0","2","68B03","0","","1.0","","1","N","N","N","0","","0","0","0","","0","","","2","0","0","0","0","0","0","2","0","2","","03","","N","","","","","","","","","",""
"2023073180","1601","0","0","0","0","0","0","0","0","0","1","0","","02","8","2023","6","40.437493","-79.829019","1557","11","0","0","0","0","0","1","0","0","","0","0","0","","","1","N","0","","40 26:14.973","3","0","79 49:44.467","4","0","0","0","2419","0","0","0","N","0","0","0","2","02419","1","","1.0","1630.0","1","N","N","N","0","","0","0","2","","0","N","","2","1","0","0","0","0","0","2","0","2","","","","N","","","","","","","","","",""
"2023087675","0910","0","0","0","0","0","0","0","0","0","4","0","","02","10","2023","3","40.458514","-79.975001","0910","11","0","0","0","0","0","1","0","0","","0","0","0","","","1","","1","","40 27:30.649","","0","79 58:30.005","8","0","0","0","2301","0","0","0","N","0","0","0","3","02301","0","","1.0","","1","N","N","N","0","","0","0","2","","0","","","2","1","0","0","0","1","0","2","0","2","","03","","N","","","","","","","","","",""
"2023073366","1045","1","0","0","0","0","0","0","0","0","4","0","","02","8","2023","5","40.387713","-80.043451","1041","11","0","0","0","0","0","1","0","0","","0","0","0","","","3","","2","","40 23:15.766","5","0","80 02:36.422","3","0","0","0","2109","0","0","0","N","0","0","0","3","02109","0","","1.0","1115.0","1","N","N","N","0","","3","0","1","","3","N","","2","3","0","0","0","0","0","2","0","2","","","","N","","","","","","","","","",""
"2023086996","2330","1","0","0","0","0","0","0","0","0","7","0","","02","9","2023","7","40.46015","-79.827002","2329","11","0","0","0","0","0","1","0","0","","0","0","0","","","0","N","0","","40 27:36.540","","0","79 49:37.206","0","0","0","0","2113","0","0","0","N","0","0","0","2","02113","0","","5.0","","1","N","N","N","0","","0","0","0","","0","","","1","0","2","0","0","0","0","2","0","1","","03","","N","","","","","","","","","",""
"2023087740","1555","0","0","0","0","0","0","0","0","0","4","0","","02","10","2023","3","40.474554","-80.005149","1550","11","0","0","0","0","0","0","0","0","","0","0","0","","","3","","1","","40 28:28.396","","2","80 00:18.538","3","0","0","0","2301","0","0","0","N","0","0","0","3","02301","0","","1.0","","1","N","N","N","0","","3","0","1","","2","N","","2","3","0","0","0","0","0","2","1","2","","03","","N","","","","","","","","","",""
"2023094876","2122","2","0","0","0","0","0","0","0","0","4","0","","02","10","2023","2","40.449612","-80.002608","2120","11","0","0","0","0","0","0","1","0","","0","0","0","","","2","N","1","","40 26:58.603","","0","80 00:09.390","8","0","0","0","2301","0","0","0","N","0","0","0","3","02301","0","","1.0","","1","N","N","Y","0","","0","0","0","","2","","","2","2","0","0","0","2","1","2","0","2","","03","","N","","","","","","","","","",""
"2023093669","1724","1","0","0","0","0","0","0","0","0","4","0","","02","10","2023","2","40.370184","-80.100779","1718","11","0","0","0","0","0","0","1","0","","0","0","0","","","0","N","1","","40 22:12.663","6","0","80 06:02.806","0","0","0","0","2102","0","0","0","N","0","0","0","2","02102","0","","1.0","1750.0","1","N","N","N","1","","0","0","0","","2","N","","2","0","1","0","0","0","0","2","0","2","","03","","N","","","","","","","","","",""
"2023073346","1246","1","0","0","0","0","0","0","0","0","7","0","","02","8","2023","7","40.445679","-79.976346","1242","11","0","0","0","0","0","0","1","0","","0","0","0","","","1","N","0","","40 26:44.443","","0","79 58:34.847","4","0","0","0","2301","0","0","0","N","0","0","0","1","02301","1","","4.0","","1","N","N","N","0","","0","0","1","","0","","","3","1","0","0","0","0","0","2","1","3","","03","","N","","","","","","","","","",""
"2023071927","0513","1","0","0","0","0","0","0","0","0","7","0","","02","8","2023","3","40.448616","-80.025942","0509","11","0","0","0","0","0","0","0","0","","0","0","0","","","0","N","0","","40 26:55.018","","8","80 01:33.390","0","0","0","0","2301","0","0","0","N","0","0","0","1","02301","0","","2.0","","1","N","N","N","0","","0","0","0","","0","","","1","0","0","0","0","0","0","2","0","1","","03","","N","","","","","","","","","",""
"2023073571","2238","2","0","0","0","0","0","0","0","0","0","0","","02","8","2023","5","40.466714","-79.934124","2231","11","0","0","0","0","0","0","0","0","","0","0","0","","","0","N","0","","40 28:00.171","1","0","79 56:02.846","0","0","0","0","2301","0","0","0","N","0","0","0","2","02301","0","","1.0","2300.0","1","N","N","N","0","","0","0","2","","0","N","","4","0","0","0","0","0","0","2","0","4","","03","","N","","","","","","","","","",""
"2023057069","2237","0","0","0","0","0","0","0","0","0","7","0","","02","6","2023","3","40.446083","-80.0365","2233","11","0","0","0","0","0","1","0","0","","0","0","0","","","2","N","0","","40 26:45.900","7","0","80 02:11.400","3","0","0","0","2301","0","0","0","N","0","0","0","2","02301","0","","4.0","2340.0","9","N","N","N","0","","2","0","1","","0","Y","","1","2","0","0","0","0","0","2","0","1","07","07","","N","","","","","","","","","",""
"2023094605","1928","1","0","0","0","0","0","0","0","0","98","0","","02","10","2023","1","40.363795","-80.070574","1923","11","0","0","0","0","0","0","0","0","","0","0","0","","","1","N","0","","40 21:49.661","","0","80 04:14.066","3","0","0","0","2109","0","0","0","N","0","0","0","3","02109","0","","1.0","","1","N","N","N","0","","1","0","0","","0","","","1","1","0","0","0","0","0","2","0","1","03","","","N","","","","","","","","","",""
"2023073446","0544","0","0","0","0","0","0","0","0","0","7","0","","02","8","2023","3","40.523131","-79.720001","0539","11","0","0","0","0","0","0","0","0","","0","0","0","","","0","N","0","","40 31:23.272","","0","79 43:12.004","0","0","0","0","2466","0","0","0","N","0","0","0","1","02466","0","","4.0","","1","N","N","N","0","","0","0","1","","0","","","1","0","0","0","0","0","0","1","0","1","03","03","","N","","","","","","","","","",""
"2023072606","2140","1","0","0","0","0","0","0","0","0","6","0","","02","8","2023","4","40.357318","-79.880526","2137","11","0","0","0","1","0","0","0","0","","0","0","0","","","0","N","0","","40 21:26.346","5","0","79 52:49.892","0","0","0","0","2423","0","0","0","N","0","0","0","4","02304","0","","1.0","2250.0","1","N","N","N","0","","0","0","1","","0","N","","2","0","0","0","0","0","0","2","0","2","03","03","","N","","","","","","","","","",""
"2023095387","0050","1","0","0","0","0","0","0","0","0","7","0","","02","10","2023","3","40.474579","-80.132687","0043","11","0","0","1","0","0","0","0","0","","0","0","0","","","0","","2","","40 28:28.484","","0","80 07:57.673","0","0","0","0","2115","0","0","0","N","0","0","0","1","02115","0","","2.0","","1","N","N","N","0","","0","0","0","","0","N","","1","0","0","0","0","0","0","2","0","1","03","03","","N","","","","","","","","","",""
"2023072102","1719","1","0","0","0","0","0","0","0","0","1","0","","02","8","2023","3","40.388965","-80.081526","1719","11","0","0","0","0","0","0","0","0","","0","0","0","","","0","","3","","40 23:20.275","","0","80 04:53.492","0","0","0","0","2117","0","0","0","N","0","0","0","2","02117","0","","1.0","","1","N","N","N","0","","0","0","1","","0","","","2","0","0","0","0","0","0","2","0","2","03","03","","N","","","","","","","","","",""
"2023094728","0712","1","0","0","0","0","0","0","0","0","5","1","","02","10","2023","3","40.50746","-80.041492","0642","11","0","0","0","0","0","1","1","0","","0","1","0","","","0","N","0","","40 30:26.857","1","0","80 02:29.372","0","0","0","0","2116","0","0","0","N","0","0","0","2","68B03","0","","1.0","734.0","1","N","N","N","0","","0","0","0","","0","N","","2","0","0","0","0","0","0","2","0","2","03","","","N","","","","","","","","","",""
"2023071647","0610","1","0","0","0","0","0","0","0","0","7","0","","02","8","2023","1","40.368865","-79.983253","0608","11","0","0","0","0","0","0","0","0","","0","0","0","","","1","N","0","","40 22:07.915","2","0","79 58:59.710","3","0","0","0","2413","0","0","0","N","0","0","0","1","02413","0","","4.0","645.0","1","N","N","N","0","","1","0","0","","0","Y","","1","1","1","0","0","0","0","2","0","1","03","","","N","","","","","","","","","",""
"2023072373","1531","1","0","0","0","0","0","0","0","0","5","0","","02","8","2023","3","40.274661","-79.89352","1530","11","0","0","0","0","0","0","0","0","","0","0","0","","","0","","6","","40 16:28.778","2","2","79 53:36.671","0","0","0","0","2428","0","0","0","Y","0","0","0","3","02428","0","","1.0","1610.0","9","N","N","Y","0","","0","0","1","","3","N","","2","0","0","0","0","0","0","2","0","2","07","07","","N","","","","","","","","","",""
"2023087559","0040","0","0","0","0","0","0","0","0","0","2","0","","02","10","2023","1","40.440167","-79.897806","0003","11","0","0","0","0","0","0","0","0","","1","0","0","","","0","N","0","","40 26:24.600","5","0","79 53:52.100","1","1","0","1","2301","0","0","0","N","0","0","0","2","02301","0","2","1.0","303.0","1","N","N","N","0","0","0","0","1","","0","Y","","2","0","0","0","0","0","0","2","0","2","03","","","N","","","","","","","","","",""
"2023072431","1645","0","0","0","0","0","0","0","0","0","8","0","","02","8","2023","4","40.425134","-79.938118","1640","11","0","0","0","0","0","0","0","0","","0","0","0","","","1","N","0","","40 25:30.481","","0","79 56:17.223","3","0","0","0","2301","1","0","0","N","1","0","0","2","02301","0","","1.0","","1","N","N","N","0","","1","0","1","","0","","","2","1","0","0","0","0","0","2","0","1","03","03","","N","","","","","","","","","",""
"2023072717","0955","0","0","0","0","0","0","0","0","0","4","0","","02","8","2023","5","40.326221","-79.944273","0953","11","0","0","0","0","0","0","0","1","","0","0","0","","","1","N","0","","40 19:34.396","5","7","79 56:39.383","8","0","0","0","2454","0","0","0","N","0","0","0","2","02454","0","","1.0","1030.0","1","N","N","N","0","","0","0","2","","0","N","","2","1","0","0","0","1","0","2","0","2","03","03","","N","","","","","","","","","",""
"2023093954","1738","2","0","0","0","0","0","0","0","0","1","0","","02","10","2023","4","40.417177","-80.086783","1713","11","0","0","0","0","0","1","0","0","","0","0","0","","","0","N","0","","40 25:01.837","","0","80 05:12.419","9","0","0","0","2415","0","0","0","N","0","0","0","2","68B03","0","","1.0","","1","N","N","N","0","","0","0","0","","0","","","2","0","0","0","0","0","1","2","0","2","03","03","","N","","","","","","","","","",""
"2023077577","2125","2","0","0","0","0","0","0","0","0","1","0","","02","9","2023","6","40.448438","-80.012615","2117","11","0","0","0","0","0","0","0","1","","0","0","0","","","0","Y","0","","40 26:54.378","","8","80 00:45.415","0","0","0","0","2301","0","0","0","N","0","0","0","2","02301","0","","1.0","","1","N","N","N","0","","0","0","0","","0","N","","2","0","0","0","0","0","0","2","0","2","03","03","","N","","","","","","","","","",""
"2023056418","1633","1","0","0","0","0","0","0","0","0","6","0","","02","6","2023","2","40.497766","-79.836944","1629","11","0","0","0","0","0","0","0","0","","0","0","0","","","1","N","0","","40 29:51.956","6","0","79 50:12.997","8","0","0","0","2113","0","0","0","N","0","0","0","2","02113","0","","1.0","1745.0","9","N","N","Y","1","","0","0","0","","0","N","","2","1","0","0","0","1","0","2","0","2","07","","","N","","","","","","","","","",""
"2023072937","0050","1","0","0","0","0","0","0","0","0","0","0","99","02","8","2023","6","40.473663","-80.029077","0046","11","0","0","0","0","0","0","0","0","","0","0","0","","","0","N","0","","40 28:25.187","","0","80 01:44.677","0","0","0","0","2301","0","0","0","N","0","0","0","1","02301","0","","1.0","","9","N","N","N","0","","0","0","0","","0","","","1","0","0","0","0","0","0","2","0","1","03","","N","Y","4","3","","","N","","","","","N"
"2023087290","0728","1","0","2","0","0","0","0","0","0","4","0","","02","9","2023","4","40.349194","-79.892167","0725","11","0","0","0","0","0","1","0","0","","1","0","0","","","5","","2","","40 20:57.100","7","0","79 53:31.800","1","0","0","0","2423","0","0","0","N","0","0","0","6","02501","0","2","1.0","1227.0","1","Y","N","N","0","0","3","2","0","","3","Y","","2","5","4","1","0","0","0","2","1","2","03","03","","N","","","","","","","","","",""
"2023073428","1941","0","0","0","0","0","0","0","0","0","1","0","","02","8","2023","4","40.479098","-79.966525","1937","11","0","0","0","0","0","1","0","0","","0","0","0","","","1","N","0","","40 28:44.752","1","0","79 57:59.491","3","0","0","0","2118","0","0","0","N","0","0","0","2","02118","0","","1.0","2011.0","1","N","N","N","0","","1","0","2","","0","N","","2","1","0","0","0","0","1","2","0","2","03","","","N","","","","","","","","","",""
"2023073391","1709","0","0","0","0","0","0","0","0","0","2","0","","02","8","2023","7","40.325808","-79.793764","1709","11","0","0","0","0","0","0","0","0","","0","0","0","","","2","N","0","","40 19:32.907","5","3","79 47:37.552","3","0","0","0","2477","0","0","0","N","0","0","0","2","02477","1","","1.0","1801.0","1","N","N","N","2","","1","0","0","","0","Y","","2","2","0","0","0","0","0","2","0","2","03","03","","N","","","","","","","","","",""
"2023073459","0222","1","0","0","0","0","0","0","0","0","7","0","","02","8","2023","1","40.446135","-80.030753","0220","11","0","0","0","0","0","0","0","0","","0","0","0","","","0","N","0","","40 26:46.085","","0","80 01:50.712","9","0","0","0","2301","0","0","0","N","0","0","0","1","02301","0","","2.0","","1","N","N","N","0","","0","0","0","","0","","","1","0","0","0","0","0","1","2","0","1","03","","","N","","","","","","","","","",""
"2023085705","0703","0","0","0","0","0","0","0","0","0","7","0","","02","6","2023","6","40.633472","-79.869583","0659","11","0","0","0","0","0","0","0","0","","1","0","0","","","0","N","0","","40 38:00.500","6","0","79 52:10.500","1","1","0","1","2220","0","0","0","N","0","0","0","1","02220","0","2","4.0","907.0","1","N","N","N","0","0","0","0","0","","0","Y","","1","0","0","0","0","0","0","1","0","1","03","","","N","","","","","","","","","",""
"2023088187","1715","1","0","0","0","0","0","0","0","0","2","0","","02","9","2023","3","40.395638","-79.880353","1711","11","0","0","0","0","0","1","0","0","","0","0","0","","","0","N","0","","40 23:44.296","","0","79 52:49.269","0","0","0","0","2473","0","0","0","N","0","0","0","1","02473","0","","2.0","","1","N","N","N","0","","0","0","0","","0","","","2","0","0","0","0","0","0","2","1","2","03","","","N","","","","","","","","","",""
"2023072994","0749","0","0","0","0","0","0","0","0","0","4","0","","02","8","2023","6","40.472932","-79.889353","0743","11","0","0","0","0","0","0","0","0","","0","0","0","","","2","","2","","40 28:22.556","","0","79 53:21.671","3","0","0","0","2301","0","0","0","N","0","0","0","2","02301","0","","1.0","","1","N","N","N","0","","2","0","2","","0","","","2","2","0","0","0","0","0","2","0","2","03","03","","N","","","","","","","","","",""
"2023094898","0015","2","0","0","0","0","0","0","0","0","1","0","","02","10","2023","7","40.501849","-80.119","0009","11","0","0","1","0","0","0","0","0","","0","0","0","","","2","N","0","","40 30:06.658","","7","80 07:08.401","3","0","0","0","2115","0","0","0","N","0","0","0","2","02115","0","","1.0","","1","N","N","N","0","","2","0","0","","0","","","2","2","0","0","0","0","0","2","0","2","03","03","","N","","","","","","","","","",""
"2023075342","1658","0","0","0","0","0","0","0","0","0","4","0","","02","8","2023","1","40.517186","-79.946306","1653","11","0","0","0","0","0","0","0","0","","0","0","0","","","0","N","0","","40 31:01.868","","0","79 56:46.700","0","0","0","0","2118","0","0","0","N","0","0","0","1","02118","0","","6.0","","1","N","N","N","0","","0","0","0","","0","","","2","0","1","0","0","0","0","2","2","2","03","","","N","","","","","","","","","",""
"2023057144","1657","2","0","0","0","0","0","0","0","0","1","0","","02","6","2023","4","40.371377","-80.088564","1651","11","0","1","0","0","0","1","0","0","","0","0","0","","","0","N","0","","40 22:16.957","","0","80 05:18.831","0","0","0","0","2117","0","0","0","N","0","0","0","2","02117","0","","1.0","","1","N","N","N","0","","0","0","0","","0","","","2","0","0","0","0","0","0","2","0","2","03","","","N","","","","","","","","","",""
"2023072018","0920","1","0","0","0","0","0","0","0","0","1","0","","02","8","2023","3","40.496722","-80.012518","0907","11","0","0","0","0","0","0","0","0","","0","0","0","","","0","N","0","","40 29:48.198","","1","80 00:45.064","0","0","0","0","2301","0","0","0","N","0","0","0","2","02301","0","","1.0","","1","N","N","N","0","","0","0","1","","0","","","2","0","0","0","0","0","0","2","0","2","03","03","","N","","","","","","","","","",""
"2023094572","1725","2","0","0","0","0","0","0","0","0","4","0","","02","10","2023","6","40.453766","-79.914266","1715","11","0","0","0","0","0","1","0","0","","0","0","0","","","0","","2","","40 27:13.558","3","0","79 54:51.357","0","0","0","0","2301","0","0","0","N","0","0","0","4","02301","0","","1.0","1800.0","9","N","N","N","0","","0","0","0","","3","N","","2","0","0","0","0","0","0","2","0","2","07","","","N","","","","","","","","","",""
"2023088408","0610","1","0","0","0","0","0","0","0","0","7","0","","02","9","2023","3","40.432532","-79.960902","0550","11","0","0","0","0","0","0","0","0","","0","0","0","","","1","N","0","","40 25:57.114","3","0","79 57:39.248","3","0","0","0","2301","0","0","0","N","0","0","0","1","68B03","0","","2.0","645.0","1","N","N","N","0","","1","0","0","","0","N","","1","1","0","0","0","0","0","2","0","1","03","","","N","","","","","","","","","",""
"2023082703","1555","0","0","0","0","0","0","0","0","0","5","0","45","02","9","2023","7","40.495658","-79.910729","1540","11","0","0","0","0","1","0","0","0","","0","0","0","","","1","N","0","","40 29:44.368","1","0","79 54:38.625","8","0","0","1","2112","0","0","0","N","0","0","0","3","68D02","0","","1.0","1605.0","1","N","N","N","0","","0","0","1","","0","N","","2","1","0","0","0","1","0","2","0","2","03","03","N","Y","4","1","","","N","Y","","","Y","N"
"2023073468","0205","0","0","0","0","0","0","0","0","0","7","0","","02","8","2023","1","40.432271","-79.918233","0201","11","0","0","0","0","0","0","0","0","","0","0","0","","","0","","1","","40 25:56.175","","0","79 55:05.638","0","0","0","0","2301","0","0","0","N","0","0","0","1","02301","0","","4.0","","1","N","N","N","0","","0","0","1","","2","","","1","0","0","0","0","0","0","2","0","1","03","","","N","","","","","","","","","",""
"2023101012","1012","1","0","0","0","0","0","0","0","0","4","0","","02","11","2023","4","40.53679","-80.185034","1009","11","0","0","0","1","0","0","0","0","","0","0","0","","","0","N","1","","40 32:12.444","","0","80 11:06.124","0","0","0","0","2458","0","0","0","N","0","0","0","2","02458","0","","1.0","","1","N","N","N","0","","0","0","1","","2","","","2","0","0","0","0","0","0","2","0","2","03","03","","N","","","","","","","","","",""
"2023073795","0717","2","0","0","0","0","0","0","0","0","4","0","","02","8","2023","2","40.348035","-79.835559","0717","11","0","0","0","0","0","0","0","0","","0","0","0","","","0","","1","","40 20:52.925","","0","79 50:08.012","0","0","0","0","2304","0","0","0","N","0","0","0","2","02304","0","","1.0","","1","N","N","N","0","","0","0","0","","0","","","2","0","0","0","0","0","0","2","0","2","03","","","N","","","","","","","","","",""
"2023073696","2109","1","0","0","0","0","0","0","0","0","7","0","","02","8","2023","1","40.495648","-80.02667","2102","11","0","0","0","0","0","0","0","0","","0","0","0","","","0","N","0","","40 29:44.334","","7","80 01:36.011","0","0","0","0","2301","0","0","0","N","0","0","0","1","02301","0","","5.0","","1","N","N","N","0","","0","0","0","","0","","","1","0","0","0","0","0","0","2","0","1","03","03","","N","","","","","","","","","",""
"2023093734","1540","1","0","0","0","0","0","0","0","0","1","0","","02","10","2023","6","40.397776","-80.022992","1530","11","0","0","0","1","0","0","0","0","","0","0","0","","","0","N","0","","40 23:51.994","","0","80 01:22.772","0","0","0","0","2301","0","0","0","N","0","0","0","4","02301","0","","1.0","","1","N","N","N","0","","0","0","1","","0","","","2","0","0","0","0","0","0","2","0","2","04","04","","N","","","","","","","","","",""
"2023074782","2057","1","0","0","0","0","0","0","0","0","4","0","","02","8","2023","1","40.332942","-79.984741","2054","11","0","0","0","0","0","1","0","0","","0","0","0","","","1","","3","","40 19:58.592","1","0","79 59:05.066","3","0","0","0","2403","0","0","0","N","0","0","0","3","02403","0","","1.0","2138.0","1","N","N","N","0","","1","0","1","","2","N","","2","1","0","0","0","0","0","2","0","2","03","","","N","","","","","","","","","",""
"2023086043","1750","1","0","0","0","0","0","0","0","0","7","0","","02","9","2023","4","40.248859","-79.877092","1745","11","0","0","0","0","0","1","0","0","","0","0","0","","","1","N","1","","40 14:55.893","6","0","79 52:37.531","8","0","0","0","2204","0","0","0","Y","0","0","0","1","02105","0","","5.0","2200.0","1","N","N","N","0","","0","0","0","","2","Y","","1","1","0","0","0","1","0","1","0","1","03","03","","N","","","","","","","","","",""
"2023082263","1337","2","0","0","0","0","0","0","0","0","1","0","55","02","9","2023","5","40.532982","-79.847569","1334","11","0","0","0","0","0","0","0","0","","0","0","0","","","0","N","0","","40 31:58.735","","3","79 50:51.250","0","0","0","0","2208","0","0","0","N","0","0","0","4","68D02","0","","1.0","","1","N","N","N","0","","0","0","0","","0","","","3","0","0","0","0","0","0","2","1","3","03","","N","Y","3","1","","","N","Y","","","","N"
"2023088082","0755","1","0","0","0","0","0","0","0","0","4","0","","02","10","2023","4","40.363291","-79.966568","0752","11","0","0","0","0","0","1","0","0","","0","0","0","","","0","N","2","","40 21:47.847","","0","79 57:59.644","0","0","0","0","2403","0","0","0","N","0","0","0","2","02403","0","","1.0","","1","N","N","N","0","","0","0","1","","3","N","","2","0","0","0","0","0","0","2","0","2","03","03","","N","","","","","","","","","",""
"2023072740","1424","1","0","0","0","0","0","0","0","0","4","0","","02","8","2023","4","40.53276","-79.958644","1424","11","0","0","0","0","0","0","0","1","","0","0","0","","","3","","2","","40 31:57.936","1","0","79 57:31.119","3","0","0","0","2118","0","0","0","N","0","0","0","4","02118","0","","1.0","1458.0","1","N","N","N","0","","3","0","1","","2","N","","2","3","0","0","0","0","0","2","0","2","03","03","","N","","","","","","","","","",""
"2023090687","2034","0","0","0","0","0","0","0","0","0","4","0","","02","10","2023","3","40.535686","-79.970536","2032","11","0","0","0","0","0","0","1","0","","0","0","0","","","1","N","1","","40 32:08.469","7","0","79 58:13.931","4","0","0","0","2118","0","0","0","N","0","0","0","4","02118","1","","1.0","2110.0","1","N","N","N","1","","0","0","1","","2","N","","2","1","0","0","0","0","0","2","0","2","03","98","","N","","","","","","","","","",""
"2023073345","1304","0","0","0","0","0","0","0","0","0","7","0","","02","8","2023","7","40.444128","-79.978267","1254","11","0","0","0","0","0","0","1","0","","0","0","0","","","1","","2","","40 26:38.861","","0","79 58:41.762","3","0","0","0","2301","0","0","0","N","0","0","0","1","02301","0","","4.0","","1","N","N","Y","0","","1","0","1","","0","","","1","1","0","0","0","0","0","2","0","1","03","03","","N","","","","","","","","","",""
"2023088170","1445","0","0","0","0","0","0","0","0","0","4","0","","02","10","2023","4","40.434078","-79.848838","1440","11","1","0","0","0","0","0","0","0","","0","0","0","","","0","N","2","","40 26:02.680","3","0","79 50:55.816","0","0","0","0","2419","0","0","0","N","0","0","0","2","02419","0","","1.0","1510.0","1","N","N","N","0","","0","0","2","","2","Y","","2","0","0","0","0","0","0","2","0","2","03","03","","N","","","","","","","","","",""
"2023081214","2323","0","0","0","0","0","0","0","0","0","7","0","","02","9","2023","6","40.626241","-80.056067","2323","11","0","0","0","1","0","0","0","0","","0","0","0","","","0","","1","","40 37:34.467","","0","80 03:21.842","0","0","0","0","2216","0","0","0","N","0","0","0","1","02505","0","","4.0","","1","N","N","N","1","","0","0","0","","0","","","1","0","1","0","0","0","0","2","0","1","03","98","","N","","","","","","","","","",""
"2023073869","1802","0","0","0","0","0","0","0","0","0","4","0","","02","8","2023","5","40.352448","-80.073823","1801","11","0","0","0","0","0","1","0","1","","0","0","0","","","2","","1","","40 21:08.814","5","0","80 04:25.764","3","0","0","0","2123","0","0","0","N","0","0","0","5","02123","0","","1.0","1845.0","1","N","N","N","0","","2","0","3","","3","N","","3","2","0","0","0","0","0","2","0","3","03","03","","N","","","","","","","","","",""
"2023071158","0810","1","0","0","0","0","0","0","0","0","7","0","","02","8","2023","7","40.44987","-79.840151","0745","11","0","0","0","0","0","0","0","1","","0","0","0","","","0","N","0","","40 26:59.532","","0","79 50:24.544","9","0","0","0","2113","0","0","0","N","0","0","0","1","02113","0","","5.0","","1","N","N","N","0","","0","0","0","","0","","","1","0","0","0","0","0","1","2","0","1","99","","","N","","","","","","","","","",""