"CRN","ARRIVAL_TM","AUTOMOBILE_COUNT","BELTED_DEATH_COUNT","BELTED_SUSP_SERIOUS_INJ_COUNT","BICYCLE_COUNT","BICYCLE_DEATH_COUNT","BICYCLE_SUSP_SERIOUS_INJ_COUNT","BUS_COUNT","CHLDPAS_DEATH_COUNT","CHLDPAS_SUSP_SERIOUS_INJ_COUNT","COLLISION_TYPE","COMM_VEH_COUNT","CONS_ZONE_SPD_LIM","COUNTY","CRASH_MONTH","CRASH_YEAR","DAY_OF_WEEK","DEC_LATITUDE","DEC_LONGITUDE","DISPATCH_TM","DISTRICT","DRIVER_COUNT_16YR","DRIVER_COUNT_17YR","DRIVER_COUNT_18YR","DRIVER_COUNT_19YR","DRIVER_COUNT_20YR","DRIVER_COUNT_50_64YR","DRIVER_COUNT_65_74YR","DRIVER_COUNT_75PLUS","EST_HRS_CLOSED","FATAL_COUNT","HEAVY_TRUCK_COUNT","HORSE_BUGGY_COUNT","HOUR_OF_DAY","ILLUMINATION","INJURY_COUNT","INTERSECTION_RELATED","INTERSECT_TYPE","LANE_CLOSED","LATITUDE","LN_CLOSE_DIR","LOCATION_TYPE","LONGITUDE","MAX_SEVERITY_LEVEL","MCYCLE_DEATH_COUNT","MCYCLE_SUSP_SERIOUS_INJ_COUNT","MOTORCYCLE_COUNT","MUNICIPALITY","NONMOTR_COUNT","NONMOTR_DEATH_COUNT","NONMOTR_SUSP_SERIOUS_INJ_COUNT","NTFY_HIWY_MAINT","PED_COUNT","PED_DEATH_COUNT","PED_SUSP_SERIOUS_INJ_COUNT","PERSON_COUNT","POLICE_AGCY","POSSIBLE_INJ_COUNT","RDWY_SURF_TYPE_CD","RELATION_TO_ROAD","ROADWAY_CLEARED","ROAD_CONDITION","SCH_BUS_IND","SCH_ZONE_IND","SECONDARY_CRASH","SMALL_TRUCK_COUNT","SPEC_JURIS_CD","SUSP_MINOR_INJ_COUNT","SUSP_SERIOUS_INJ_COUNT","SUV_COUNT","TCD_FUNC_CD","TCD_TYPE","TFC_DETOUR_IND","TIME_OF_DAY","TOTAL_UNITS","TOT_INJ_COUNT","UNBELTED_OCC_COUNT","UNB_DEATH_COUNT","UNB_SUSP_SERIOUS_INJ_COUNT","UNK_INJ_DEG_COUNT","UNK_INJ_PER_COUNT","URBAN_RURAL","VAN_COUNT","VEHICLE_COUNT","WEATHER1","WEATHER2","WORKERS_PRES","WORK_ZONE_IND","WORK_ZONE_LOC","WORK_ZONE_TYPE","WZ_CLOSE_DETOUR","WZ_FLAGGER","WZ_LAW_OFFCR_IND","WZ_LN_CLOSURE","WZ_MOVING","WZ_OTHER","WZ_SHLDER_MDN","WZ_WORKERS_INJ_KILLED"
"2023084577","1240","0","0","0","0","0","0","0","0","0","8","0","25","02","9","2023","3","40.365831","-80.03815","1235","11","0","0","0","0","0","0","0","0","","0","0","0","","","1","N","0","","40 21:56.990","","0","80 02:17.340","2","0","0","0","2109","1","0","1","N","1","0","1","1","02109","0","","1.0","","1","N","N","N","1","","0","1","0","","7","","","2","1","0","0","0","0","0","2","0","1","03","","Y","Y","4","3","N","Y","N","N","N","N","N","Y"
"2023084080","1630","1","0","0","0","0","0","0","0","0","1","0","","02","9","2023","6","40.486629","-79.890445","1630","11","0","0","0","0","0","0","0","0","","0","0","0","","","2","N","0","","40 29:11.864","","0","79 53:25.601","8","0","0","0","2301","0","0","0","N","0","0","0","3","02301","0","","1.0","","1","N","N","N","1","","0","0","1","","2","","","3","2","0","0","0","2","0","2","0","3","03","03","","N","","","","","","","","","",""
"2023104601","2110","1","0","0","0","0","0","0","0","0","5","1","","02","11","2023","6","40.4518","-79.92431","2058","11","0","0","0","0","0","1","0","0","","0","0","0","","","0","N","0","","40 27:06.479","3","0","79 55:27.517","0","0","0","0","2301","0","0","0","N","0","0","0","3","02301","0","","1.0","2202.0","9","N","N","N","0","","0","0","0","","0","N","","2","0","0","0","0","0","0","2","1","2","07","04","","N","","","","","","","","","",""
"2023103172","2027","0","0","0","0","0","0","0","0","0","1","0","","02","11","2023","6","40.435618","-80.017316","2012","11","0","0","0","0","0","0","0","0","","0","0","0","","","0","N","0","","40 26:08.224","","4","80 01:02.339","0","0","0","0","2301","0","0","0","N","0","0","0","3","68B03","0","","1.0","","1","N","N","N","0","","0","0","2","","0","","","2","0","0","0","0","0","0","2","0","2","03","","","N","","","","","","","","","",""
"2023101013","0740","0","0","0","0","0","0","0","0","0","4","1","","02","11","2023","4","40.447626","-80.154714","0735","11","0","0","0","0","0","0","1","0","","0","1","0","","","0","","2","","40 26:51.454","","0","80 09:16.972","0","0","0","0","2115","0","0","0","N","0","0","0","2","02115","0","","1.0","","1","N","N","N","0","","0","0","0","","2","","","2","0","0","0","0","0","0","2","1","2","03","03","","N","","","","","","","","","",""
"2023085899","1901","1","0","0","0","0","0","0","0","0","7","0","","02","9","2023","2","40.394495","-79.894661","1858","11","0","0","0","0","0","0","0","0","","0","0","0","","","1","N","0","","40 23:40.182","","0","79 53:40.778","3","0","0","0","2448","0","0","0","N","0","0","0","1","02448","0","","4.0","","1","N","N","N","0","","1","0","0","","0","","","1","1","0","0","0","0","0","2","0","1","03","03","","N","","","","","","","","","",""
"2023087040","1633","2","0","0","0","0","0","0","0","0","4","0","","02","9","2023","7","40.413766","-79.997045","1633","11","0","0","0","0","0","0","2","0","","0","0","0","","","1","","2","","40 24:49.557","","0","79 59:49.362","3","0","0","0","2301","0","0","0","N","0","0","0","3","02301","0","","1.0","","1","N","N","N","0","","1","0","1","","3","","","3","1","0","0","0","0","0","2","0","3","03","03","","N","","","","","","","","","",""
"2023079749","2145","0","0","0","0","0","0","0","0","0","0","0","","02","9","2023","6","40.594879","-79.77742","2142","11","0","0","0","0","0","1","0","0","","0","0","0","","","2","N","0","","40 35:41.564","6","0","79 46:38.713","2","0","2","1","2104","0","0","0","N","0","0","0","2","02514","0","","4.0","2220.0","1","N","N","N","0","","0","2","0","","0","N","","1","2","0","0","0","0","0","2","0","1","03","03","","N","","","","","","","","","",""
"2023081520","0805","0","0","0","0","0","0","0","0","0","4","0","","02","9","2023","6","40.373438","-79.844815","0805","11","0","0","0","0","0","1","1","0","","0","0","0","","","1","","2","","40 22:24.376","","7","79 50:41.335","4","0","0","0","2303","0","0","0","N","0","0","0","2","02303","1","","1.0","","1","N","N","N","1","","0","0","1","","2","","","2","1","0","0","0","0","0","2","0","2","03","03","","N","","","","","","","","","",""
"2023086774","1233","0","0","0","0","0","0","0","0","0","7","0","","02","9","2023","6","40.330356","-79.992366","1226","11","0","0","0","0","0","0","1","0","","0","0","0","","","1","N","0","","40 19:49.280","3","0","79 59:32.518","3","0","0","0","2219","0","0","0","N","0","0","0","1","02219","0","","4.0","1334.0","1","N","N","N","0","","1","0","0","","0","N","","1","1","0","0","0","0","0","2","1","1","03","","","N","","","","","","","","","",""
"2023104724","1717","1","0","0","0","0","0","1","0","0","5","1","","02","11","2023","2","40.453443","-80.000865","1709","11","0","0","0","0","0","1","0","0","","0","0","0","","","0","N","0","","40 27:12.395","","0","80 00:03.114","0","0","0","0","2301","0","0","0","N","0","0","0","2","02503","0","","6.0","","1","N","N","N","0","","0","0","0","","0","","","2","0","0","0","0","0","0","2","0","2","03","03","","N","","","","","","","","","",""
"2023086522","1225","0","0","0","0","0","0","0","0","0","7","0","","02","9","2023","6","40.456184","-79.904358","1225","11","0","0","0","0","0","0","1","0","","0","0","0","","","1","N","0","","40 27:22.264","7","0","79 54:15.690","4","0","0","0","2301","0","0","0","N","0","0","0","1","02301","1","","6.0","1244.0","1","N","N","N","0","","0","0","1","","0","N","","1","1","0","0","0","0","0","2","0","1","03","","","N","","","","","","","","","",""
"2023084724","1927","0","0","0","0","0","0","0","0","0","8","0","","02","9","2023","1","40.426264","-79.963545","1918","11","0","0","0","0","0","0","0","0","","0","0","0","","","1","","1","","40 25:34.552","","0","79 57:48.763","8","0","0","0","2301","1","0","0","N","1","0","0","2","02301","0","","1.0","","9","N","N","N","1","","0","0","0","","2","","","2","1","0","0","0","1","0","2","0","1","07","","","N","","","","","","","","","",""
"2023091840","1736","0","0","0","0","0","0","0","0","0","7","0","","02","9","2023","6","40.523331","-79.947154","1736","11","0","0","0","0","0","0","0","0","","0","0","0","","","1","N","0","","40 31:23.990","1","0","79 56:49.754","2","0","1","1","2118","0","0","0","N","0","0","0","1","02118","0","","2.0","1826.0","1","N","N","N","0","","0","1","0","","0","Y","","1","1","0","0","0","0","0","2","0","1","03","","","N","","","","","","","","","",""
"2023099788","1922","1","0","0","0","0","0","0","0","0","98","0","","02","10","2023","7","40.605462","-80.094007","1905","11","0","0","0","0","0","1","0","0","","0","0","0","","","0","N","0","","40 36:19.662","1","0","80 05:38.425","0","0","0","0","2481","0","0","0","N","0","0","0","2","68B03","0","","1.0","2059.0","1","N","N","N","0","","0","0","0","","0","N","","1","0","0","0","0","0","0","2","0","1","03","","","N","","","","","","","","","",""
"2023095107","1231","1","0","0","0","0","0","0","0","0","4","0","","02","10","2023","2","40.555602","-79.971764","1228","11","0","0","0","0","0","1","0","1","","0","0","0","","","1","N","0","","40 33:20.167","","7","79 58:18.349","3","0","0","0","2207","0","0","0","N","0","0","0","2","02207","0","","1.0","","1","N","N","N","0","","1","0","1","","0","","","2","1","0","0","0","0","0","2","0","2","03","04","","N","","","","","","","","","",""
"2023082545","2010","1","0","0","0","0","0","0","0","0","1","0","","02","9","2023","4","40.442156","-80.008968","1953","11","0","0","0","0","0","0","0","0","","0","0","0","","","0","N","0","","40 26:31.762","2","3","80 00:32.284","0","0","0","0","2301","0","0","0","N","0","0","0","3","68B03","0","","1.0","2028.0","1","N","N","N","0","","0","0","1","","0","N","","2","0","0","0","0","0","0","2","0","2","03","03","","N","","","","","","","","","",""
"2023098619","1230","1","0","0","0","0","0","0","0","0","7","0","","02","11","2023","5","40.629942","-79.968716","1222","11","0","0","0","0","0","0","0","0","","0","0","0","","","0","N","2","","40 37:47.792","4","0","79 58:07.379","0","0","0","0","2217","0","0","0","N","0","0","0","1","02505","0","","5.0","1244.0","1","N","N","N","0","","0","0","0","","3","N","","1","0","0","0","0","0","0","2","0","1","03","","","N","","","","","","","","","",""
"2023102350","0048","1","0","0","0","0","0","0","0","0","7","0","","02","10","2023","7","40.493149","-80.010117","0028","11","0","0","0","0","0","0","0","0","","0","0","0","","","0","N","0","","40 29:35.338","","2","80 00:36.421","0","0","0","0","2301","0","0","0","N","0","0","0","1","68B03","0","","4.0","","1","N","N","N","0","","0","0","0","","0","","","1","0","0","0","0","0","0","2","0","1","03","03","","N","","","","","","","","","",""
"2023078071","1910","1","0","0","0","0","0","0","0","0","2","0","","02","9","2023","7","40.379021","-80.150394","1902","11","0","0","0","0","1","0","0","0","","0","0","0","","","0","N","0","","40 22:44.475","5","0","80 09:01.420","0","0","0","0","2119","0","0","0","N","0","0","0","6","02119","0","","1.0","2000.0","1","N","N","N","1","","0","0","0","","3","Y","","2","0","0","0","0","0","0","2","0","2","03","03","","N","","","","","","","","","",""
"2023081212","1516","2","0","0","0","0","0","0","0","0","1","0","","02","9","2023","5","40.467148","-80.105153","1513","11","0","0","0","0","1","0","0","1","","0","0","0","","","0","","2","","40 28:01.733","","0","80 06:18.552","0","0","0","0","2126","0","0","0","N","0","0","0","2","02126","0","","1.0","","1","N","N","N","0","","0","0","0","","0","","","2","0","0","0","0","0","0","2","0","2","03","","","N","","","","","","","","","",""
"2023085801","1411","0","0","0","0","0","0","0","0","0","2","0","","02","9","2023","1","40.475944","-79.997778","1406","11","0","1","0","0","0","0","0","0","","0","0","0","","","1","N","0","","40 28:33.400","3","0","79 59:52.000","3","0","0","0","2301","0","0","0","N","0","0","0","4","02505","0","","1.0","1452.0","9","N","N","N","0","","1","0","1","","0","N","","2","1","0","0","0","0","0","2","1","2","07","04","","N","","","","","","","","","",""
"2023103598","1223","0","0","0","0","0","0","0","0","0","7","0","","02","4","2023","4","40.435186","-79.983417","1209","11","0","0","0","0","0","0","0","1","","0","0","0","","","0","N","0","","40 26:06.669","4","0","79 59:00.300","0","0","0","0","2301","0","0","0","N","0","0","0","2","68B03","0","","4.0","1234.0","1","N","N","N","0","","0","0","0","","0","N","","1","0","0","0","0","0","0","2","1","1","03","","","N","","","","","","","","","",""
"2023079284","1735","1","0","0","0","0","0","0","0","0","1","0","","02","9","2023","5","40.435385","-79.984654","1726","11","0","0","0","0","0","1","0","0","","0","0","0","","","0","N","0","","40 26:07.386","","0","79 59:04.754","0","0","0","0","2301","0","0","0","N","0","0","0","3","02301","0","","1.0","","9","N","N","Y","0","","0","0","1","","0","","","2","0","0","0","0","0","0","2","0","2","07","04","","N","","","","","","","","","",""
"2023098384","1235","0","0","0","0","0","0","0","0","0","4","1","","02","10","2023","3","40.453847","-80.171714","1232","11","0","0","0","0","0","0","0","0","","0","1","0","","","0","","2","","40 27:13.850","","0","80 10:18.170","0","0","0","0","2115","0","0","0","N","0","0","0","2","02115","0","","1.0","","1","N","N","N","0","","0","0","1","","2","","","2","0","0","0","0","0","0","2","0","2","03","03","","N","","","","","","","","","",""
"2023099313","1428","1","0","0","0","0","0","0","0","0","5","1","45","02","10","2023","2","40.493664","-79.901734","1353","11","0","0","0","0","0","0","0","0","","0","1","0","","","0","N","0","","40 29:37.189","2","0","79 54:06.243","0","0","0","0","2401","0","0","0","N","0","0","0","2","68D02","0","","1.0","1540.0","1","N","N","N","0","","0","0","0","","8","Y","","2","0","0","0","0","0","0","2","0","2","03","03","Y","Y","4","1","N","N","N","Y","N","N","N","N"
"2023080777","0756","1","0","0","0","0","0","0","0","0","4","0","","02","9","2023","4","40.34742","-79.939188","0754","11","0","0","1","0","0","0","0","0","","0","0","0","","","0","N","0","","40 20:50.711","","7","79 56:21.078","0","0","0","0","2473","0","0","0","N","0","0","0","3","02473","0","","1.0","","1","N","N","N","1","","0","0","1","","0","","","3","0","0","0","0","0","0","2","0","3","03","03","","N","","","","","","","","","",""
"2023100213","1346","1","0","0","0","0","0","0","0","0","7","0","","02","10","2023","1","40.428125","-79.947852","1340","11","0","0","0","0","1","0","0","0","","0","0","0","","","1","N","0","","40 25:41.251","3","0","79 56:52.266","3","0","0","0","2301","0","0","0","N","0","0","0","2","68B03","0","","4.0","1425.0","9","N","N","N","0","","1","0","1","","0","N","","2","1","0","0","0","0","0","2","0","2","07","","","N","","","","","","","","","",""
"2023094319","0624","1","0","0","0","0","0","0","0","0","7","0","","02","10","2023","6","40.342789","-80.101411","0620","11","0","0","0","0","0","0","0","0","","0","0","0","","","1","N","0","","40 20:34.040","6","0","80 06:05.080","3","0","0","0","2123","0","0","0","N","0","0","0","1","02123","0","","5.0","711.0","9","N","N","N","0","","1","0","0","","0","N","","1","1","1","0","0","0","0","2","0","1","07","","","N","","","","","","","","","",""
"2023081724","2050","1","0","0","0","0","0","0","0","0","4","0","","02","9","2023","6","40.33808","-79.806786","2044","11","0","0","0","1","0","0","0","0","","0","0","0","","","0","N","0","","40 20:17.089","5","7","79 48:24.428","0","0","0","0","2477","0","0","0","N","0","0","0","5","02477","0","","1.0","2115.0","1","N","N","N","0","","0","0","1","","2","Y","","2","0","0","0","0","0","0","2","0","2","03","03","","N","","","","","","","","","",""
"2023095053","0830","1","0","0","0","0","0","0","0","0","4","1","","02","10","2023","3","40.453987","-79.997852","0818","11","0","0","0","0","0","0","0","0","","0","1","0","","","0","","1","","40 27:14.353","","2","79 59:52.267","0","0","0","0","2301","0","0","0","N","0","0","0","2","02301","0","","1.0","","1","N","N","N","0","","0","0","0","","0","","","2","0","0","0","0","0","0","2","0","2","03","03","","N","","","","","","","","","",""
"2023102100","1235","2","0","0","0","0","0","0","0","0","2","0","","02","11","2023","5","40.511912","-79.947176","1229","11","0","0","0","0","0","2","0","0","","0","0","0","","","0","","3","","40 30:42.884","","0","79 56:49.834","0","0","0","0","2118","0","0","0","N","0","0","0","2","02118","0","","1.0","","1","N","N","N","0","","0","0","0","","3","","","2","0","0","0","0","0","0","2","0","2","03","03","","N","","","","","","","","","",""
"2023085922","1823","0","0","0","0","0","0","0","0","0","4","0","","02","9","2023","4","40.402576","-79.902098","1821","11","0","0","0","0","0","0","1","0","","0","0","0","","","0","","1","","40 24:09.273","5","0","79 54:07.552","0","0","0","0","2438","0","0","0","N","0","0","0","2","02438","0","","1.0","1845.0","1","N","N","N","0","","0","0","2","","3","Y","","2","0","0","0","0","0","0","2","0","2","03","","","N","","","","","","","","","",""
"2023080897","1828","1","0","0","0","0","0","0","0","0","4","0","","02","9","2023","4","40.441659","-80.240296","1825","11","0","1","0","1","0","1","0","0","","0","0","0","","","0","","2","","40 26:29.971","7","7","80 14:25.066","0","0","0","0","2214","0","0","0","N","0","0","0","5","02214","0","","1.0","1859.0","1","N","N","N","0","","0","0","2","","3","N","","3","0","0","0","0","0","0","2","0","3","03","","","N","","","","","","","","","",""
"2023102722","0650","0","0","0","0","0","0","0","0","0","6","0","","02","11","2023","5","40.400573","-80.082842","0644","11","0","0","0","0","0","0","0","0","","0","0","0","","","1","N","0","","40 24:02.061","3","0","80 04:58.232","8","0","0","0","2415","0","0","0","N","0","0","0","2","02415","0","","1.0","715.0","9","N","N","Y","0","","0","0","2","","0","Y","","2","1","0","0","0","1","0","2","0","2","07","","","N","","","","","","","","","",""
"2023103636","1737","1","0","0","0","0","0","0","0","0","7","0","","02","11","2023","7","40.31357","-79.951656","1731","11","0","0","0","0","0","0","0","1","","0","0","0","","","1","N","0","","40 18:48.851","","0","79 57:05.962","3","0","0","0","2440","0","0","0","N","0","0","0","1","02440","0","","5.0","","1","N","N","N","0","","1","0","0","","0","","","1","1","0","0","0","0","0","2","0","1","03","03","","N","","","","","","","","","",""
"2023104094","0922","0","0","0","0","0","0","0","0","0","4","1","","02","11","2023","4","40.442869","-79.838556","0838","11","0","0","0","0","0","0","0","0","","0","1","0","","","1","N","0","","40 26:34.330","4","0","79 50:18.800","3","0","0","0","2419","0","0","0","N","0","0","0","2","68B03","0","","1.0","1000.0","1","N","N","N","0","","1","0","1","","0","N","","2","1","0","0","0","0","0","2","0","2","03","03","","N","","","","","","","","","",""
"2023100706","0308","1","0","0","0","0","0","0","0","0","7","0","","02","10","2023","1","40.42553","-79.908909","0240","11","0","0","0","0","0","0","0","0","","0","0","0","","","0","N","0","","40 25:31.907","","0","79 54:32.072","0","0","0","0","2301","0","0","0","N","0","0","0","2","68B03","0","","4.0","","9","N","N","N","0","","0","0","0","","0","","","1","0","0","0","0","0","0","2","0","1","03","03","","N","","","","","","","","","",""
"2023099301","2326","2","0","0","0","0","0","0","0","0","2","0","","02","8","2023","5","40.348007","-80.026423","2324","11","0","1","0","0","0","0","0","0","","0","0","0","","","2","N","0","","40 20:52.824","5","0","80 01:35.124","4","0","0","0","2407","0","0","0","N","0","0","0","4","02407","2","","1.0","22.0","9","N","N","N","0","","0","0","1","","0","Y","","3","2","0","0","0","0","0","2","0","3","03","03","","N","","","","","","","","","",""
"2023103865","0000","0","0","0","0","0","0","0","0","0","7","0","","02","8","2023","4","40.368139","-79.982917","1803","11","0","0","0","0","0","0","0","0","","0","0","0","","","0","N","0","","40 22:05.300","","7","79 58:58.500","0","0","0","0","2413","0","0","0","N","0","0","0","1","02413","0","","5.0","","1","N","N","N","0","","0","0","1","","0","N","","1","0","0","0","0","0","0","2","0","1","03","","","N","","","","","","","","","",""
"2023087388","2030","2","0","0","0","0","0","0","0","0","4","0","","02","9","2023","4","40.376698","-79.894275","2019","11","0","0","0","0","0","1","0","0","","0","0","0","","","0","","1","","40 22:36.113","","0","79 53:39.389","0","0","0","0","2473","0","0","0","N","0","0","0","2","02473","0","","1.0","","1","N","N","N","0","","0","0","0","","2","","","2","0","0","0","0","0","0","2","0","2","03","03","","N","","","","","","","","","",""
"2023101160","0408","0","0","0","0","0","0","0","0","0","7","0","","02","8","2023","5","40.506379","-79.858165","0348","11","0","0","0","0","0","0","0","0","","0","0","0","","","0","N","0","","40 30:22.964","","0","79 51:29.393","0","0","0","0","2112","0","0","0","N","0","0","0","1","68D02","0","","3.0","","1","N","N","N","0","","0","0","1","","0","","","1","0","0","0","0","0","0","2","0","1","03","","","N","","","","","","","","","",""
"2023106061","1313","1","0","0","0","0","0","0","0","0","4","0","","02","11","2023","3","40.398832","-80.025548","1307","11","0","0","0","0","0","0","0","0","","0","0","0","","","0","N","0","","40 23:55.794","2","0","80 01:31.973","0","0","0","0","2301","0","0","0","N","0","0","0","2","02301","0","","1.0","1330.0","9","N","N","N","1","","0","0","0","","0","N","","2","0","0","0","0","0","0","2","0","2","07","07","","N","","","","","","","","","",""
"2023105721","0800","0","0","0","0","0","0","0","0","0","7","0","","02","11","2023","3","40.578069","-79.953674","0750","11","0","0","0","0","0","0","0","0","","0","0","0","","","0","","2","","40 34:41.050","2","0","79 57:13.227","0","0","0","0","2207","0","0","0","N","0","0","0","1","02207","0","","2.0","826.0","9","N","N","N","0","","0","0","1","","3","N","","1","0","0","0","0","0","0","2","0","1","07","04","","N","","","","","","","","","",""
"2023083950","1012","0","0","0","0","0","0","0","0","0","4","0","","02","9","2023","6","40.442168","-79.994957","1012","11","0","0","0","0","0","1","0","0","","0","0","0","","","1","","1","","40 26:31.803","","0","79 59:41.846","8","0","0","0","2301","0","0","0","N","0","0","0","2","02301","0","","1.0","","1","N","N","N","0","","0","0","2","","0","","","2","1","0","0","0","1","0","2","0","2","03","03","","N","","","","","","","","","",""
"2023104438","1813","1","0","0","0","0","0","0","0","0","4","0","","02","11","2023","2","40.392671","-79.869956","1807","11","0","0","0","0","0","0","0","0","","0","0","0","","","0","N","0","","40 23:33.616","","0","79 52:11.842","0","0","0","0","2473","0","0","0","N","0","0","0","4","02473","0","","1.0","","1","N","N","N","0","","0","0","0","","0","","","2","0","0","0","0","0","0","2","1","2","03","03","","N","","","","","","","","","",""
"2023086219","2214","1","0","1","0","0","0","0","0","0","7","0","","02","9","2023","4","40.457102","-79.877703","2209","11","0","0","0","0","0","0","0","0","","0","0","0","","","2","","2","","40 27:25.568","1","0","79 52:39.731","2","0","0","0","2301","0","0","0","N","0","0","0","3","02301","0","","4.0","2245.0","1","N","N","N","0","","1","1","0","","2","Y","","2","2","0","0","0","0","0","2","0","1","03","","","N","","","","","","","","","",""
"2023082400","0735","0","0","0","0","0","0","0","0","0","4","0","","02","9","2023","5","40.373788","-80.006356","0733","11","0","0","0","0","0","0","0","0","","0","0","0","","","0","","1","","40 22:25.636","4","0","80 00:22.883","0","0","0","0","2416","0","0","0","N","0","0","0","5","02416","0","","1.0","800.0","1","N","N","N","0","","0","0","1","","2","N","","2","0","0","0","0","0","0","2","1","2","03","","","N","","","","","","","","","",""
"2023084721","1928","0","0","0","0","0","0","0","0","0","7","0","","02","9","2023","1","40.530836","-79.897258","1923","11","1","0","0","0","0","0","0","0","","0","0","0","","","0","N","0","","40 31:51.011","6","0","79 53:50.129","0","0","0","0","2432","0","0","0","N","0","0","0","1","02432","0","","4.0","1621.0","9","N","N","N","1","","0","0","0","","0","Y","","1","0","0","0","0","0","0","2","0","1","07","","","N","","","","","","","","","",""
"2023086085","0611","1","0","0","0","0","0","0","0","0","4","0","","02","9","2023","4","40.469414","-79.908738","0610","11","0","0","0","0","0","0","0","0","","0","0","0","","","2","N","0","","40 28:09.891","2","7","79 54:31.457","3","0","0","0","2301","0","0","0","N","0","0","0","4","02301","0","","1.0","650.0","1","N","N","N","0","","1","0","1","","0","N","","2","2","0","0","0","1","0","2","0","2","03","03","","N","","","","","","","","","",""
"2023084342","1546","0","0","0","0","0","0","0","0","0","1","0","","02","9","2023","7","40.615861","-80.093543","1537","11","0","0","0","0","0","1","0","0","","0","0","0","","","0","Y","0","","40 36:57.098","3","0","80 05:36.753","0","0","0","0","2481","0","0","0","N","0","0","0","4","02481","0","","1.0","1619.0","9","N","N","N","0","","0","0","2","","2","N","","2","0","0","0","0","0","0","2","0","2","07","","","N","","","","","","","","","",""
"2023092998","0306","1","0","0","0","0","0","0","0","0","7","0","","02","9","2023","4","40.445372","-79.847527","0250","11","0","0","0","0","0","0","0","0","","0","0","0","","","0","N","0","","40 26:43.339","","0","79 50:51.098","0","0","0","0","2419","0","0","0","N","0","0","0","1","68B03","0","","3.0","","9","N","N","N","0","","0","0","0","","0","","","1","0","0","0","0","0","0","2","0","1","07","","","N","","","","","","","","","",""
"2023106251","1806","1","0","0","0","0","0","0","0","0","4","0","","02","11","2023","2","40.475529","-79.848493","1806","11","0","0","0","0","0","1","0","0","","0","0","0","","","1","","1","","40 28:31.904","4","0","79 50:54.576","3","0","0","0","2113","0","0","0","N","0","0","0","2","02113","0","","1.0","1842.0","9","N","N","N","0","","1","0","1","","2","Y","","2","1","0","0","0","0","0","2","0","2","07","","","N","","","","","","","","","",""
"2023105709","0747","1","0","0","0","0","0","0","0","0","7","0","","02","11","2023","3","40.561906","-79.987604","0735","11","0","1","0","0","0","0","0","0","","0","0","0","","","0","","2","","40 33:42.863","","0","79 59:15.376","0","0","0","0","2207","0","0","0","N","0","0","0","1","02207","0","","5.0","","9","N","N","N","0","","0","0","0","","0","","","1","0","0","0","0","0","0","2","0","1","07","04","","N","","","","","","","","","",""
"2023099772","0026","0","0","0","0","0","0","0","0","0","1","0","","02","9","2023","2","40.435953","-79.974167","0018","11","0","0","0","0","0","0","0","0","","0","0","0","","","0","N","0","","40 26:09.429","","3","79 58:27.000","0","0","0","1","2301","0","0","0","N","0","0","0","2","68B03","0","","2.0","","1","N","N","N","0","","0","0","1","","0","","","2","0","1","0","0","0","0","2","0","2","03","","","N","","","","","","","","","",""
"2023082218","0102","1","0","0","0","0","0","0","0","0","5","0","","02","9","2023","2","40.44975","-80.061222","0058","11","0","0","0","0","0","0","0","0","","0","0","0","","","0","N","0","","40 26:59.100","6","0","80 03:40.400","0","0","0","0","2301","0","0","0","N","0","0","0","4","02301","0","","1.0","204.0","1","N","N","Y","0","","0","0","1","","0","Y","","2","0","2","0","0","0","0","2","0","2","03","","","N","","","","","","","","","",""
"2023102824","0930","0","0","0","0","0","0","0","0","0","1","0","","02","11","2023","6","40.365748","-80.016283","0927","11","0","0","0","0","0","1","0","0","","0","0","0","","","1","N","0","","40 21:56.694","","0","80 00:58.619","4","0","0","0","2416","0","0","0","N","0","0","0","2","02416","1","","1.0","","1","N","N","N","0","","0","0","2","","0","","","2","1","0","0","0","0","0","2","0","2","03","03","","N","","","","","","","","","",""
"2023100076","1559","1","0","0","0","0","0","0","0","0","1","0","","02","11","2023","2","40.383134","-79.827651","1552","11","0","0","0","0","0","0","0","0","","0","0","0","","","1","N","1","","40 22:59.283","","0","79 49:39.543","4","0","0","0","2111","0","0","0","N","0","0","0","2","02111","1","","1.0","","1","N","N","N","0","","0","0","1","","0","","","2","1","0","0","0","0","0","2","0","2","03","03","","N","","","","","","","","","",""
"2023086718","0200","2","0","0","0","0","0","0","0","0","1","0","","02","9","2023","7","40.432155","-80.003931","0150","11","0","0","0","0","0","0","0","0","","0","0","0","","","3","","2","","40 25:55.759","","0","80 00:14.151","8","0","0","0","2301","0","0","0","N","0","0","0","6","02301","0","","1.0","","1","N","N","N","0","","0","0","0","","2","","","2","3","0","0","0","3","2","2","0","2","03","","","N","","","","","","","","","",""
"2023086508","1123","1","0","0","0","0","0","0","0","0","4","0","","02","9","2023","6","40.481881","-80.041761","1119","11","0","0","0","0","0","1","0","1","","0","0","0","","","1","","5","","40 28:54.773","","0","80 02:30.339","4","0","0","0","2301","0","0","0","N","0","0","0","2","02301","1","","1.0","","1","N","N","N","0","","0","0","1","","2","","","2","1","0","0","0","0","0","2","0","2","03","03","","N","","","","","","","","","",""