"CRN","ARRIVAL_TM","AUTOMOBILE_COUNT","BELTED_DEATH_COUNT","BELTED_SUSP_SERIOUS_INJ_COUNT","BICYCLE_COUNT","BICYCLE_DEATH_COUNT","BICYCLE_SUSP_SERIOUS_INJ_COUNT","BUS_COUNT","CHLDPAS_DEATH_COUNT","CHLDPAS_SUSP_SERIOUS_INJ_COUNT","COLLISION_TYPE","COMM_VEH_COUNT","CONS_ZONE_SPD_LIM","COUNTY","CRASH_MONTH","CRASH_YEAR","DAY_OF_WEEK","DEC_LATITUDE","DEC_LONGITUDE","DISPATCH_TM","DISTRICT","DRIVER_COUNT_16YR","DRIVER_COUNT_17YR","DRIVER_COUNT_18YR","DRIVER_COUNT_19YR","DRIVER_COUNT_20YR","DRIVER_COUNT_50_64YR","DRIVER_COUNT_65_74YR","DRIVER_COUNT_75PLUS","EST_HRS_CLOSED","FATAL_COUNT","HEAVY_TRUCK_COUNT","HORSE_BUGGY_COUNT","HOUR_OF_DAY","ILLUMINATION","INJURY_COUNT","INTERSECTION_RELATED","INTERSECT_TYPE","LANE_CLOSED","LATITUDE","LN_CLOSE_DIR","LOCATION_TYPE","LONGITUDE","MAX_SEVERITY_LEVEL","MCYCLE_DEATH_COUNT","MCYCLE_SUSP_SERIOUS_INJ_COUNT","MOTORCYCLE_COUNT","MUNICIPALITY","NONMOTR_COUNT","NONMOTR_DEATH_COUNT","NONMOTR_SUSP_SERIOUS_INJ_COUNT","NTFY_HIWY_MAINT","PED_COUNT","PED_DEATH_COUNT","PED_SUSP_SERIOUS_INJ_COUNT","PERSON_COUNT","POLICE_AGCY","POSSIBLE_INJ_COUNT","RDWY_SURF_TYPE_CD","RELATION_TO_ROAD","ROADWAY_CLEARED","ROAD_CONDITION","SCH_BUS_IND","SCH_ZONE_IND","SECONDARY_CRASH","SMALL_TRUCK_COUNT","SPEC_JURIS_CD","SUSP_MINOR_INJ_COUNT","SUSP_SERIOUS_INJ_COUNT","SUV_COUNT","TCD_FUNC_CD","TCD_TYPE","TFC_DETOUR_IND","TIME_OF_DAY","TOTAL_UNITS","TOT_INJ_COUNT","UNBELTED_OCC_COUNT","UNB_DEATH_COUNT","UNB_SUSP_SERIOUS_INJ_COUNT","UNK_INJ_DEG_COUNT","UNK_INJ_PER_COUNT","URBAN_RURAL","VAN_COUNT","VEHICLE_COUNT","WEATHER1","WEATHER2","WORKERS_PRES","WORK_ZONE_IND","WORK_ZONE_LOC","WORK_ZONE_TYPE","WZ_CLOSE_DETOUR","WZ_FLAGGER","WZ_LAW_OFFCR_IND","WZ_LN_CLOSURE","WZ_MOVING","WZ_OTHER","WZ_SHLDER_MDN","WZ_WORKERS_INJ_KILLED"
"2023082191","2101","1","0","0","0","0","0","0","0","0","1","0","","02","9","2023","7","40.37166","-79.844141","2059","11","0","0","0","0","0","0","0","0","","0","0","0","","","1","Y","0","","40 22:17.976","","0","79 50:38.909","4","0","0","0","2303","0","0","0","N","0","0","0","3","02303","1","","6.0","","1","N","N","N","1","","0","0","1","","2","","","3","1","0","0","0","0","0","2","0","3","03","03","","N","","","","","","","","","",""
"2023081225","1758","1","0","0","0","0","0","0","0","0","4","0","","02","9","2023","3","40.384101","-80.043801","1757","11","0","0","0","0","0","1","1","0","","0","0","0","","","1","N","0","","40 23:02.764","5","7","80 02:37.684","8","0","0","0","2109","0","0","0","N","0","0","0","2","02109","0","","1.0","1844.0","1","N","N","N","0","","0","0","1","","0","N","","2","1","0","0","0","1","0","2","0","2","03","03","","N","","","","","","","","","",""
"2023086872","1944","1","0","0","0","0","0","0","0","0","4","0","","02","9","2023","7","40.466169","-79.952226","1932","11","0","0","0","0","0","1","0","0","","0","0","0","","","0","","1","","40 27:58.209","","0","79 57:08.012","0","0","0","0","2301","0","0","0","N","0","0","0","2","02301","0","","1.0","","1","N","N","N","0","","0","0","1","","2","","","2","0","0","0","0","0","0","2","0","2","03","","","N","","","","","","","","","",""
"2023105314","0738","1","0","0","0","0","0","0","0","0","8","0","","02","11","2023","5","40.424146","-80.043428","0738","11","0","0","0","0","0","0","0","0","","0","0","0","","","1","","1","","40 25:26.926","","0","80 02:36.342","8","0","0","0","2435","1","0","0","N","1","0","0","2","02435","0","","1.0","","9","N","N","N","0","","0","0","0","","2","","","2","1","0","0","0","1","0","2","0","1","07","","","N","","","","","","","","","",""
"2023088102","1824","1","0","0","0","0","0","0","0","0","5","0","","02","9","2023","6","40.436047","-79.999044","1818","11","0","0","0","0","0","0","1","0","","0","0","0","","","1","","5","","40 26:09.768","","2","79 59:56.558","3","0","0","0","2301","0","0","0","N","0","0","0","3","02301","0","","1.0","","1","N","N","N","0","","1","0","1","","2","","","2","1","0","0","0","0","0","2","0","2","03","","","N","","","","","","","","","",""
"2023086736","0610","0","0","0","0","0","0","0","0","0","4","0","","02","9","2023","7","40.473666","-80.281908","0606","11","0","0","0","0","0","2","0","0","","0","0","0","","","2","","1","","40 28:25.199","","2","80 16:54.870","3","0","0","0","2203","0","0","0","N","0","0","0","3","02203","1","","1.0","","1","N","N","N","1","","1","0","1","","3","","","2","2","0","0","0","0","0","1","0","2","03","03","","N","","","","","","","","","",""
"2023089244","1638","1","0","0","0","0","0","0","0","0","5","0","","02","9","2023","2","40.542193","-79.823555","1624","11","0","0","0","0","0","1","0","0","","0","0","0","","","1","Y","0","","40 32:31.893","","0","79 49:24.797","4","0","0","0","2208","0","0","0","N","0","0","0","4","68T02","1","","1.0","","1","N","N","N","2","","0","0","0","","0","","","3","1","0","0","0","0","0","2","0","3","03","03","","N","","","","","","","","","",""
"2023103859","0754","1","0","0","0","0","0","0","0","0","4","1","","02","10","2023","4","40.384173","-79.977666","0749","11","0","0","0","0","0","1","0","0","","0","1","0","","","0","","2","","40 23:03.023","","0","79 58:39.598","0","0","0","0","2413","0","0","0","N","0","0","0","2","02413","0","","1.0","","1","N","N","N","0","","0","0","0","","2","N","","2","0","0","0","0","0","0","2","0","2","03","","","N","","","","","","","","","",""
"2023103861","0920","0","0","0","0","0","0","0","0","0","1","1","","02","10","2023","2","40.370663","-79.982327","0917","11","0","0","0","0","0","1","0","0","","0","1","0","","","0","","1","","40 22:14.385","","0","79 58:56.377","9","0","0","0","2413","0","0","0","N","0","0","0","2","02413","0","","1.0","","1","N","N","N","0","","0","0","1","","2","","","2","0","0","0","0","0","1","2","0","2","03","","","N","","","","","","","","","",""
"2023104614","0803","0","0","0","0","0","0","0","0","0","7","1","","02","11","2023","1","40.352301","-79.958678","0756","11","0","0","0","0","0","0","0","0","","0","1","0","","","0","N","0","","40 21:08.285","1","0","79 57:31.240","0","0","0","0","2473","0","0","0","N","0","0","0","1","02473","0","","4.0","907.0","1","N","N","N","0","","0","0","1","","0","N","","2","0","0","0","0","0","0","2","0","2","03","03","","N","","","","","","","","","",""
"2023080819","1324","1","0","0","0","0","0","0","0","0","8","0","","02","9","2023","4","40.54025","-80.180403","1320","11","0","0","0","0","0","1","0","0","","0","0","0","","","1","","1","","40 32:24.899","3","0","80 10:49.452","8","0","0","0","2458","1","0","0","N","1","0","0","2","02458","0","","1.0","1341.0","1","N","N","N","0","","0","0","0","","2","N","","2","1","0","0","0","1","0","2","0","1","03","03","","N","","","","","","","","","",""
"2023086977","1415","2","0","0","0","0","0","0","0","0","4","0","","02","9","2023","7","40.437627","-79.770051","1412","11","0","0","0","0","0","0","0","0","","0","0","0","","","1","N","0","","40 26:15.456","5","7","79 46:12.183","4","0","0","0","2446","0","0","0","N","0","0","0","2","02446","1","","1.0","1445.0","1","N","N","N","0","","0","0","0","","0","Y","","2","1","0","0","0","0","0","2","0","2","03","98","","N","","","","","","","","","",""
"2023104693","1110","0","0","0","0","0","0","0","0","0","8","0","","02","11","2023","7","40.438712","-79.999547","1100","11","0","0","0","0","0","1","0","0","","0","0","0","","","1","","1","","40 26:19.363","3","0","79 59:58.370","3","0","0","0","2301","1","0","0","N","1","0","0","2","02301","0","","1.0","1120.0","1","","","N","0","","1","0","1","","2","N","","2","1","1","0","0","0","0","2","0","1","03","03","","N","","","","","","","","","",""
"2023103445","1207","1","0","0","0","0","0","0","0","0","5","0","","02","10","2023","1","40.587619","-80.099711","1149","11","0","0","0","0","0","0","0","0","","0","0","0","","","0","N","0","","40 35:15.428","2","0","80 05:58.959","0","0","0","0","2481","0","0","0","N","0","0","0","3","68B03","0","","1.0","1225.0","9","N","N","N","0","","0","0","1","","0","N","","2","0","0","0","0","0","0","2","0","2","07","","","N","","","","","","","","","",""
"2023081989","0228","1","0","0","0","0","0","0","0","0","1","0","","02","9","2023","1","40.450972","-80.060694","0223","11","0","0","0","0","0","0","0","0","","0","0","0","","","0","N","0","","40 27:03.500","","0","80 03:38.500","9","0","0","0","2301","0","0","0","N","0","0","0","2","02301","0","","6.0","","1","N","N","N","0","","0","0","1","","0","","","2","0","2","0","0","0","1","2","0","2","03","","","N","","","","","","","","","",""
"2023085836","0700","1","0","0","0","0","0","0","0","0","98","0","","02","9","2023","6","40.254343","-79.818706","0700","11","0","0","0","0","0","0","0","0","","0","0","0","","","0","N","0","","40 15:15.633","","0","79 49:07.342","0","0","0","0","2105","0","0","0","N","0","0","0","1","02105","0","","1.0","","1","N","N","N","0","","0","0","0","","0","","","1","0","0","0","0","0","0","1","0","1","03","03","","N","","","","","","","","","",""
"2023085701","1703","1","0","0","0","0","0","0","0","0","4","0","","02","9","2023","3","40.333769","-79.81268","1700","11","0","0","0","0","0","0","1","0","","0","0","0","","","2","N","0","","40 20:01.569","5","7","79 48:45.649","4","0","0","0","2477","0","0","0","N","0","0","0","3","02477","2","","1.0","1739.0","1","N","N","N","0","","0","0","1","","0","N","","2","2","0","0","0","0","0","2","0","2","03","03","","N","","","","","","","","","",""
"2023085727","1254","0","0","0","0","0","0","0","0","0","4","0","","02","9","2023","7","40.53678","-79.971423","1250","11","0","0","0","0","0","0","1","0","","0","0","0","","","1","","3","","40 32:12.408","","0","79 58:17.122","3","0","0","1","2118","0","0","0","N","0","0","0","2","02118","0","","1.0","","1","N","N","N","0","","1","0","1","","3","","","2","1","0","0","0","0","0","2","0","2","03","03","","N","","","","","","","","","",""
"2023102575","0206","0","0","0","0","0","0","0","0","0","98","0","","02","11","2023","7","40.652369","-80.046787","0200","11","0","0","0","0","0","0","0","0","","0","0","0","","","0","N","0","","40 39:08.530","","0","80 02:48.434","0","0","0","0","2216","0","0","0","N","0","0","0","1","68T02","0","","1.0","","1","N","N","N","1","","0","0","0","","0","","","1","0","0","0","0","0","0","2","0","1","03","03","","N","","","","","","","","","",""
"2023083930","1500","1","0","0","0","0","0","0","0","0","7","0","","02","9","2023","7","40.462856","-79.928834","1454","11","0","0","0","0","0","0","1","0","","0","0","0","","","0","","2","","40 27:46.283","2","0","79 55:43.802","0","0","0","0","2301","0","0","0","N","0","0","0","1","02301","0","","4.0","2035.0","1","N","N","N","0","","0","0","0","","0","Y","","1","0","1","0","0","0","0","2","0","1","03","03","","N","","","","","","","","","",""
"2023086504","0906","1","0","0","0","0","0","0","0","0","7","0","","02","9","2023","6","40.540553","-79.840772","0903","11","0","0","0","0","0","0","0","0","","0","0","0","","","1","N","0","","40 32:25.989","","1","79 50:26.779","8","0","0","0","2208","0","0","0","N","0","0","0","1","02208","0","","2.0","","1","N","N","N","0","","0","0","0","","0","","","1","1","0","0","0","1","0","2","0","1","03","03","","N","","","","","","","","","",""
"2023082313","1010","1","0","0","0","0","0","0","0","0","7","0","","02","9","2023","1","40.453545","-80.05406","1010","11","0","0","0","0","0","0","0","0","","0","0","0","","","0","N","0","","40 27:12.762","","0","80 03:14.616","9","0","0","0","2301","0","0","0","N","0","0","0","1","02301","0","","4.0","","1","N","N","N","0","","0","0","0","","0","","","1","0","0","0","0","0","1","2","0","1","03","","","N","","","","","","","","","",""
"2023080692","1830","0","0","0","0","0","0","0","0","0","0","0","","02","9","2023","3","40.652773","-79.791693","1825","11","0","0","0","0","0","0","0","0","","0","0","0","","","1","N","0","","40 39:09.983","4","0","79 47:30.093","3","0","0","0","2202","0","0","0","N","0","0","0","1","02202","0","","1.0","1900.0","9","N","N","N","1","","1","0","0","","0","N","","1","1","0","0","0","0","0","1","0","1","07","07","","N","","","","","","","","","",""
"2023081974","1953","1","0","0","0","0","0","0","0","0","4","0","","02","9","2023","7","40.435896","-79.95927","1944","11","0","0","1","0","0","0","0","0","","0","0","0","","","0","","3","","40 26:09.226","3","0","79 57:33.372","0","0","0","0","2301","0","0","0","N","0","0","0","3","02301","0","","1.0","2005.0","1","N","N","N","0","","0","0","1","","0","N","","2","0","0","0","0","0","0","2","0","2","03","03","","N","","","","","","","","","",""
"2023086233","0728","1","0","0","0","0","0","0","0","0","4","0","","02","9","2023","4","40.35016","-79.976498","0726","11","0","0","0","0","0","2","0","0","","0","0","0","","","2","","2","","40 21:00.577","7","0","79 58:35.392","3","0","0","0","2476","0","0","0","N","0","0","0","4","02476","1","","1.0","823.0","1","N","N","N","0","","1","0","2","","3","Y","","3","2","0","0","0","0","0","2","0","3","03","","","N","","","","","","","","","",""
"2023084455","2331","1","0","0","0","0","0","0","0","0","4","0","","02","9","2023","7","40.395525","-79.989301","2324","11","0","0","0","1","0","0","0","0","","0","0","0","","","0","N","0","","40 23:43.889","","0","79 59:21.484","0","0","0","0","2301","0","0","0","Y","0","0","0","1","02301","0","","6.0","","1","N","N","N","0","","0","0","1","","0","","","2","0","0","0","0","0","0","2","0","2","03","03","","N","","","","","","","","","",""
"2023083056","2005","0","0","0","0","0","0","0","0","0","1","0","","02","9","2023","3","40.434728","-79.992308","1959","11","0","0","0","0","0","1","0","0","","0","0","0","","","0","N","0","","40 26:05.019","","0","79 59:32.308","0","0","0","0","2301","0","0","0","N","0","0","0","2","02301","0","","6.0","","1","N","N","N","0","","0","0","2","","0","","","2","0","0","0","0","0","0","2","0","2","03","03","","N","","","","","","","","","",""
"2023082238","0910","1","0","0","0","0","0","0","0","0","7","0","","02","9","2023","3","40.453237","-80.237864","0904","11","0","0","0","0","0","1","0","0","","0","0","0","","","0","N","0","","40 27:11.654","","0","80 14:16.311","0","0","0","0","2203","0","0","0","N","0","0","0","1","02203","0","","4.0","","1","N","N","N","0","","0","0","0","","0","","","1","0","0","0","0","0","0","2","0","1","03","03","","N","","","","","","","","","",""
"2023102228","1751","0","0","0","0","0","0","0","0","0","1","0","","02","10","2023","1","40.497272","-79.929616","1728","11","0","0","0","0","0","2","0","0","","0","0","0","","","3","N","0","","40 29:50.179","1","0","79 55:46.619","3","0","0","0","2461","0","0","0","N","0","0","0","11","68D02","2","","1.0","1900.0","9","N","N","N","2","","1","0","2","","0","N","","4","3","0","0","0","0","0","2","0","4","07","04","","N","","","","","","","","","",""
"2023082817","1329","1","0","0","0","0","0","0","0","0","4","0","","02","9","2023","2","40.37296","-80.099342","1324","11","0","0","0","0","0","1","0","0","","0","0","0","","","0","","2","","40 22:22.657","7","2","80 05:57.632","0","0","0","0","2102","0","0","0","N","0","0","0","3","02102","0","","1.0","1329.0","1","N","N","N","0","","0","0","1","","2","N","","2","0","0","0","0","0","0","2","0","2","03","03","","N","","","","","","","","","",""
"2023085837","1326","2","0","0","0","0","0","0","0","0","2","0","","02","9","2023","4","40.578278","-80.088583","1321","11","0","0","0","0","0","0","1","0","","0","0","0","","","1","N","0","","40 34:41.800","","0","80 05:18.900","4","0","0","0","2481","0","0","0","N","0","0","0","2","02481","1","","1.0","","1","N","N","N","0","","0","0","0","","0","","","2","1","0","0","0","0","0","2","0","2","03","03","","N","","","","","","","","","",""
"2023106362","2218","0","0","0","0","0","0","0","0","0","7","0","","02","11","2023","3","40.474631","-80.006616","2208","11","0","0","0","0","0","0","0","0","","0","0","0","","","1","N","0","","40 28:28.671","2","0","80 00:23.819","4","0","0","0","2301","0","0","0","N","0","0","0","1","68B03","1","","4.0","2240.0","1","N","N","N","0","","0","0","1","","0","N","","1","1","0","0","0","0","0","2","0","1","03","","","N","","","","","","","","","",""
"2023083260","1326","0","0","0","0","0","0","0","0","0","0","0","","02","9","2023","4","40.495848","-80.18388","1322","11","0","0","0","0","0","1","0","0","","0","0","0","","","1","N","0","","40 29:45.052","1","0","80 11:01.968","3","0","0","1","2213","0","0","0","N","0","0","0","1","02213","0","","1.0","1405.0","3","N","N","N","0","","1","0","0","","0","N","","1","1","0","0","0","0","0","2","0","1","03","","","N","","","","","","","","","",""
"2023100464","0312","0","0","0","0","0","0","0","0","0","98","0","","02","11","2023","2","40.442491","-79.753075","0256","11","0","0","0","0","0","1","0","0","","0","0","0","","","0","N","0","","40 26:32.968","","0","79 45:11.069","0","0","0","0","2446","0","0","0","N","0","0","0","3","68T02","0","","1.0","","1","N","N","N","0","","0","0","0","","0","","","1","0","0","0","0","0","0","2","1","1","03","","","N","","","","","","","","","",""
"2023083546","0514","1","0","0","0","0","0","0","0","0","4","0","","02","9","2023","5","40.427539","-79.751209","0514","11","0","0","0","0","0","2","0","0","","0","0","0","","","0","","2","","40 25:39.140","6","0","79 45:04.353","0","0","0","0","2446","0","0","0","N","0","0","0","2","02446","0","","1.0","555.0","1","N","N","N","0","","0","0","1","","2","Y","","2","0","0","0","0","0","0","2","0","2","03","03","","N","","","","","","","","","",""
"2023086689","1732","1","0","0","0","0","0","0","0","0","7","0","","02","9","2023","3","40.541115","-79.801163","1732","11","0","0","0","1","0","0","0","0","","0","0","0","","","1","N","0","","40 32:28.015","1","0","79 48:04.186","3","0","0","0","2418","0","0","0","N","0","0","0","2","02514","0","","4.0","2012.0","1","N","N","N","0","","1","0","0","","0","Y","","1","1","0","0","0","0","0","2","0","1","03","03","","N","","","","","","","","","",""
"2023090475","1900","1","0","0","0","0","0","0","0","0","7","0","","02","9","2023","4","40.507247","-80.081208","1857","11","0","0","0","0","0","0","0","0","","0","0","0","","","0","N","0","","40 30:26.088","","0","80 04:52.350","9","0","0","0","2405","0","0","0","N","0","0","0","1","02215","0","","4.0","","1","N","N","N","0","","0","0","0","","0","","","1","0","0","0","0","0","1","2","0","1","03","03","","N","","","","","","","","","",""
"2023104413","1345","1","0","0","0","0","0","0","0","0","4","0","","02","11","2023","6","40.438127","-79.95395","1330","11","0","0","0","0","0","0","0","0","","0","0","0","","","0","N","1","","40 26:17.256","1","0","79 57:14.221","0","0","0","0","2301","0","0","0","N","0","0","0","2","02301","0","","1.0","1412.0","9","N","N","N","0","","0","0","1","","2","Y","","2","0","0","0","0","0","0","2","0","2","04","07","","N","","","","","","","","","",""
"2023100026","1844","0","0","0","0","0","0","0","0","0","1","0","","02","10","2023","6","40.525373","-80.005414","1844","11","0","0","0","0","0","0","0","1","","0","0","0","","","1","N","0","","40 31:31.341","1","0","80 00:19.492","8","0","0","0","2116","0","0","0","N","0","0","0","3","02116","0","","1.0","1915.0","1","N","N","N","1","","0","0","1","","0","N","","2","1","0","0","0","1","0","2","0","2","03","03","","N","","","","","","","","","",""
"2023084894","1535","2","0","0","0","0","0","0","0","0","4","0","","02","9","2023","7","40.391885","-80.069445","1531","11","0","0","0","0","0","0","0","0","","0","0","0","","","0","N","0","","40 23:30.786","","7","80 04:10.002","0","0","0","0","2117","0","0","0","N","0","0","0","3","02117","0","","1.0","","1","N","N","N","0","","0","0","1","","0","","","3","0","0","0","0","0","0","2","0","3","03","","","N","","","","","","","","","",""
"2023104442","2149","1","0","0","0","0","0","0","0","0","7","0","","02","11","2023","4","40.337198","-80.10988","2145","11","0","0","0","0","0","0","0","0","","0","0","0","","","0","N","0","","40 20:13.913","","0","80 06:35.569","0","0","0","0","2123","0","0","0","Y","0","0","0","1","02123","0","","4.0","","1","N","N","N","0","","0","0","0","","0","","","1","0","0","0","0","0","0","2","0","1","03","03","","N","","","","","","","","","",""
"2023081992","0252","1","0","0","0","0","0","0","0","0","7","0","","02","9","2023","1","40.344438","-79.883992","0248","11","0","0","0","0","0","0","0","0","","0","0","0","","","0","","3","","40 20:39.975","","3","79 53:02.372","0","0","0","0","2304","0","0","0","N","0","0","0","1","02304","0","","4.0","","1","N","N","N","0","","0","0","0","","0","","","1","0","0","0","0","0","0","2","0","1","03","","","N","","","","","","","","","",""
"2023084968","2010","1","0","0","0","0","0","0","0","0","7","0","","02","9","2023","1","40.344438","-79.88402","2007","11","0","0","0","0","0","2","0","0","","0","0","0","","","0","","3","","40 20:39.975","3","3","79 53:02.472","0","0","0","0","2433","0","0","0","N","0","0","0","4","02433","0","","2.0","2040.0","9","N","N","Y","0","","0","0","2","","9","Y","","3","0","0","0","0","0","0","2","0","3","07","","","N","","","","","","","","","",""
"2023100161","1713","0","0","1","0","0","0","0","0","0","1","0","","02","9","2023","6","40.652489","-80.093589","1710","11","0","0","0","0","0","3","0","0","","0","0","0","","","4","N","0","","40 39:08.960","1","0","80 05:36.922","2","0","0","0","2212","0","0","0","N","0","0","0","6","68B03","0","","1.0","1800.0","1","N","N","Y","2","","3","1","2","","0","N","","5","4","0","0","0","0","0","2","1","5","03","","","N","","","","","","","","","",""
"2023103310","0950","1","0","0","0","0","0","0","0","0","7","0","","02","10","2023","5","40.516503","-80.219319","0947","11","0","0","0","0","0","0","0","0","","0","0","0","","","0","N","0","","40 30:59.410","1","7","80 13:09.550","0","0","0","0","2213","0","0","0","N","0","0","0","2","02213","0","","5.0","1030.0","1","N","N","N","0","","0","0","0","","0","N","","1","0","0","0","0","0","0","2","0","1","03","03","","N","","","","","","","","","",""
"2023103488","1810","0","0","0","0","0","0","0","0","0","98","0","","02","11","2023","4","40.595711","-80.094463","1754","11","0","0","0","0","0","0","0","0","","0","0","0","","","1","N","0","","40 35:44.561","","0","80 05:40.066","8","0","0","0","2481","0","0","0","N","0","0","0","1","68B03","0","","1.0","","1","N","N","N","0","","0","0","1","","0","","","1","1","0","0","0","1","0","2","0","1","03","03","","N","","","","","","","","","",""
"2023083204","0724","1","0","0","0","0","0","0","0","0","1","0","","02","9","2023","4","40.457519","-79.708766","0715","11","0","0","0","0","0","1","2","0","","0","0","0","","","1","N","0","","40 27:27.070","6","0","79 42:31.559","3","0","0","0","2466","0","0","0","N","0","0","0","3","02466","0","","1.0","800.0","1","N","N","N","1","","1","0","1","","0","N","","3","1","0","0","0","0","0","2","0","3","03","03","","N","","","","","","","","","",""
"2023106102","1824","0","0","0","0","0","0","0","0","0","1","0","","02","11","2023","5","40.428044","-79.927021","1810","11","0","0","0","0","0","1","0","0","","0","0","0","","","0","N","0","","40 25:40.960","","4","79 55:37.274","0","0","0","0","2301","0","0","0","N","0","0","0","2","68B03","0","","1.0","","1","N","N","N","1","","0","0","1","","0","","","2","0","0","0","0","0","0","2","0","2","03","03","","N","","","","","","","","","",""
"2023100122","1622","1","0","0","0","0","0","0","0","0","1","1","","02","11","2023","2","40.453171","-79.891122","1613","11","0","0","0","0","0","0","0","0","","0","0","0","","","1","","1","","40 27:11.414","","0","79 53:28.038","8","0","0","0","2301","0","0","0","N","0","0","0","2","02301","0","","1.0","","1","N","N","N","0","","0","0","0","","2","","","2","1","0","0","0","1","0","2","1","2","03","","","N","","","","","","","","","",""
"2023083456","1954","1","0","0","0","0","0","0","0","0","1","0","","02","9","2023","4","40.431556","-80.064528","1951","11","1","0","0","0","0","0","0","0","","0","0","0","","","0","N","0","","40 25:53.600","2","0","80 03:52.300","0","0","0","0","2421","0","0","0","N","0","0","0","1","02421","0","","6.0","2024.0","1","N","N","Y","0","","0","0","2","","0","N","","3","0","0","0","0","0","0","2","0","3","03","03","","N","","","","","","","","","",""
"2023081399","1850","0","0","0","0","0","0","0","0","0","7","0","","02","9","2023","5","40.428331","-79.998127","1845","11","0","0","0","0","0","1","0","0","","0","0","0","","","0","N","0","","40 25:41.991","","0","79 59:53.258","0","0","0","0","2301","0","0","0","N","0","0","0","1","02301","0","","4.0","","1","N","N","N","0","","0","0","1","","0","","","1","0","0","0","0","0","0","2","0","1","03","","","N","","","","","","","","","",""
"2023070369","1405","0","0","0","0","0","0","0","0","0","3","0","","02","8","2023","3","40.343004","-79.871716","1405","11","0","0","0","0","0","1","1","0","","0","0","0","","","0","","1","","40 20:34.816","5","0","79 52:18.176","9","0","0","1","2455","0","0","0","N","0","0","0","2","02455","0","","1.0","130.0","1","N","N","N","1","","0","0","0","","0","Y","","2","0","0","0","0","0","1","2","0","2","03","03","","N","","","","","","","","","",""
"2023081704","1832","0","0","0","0","0","0","0","0","0","8","0","","02","9","2023","6","40.448666","-79.899751","1827","11","0","0","0","0","0","0","0","0","","0","0","0","","","1","","2","","40 26:55.197","","0","79 53:59.105","8","0","0","0","2301","1","0","0","N","1","0","0","2","02301","0","","1.0","","1","N","N","N","0","","0","0","1","","0","","","2","1","0","0","0","1","0","2","0","1","03","03","","N","","","","","","","","","",""
"2023084221","2245","0","0","0","0","0","0","0","0","0","7","0","","02","9","2023","6","40.345484","-79.845681","2240","11","0","0","0","0","0","0","0","0","","0","0","0","","","0","N","0","","40 20:43.743","","0","79 50:44.450","0","0","0","0","2304","0","0","0","N","0","0","0","1","02304","0","","4.0","","1","N","N","N","0","","0","0","1","","0","","","1","0","0","0","0","0","0","2","0","1","03","03","","N","","","","","","","","","",""
"2023084299","1053","0","0","0","0","0","0","0","0","0","1","0","","02","9","2023","7","40.382413","-80.20203","1040","11","0","0","0","0","0","0","0","0","","0","0","0","","","0","","2","","40 22:56.685","","0","80 12:07.309","0","0","0","0","2119","0","0","0","N","0","0","0","5","02119","0","","1.0","","1","N","N","N","1","","0","0","1","","0","","","2","0","0","0","0","0","0","1","0","2","04","04","","N","","","","","","","","","",""
"2023103182","0854","0","0","0","0","0","0","0","0","0","98","0","","02","11","2023","1","40.271156","-79.961856","0840","11","0","0","0","0","0","0","0","0","","0","0","0","","","0","N","0","","40 16:16.163","","0","79 57:42.682","0","0","0","0","2440","0","0","0","N","0","0","0","1","68T09","0","","1.0","","1","N","N","N","0","","0","0","1","","0","","","1","0","0","0","0","0","0","1","0","1","03","","","N","","","","","","","","","",""
"2023101174","0837","0","0","0","0","0","0","0","0","0","4","0","","02","10","2023","4","40.571934","-79.789821","0814","11","0","0","0","0","0","0","0","0","","0","0","0","","","0","N","0","","40 34:18.962","","0","79 47:23.357","0","0","0","0","2206","0","0","0","N","0","0","0","1","68D02","0","","4.0","","1","N","N","N","0","","0","0","1","","0","","","2","0","0","0","0","0","0","2","1","2","03","","","N","","","","","","","","","",""
"2023106781","1657","0","0","0","0","0","0","0","0","0","4","0","","02","11","2023","3","40.604612","-79.927164","1653","11","0","0","0","0","0","1","0","1","","0","0","0","","","1","","2","","40 36:16.603","1","0","79 55:37.789","4","0","0","0","2207","0","0","0","N","0","0","0","2","02207","1","","1.0","1738.0","9","N","N","N","0","","0","0","2","","3","Y","","2","1","0","0","0","0","0","2","0","2","07","","","N","","","","","","","","","",""
"2023106260","1205","1","0","0","0","0","0","0","0","0","4","0","","02","11","2023","4","40.518023","-80.222343","1203","11","0","0","0","0","0","0","1","0","","0","0","0","","","1","N","0","","40 31:04.883","4","7","80 13:20.435","4","0","0","0","2213","0","0","0","N","0","0","0","3","02213","1","","1.0","100.0","1","N","N","N","0","","0","0","1","","0","N","","2","1","0","0","0","0","0","2","0","2","03","03","","N","","","","","","","","","",""
"2023086244","1602","1","0","0","0","0","0","0","0","0","1","0","","02","6","2023","4","40.440189","-80.082709","1554","11","0","0","0","0","0","0","0","1","","0","0","0","","","1","N","0","","40 26:24.680","","3","80 04:57.753","8","0","0","0","2115","0","0","0","N","0","0","0","2","02115","0","","1.0","","9","N","N","N","0","","0","0","1","","2","N","","2","1","0","0","0","1","0","2","0","2","07","07","","N","","","","","","","","","",""