"CRN","ARRIVAL_TM","AUTOMOBILE_COUNT","BELTED_DEATH_COUNT","BELTED_SUSP_SERIOUS_INJ_COUNT","BICYCLE_COUNT","BICYCLE_DEATH_COUNT","BICYCLE_SUSP_SERIOUS_INJ_COUNT","BUS_COUNT","CHLDPAS_DEATH_COUNT","CHLDPAS_SUSP_SERIOUS_INJ_COUNT","COLLISION_TYPE","COMM_VEH_COUNT","CONS_ZONE_SPD_LIM","COUNTY","CRASH_MONTH","CRASH_YEAR","DAY_OF_WEEK","DEC_LATITUDE","DEC_LONGITUDE","DISPATCH_TM","DISTRICT","DRIVER_COUNT_16YR","DRIVER_COUNT_17YR","DRIVER_COUNT_18YR","DRIVER_COUNT_19YR","DRIVER_COUNT_20YR","DRIVER_COUNT_50_64YR","DRIVER_COUNT_65_74YR","DRIVER_COUNT_75PLUS","EST_HRS_CLOSED","FATAL_COUNT","HEAVY_TRUCK_COUNT","HORSE_BUGGY_COUNT","HOUR_OF_DAY","ILLUMINATION","INJURY_COUNT","INTERSECTION_RELATED","INTERSECT_TYPE","LANE_CLOSED","LATITUDE","LN_CLOSE_DIR","LOCATION_TYPE","LONGITUDE","MAX_SEVERITY_LEVEL","MCYCLE_DEATH_COUNT","MCYCLE_SUSP_SERIOUS_INJ_COUNT","MOTORCYCLE_COUNT","MUNICIPALITY","NONMOTR_COUNT","NONMOTR_DEATH_COUNT","NONMOTR_SUSP_SERIOUS_INJ_COUNT","NTFY_HIWY_MAINT","PED_COUNT","PED_DEATH_COUNT","PED_SUSP_SERIOUS_INJ_COUNT","PERSON_COUNT","POLICE_AGCY","POSSIBLE_INJ_COUNT","RDWY_SURF_TYPE_CD","RELATION_TO_ROAD","ROADWAY_CLEARED","ROAD_CONDITION","SCH_BUS_IND","SCH_ZONE_IND","SECONDARY_CRASH","SMALL_TRUCK_COUNT","SPEC_JURIS_CD","SUSP_MINOR_INJ_COUNT","SUSP_SERIOUS_INJ_COUNT","SUV_COUNT","TCD_FUNC_CD","TCD_TYPE","TFC_DETOUR_IND","TIME_OF_DAY","TOTAL_UNITS","TOT_INJ_COUNT","UNBELTED_OCC_COUNT","UNB_DEATH_COUNT","UNB_SUSP_SERIOUS_INJ_COUNT","UNK_INJ_DEG_COUNT","UNK_INJ_PER_COUNT","URBAN_RURAL","VAN_COUNT","VEHICLE_COUNT","WEATHER1","WEATHER2","WORKERS_PRES","WORK_ZONE_IND","WORK_ZONE_LOC","WORK_ZONE_TYPE","WZ_CLOSE_DETOUR","WZ_FLAGGER","WZ_LAW_OFFCR_IND","WZ_LN_CLOSURE","WZ_MOVING","WZ_OTHER","WZ_SHLDER_MDN","WZ_WORKERS_INJ_KILLED"
"2023087298","1609","0","0","0","0","0","0","0","0","0","4","0","","02","9","2023","6","40.409658","-80.08328","1602","11","0","0","0","0","0","1","1","0","","0","0","0","","","0","","1","","40 24:34.767","","0","80 04:59.809","0","0","0","0","2415","0","0","0","N","0","0","0","4","02415","0","","1.0","","1","N","N","N","1","","0","0","2","","3","","","3","0","0","0","0","0","0","2","0","3","03","03","","N","","","","","","","","","",""
"2023106248","1456","1","0","0","0","0","0","0","0","0","4","0","","02","11","2023","4","40.435746","-79.781343","1456","11","0","0","1","0","0","0","0","0","","0","0","0","","","0","N","0","","40 26:08.686","","7","79 46:52.836","0","0","0","0","2446","0","0","0","N","0","0","0","2","02446","0","","1.0","","9","N","N","N","0","","0","0","1","","0","","","2","0","0","0","0","0","0","2","0","2","07","07","","N","","","","","","","","","",""
"2023105139","2219","1","0","0","0","0","0","0","0","0","7","0","","02","11","2023","3","40.476541","-80.067647","2218","11","0","0","0","0","0","0","0","0","","0","0","0","","","0","N","0","","40 28:35.546","4","0","80 04:03.528","0","0","0","0","2122","0","0","0","N","0","0","0","1","02122","0","","2.0","2250.0","1","N","N","N","0","","0","0","0","","0","N","","1","0","1","0","0","0","0","2","0","1","03","03","","N","","","","","","","","","",""
"2023082625","1904","0","0","0","0","0","0","0","0","0","7","0","","02","9","2023","2","40.456516","-80.052001","1904","11","0","0","0","0","0","0","0","0","","0","0","0","","","0","N","0","","40 27:23.457","4","0","80 03:07.203","9","0","0","0","2301","0","0","0","N","0","0","0","1","02301","0","","5.0","2000.0","1","N","N","N","0","","0","0","1","","0","Y","","1","0","0","0","0","0","1","2","0","1","03","03","","N","","","","","","","","","",""
"2023086456","2330","1","0","0","0","0","0","0","0","0","1","0","","02","9","2023","5","40.44255","-79.991816","2308","11","0","0","0","0","0","0","0","0","","0","0","0","","","0","","7","","40 26:33.179","1","8","79 59:30.538","9","0","0","0","2301","0","0","0","N","0","0","0","2","02301","0","","1.0","16.0","1","N","N","N","0","","0","0","1","","0","Y","","2","0","0","0","0","0","1","2","0","2","03","","","N","","","","","","","","","",""
"2023100132","1835","1","0","0","0","0","0","0","0","0","4","1","","02","11","2023","2","40.421168","-79.929582","1831","11","0","0","0","0","0","1","0","0","","0","1","0","","","0","","2","","40 25:16.205","7","0","79 55:46.496","0","0","0","0","2301","0","0","0","N","0","0","0","3","02301","0","","1.0","1915.0","1","Y","N","N","0","","0","0","0","","3","Y","","2","0","0","0","0","0","0","2","0","2","04","","","N","","","","","","","","","",""
"2023100205","2037","0","0","0","0","0","0","0","0","0","1","0","","02","10","2023","5","40.434213","-79.964489","2028","11","0","0","0","0","0","2","0","0","","0","0","0","","","0","N","0","","40 26:03.166","4","0","79 57:52.160","9","0","0","0","2301","0","0","0","N","0","0","0","3","68B03","0","","1.0","2110.0","1","N","N","N","0","","0","0","2","","0","N","","3","0","0","0","0","0","1","2","0","3","03","","","N","","","","","","","","","",""
"2023085785","1136","1","0","0","0","0","0","0","0","0","4","0","","02","9","2023","2","40.577886","-80.220264","1135","11","0","0","0","0","0","1","1","0","","0","0","0","","","0","","1","","40 34:40.391","7","0","80 13:12.952","0","0","0","0","2441","0","0","0","N","0","0","0","2","02441","0","","1.0","1215.0","1","N","N","N","0","","0","0","1","","3","Y","","2","0","0","0","0","0","0","2","0","2","03","","","N","","","","","","","","","",""
"2023081956","1400","1","0","0","0","0","0","0","0","0","4","0","","02","9","2023","7","40.445972","-79.848468","1400","11","0","0","0","0","0","1","1","0","","0","0","0","","","0","","1","","40 26:45.500","","0","79 50:54.484","0","0","0","0","2419","0","0","0","N","0","0","0","2","02419","0","","1.0","","1","N","N","N","0","","0","0","1","","2","","","2","0","0","0","0","0","0","2","0","2","03","","","N","","","","","","","","","",""
"2023082401","1610","1","0","0","0","0","0","0","0","0","4","0","","02","9","2023","6","40.370407","-80.031959","1601","11","0","1","0","0","0","0","1","0","","0","0","0","","","0","","2","","40 22:13.466","","0","80 01:55.053","0","0","0","0","2416","0","0","0","N","0","0","0","2","02416","0","","1.0","","1","N","N","N","1","","0","0","0","","3","","","2","0","0","0","0","0","0","2","0","2","03","03","","N","","","","","","","","","",""
"2023083688","2140","1","0","0","0","0","0","0","0","0","7","0","","02","9","2023","4","40.461583","-80.106","2137","11","0","0","0","0","0","0","0","0","","0","0","0","","","0","N","0","","40 27:41.700","4","0","80 06:21.600","0","0","0","0","2126","0","0","0","N","0","0","0","1","02126","0","","2.0","2256.0","1","N","N","N","0","","0","0","0","","0","Y","","1","0","0","0","0","0","0","2","0","1","03","03","","N","","","","","","","","","",""
"2023083833","1601","1","0","0","0","0","0","0","0","0","1","0","","02","9","2023","4","40.391624","-80.060605","1527","11","0","0","0","0","0","0","0","0","","0","0","0","","","0","N","0","","40 23:29.845","5","0","80 03:38.179","0","0","0","0","2109","0","0","0","N","0","0","0","2","02109","0","","1.0","1630.0","1","N","N","N","0","","0","0","1","","0","N","","2","0","0","0","0","0","0","2","0","2","03","","","N","","","","","","","","","",""
"2023086079","0015","0","0","0","0","0","0","0","0","0","0","0","","02","9","2023","7","40.417051","-80.020281","0004","11","0","0","0","0","0","0","0","0","","0","0","0","","","1","N","0","","40 25:01.383","","0","80 01:13.011","3","0","0","1","2301","0","0","0","N","0","0","0","1","02301","0","","1.0","","1","N","N","N","0","","1","0","0","","0","","","1","1","0","0","0","0","0","2","0","1","03","03","","N","","","","","","","","","",""
"2023101342","2108","2","0","0","0","0","0","0","0","0","5","0","","02","4","2023","7","40.437659","-80.150497","2104","11","0","0","0","1","0","0","0","0","","0","0","0","","","0","N","0","","40 26:15.571","","0","80 09:01.789","9","0","0","0","2115","0","0","0","N","0","0","0","2","68B03","0","","1.0","","1","N","N","N","0","","0","0","0","","0","","","2","0","0","0","0","0","1","2","0","2","03","03","","N","","","","","","","","","",""
"2023083074","1505","0","0","0","0","0","0","0","0","0","1","0","","02","9","2023","2","40.433446","-79.731863","1452","11","0","0","1","0","0","2","0","0","","0","0","0","","","0","N","0","","40 26:00.404","3","0","79 43:54.705","0","0","0","0","2446","0","0","0","N","0","0","0","3","02446","0","","1.0","1530.0","1","N","N","N","0","","0","0","3","","0","Y","","3","0","0","0","0","0","0","2","0","3","04","98","","N","","","","","","","","","",""
"2023083533","2313","0","0","0","0","0","0","0","0","0","7","0","","02","9","2023","3","40.541806","-80.187539","2308","11","0","0","0","0","0","0","0","1","","0","0","0","","","1","","2","","40 32:30.503","","0","80 11:15.142","3","0","0","0","2458","0","0","0","N","0","0","0","1","02458","0","","5.0","","1","N","N","N","0","","1","0","1","","3","","","1","1","0","0","0","0","0","2","0","1","03","","","N","","","","","","","","","",""
"2023084575","1548","1","0","0","0","0","0","0","0","0","7","0","","02","9","2023","1","40.599278","-79.937194","1542","11","0","0","1","0","0","0","0","0","","0","0","0","","","0","N","0","","40 35:57.400","4","0","79 56:13.900","0","0","0","0","2207","0","0","0","N","0","0","0","2","02207","0","","4.0","1635.0","9","N","N","N","0","","0","0","0","","0","N","","1","0","0","0","0","0","0","2","0","1","07","04","","N","","","","","","","","","",""
"2023084956","1505","0","0","0","0","0","0","0","0","0","4","0","","02","9","2023","2","40.468904","-80.097943","1501","11","0","0","0","0","0","2","0","0","","0","0","0","","","1","","1","","40 28:08.055","3","0","80 05:52.593","3","0","0","0","2126","0","0","0","N","0","0","0","2","02126","0","","1.0","1543.0","1","N","N","N","1","","1","0","1","","2","N","","2","1","0","0","0","0","0","2","0","2","03","03","","N","","","","","","","","","",""
"2023090864","1429","1","0","0","0","0","0","0","0","0","4","0","","02","9","2023","4","40.346358","-80.054487","1424","11","0","0","0","0","0","1","0","0","","0","0","0","","","1","N","0","","40 20:46.887","1","7","80 03:16.153","4","0","0","0","2407","0","0","0","N","0","0","0","3","02407","1","","1.0","1500.0","1","N","N","N","0","","0","0","1","","0","N","","2","1","0","0","0","0","0","2","0","2","03","","","N","","","","","","","","","",""
"2023101382","1020","1","0","0","0","0","0","0","0","0","4","0","","02","9","2023","1","40.534252","-80.051806","1014","11","0","0","0","0","0","1","0","0","","0","0","0","","","1","","3","","40 32:03.307","6","0","80 03:06.503","8","0","0","0","2116","0","0","0","N","0","0","0","5","02116","0","","1.0","1055.0","1","N","N","N","0","","0","0","1","","3","Y","","2","1","0","0","0","1","0","2","0","2","03","","","N","","","","","","","","","",""
"2023105960","2154","0","0","0","0","0","0","0","0","0","7","0","","02","11","2023","6","40.565198","-79.799125","2140","11","0","0","0","0","0","0","0","0","","0","0","0","","","0","N","0","","40 33:54.712","1","0","79 47:56.851","0","0","0","0","2206","0","0","0","Y","0","0","0","1","68D02","0","","5.0","2230.0","9","N","N","N","0","","0","0","1","","0","N","","1","0","0","0","0","0","0","2","0","1","07","","","N","","","","","","","","","",""
"2023106316","1558","2","0","0","0","0","0","0","0","0","4","0","","02","11","2023","1","40.44776","-80.163967","1555","11","0","0","0","0","0","1","0","0","","0","0","0","","","1","","2","","40 26:51.935","1","2","80 09:50.280","4","0","0","0","2115","0","0","0","N","0","0","0","3","02115","1","","1.0","1637.0","1","N","N","N","0","","0","0","0","","2","N","","2","1","0","0","0","0","0","2","0","2","03","","","N","","","","","","","","","",""
"2023103581","0957","0","0","0","0","0","0","0","0","0","4","0","","02","10","2023","2","40.354379","-80.117818","0945","11","0","0","0","0","0","1","0","1","","0","0","0","","","0","N","0","","40 21:15.766","","2","80 07:04.144","0","0","0","0","2119","0","0","0","N","0","0","0","2","68B03","0","","1.0","","9","N","N","N","1","","0","0","1","","0","","","2","0","0","0","0","0","0","2","0","2","07","","","N","","","","","","","","","",""
"2023083527","0731","0","0","0","0","0","0","0","0","0","7","0","","02","9","2023","4","40.511253","-79.828139","0722","11","0","0","0","0","0","0","0","0","","0","0","0","","","1","N","0","","40 30:40.510","","0","79 49:41.299","4","0","0","0","2113","0","0","0","N","0","0","0","1","02113","1","","2.0","","1","N","N","N","0","","0","0","1","","0","","","1","1","0","0","0","0","0","2","0","1","03","03","","N","","","","","","","","","",""
"2023081957","1254","1","0","0","0","0","0","0","0","0","4","0","","02","9","2023","7","40.405863","-80.018688","1252","11","0","0","0","0","0","0","0","0","","0","0","0","","","1","N","0","","40 24:21.107","5","7","80 01:07.278","3","0","0","0","2301","0","0","0","N","0","0","0","7","02301","0","","1.0","1445.0","1","N","","N","0","","1","0","1","","0","N","","2","1","1","0","0","0","1","2","0","2","03","03","","N","","","","","","","","","",""
"2023088105","1436","1","0","0","0","0","0","0","0","0","4","0","","02","9","2023","4","40.63971","-79.953878","1434","11","0","0","0","0","0","1","0","0","","0","0","0","","","1","","1","","40 38:22.957","6","0","79 57:13.961","3","0","0","0","2217","0","0","0","N","0","0","0","2","02505","0","","1.0","1551.0","1","N","N","N","0","","1","0","1","","3","Y","","2","1","0","0","0","0","0","2","0","2","03","03","","N","","","","","","","","","",""
"2023098672","0725","0","0","0","0","0","0","0","0","0","3","1","","02","10","2023","4","40.318472","-79.825694","0721","11","0","0","0","0","0","0","0","0","","0","1","0","","","1","N","0","","40 19:06.500","","7","79 49:32.500","3","0","0","0","2469","0","0","0","N","0","0","0","2","02469","0","","6.0","","1","N","N","N","0","","1","0","1","","0","","","2","1","1","0","0","0","0","2","0","2","03","","","N","","","","","","","","","",""
"2023084031","1428","1","0","0","0","0","0","0","0","0","4","0","","02","9","2023","6","40.44166","-80.240322","1426","11","0","0","0","0","0","1","1","0","","0","0","0","","","1","","2","","40 26:29.975","","7","80 14:25.160","3","0","0","0","2214","0","0","0","N","0","0","0","2","02214","0","","1.0","","1","N","N","N","0","","1","0","0","","3","","","2","1","0","0","0","0","0","2","1","2","03","","","N","","","","","","","","","",""
"2023087738","1550","1","0","0","0","0","0","0","0","0","1","0","","02","9","2023","7","40.332942","-79.984763","1542","11","0","0","0","1","0","0","0","0","","0","0","0","","","0","","2","","40 19:58.592","","0","79 59:05.146","0","0","0","0","2403","0","0","0","N","0","0","0","4","02403","0","","1.0","","1","N","N","N","0","","0","0","2","","2","","","3","0","0","0","0","0","0","2","0","3","03","03","","N","","","","","","","","","",""
"2023100222","0640","1","0","0","0","0","0","0","0","0","1","0","","02","11","2023","4","40.439444","-80.18952","0632","11","0","0","0","0","0","1","0","0","","0","0","0","","","1","","6","","40 26:22.000","","2","80 11:22.271","4","0","0","0","2214","0","0","0","N","0","0","0","2","68B03","1","","1.0","","9","N","N","N","0","","0","0","1","","4","","","2","1","0","0","0","0","0","2","0","2","03","","","N","","","","","","","","","",""
"2023081526","1120","1","0","0","0","0","0","0","0","0","4","0","","02","9","2023","6","40.469802","-79.960921","1105","11","0","0","0","0","0","0","0","0","","0","0","0","","","0","","2","","40 28:11.287","","0","79 57:39.317","0","0","0","0","2301","0","0","0","N","0","0","0","2","02301","0","","1.0","","1","N","N","N","0","","0","0","1","","2","","","2","0","0","0","0","0","0","2","0","2","03","03","","N","","","","","","","","","",""
"2023095943","1625","0","0","0","0","0","0","0","0","0","8","0","","02","9","2023","5","40.426215","-79.967478","1620","11","0","0","0","0","0","0","0","0","","0","0","0","","","1","","1","","40 25:34.373","","0","79 58:02.920","3","0","0","0","2301","1","0","0","N","1","0","0","2","02301","0","","1.0","","9","N","N","N","1","","1","0","0","","3","","","2","1","0","0","0","0","0","2","0","1","07","","","N","","","","","","","","","",""
"2023103666","1253","1","0","0","0","0","0","0","0","0","4","0","","02","11","2023","4","40.427739","-79.927601","1243","11","0","0","0","0","1","0","0","0","","0","0","0","","","0","N","0","","40 25:39.862","","0","79 55:39.365","0","0","0","0","2301","0","0","0","N","0","0","0","2","02301","0","","1.0","","1","N","N","N","0","","0","0","1","","0","","","2","0","0","0","0","0","0","2","0","2","03","03","","N","","","","","","","","","",""
"2023092936","0048","0","0","0","0","0","0","0","0","0","7","0","","02","9","2023","1","40.518929","-80.21861","0047","11","0","0","0","0","0","0","0","0","","0","0","0","","","2","N","0","","40 31:08.146","2","0","80 13:06.995","3","0","0","0","2213","0","0","0","N","0","0","0","2","02213","0","","4.0","204.0","9","N","N","N","1","","1","0","0","","0","N","","1","2","0","0","0","1","0","2","0","1","04","","","N","","","","","","","","","",""
"2023103447","1954","1","0","0","0","0","0","0","0","0","7","0","","02","10","2023","1","40.440484","-80.008877","1944","11","0","0","0","0","0","0","0","0","","0","0","0","","","0","N","0","","40 26:25.744","1","2","80 00:31.958","0","0","0","0","2301","0","0","0","N","0","0","0","1","68B03","0","","4.0","2010.0","9","N","N","N","0","","0","0","0","","0","N","","1","0","0","0","0","0","0","2","0","1","07","07","","N","","","","","","","","","",""
"2023099815","0730","3","0","0","0","0","0","0","0","0","2","0","","02","11","2023","7","40.422554","-79.970472","0720","11","0","0","0","0","0","0","0","0","","0","0","0","","","0","","1","","40 25:21.194","","0","79 58:13.699","9","0","0","0","2301","0","0","0","N","0","0","0","1","02301","0","","1.0","","1","N","N","N","0","","0","0","0","","0","","","3","0","0","0","0","0","1","2","0","3","03","03","","N","","","","","","","","","",""
"2023084572","1457","1","0","0","0","0","0","0","0","0","7","0","","02","9","2023","1","40.455641","-80.288986","1450","11","0","0","0","0","1","0","0","0","","0","0","0","","","0","N","0","","40 27:20.309","4","0","80 17:20.350","0","0","0","0","2203","0","0","0","N","0","0","0","1","02203","0","","4.0","1528.0","9","N","N","N","0","","0","0","0","","0","N","","1","0","0","0","0","0","0","1","0","1","07","","","N","","","","","","","","","",""
"2023092935","2015","1","0","0","0","0","0","0","0","0","4","0","","02","9","2023","3","40.506276","-80.223204","2011","11","0","0","0","0","0","1","0","0","","0","0","0","","","1","","2","","40 30:22.593","","0","80 13:23.533","3","0","0","0","2213","0","0","0","N","0","0","0","2","02213","0","","1.0","","1","N","N","N","1","","1","0","0","","2","","","2","1","1","0","0","0","0","2","0","2","03","","","N","","","","","","","","","",""
"2023102878","2015","0","0","0","0","0","0","0","0","0","4","0","","02","11","2023","1","40.633175","-79.953405","2005","11","0","0","0","0","0","0","0","1","","0","0","0","","","0","","2","","40 37:59.430","","0","79 57:12.257","0","0","0","0","2217","0","0","0","N","0","0","0","3","02505","0","","1.0","","1","N","N","N","1","","0","0","1","","3","","","2","0","0","0","0","0","0","2","0","2","03","03","","N","","","","","","","","","",""
"2023083962","0912","1","0","0","0","0","0","0","0","0","5","1","","02","9","2023","5","40.470253","-80.070833","0912","11","0","0","0","0","0","0","0","0","","0","1","0","","","1","N","0","","40 28:12.910","4","0","80 04:15.000","8","0","0","0","2122","0","0","0","N","0","0","0","1","02122","0","","6.0","930.0","1","N","N","N","0","","0","0","0","","3","N","","2","1","0","0","0","1","0","2","0","2","03","03","","N","","","","","","","","","",""
"2023087687","2001","1","0","0","0","0","0","0","0","0","7","0","","02","9","2023","7","40.351214","-79.867763","1959","11","0","0","0","0","0","0","0","0","","0","0","0","","","0","N","0","","40 21:04.369","4","0","79 52:03.946","0","0","0","0","2304","0","0","0","N","0","0","0","1","02304","0","","2.0","2033.0","1","N","N","N","0","","0","0","0","","0","N","","1","0","0","0","0","0","0","2","0","1","03","03","","N","","","","","","","","","",""
"2023104675","0755","1","0","0","0","0","0","0","0","0","1","0","","02","11","2023","7","40.424535","-79.859373","0750","11","0","0","0","0","0","0","0","0","","0","0","0","","","0","","1","","40 25:28.325","3","0","79 51:33.744","0","0","0","0","2431","0","0","0","N","0","0","0","2","02431","0","","1.0","831.0","1","N","N","N","0","","0","0","1","","2","N","","2","0","0","0","0","0","0","2","0","2","03","03","","N","","","","","","","","","",""
"2023082228","0656","1","0","0","0","0","0","0","0","0","1","0","","02","9","2023","6","40.43409","-79.995812","0650","11","0","0","0","0","1","0","0","0","","0","0","0","","","0","","7","","40 26:02.725","2","8","79 59:44.924","0","0","0","0","2301","0","0","0","N","0","0","0","3","02301","0","","1.0","705.0","1","N","N","N","1","","0","0","0","","0","N","","2","0","0","0","0","0","0","2","0","2","03","03","","N","","","","","","","","","",""
"2023086393","2105","1","0","0","0","0","0","0","0","0","7","0","","02","9","2023","1","40.408048","-79.889711","2100","11","0","0","0","0","0","0","0","0","","0","0","0","","","0","N","0","","40 24:28.974","","3","79 53:22.960","0","0","0","0","2448","0","0","0","N","0","0","0","1","02448","0","","2.0","","9","N","N","N","0","","0","0","0","","0","","","1","0","0","0","0","0","0","2","0","1","07","07","","N","","","","","","","","","",""
"2023086447","1841","0","0","0","0","0","0","0","0","0","98","0","","02","9","2023","4","40.341333","-80.145472","1839","11","0","0","0","0","0","1","0","0","","0","0","0","","","1","N","0","","40 20:28.800","2","0","80 08:43.700","2","0","1","1","2119","0","0","0","N","0","0","0","1","02119","0","","1.0","1912.0","1","N","N","N","0","","0","1","0","","0","N","","1","1","0","0","0","0","0","2","0","1","03","","","N","","","","","","","","","",""
"2023105611","1915","1","0","0","0","0","0","0","0","0","4","0","","02","11","2023","1","40.442173","-80.074618","1913","11","0","0","0","0","0","2","0","0","","0","0","0","","","1","N","2","","40 26:31.822","","0","80 04:28.624","3","0","0","0","2439","0","0","0","N","0","0","0","3","02439","0","","1.0","","1","N","N","N","0","","1","0","1","","0","","","2","1","1","0","0","0","0","2","0","2","03","03","","N","","","","","","","","","",""
"2023086078","0125","1","0","0","0","0","0","0","0","0","7","0","","02","9","2023","5","40.44267","-80.029704","0115","11","0","0","0","0","0","0","0","0","","0","0","0","","","1","N","0","","40 26:33.613","2","3","80 01:46.934","3","0","0","0","2301","0","0","0","N","0","0","0","1","02301","0","","3.0","132.0","1","N","N","N","0","","1","0","0","","0","N","","1","1","0","0","0","0","0","2","0","1","03","03","","N","","","","","","","","","",""
"2023081973","1503","0","0","0","0","0","0","0","0","0","7","0","","02","9","2023","7","40.442136","-80.060631","1501","11","0","0","0","0","0","1","0","0","","0","0","0","","","1","N","0","","40 26:31.689","6","0","80 03:38.270","3","0","0","0","2301","0","0","0","N","0","0","0","1","02301","0","","4.0","1551.0","1","N","N","N","0","","1","0","1","","0","Y","","1","1","0","0","0","0","0","2","0","1","03","03","","N","","","","","","","","","",""
"2023104126","1807","1","0","0","0","0","0","0","0","0","1","0","","02","11","2023","5","40.429118","-79.716514","1800","11","0","0","0","0","0","2","0","0","","0","0","0","","","1","N","0","","40 25:44.826","3","0","79 42:59.451","4","0","0","0","2446","0","0","0","N","0","0","0","5","02446","1","","1.0","1851.0","1","N","N","N","0","","0","0","2","","0","N","","3","1","0","0","0","0","0","2","0","3","03","03","","N","","","","","","","","","",""
"2023093323","1600","1","0","0","0","0","0","0","0","0","5","0","","02","9","2023","7","40.496315","-80.207534","1556","11","0","0","0","0","0","1","0","0","","0","0","0","","","1","","6","","40 29:46.733","3","2","80 12:27.121","3","0","0","0","2213","0","0","0","N","0","0","0","2","02213","0","","1.0","1645.0","1","N","N","N","0","","1","0","1","","0","N","","2","1","0","0","0","0","0","2","0","2","03","03","","N","","","","","","","","","",""
"2023091428","1314","2","0","0","0","0","0","0","0","0","1","0","99","02","9","2023","4","40.642799","-80.097292","1252","11","0","0","0","0","1","0","1","0","","0","0","0","","","0","Y","0","","40 38:34.077","2","0","80 05:50.251","0","0","0","0","2212","0","0","0","N","0","0","0","3","68B03","0","","1.0","1415.0","1","N","N","N","0","","0","0","1","","1","N","","3","0","0","0","0","0","0","2","0","3","03","03","Y","Y","4","2","N","N","N","Y","N","N","Y","N"
"2023082646","2115","0","0","0","0","0","0","0","0","0","6","0","","02","9","2023","2","40.452494","-80.057403","2112","11","0","0","0","0","0","1","0","0","","0","0","0","","","0","N","0","","40 27:08.978","1","0","80 03:26.650","0","0","0","0","2301","0","0","0","N","0","0","0","1","02301","0","","6.0","2140.0","1","N","N","N","2","","0","0","1","","0","Y","","3","0","0","0","0","0","0","2","0","3","03","03","","N","","","","","","","","","",""
"2023083285","1550","0","0","0","0","0","0","0","0","0","1","0","","02","9","2023","4","40.448231","-80.007823","1541","11","0","0","0","0","0","0","1","0","","0","0","0","","","1","","1","","40 26:53.632","","0","80 00:28.164","4","0","0","0","2301","0","0","0","N","0","0","0","3","02301","1","","1.0","","1","N","N","N","0","","0","0","2","","2","N","","2","1","0","0","0","0","0","2","0","2","03","03","","N","","","","","","","","","",""
"2023104222","2234","0","0","0","0","0","0","0","0","0","98","0","","02","11","2023","2","40.436982","-80.21264","2219","11","0","0","0","0","1","0","0","0","","0","0","0","","","0","N","0","","40 26:13.135","","0","80 12:45.503","0","0","0","0","2214","0","0","0","N","0","0","0","1","68B03","0","","1.0","","1","N","N","N","0","","0","0","1","","0","","","1","0","0","0","0","0","0","2","0","1","03","","","N","","","","","","","","","",""
"2023081988","0230","1","0","0","0","0","0","0","0","0","4","0","","02","9","2023","1","40.434505","-79.989795","0220","11","0","0","0","0","0","0","0","0","","0","0","0","","","0","","1","","40 26:04.219","","3","79 59:23.262","9","0","0","0","2301","0","0","0","N","0","0","0","4","02301","0","","1.0","","1","N","N","N","0","","0","0","1","","2","","","2","0","2","0","0","0","2","2","0","2","03","03","","N","","","","","","","","","",""
"2023086181","2141","1","0","0","0","0","0","0","0","0","4","0","","02","9","2023","4","40.462128","-79.926821","2129","11","0","0","0","0","0","0","0","0","","0","0","0","","","0","","1","","40 27:43.659","","0","79 55:36.555","0","0","0","0","2301","0","0","0","N","0","0","0","2","02301","0","","1.0","","1","N","N","N","0","","0","0","1","","3","","","2","0","0","0","0","0","0","2","0","2","03","03","","N","","","","","","","","","",""
"2023099411","1539","1","0","0","0","0","0","0","0","0","1","0","","02","10","2023","3","40.37459","-79.81452","1535","11","0","0","0","0","0","0","0","0","","0","0","0","","","0","N","3","","40 22:28.523","2","0","79 48:52.272","0","0","0","0","2111","0","0","0","N","0","0","0","2","02111","0","","1.0","1609.0","1","Y","N","N","0","","0","0","1","","8","N","","2","0","0","0","0","0","0","2","0","2","03","03","","N","","","","","","","","","",""
"2023086567","0219","1","0","0","0","0","0","0","0","0","4","0","","02","9","2023","6","40.428791","-79.980559","0219","11","0","0","0","0","0","0","0","0","","0","0","0","","","0","","1","","40 25:43.649","","0","79 58:50.011","0","0","0","0","2301","0","0","0","N","0","0","0","4","02301","0","","1.0","","1","N","N","N","0","","0","0","1","","2","","","2","0","0","0","0","0","0","2","0","2","03","03","","N","","","","","","","","","",""
"2023098858","1550","1","0","0","0","0","0","0","0","0","6","2","","02","10","2023","3","40.340372","-79.893641","1547","11","0","0","0","0","0","3","1","0","","0","2","0","","","0","N","0","","40 20:25.338","5","0","79 53:37.106","0","0","0","0","2423","0","0","0","N","0","0","0","10","02304","0","","1.0","1620.0","1","N","Y","N","1","","0","0","2","","0","N","","7","0","0","0","0","0","0","2","1","7","03","03","","N","","","","","","","","","",""
"2023081986","2329","2","0","0","0","0","0","0","0","0","4","0","","02","9","2023","7","40.438042","-79.917722","2326","11","0","0","0","0","0","0","1","0","","0","0","0","","","1","","1","","40 26:16.950","","0","79 55:03.798","8","0","0","0","2301","0","0","0","N","0","0","0","2","02301","0","","1.0","","1","N","N","N","0","","0","0","0","","3","","","2","1","0","0","0","1","0","2","0","2","03","03","","N","","","","","","","","","",""