"CRN","ARRIVAL_TM","AUTOMOBILE_COUNT","BELTED_DEATH_COUNT","BELTED_SUSP_SERIOUS_INJ_COUNT","BICYCLE_COUNT","BICYCLE_DEATH_COUNT","BICYCLE_SUSP_SERIOUS_INJ_COUNT","BUS_COUNT","CHLDPAS_DEATH_COUNT","CHLDPAS_SUSP_SERIOUS_INJ_COUNT","COLLISION_TYPE","COMM_VEH_COUNT","CONS_ZONE_SPD_LIM","COUNTY","CRASH_MONTH","CRASH_YEAR","DAY_OF_WEEK","DEC_LATITUDE","DEC_LONGITUDE","DISPATCH_TM","DISTRICT","DRIVER_COUNT_16YR","DRIVER_COUNT_17YR","DRIVER_COUNT_18YR","DRIVER_COUNT_19YR","DRIVER_COUNT_20YR","DRIVER_COUNT_50_64YR","DRIVER_COUNT_65_74YR","DRIVER_COUNT_75PLUS","EST_HRS_CLOSED","FATAL_COUNT","HEAVY_TRUCK_COUNT","HORSE_BUGGY_COUNT","HOUR_OF_DAY","ILLUMINATION","INJURY_COUNT","INTERSECTION_RELATED","INTERSECT_TYPE","LANE_CLOSED","LATITUDE","LN_CLOSE_DIR","LOCATION_TYPE","LONGITUDE","MAX_SEVERITY_LEVEL","MCYCLE_DEATH_COUNT","MCYCLE_SUSP_SERIOUS_INJ_COUNT","MOTORCYCLE_COUNT","MUNICIPALITY","NONMOTR_COUNT","NONMOTR_DEATH_COUNT","NONMOTR_SUSP_SERIOUS_INJ_COUNT","NTFY_HIWY_MAINT","PED_COUNT","PED_DEATH_COUNT","PED_SUSP_SERIOUS_INJ_COUNT","PERSON_COUNT","POLICE_AGCY","POSSIBLE_INJ_COUNT","RDWY_SURF_TYPE_CD","RELATION_TO_ROAD","ROADWAY_CLEARED","ROAD_CONDITION","SCH_BUS_IND","SCH_ZONE_IND","SECONDARY_CRASH","SMALL_TRUCK_COUNT","SPEC_JURIS_CD","SUSP_MINOR_INJ_COUNT","SUSP_SERIOUS_INJ_COUNT","SUV_COUNT","TCD_FUNC_CD","TCD_TYPE","TFC_DETOUR_IND","TIME_OF_DAY","TOTAL_UNITS","TOT_INJ_COUNT","UNBELTED_OCC_COUNT","UNB_DEATH_COUNT","UNB_SUSP_SERIOUS_INJ_COUNT","UNK_INJ_DEG_COUNT","UNK_INJ_PER_COUNT","URBAN_RURAL","VAN_COUNT","VEHICLE_COUNT","WEATHER1","WEATHER2","WORKERS_PRES","WORK_ZONE_IND","WORK_ZONE_LOC","WORK_ZONE_TYPE","WZ_CLOSE_DETOUR","WZ_FLAGGER","WZ_LAW_OFFCR_IND","WZ_LN_CLOSURE","WZ_MOVING","WZ_OTHER","WZ_SHLDER_MDN","WZ_WORKERS_INJ_KILLED"
"2023081496","0733","1","0","0","0","0","0","0","0","0","7","0","","02","9","2023","6","40.399796","-79.935765","0712","11","0","0","1","0","0","0","0","0","","0","0","0","","","0","N","0","","40 23:59.265","","3","79 56:08.753","0","0","0","0","2301","0","0","0","N","0","0","0","2","02301","0","","3.0","","1","N","N","N","0","","0","0","0","","0","","","1","0","0","0","0","0","0","2","0","1","03","03","","N","","","","","","","","","",""
"2023107155","0750","0","0","0","0","0","0","0","0","0","98","0","","02","11","2023","2","40.476922","-80.118547","0720","11","0","0","0","0","0","0","0","0","","0","0","0","","","1","N","0","","40 28:36.918","","0","80 07:06.768","3","0","0","0","2126","0","0","0","N","0","0","0","1","68B03","0","","1.0","","1","N","N","N","0","","1","0","1","","0","","","1","1","0","0","0","0","0","2","0","1","03","03","","N","","","","","","","","","",""
"2023103887","0826","0","0","0","0","0","0","0","0","0","5","1","","02","11","2023","2","40.347935","-80.053256","0814","11","0","0","0","0","0","0","0","0","","0","1","0","","","0","N","0","","40 20:52.566","","7","80 03:11.721","0","0","0","0","2407","0","0","0","N","0","0","0","2","02407","0","","6.0","","1","N","N","N","0","","0","0","1","","0","","","2","0","0","0","0","0","0","2","0","2","03","","","N","","","","","","","","","",""
"2023084675","0744","3","0","0","0","0","0","0","0","0","1","0","","02","9","2023","2","40.443493","-79.839734","0741","11","0","0","0","0","0","2","0","0","","0","0","0","","","2","N","0","","40 26:36.576","4","0","79 50:23.042","4","0","0","0","2419","0","0","0","N","0","0","0","7","68B03","2","","1.0","755.0","1","N","N","N","0","","0","0","3","","0","N","","6","2","0","0","0","0","0","2","0","6","03","","","N","","","","","","","","","",""
"2023085709","0218","0","0","0","0","0","0","0","0","0","7","0","","02","9","2023","1","40.432194","-79.848528","0216","11","0","0","0","0","0","1","0","0","","0","0","0","","","0","N","0","","40 25:55.900","","0","79 50:54.700","0","0","0","0","2419","0","0","0","N","0","0","0","1","02419","0","","4.0","","1","N","N","N","0","","0","0","1","","0","","","1","0","0","0","0","0","0","2","0","1","03","","","N","","","","","","","","","",""
"2023100430","1902","0","0","0","0","0","0","0","0","0","98","0","","02","11","2023","4","40.48675","-79.778525","1900","11","0","0","0","0","0","0","0","0","","0","0","0","","","0","N","0","","40 29:12.301","","0","79 46:42.689","0","0","0","0","2466","0","0","0","N","0","0","0","1","68T02","0","","1.0","","1","N","N","N","0","","0","0","1","","0","","","1","0","0","0","0","0","0","2","0","1","03","","","N","","","","","","","","","",""
"2023083541","2306","1","0","0","0","0","0","0","0","0","1","0","","02","9","2023","4","40.406143","-79.989921","2300","11","0","0","0","0","0","0","0","0","","0","0","0","","","0","N","0","","40 24:22.113","","0","79 59:23.714","0","0","0","0","2301","0","0","0","N","0","0","0","1","02301","0","","6.0","","1","N","N","N","0","","0","0","1","","0","","","2","0","0","0","0","0","0","2","0","2","03","","","N","","","","","","","","","",""
"2023085848","1334","1","0","0","0","0","0","0","0","0","7","0","","02","9","2023","4","40.596639","-80.077861","1329","11","0","0","0","0","0","0","0","1","","0","0","0","","","0","N","0","","40 35:47.900","1","0","80 04:40.300","0","0","0","0","2481","0","0","0","N","0","0","0","1","02481","0","","4.0","1405.0","1","N","N","N","0","","0","0","0","","0","N","","1","0","0","0","0","0","0","2","0","1","03","","","N","","","","","","","","","",""
"2023083658","1159","0","0","0","0","0","0","0","0","0","5","1","","02","9","2023","5","40.43463","-79.995525","1151","11","0","0","0","0","0","1","0","0","","0","1","0","","","0","N","6","","40 26:04.668","2","8","79 59:43.889","9","0","0","0","2301","0","0","0","N","0","0","0","2","02301","0","","1.0","1220.0","1","N","N","N","0","","0","0","1","","0","N","","2","0","0","0","0","0","1","2","0","2","03","03","","N","","","","","","","","","",""
"2023100264","1710","0","0","0","0","0","0","0","0","0","1","0","","02","11","2023","6","40.415629","-80.059956","1705","11","0","0","0","0","0","0","1","0","","0","0","0","","","1","N","0","","40 24:56.263","3","0","80 03:35.842","4","0","0","0","2435","0","0","0","N","0","0","0","3","68B03","1","","1.0","1715.0","1","N","N","N","0","","0","0","3","","0","N","","3","1","0","0","0","0","0","2","0","3","03","","","N","","","","","","","","","",""
"2023084317","1332","2","0","0","0","0","0","0","0","0","4","0","","02","9","2023","7","40.34441","-79.88402","1330","11","0","0","0","0","0","0","0","0","","0","0","0","","","1","","3","","40 20:39.875","1","3","79 53:02.472","4","0","0","0","2433","0","0","0","N","0","0","0","2","02433","1","","1.0","1415.0","9","N","N","N","0","","0","0","0","","4","Y","","2","1","0","0","0","0","0","2","0","2","07","","","N","","","","","","","","","",""
"2023081971","1515","1","0","0","0","0","0","0","0","0","1","0","","02","9","2023","7","40.440583","-79.767556","1508","11","0","0","0","0","0","0","0","0","","0","0","0","","","0","Y","0","","40 26:26.100","","0","79 46:03.200","0","0","0","0","2446","0","0","0","N","0","0","0","2","02446","0","","1.0","","1","N","N","N","0","","0","0","1","","0","","","2","0","0","0","0","0","0","2","0","2","03","03","","N","","","","","","","","","",""
"2023082895","1514","1","0","0","0","0","0","0","0","0","7","0","","02","9","2023","3","40.479472","-80.104083","1512","11","0","0","0","0","0","1","0","0","","0","0","0","","","1","N","0","","40 28:46.100","3","0","80 06:14.700","3","0","0","0","2126","0","0","0","N","0","0","0","1","02126","0","","4.0","1553.0","1","N","N","N","0","","1","0","0","","0","N","","1","1","0","0","0","0","0","2","0","1","03","03","","N","","","","","","","","","",""
"2023084070","2024","2","0","0","0","0","0","0","0","0","1","0","","02","9","2023","5","40.453773","-79.908587","2021","11","0","0","0","0","0","0","0","0","","0","0","0","","","1","N","0","","40 27:13.584","4","0","79 54:30.912","4","0","0","0","2301","0","0","0","N","0","0","0","1","02301","1","","6.0","2100.0","1","N","N","N","0","","0","0","0","","0","Y","","2","1","0","0","0","0","0","2","0","2","03","03","","N","","","","","","","","","",""
"2023084395","1907","0","0","0","0","0","0","0","0","0","1","0","","02","9","2023","7","40.387148","-80.206384","1901","11","0","0","0","0","0","2","0","0","","0","0","0","","","1","","2","","40 23:13.731","3","0","80 12:22.983","8","0","0","0","2214","0","0","0","N","0","0","0","2","02214","0","","1.0","1935.0","9","N","N","N","0","","0","0","2","","0","N","","2","1","0","0","0","1","0","2","0","2","07","","","N","","","","","","","","","",""
"2023081793","0712","2","0","0","0","0","0","0","0","0","1","0","","02","9","2023","7","40.435336","-79.984351","0700","11","0","0","0","0","0","1","0","0","","0","0","0","","","0","N","0","","40 26:07.211","3","0","79 59:03.665","0","0","0","0","2301","0","0","0","N","0","0","0","2","02301","0","","1.0","745.0","1","N","N","N","0","","0","0","0","","0","N","","2","0","0","0","0","0","0","2","0","2","03","03","","N","","","","","","","","","",""
"2023085715","0507","1","0","0","0","0","0","0","0","0","7","0","","02","9","2023","2","40.379606","-79.917576","0457","11","0","0","0","0","0","0","0","0","","0","0","0","","","0","N","0","","40 22:46.581","3","0","79 55:03.275","0","0","0","0","2301","0","0","0","N","0","0","0","1","02301","0","","4.0","600.0","9","N","N","N","0","","0","0","0","","0","N","","1","0","1","0","0","0","0","2","0","1","07","04","","N","","","","","","","","","",""
"2023083042","1809","0","0","0","0","0","0","0","0","0","4","0","","02","9","2023","7","40.37296","-80.099342","1804","11","0","1","0","0","0","0","0","0","","0","0","0","","","5","","2","","40 22:22.657","4","2","80 05:57.632","3","0","0","0","2102","0","0","0","N","0","0","0","7","02102","0","","1.0","1847.0","1","N","N","N","0","","5","0","2","","2","N","","2","5","0","0","0","0","0","2","0","2","03","03","","N","","","","","","","","","",""
"2023083538","2354","0","0","0","0","0","0","0","0","0","7","0","","02","9","2023","4","40.289736","-79.912609","2350","11","0","0","0","0","0","1","0","0","","0","0","0","","","1","N","0","","40 17:23.050","2","0","79 54:45.392","2","0","0","0","2440","0","0","0","Y","0","0","0","1","02440","0","","3.0","33.0","1","N","N","N","0","","0","1","0","","0","Y","","1","1","0","0","0","0","0","2","1","1","03","03","","N","","","","","","","","","",""
"2023084840","1952","1","0","1","0","0","0","0","0","0","2","0","","02","9","2023","1","40.453165","-80.21044","1947","11","0","1","0","0","0","0","0","0","","0","0","0","","","3","N","0","","40 27:11.394","","0","80 12:37.585","2","0","0","0","2214","0","0","0","N","0","0","0","4","02214","0","","1.0","","9","N","N","N","0","","2","1","1","","0","","","2","3","0","0","0","0","0","2","0","2","07","","","N","","","","","","","","","",""
"2023086732","0648","0","0","0","0","0","0","0","0","0","1","0","","02","9","2023","6","40.343881","-79.921252","0644","11","0","0","0","0","0","1","0","0","","0","0","0","","","0","N","0","","40 20:37.973","1","0","79 55:16.507","0","0","0","0","2473","0","0","0","N","0","0","0","2","02473","0","","1.0","720.0","1","N","N","N","0","","0","0","1","","0","N","","2","0","0","0","0","0","0","2","1","2","03","03","","N","","","","","","","","","",""
"2023084958","2027","1","0","0","0","0","0","0","0","0","7","0","","02","9","2023","3","40.408437","-79.912386","2026","11","0","0","0","0","0","1","0","0","","0","0","0","","","0","","9","","40 24:30.374","5","0","79 54:44.591","0","0","0","0","2438","0","0","0","N","0","0","0","1","02438","0","","5.0","2124.0","1","N","N","N","0","","0","0","0","","5","Y","","1","0","0","0","0","0","0","2","0","1","03","03","","N","","","","","","","","","",""
"2023106801","1303","1","0","0","0","0","0","0","0","0","1","0","","02","11","2023","6","40.478495","-79.822471","1300","11","0","0","1","0","0","1","0","0","","0","0","0","","","0","Y","0","","40 28:42.581","2","0","79 49:20.897","0","0","0","0","2113","0","0","0","N","0","0","0","2","02113","0","","1.0","1324.0","1","N","N","N","0","","0","0","1","","0","Y","","2","0","0","0","0","0","0","2","0","2","03","","","N","","","","","","","","","",""
"2023088401","9999","1","0","0","0","0","0","0","0","0","7","0","","02","9","2023","7","40.441387","-79.835995","2355","11","0","0","0","0","0","0","0","0","","0","0","0","","","0","N","0","","40 26:28.994","3","0","79 50:09.581","0","0","0","0","2419","0","0","0","N","0","0","0","2","68B03","0","","3.0","5.0","1","N","N","N","0","","0","0","0","","0","N","","1","0","0","0","0","0","0","2","0","1","03","03","","N","","","","","","","","","",""
"2023081410","0108","0","0","0","0","0","0","0","0","0","7","0","","02","9","2023","6","40.467638","-79.908741","0105","11","0","0","0","0","0","0","0","0","","0","0","0","","","0","N","0","","40 28:03.495","2","0","79 54:31.468","9","0","0","0","2301","0","0","0","N","0","0","0","1","02301","0","","4.0","300.0","1","N","N","N","0","","0","0","1","","0","N","","1","0","1","0","0","0","1","2","0","1","03","03","","N","","","","","","","","","",""
"2023085262","2028","1","0","0","0","0","0","0","0","0","5","0","","02","9","2023","5","40.393045","-79.797978","2025","11","0","0","0","0","0","0","1","0","","0","0","0","","","0","N","0","","40 23:34.961","6","0","79 47:52.722","0","0","0","0","2470","0","0","0","N","0","0","0","1","02424","0","","6.0","2109.0","1","N","N","Y","0","","0","0","1","","0","N","","3","0","0","0","0","0","0","2","0","2","03","","","N","","","","","","","","","",""
"2023081483","1414","0","0","0","0","0","0","0","0","0","4","0","","02","9","2023","3","40.355851","-79.834252","1328","11","0","0","0","0","0","0","0","0","","0","0","0","","","2","N","0","","40 21:21.064","4","7","79 50:03.307","3","0","0","0","2304","0","0","0","N","0","0","0","3","02304","1","","1.0","1414.0","1","N","N","N","0","","1","0","2","","0","Y","","2","2","0","0","0","0","0","2","0","2","03","03","","N","","","","","","","","","",""
"2023080850","1704","1","0","0","0","0","0","0","0","0","1","0","","02","9","2023","4","40.466768","-79.978202","1702","11","0","0","0","0","0","0","0","0","","0","0","0","","","0","N","0","","40 28:00.365","","0","79 58:41.527","0","0","0","0","2301","0","0","0","N","0","0","0","3","02301","0","","1.0","","1","N","N","N","1","","0","0","1","","0","","","3","0","0","0","0","0","0","2","0","3","03","03","","N","","","","","","","","","",""
"2023083188","1055","1","0","0","0","0","0","0","0","0","2","0","","02","9","2023","3","40.441857","-79.984016","1055","11","0","0","0","0","0","0","1","0","","0","0","0","","","1","","2","","40 26:30.684","6","0","79 59:02.459","8","0","0","1","2301","0","0","0","N","0","0","0","3","02301","0","","1.0","1130.0","1","N","N","N","0","","0","0","0","","0","Y","","2","1","0","0","0","1","0","2","0","2","03","03","","N","","","","","","","","","",""
"2023087231","1905","0","0","0","0","0","0","0","0","0","4","0","","02","9","2023","4","40.349241","-80.103548","1903","11","0","0","0","0","0","1","0","0","","0","0","0","","","1","","2","","40 20:57.268","2","0","80 06:12.774","4","0","0","0","2414","0","0","0","N","0","0","0","4","02414","1","","1.0","15.0","1","N","N","N","1","","0","0","1","","3","N","","2","1","0","0","0","0","0","2","0","2","03","","","N","","","","","","","","","",""
"2023086437","0015","0","0","0","0","0","0","0","0","0","7","0","","02","9","2023","2","40.344465","-79.884076","0013","11","0","0","1","0","0","0","0","0","","0","0","0","","","2","","3","","40 20:40.075","3","3","79 53:02.672","3","0","0","0","2433","0","0","0","N","0","0","0","2","02433","0","","2.0","51.0","9","N","N","N","0","","2","0","1","","0","N","","1","2","0","0","0","0","0","2","0","1","07","","","N","","","","","","","","","",""
"2023081417","0228","1","0","0","0","0","0","0","0","0","7","0","","02","9","2023","6","40.419237","-79.988098","0223","11","0","0","0","0","0","0","0","0","","0","0","0","","","0","","2","","40 25:09.253","2","0","79 59:17.151","0","0","0","0","2301","0","0","0","N","0","0","0","1","02301","0","","2.0","300.0","1","N","N","N","0","","0","0","0","","0","N","","1","0","0","0","0","0","0","2","0","1","03","","","N","","","","","","","","","",""
"2023086183","1048","0","0","0","0","0","0","0","0","0","4","0","","02","9","2023","5","40.38984","-79.932809","1037","11","0","0","0","0","0","0","0","0","","0","0","0","","","0","","2","","40 23:23.425","","0","79 55:58.113","0","0","0","0","2301","0","0","0","N","0","0","0","2","02301","0","","1.0","","1","N","N","N","0","","0","0","2","","2","","","2","0","2","0","0","0","0","2","0","2","03","03","","N","","","","","","","","","",""
"2023087779","1505","0","0","0","0","0","0","1","0","0","8","1","","02","9","2023","6","40.428588","-79.977605","1500","11","0","0","0","0","0","0","0","0","","0","0","0","","","1","","1","","40 25:42.917","","0","79 58:39.377","2","0","0","0","2301","1","0","1","N","1","0","1","2","02503","0","","1.0","","1","","","N","0","","0","1","0","","2","","","2","1","0","0","0","0","0","2","0","1","03","03","","N","","","","","","","","","",""
"2023106092","1608","0","0","0","0","0","0","0","0","0","7","0","","02","10","2023","1","40.438181","-80.012511","1553","11","0","0","0","0","0","1","0","0","","0","0","0","","","0","N","0","","40 26:17.450","4","3","80 00:45.041","0","0","0","0","2301","0","0","0","Y","0","0","0","1","68B03","0","","5.0","1645.0","9","N","N","N","0","","0","0","1","","0","N","","1","0","0","0","0","0","0","2","0","1","07","07","","N","","","","","","","","","",""
"2023086998","0734","0","0","0","0","0","0","0","0","0","1","0","","02","9","2023","5","40.462558","-79.905651","0726","11","0","0","0","0","0","0","0","0","","0","0","0","","","0","N","0","","40 27:45.209","","1","79 54:20.342","0","0","0","0","2301","0","0","0","N","0","0","0","2","02301","0","","1.0","","1","N","N","N","0","","0","0","2","","0","N","","2","0","0","0","0","0","0","2","0","2","04","","","N","","","","","","","","","",""
"2023089015","0346","1","0","0","0","0","0","0","0","0","5","0","","02","9","2023","6","40.312444","-79.95425","0339","11","0","0","0","0","0","0","0","0","","0","0","0","","","0","N","0","","40 18:44.800","","0","79 57:15.300","0","0","0","0","2440","0","0","0","N","0","0","0","1","02440","0","","6.0","","1","N","N","N","1","","0","0","0","","0","","","2","0","0","0","0","0","0","2","0","2","03","03","","N","","","","","","","","","",""
"2023103493","0837","1","0","0","0","0","0","0","0","0","7","0","","02","11","2023","5","40.440373","-79.832887","0820","11","0","0","0","0","0","0","0","0","","0","0","0","","","0","N","0","","40 26:25.342","","0","79 49:58.394","0","0","0","0","2419","0","0","0","N","0","0","0","1","68B03","0","","2.0","","9","N","N","N","0","","0","0","0","","0","","","1","0","0","0","0","0","0","2","0","1","07","03","","N","","","","","","","","","",""
"2023103573","2054","1","0","0","0","0","0","0","0","0","1","0","","02","9","2023","1","40.420089","-80.050378","2028","11","0","0","0","0","0","1","0","0","","0","0","0","","","1","","6","","40 25:12.320","","2","80 03:01.359","8","0","0","0","2435","0","0","0","N","0","0","0","2","68B03","0","","1.0","","9","N","N","N","0","","0","0","0","","3","","","2","1","0","0","0","1","0","2","0","2","07","","","N","","","","","","","","","",""
"2023101797","0928","2","0","0","0","0","0","0","0","0","4","0","","02","9","2023","5","40.343983","-79.809244","0928","11","0","0","0","0","0","0","1","0","","0","0","0","","","0","","11","","40 20:38.340","4","0","79 48:33.280","0","0","0","0","2477","0","0","0","N","0","0","0","2","02477","0","","1.0","954.0","1","N","","N","0","","0","0","0","","0","Y","","2","0","0","0","0","0","0","2","0","2","03","03","","N","","","","","","","","","",""
"2023104591","1925","2","0","0","0","0","0","0","0","0","4","0","","02","11","2023","6","40.441547","-80.193295","1917","11","0","0","0","1","0","0","0","0","","0","0","0","","","3","N","2","","40 26:29.569","6","0","80 11:35.861","3","0","0","0","2214","0","0","0","N","0","0","0","3","02214","0","","1.0","2012.0","9","N","N","N","0","","3","0","0","","3","N","","2","3","0","0","0","0","0","2","0","2","07","","","N","","","","","","","","","",""
"2023105349","1711","0","0","0","0","0","0","0","0","0","4","0","","02","11","2023","5","40.387148","-80.054749","1711","11","0","0","0","0","0","1","0","1","","0","0","0","","","0","","1","","40 23:13.733","1","0","80 03:17.095","0","0","0","0","2109","0","0","0","N","0","0","0","3","02109","0","","1.0","1744.0","1","N","N","N","0","","0","0","2","","3","N","","2","0","0","0","0","0","0","2","0","2","03","03","","N","","","","","","","","","",""
"2023084448","0303","1","0","0","0","0","0","0","0","0","1","0","","02","9","2023","5","40.313552","-79.820191","0302","11","0","0","0","0","0","0","0","0","","0","0","0","","","1","N","0","","40 18:48.786","3","0","79 49:12.689","3","0","0","0","2105","0","0","0","N","0","0","0","1","02105","0","","6.0","404.0","1","N","N","N","1","","1","0","1","","0","N","","3","1","1","0","0","0","0","2","0","3","03","03","","N","","","","","","","","","",""
"2023085395","0833","1","0","0","0","0","0","0","0","0","4","0","","02","9","2023","3","40.448864","-79.893879","0817","11","0","0","0","0","0","0","0","0","","0","0","0","","","0","","1","","40 26:55.910","","0","79 53:37.966","9","0","0","0","2301","0","0","0","N","0","0","0","2","02301","0","","1.0","","1","N","N","N","0","","0","0","1","","3","","","2","0","0","0","0","0","1","2","0","2","03","03","","N","","","","","","","","","",""
"2023083809","2219","1","0","0","0","0","0","0","0","0","1","0","","02","9","2023","5","40.393404","-80.036546","2216","11","0","0","0","0","0","0","0","0","","0","0","0","","","0","N","0","","40 23:36.253","","0","80 02:11.564","0","0","0","0","2422","0","0","0","N","0","0","0","1","02422","0","","6.0","","1","N","N","Y","0","","0","0","1","","0","","","2","0","0","0","0","0","0","2","0","2","03","","","N","","","","","","","","","",""
"2023084872","1610","1","0","0","0","0","0","0","0","0","5","0","","02","9","2023","5","40.511273","-79.946951","1600","11","0","0","0","0","0","0","0","1","","0","0","0","","","0","N","0","","40 30:40.582","1","3","79 56:49.025","0","0","0","0","2118","0","0","0","N","0","0","0","4","02118","0","","1.0","1645.0","1","N","N","N","0","","0","0","0","","0","N","","2","0","0","0","0","0","0","2","1","2","03","","","N","","","","","","","","","",""
"2023101375","1350","1","0","0","0","0","0","0","0","0","2","0","","02","11","2023","3","40.567388","-80.00696","1347","11","0","0","0","0","1","1","0","0","","0","0","0","","","1","N","1","","40 34:02.595","3","0","80 00:25.056","8","0","0","1","2108","0","0","0","N","0","0","0","2","02108","0","","1.0","1410.0","1","N","N","N","0","","0","0","0","","2","N","","2","1","1","0","0","1","0","2","0","2","03","","","N","","","","","","","","","",""
"2023081143","1005","0","0","0","0","0","0","0","0","0","1","0","","02","9","2023","5","40.469991","-79.963951","1000","11","0","0","0","0","0","0","0","0","","0","0","0","","","0","Y","0","","40 28:11.966","3","3","79 57:50.225","0","0","0","0","2301","0","0","0","N","0","0","0","3","02301","0","","1.0","2320.0","1","N","N","N","0","","0","0","3","","0","N","","3","0","0","0","0","0","0","2","0","3","03","03","","N","","","","","","","","","",""
"2023087248","0827","2","0","0","0","0","0","0","0","0","2","0","","02","9","2023","7","40.46749","-79.916324","0827","11","0","0","0","0","0","0","0","0","","0","0","0","","","0","N","0","","40 28:02.964","","0","79 54:58.767","0","0","0","0","2301","0","0","0","N","0","0","0","1","02301","0","","6.0","","1","N","N","N","0","","0","0","1","","0","N","","3","0","0","0","0","0","0","2","0","3","03","","","N","","","","","","","","","",""
"2023083263","1720","0","0","0","0","0","0","0","0","0","1","0","","02","9","2023","4","40.470347","-80.2204","1716","11","0","0","0","0","0","0","0","0","","0","0","0","","","0","","1","","40 28:13.250","","2","80 13:13.440","0","0","0","0","2203","0","0","0","N","0","0","0","2","02203","0","","1.0","","1","N","N","N","0","","0","0","2","","2","N","","2","0","0","0","0","0","0","2","0","2","03","","","N","","","","","","","","","",""
"2023103316","1230","2","0","0","0","0","0","0","0","0","1","0","","02","11","2023","6","40.500076","-80.21798","1220","11","0","0","0","1","0","0","0","0","","0","0","0","","","0","N","0","","40 30:00.273","4","0","80 13:04.728","0","0","0","0","2213","0","0","0","N","0","0","0","3","02213","0","","1.0","1245.0","1","N","N","Y","0","","0","0","0","","2","N","","2","0","0","0","0","0","0","2","0","2","03","","","N","","","","","","","","","",""
"2023100705","0051","0","0","0","0","0","0","0","0","0","7","0","","02","10","2023","1","40.441688","-79.827366","0028","11","0","0","0","0","0","0","0","0","","0","0","0","","","0","N","0","","40 26:30.075","3","0","79 49:38.517","0","0","0","0","2124","0","0","0","Y","0","0","0","1","68B03","0","","4.0","131.0","1","N","N","N","0","","0","0","1","","0","N","","1","0","0","0","0","0","0","2","0","1","04","","","N","","","","","","","","","",""
"2023102177","0915","0","0","0","0","0","0","0","0","0","4","0","","02","11","2023","6","40.391299","-80.044397","0910","11","0","0","0","0","0","0","1","0","","0","0","0","","","0","","1","","40 23:28.676","6","0","80 02:39.829","0","0","0","0","2109","0","0","0","N","0","0","0","4","02109","0","","1.0","945.0","1","N","N","N","0","","0","0","1","","2","N","","2","0","0","0","0","0","0","2","1","2","04","","","N","","","","","","","","","",""
"2023083684","1345","1","0","0","0","0","0","0","0","0","5","0","","02","9","2023","5","40.429333","-79.92175","1345","11","0","0","0","0","0","0","0","0","","0","0","0","","","0","N","0","","40 25:45.600","","0","79 55:18.300","0","0","0","0","2301","0","0","0","N","0","0","0","1","02301","0","","6.0","","1","N","N","N","2","","0","0","0","","0","","","3","0","0","0","0","0","0","2","0","3","03","03","","N","","","","","","","","","",""
"2023096681","1827","2","0","0","0","0","0","0","0","0","6","0","","02","10","2023","7","40.47604","-80.068","1822","11","0","0","0","0","0","0","0","0","","0","0","0","","","0","N","0","","40 28:33.745","1","0","80 04:04.799","0","0","0","0","2122","0","0","0","N","0","0","0","2","02122","0","","1.0","1847.0","1","N","N","N","0","","0","0","0","","0","N","","2","0","0","0","0","0","0","2","0","2","03","03","","N","","","","","","","","","",""
"2023104311","0306","2","0","0","0","0","0","0","0","0","4","0","","02","11","2023","7","40.405713","-79.823514","0247","11","0","0","0","0","0","0","0","0","","0","0","0","","","0","","1","","40 24:20.566","3","0","79 49:24.649","0","0","0","0","2467","0","0","0","N","0","0","0","2","68B03","0","","1.0","45.0","1","N","N","N","0","","0","0","0","","2","N","","2","0","0","0","0","0","0","2","0","2","03","","","N","","","","","","","","","",""
"2023103400","1800","2","0","0","0","0","0","0","0","0","1","0","","02","11","2023","3","40.353841","-79.915089","1757","11","0","0","0","0","0","1","0","0","","0","0","0","","","0","","3","","40 21:13.826","4","0","79 54:54.319","0","0","0","0","2473","0","0","0","N","0","0","0","4","02473","0","","1.0","1833.0","1","N","N","N","0","","0","0","1","","2","N","","3","0","0","0","0","0","0","2","0","3","03","03","","N","","","","","","","","","",""
"2023106146","0831","1","0","0","0","0","0","0","0","0","7","0","","02","11","2023","2","40.505661","-80.281565","0803","11","0","0","0","0","0","0","0","0","","0","0","0","","","0","N","0","","40 30:20.379","","0","80 16:53.635","0","0","0","0","2203","0","0","0","Y","0","0","0","1","68B03","0","","2.0","","1","N","N","N","0","","0","0","0","","0","","","1","0","0","0","0","0","0","1","0","1","03","","","N","","","","","","","","","",""
"2023102372","0839","1","0","0","0","0","0","0","0","0","1","0","","02","11","2023","4","40.413146","-80.080109","0820","11","0","0","0","0","0","0","0","0","","0","0","0","","","0","N","0","","40 24:47.325","4","0","80 04:48.393","0","0","0","0","2415","0","0","0","N","0","0","0","3","68B03","0","","1.0","934.0","1","N","N","N","0","","0","0","2","","0","N","","3","0","0","0","0","0","0","2","0","3","03","","","N","","","","","","","","","",""
"2023083791","1936","1","0","0","0","0","0","0","0","0","1","0","","02","9","2023","5","40.448129","-80.026039","1924","11","0","0","0","0","0","0","0","0","","0","0","0","","","0","","6","","40 26:53.265","2","8","80 01:33.740","0","0","0","0","2301","0","0","0","N","0","0","0","2","02301","0","","1.0","2000.0","1","N","N","N","0","","0","0","1","","4","N","","2","0","0","0","0","0","0","2","0","2","03","03","","N","","","","","","","","","",""