"CRN","ARRIVAL_TM","AUTOMOBILE_COUNT","BELTED_DEATH_COUNT","BELTED_SUSP_SERIOUS_INJ_COUNT","BICYCLE_COUNT","BICYCLE_DEATH_COUNT","BICYCLE_SUSP_SERIOUS_INJ_COUNT","BUS_COUNT","CHLDPAS_DEATH_COUNT","CHLDPAS_SUSP_SERIOUS_INJ_COUNT","COLLISION_TYPE","COMM_VEH_COUNT","CONS_ZONE_SPD_LIM","COUNTY","CRASH_MONTH","CRASH_YEAR","DAY_OF_WEEK","DEC_LATITUDE","DEC_LONGITUDE","DISPATCH_TM","DISTRICT","DRIVER_COUNT_16YR","DRIVER_COUNT_17YR","DRIVER_COUNT_18YR","DRIVER_COUNT_19YR","DRIVER_COUNT_20YR","DRIVER_COUNT_50_64YR","DRIVER_COUNT_65_74YR","DRIVER_COUNT_75PLUS","EST_HRS_CLOSED","FATAL_COUNT","HEAVY_TRUCK_COUNT","HORSE_BUGGY_COUNT","HOUR_OF_DAY","ILLUMINATION","INJURY_COUNT","INTERSECTION_RELATED","INTERSECT_TYPE","LANE_CLOSED","LATITUDE","LN_CLOSE_DIR","LOCATION_TYPE","LONGITUDE","MAX_SEVERITY_LEVEL","MCYCLE_DEATH_COUNT","MCYCLE_SUSP_SERIOUS_INJ_COUNT","MOTORCYCLE_COUNT","MUNICIPALITY","NONMOTR_COUNT","NONMOTR_DEATH_COUNT","NONMOTR_SUSP_SERIOUS_INJ_COUNT","NTFY_HIWY_MAINT","PED_COUNT","PED_DEATH_COUNT","PED_SUSP_SERIOUS_INJ_COUNT","PERSON_COUNT","POLICE_AGCY","POSSIBLE_INJ_COUNT","RDWY_SURF_TYPE_CD","RELATION_TO_ROAD","ROADWAY_CLEARED","ROAD_CONDITION","SCH_BUS_IND","SCH_ZONE_IND","SECONDARY_CRASH","SMALL_TRUCK_COUNT","SPEC_JURIS_CD","SUSP_MINOR_INJ_COUNT","SUSP_SERIOUS_INJ_COUNT","SUV_COUNT","TCD_FUNC_CD","TCD_TYPE","TFC_DETOUR_IND","TIME_OF_DAY","TOTAL_UNITS","TOT_INJ_COUNT","UNBELTED_OCC_COUNT","UNB_DEATH_COUNT","UNB_SUSP_SERIOUS_INJ_COUNT","UNK_INJ_DEG_COUNT","UNK_INJ_PER_COUNT","URBAN_RURAL","VAN_COUNT","VEHICLE_COUNT","WEATHER1","WEATHER2","WORKERS_PRES","WORK_ZONE_IND","WORK_ZONE_LOC","WORK_ZONE_TYPE","WZ_CLOSE_DETOUR","WZ_FLAGGER","WZ_LAW_OFFCR_IND","WZ_LN_CLOSURE","WZ_MOVING","WZ_OTHER","WZ_SHLDER_MDN","WZ_WORKERS_INJ_KILLED"
"2023103304","1654","1","0","0","0","0","0","0","0","0","1","0","","02","10","2023","2","40.315165","-80.029413","1648","11","0","0","0","0","1","0","0","0","","0","0","0","","","0","","2","","40 18:54.595","","0","80 01:45.885","0","0","0","0","2407","0","0","0","N","0","0","0","2","02407","0","","1.0","","1","N","N","N","0","","0","0","1","","0","","","2","0","1","0","0","0","0","2","0","2","03","03","","N","","","","","","","","","",""
"2023083114","1225","1","0","0","0","0","0","0","0","0","8","0","","02","9","2023","3","40.438979","-79.995623","1220","11","0","0","0","0","0","0","0","0","","0","0","0","","","1","","1","","40 26:20.324","2","0","79 59:44.242","8","0","0","0","2301","1","0","0","N","1","0","0","2","02301","0","","1.0","1240.0","1","N","N","N","0","","0","0","0","","2","Y","","2","1","0","0","0","1","0","2","0","1","03","03","","N","","","","","","","","","",""
"2023086169","0730","1","0","0","0","0","0","0","0","0","4","0","","02","9","2023","5","40.356264","-80.118792","0727","11","0","0","0","0","0","0","0","0","","0","0","0","","","1","","3","","40 21:22.550","3","2","80 07:07.650","8","0","0","0","2119","0","0","0","N","0","0","0","2","02119","0","","1.0","817.0","1","N","N","N","0","","0","0","1","","4","N","","2","1","0","0","0","1","0","2","0","2","04","07","","N","","","","","","","","","",""
"2023090333","1834","1","0","0","0","0","0","0","0","0","1","0","","02","9","2023","4","40.414992","-80.009176","1825","11","0","0","0","0","0","2","0","0","","0","0","0","","","0","Y","0","","40 24:53.972","","4","80 00:33.035","0","0","0","0","2301","0","0","0","N","0","0","0","3","02301","0","","1.0","","1","N","N","N","0","","0","0","2","","0","N","","3","0","0","0","0","0","0","2","0","3","03","03","","N","","","","","","","","","",""
"2023082896","1521","3","0","0","0","0","0","0","0","0","1","0","","02","9","2023","4","40.443142","-80.057913","1521","11","0","0","0","0","0","0","0","0","","0","0","0","","","0","","1","","40 26:35.311","","0","80 03:28.486","0","0","0","0","2301","0","0","0","N","0","0","0","3","02301","0","","1.0","","1","N","N","N","0","","0","0","0","","3","","","3","0","0","0","0","0","0","2","0","3","03","03","","N","","","","","","","","","",""
"2023081533","0740","2","0","0","0","0","0","0","0","0","5","0","","02","9","2023","3","40.420755","-80.046385","0736","11","0","0","0","0","0","0","0","0","","0","0","0","","","0","","2","","40 25:14.717","1","2","80 02:46.986","0","0","0","0","2435","0","0","0","N","0","0","0","3","02435","0","","1.0","820.0","1","N","N","N","0","","0","0","0","","2","N","","2","0","2","0","0","0","0","2","0","2","03","","","N","","","","","","","","","",""
"2023086970","1330","0","0","0","0","0","0","0","0","0","7","0","","02","9","2023","6","40.498499","-80.256998","1324","11","0","0","0","0","0","1","0","0","","0","0","0","","","0","N","0","","40 29:54.596","4","2","80 15:25.193","0","0","0","0","2203","0","0","0","N","0","0","0","4","02501","0","","2.0","1424.0","1","N","N","N","0","","0","0","1","","0","Y","","1","0","0","0","0","0","0","2","0","1","03","","","N","","","","","","","","","",""
"2023104977","1727","0","0","0","0","0","0","0","0","0","2","0","","02","11","2023","1","40.359876","-79.871987","1723","11","0","0","0","0","0","0","0","0","","0","0","0","","","1","N","0","","40 21:35.554","6","7","79 52:19.154","2","0","1","1","2473","0","0","0","N","0","0","0","2","02473","0","","1.0","2030.0","1","N","N","N","1","","0","1","0","","0","Y","","2","1","0","0","0","0","0","2","0","2","03","03","","N","","","","","","","","","",""
"2023082223","0151","0","0","0","0","0","0","0","0","0","7","0","","02","9","2023","2","40.405731","-79.823626","0151","11","0","0","0","0","0","0","0","0","","0","0","0","","","0","","1","","40 24:20.631","","0","79 49:25.055","0","0","0","0","2467","0","0","0","N","0","0","0","2","02467","0","","2.0","","9","N","N","N","0","","0","0","1","","2","","","1","0","0","0","0","0","0","2","0","1","05","","","N","","","","","","","","","",""
"2023084076","1515","1","0","0","0","0","0","0","0","0","7","0","","02","9","2023","6","40.474234","-80.015035","1512","11","0","0","0","0","0","0","0","0","","0","0","0","","","0","N","0","","40 28:27.241","","0","80 00:54.125","0","0","0","0","2301","0","0","0","N","0","0","0","1","02301","0","","2.0","","1","N","N","N","0","","0","0","0","","0","","","1","0","0","0","0","0","0","2","0","1","03","03","","N","","","","","","","","","",""
"2023081736","0015","2","0","0","0","0","0","0","0","0","5","0","","02","9","2023","7","40.464022","-79.983229","0008","11","0","0","0","0","0","0","0","0","","0","0","0","","","0","N","0","","40 27:50.478","","0","79 58:59.623","0","0","0","0","2301","0","0","0","N","0","0","0","1","02301","0","","6.0","","1","N","N","N","0","","0","0","0","","0","","","3","0","1","0","0","0","0","2","1","3","03","03","","N","","","","","","","","","",""
"2023020723","0529","0","0","0","0","0","0","0","0","0","7","0","","02","2","2023","7","40.345118","-79.874098","0528","11","0","0","0","0","0","0","0","0","","0","0","0","","","0","N","0","","40 20:42.425","","0","79 52:26.751","0","0","0","0","2455","0","0","0","N","0","0","0","1","02455","0","","4.0","","1","N","N","N","0","","0","0","1","","0","","","1","0","1","0","0","0","0","2","0","1","03","03","","N","","","","","","","","","",""
"2023083706","1544","1","0","0","0","0","0","0","0","0","4","0","","02","9","2023","5","40.407643","-79.939918","1529","11","0","0","0","0","0","0","0","0","","0","0","0","","","0","","5","","40 24:27.513","","0","79 56:23.705","0","0","0","0","2301","0","0","0","N","0","0","0","2","02301","0","","1.0","","1","N","N","N","0","","0","0","1","","3","","","2","0","0","0","0","0","0","2","0","2","03","03","","N","","","","","","","","","",""
"2023081895","1805","0","0","0","0","0","0","0","0","0","1","0","","02","9","2023","7","40.478681","-80.031024","1801","11","0","0","0","0","0","0","0","0","","0","0","0","","","0","N","0","","40 28:43.253","","0","80 01:51.686","0","0","0","0","2301","0","0","0","N","0","0","0","1","02301","0","","1.0","","1","N","N","N","1","","0","0","1","","0","","","2","0","0","0","0","0","0","2","0","2","03","03","","N","","","","","","","","","",""
"2023086057","2010","1","0","0","0","0","0","0","0","0","7","0","","02","9","2023","4","40.440475","-79.973612","1959","11","0","0","0","0","0","0","0","0","","0","0","0","","","0","N","0","","40 26:25.711","3","0","79 58:25.003","9","0","0","0","2301","0","0","0","N","0","0","0","1","02301","0","","4.0","2050.0","1","N","N","N","0","","0","0","0","","0","N","","1","0","0","0","0","0","1","2","0","1","03","","","N","","","","","","","","","",""
"2023102790","1300","1","0","0","0","0","0","0","0","0","4","0","","02","11","2023","2","40.489439","-80.016914","1245","11","0","0","0","0","0","0","0","0","","0","0","0","","","0","","2","","40 29:21.979","","0","80 01:00.891","0","0","0","0","2301","0","0","0","N","0","0","0","1","02301","0","","5.0","","1","N","N","N","0","","0","0","1","","0","","","2","0","0","0","0","0","0","2","0","2","03","","","N","","","","","","","","","",""
"2023081845","1229","2","0","0","0","0","0","0","0","0","1","0","","02","9","2023","7","40.528056","-80.007139","1225","11","0","0","0","0","0","0","0","1","","0","0","0","","","1","Y","0","","40 31:41.000","3","7","80 00:25.700","3","0","0","0","2116","0","0","0","N","0","0","0","3","02116","0","","1.0","1330.0","1","N","Y","N","0","","1","0","0","","0","N","","2","1","0","0","0","0","0","2","0","2","03","","","N","","","","","","","","","",""
"2023105163","1823","0","0","0","0","0","0","0","0","0","7","0","","02","11","2023","6","40.301863","-80.071225","1818","11","0","0","0","0","0","0","0","0","","0","0","0","","","0","N","0","","40 18:06.705","","0","80 04:16.411","0","0","0","0","2407","0","0","0","N","0","0","0","1","02407","0","","5.0","","1","N","N","N","0","","0","0","1","","0","","","1","0","0","0","0","0","0","2","0","1","03","","","N","","","","","","","","","",""
"2023082091","2050","0","0","0","0","0","0","0","0","0","7","0","","02","9","2023","7","40.455389","-80.209806","2043","11","0","0","0","0","0","0","0","0","","0","0","0","","","1","N","0","","40 27:19.400","","0","80 12:35.300","3","0","0","0","2203","0","0","0","N","0","0","0","1","02203","0","","4.0","","1","N","N","Y","1","","1","0","2","","0","","","3","1","0","0","0","0","0","2","0","3","03","03","","N","","","","","","","","","",""
"2023101688","1410","0","0","0","0","0","0","0","0","0","5","1","","02","11","2023","5","40.340908","-79.964875","1406","11","0","0","0","0","0","0","0","0","","0","1","0","","","0","","6","","40 20:27.267","","2","79 57:53.551","0","0","0","0","2454","0","0","0","N","0","0","0","2","02454","0","","1.0","","1","N","N","N","0","","0","0","1","","2","","","2","0","0","0","0","0","0","2","0","2","03","03","","N","","","","","","","","","",""
"2023104730","1229","0","0","0","0","0","0","0","0","0","4","0","","02","11","2023","6","40.44858","-79.796174","1211","11","0","0","0","0","0","0","0","1","","0","0","0","","","0","N","2","","40 26:54.889","7","0","79 47:46.228","0","0","0","0","2446","0","0","0","N","0","0","0","2","02446","0","","1.0","1321.0","1","N","N","N","0","","0","0","2","","3","Y","","2","0","0","0","0","0","0","2","0","2","03","","","N","","","","","","","","","",""
"2023081756","2310","0","0","0","0","0","0","0","0","0","98","0","","02","9","2023","4","40.510942","-80.003653","2308","11","0","0","0","0","0","0","0","0","","0","0","0","","","0","N","0","","40 30:39.392","1","0","80 00:13.149","0","0","0","0","2116","0","0","0","N","0","0","0","1","02116","0","","1.0","2355.0","1","N","N","N","0","","0","0","1","","0","N","","1","0","0","0","0","0","0","2","0","1","03","03","","N","","","","","","","","","",""
"2023086216","0745","1","0","0","0","0","0","0","0","0","7","0","99","02","9","2023","3","40.244273","-79.871922","0745","11","0","0","0","0","0","1","0","0","","0","0","0","","","1","N","0","","40 14:39.384","","0","79 52:18.919","4","0","0","0","2105","0","0","0","N","0","0","0","1","02105","1","","2.0","","1","N","N","N","0","","0","0","0","","8","","","1","1","0","0","0","0","0","1","0","1","03","03","N","Y","8","2","","","Y","Y","","","","N"
"2023084198","1600","1","0","0","0","0","0","0","0","0","1","0","","02","9","2023","6","40.464449","-79.979109","1553","11","0","0","0","0","0","0","0","0","","0","0","0","","","0","Y","0","","40 27:52.017","","3","79 58:44.794","0","0","0","0","2301","0","0","0","N","0","0","0","2","02301","0","","1.0","","1","N","N","N","1","","0","0","0","","0","N","","2","0","0","0","0","0","0","2","0","2","03","03","","N","","","","","","","","","",""
"2023100210","1812","0","0","0","0","0","0","0","0","0","7","0","","02","10","2023","7","40.440374","-79.83292","1806","11","0","0","0","0","0","0","0","0","","0","0","0","","","1","N","0","","40 26:25.347","3","0","79 49:58.512","4","0","0","0","2419","0","0","0","Y","0","0","0","1","68B03","1","","4.0","1850.0","9","N","N","N","0","","0","0","1","","0","Y","","1","1","0","0","0","0","0","2","0","1","07","","","N","","","","","","","","","",""
"2023084073","1615","0","0","0","0","0","0","0","0","0","7","0","","02","9","2023","6","40.433612","-80.049576","1608","11","0","0","0","0","0","0","0","0","","0","0","0","","","1","","2","","40 26:01.003","","0","80 02:58.472","2","0","0","0","2301","0","0","0","N","0","0","0","1","02301","0","","4.0","","1","N","N","N","0","","0","1","1","","0","","","1","1","1","0","1","0","0","2","0","1","03","03","","N","","","","","","","","","",""
"2023083683","1455","0","0","0","0","0","0","0","0","0","1","0","","02","9","2023","4","40.477746","-80.102721","1453","11","0","0","0","0","0","1","0","1","","0","0","0","","","0","","2","","40 28:39.887","2","7","80 06:09.797","0","0","0","0","2126","0","0","0","N","0","0","0","3","02126","0","","1.0","1527.0","1","N","N","N","0","","0","0","1","","0","N","","2","0","0","0","0","0","0","2","1","2","03","03","","N","","","","","","","","","",""
"2023086218","1712","0","0","0","0","0","0","0","0","0","0","0","","02","9","2023","4","40.33726","-79.969705","1708","11","0","0","0","0","0","0","0","0","","0","0","0","","","1","N","0","","40 20:14.136","4","7","79 58:10.937","3","0","0","1","2454","0","0","0","N","0","0","0","1","02454","0","","1.0","1726.0","1","N","N","N","0","","1","0","0","","0","N","","2","1","0","0","0","0","0","2","0","1","03","","","N","","","","","","","","","",""
"2023104411","1608","0","0","0","0","0","0","0","0","0","4","0","","02","11","2023","2","40.386001","-79.87425","1606","11","1","0","0","0","0","0","0","0","","0","0","0","","","1","","1","","40 23:09.604","7","0","79 52:27.299","4","0","0","0","2473","0","0","0","N","0","0","0","4","02473","1","","1.0","1645.0","1","N","Y","N","0","","0","0","2","","0","Y","","2","1","0","0","0","0","0","2","0","2","03","03","","N","","","","","","","","","",""
"2023106363","1841","0","0","0","0","0","0","0","0","0","7","0","","02","11","2023","6","40.426199","-80.106042","1832","11","0","0","0","1","0","0","0","0","","0","0","0","","","0","N","0","","40 25:34.316","","0","80 06:21.751","0","0","0","0","2115","0","0","0","Y","0","0","0","1","68B03","0","","4.0","","9","N","N","N","1","","0","0","0","","0","","","1","0","0","0","0","0","0","2","0","1","07","","","N","","","","","","","","","",""
"2023087968","1940","0","0","0","0","0","0","0","0","0","7","0","","02","9","2023","7","40.431245","-80.068163","1939","11","0","0","0","0","0","1","0","0","","0","0","0","","","0","","2","","40 25:52.481","","3","80 04:05.385","0","0","0","0","2421","0","0","0","Y","0","0","0","1","02421","0","","4.0","","1","N","N","N","0","","0","0","1","","0","","","1","0","0","0","0","0","0","2","0","1","03","","","N","","","","","","","","","",""
"2023103825","1435","0","0","0","0","0","0","0","0","0","2","0","","02","11","2023","4","40.601133","-80.048921","1432","11","0","1","0","0","0","0","1","0","","0","0","0","","","0","N","0","","40 36:04.079","3","7","80 02:56.115","0","0","0","0","2108","0","0","0","N","0","0","0","3","02108","0","","1.0","1455.0","1","N","N","N","0","","0","0","2","","0","N","","2","0","1","0","0","0","0","2","0","2","03","03","","N","","","","","","","","","",""
"2023100732","0409","0","0","0","0","0","0","0","0","0","1","0","","02","10","2023","6","40.430608","-79.873354","0350","11","0","0","0","0","0","1","0","0","","0","0","0","","","1","N","0","","40 25:50.189","","0","79 52:24.074","4","0","0","0","2411","0","0","0","N","0","0","0","2","68B03","1","","1.0","","1","N","N","N","0","","0","0","2","","0","","","2","1","0","0","0","0","0","2","0","2","03","","","N","","","","","","","","","",""
"2023103945","0703","0","0","0","0","0","0","0","0","0","7","0","","02","11","2023","4","40.348954","-80.017363","0656","11","0","0","0","0","0","0","0","0","","0","0","0","","","0","N","0","","40 20:56.234","","0","80 01:02.505","0","0","0","0","2407","0","0","0","N","0","0","0","1","02407","0","","4.0","","1","N","N","N","0","","0","0","1","","0","","","1","0","0","0","0","0","0","2","0","1","03","","","N","","","","","","","","","",""
"2023081860","2253","1","0","0","0","0","0","0","0","0","7","0","","02","9","2023","6","40.45321","-79.966543","2249","11","0","0","0","0","0","0","0","0","","0","0","0","","","0","N","0","","40 27:11.555","6","0","79 57:59.554","9","0","0","0","2301","0","0","0","Y","0","0","0","1","02301","0","","2.0","2345.0","2","N","N","Y","0","","0","0","0","","0","Y","","1","0","0","0","0","0","1","2","0","1","03","03","","N","","","","","","","","","",""
"2023083544","1804","1","0","0","0","0","0","0","0","0","0","0","","02","9","2023","3","40.334994","-79.861015","1758","11","0","0","0","0","0","0","0","0","","0","0","0","","","0","N","0","","40 20:05.977","6","0","79 51:39.654","0","0","0","0","2455","0","0","0","N","0","0","0","1","02455","0","","1.0","9999.0","1","N","N","N","0","","0","0","0","","0","Y","","1","0","1","0","0","0","0","2","0","1","03","03","","N","","","","","","","","","",""
"2023099687","1841","1","0","0","0","0","0","0","0","0","3","0","","02","11","2023","7","40.349156","-80.049294","1840","11","0","0","0","0","0","2","0","0","","0","0","0","","","0","N","0","","40 20:56.962","","0","80 02:57.458","0","0","0","0","2407","0","0","0","N","0","0","0","2","02407","0","","1.0","","1","N","N","N","1","","0","0","0","","0","","","2","0","0","0","0","0","0","2","0","2","03","03","","N","","","","","","","","","",""
"2023099773","1339","0","0","0","0","0","0","0","0","0","1","0","","02","9","2023","1","40.425854","-79.911178","1318","11","0","0","0","0","0","0","0","0","","0","0","0","","","1","N","0","","40 25:33.073","","4","79 54:40.242","8","0","0","0","2301","0","0","0","N","0","0","0","2","68B03","0","","1.0","","1","N","N","N","2","","0","0","0","","0","","","2","1","0","0","0","1","0","2","0","2","03","","","N","","","","","","","","","",""
"2023094000","1417","1","0","0","0","0","0","0","0","0","4","0","","02","10","2023","6","40.428759","-79.987507","1413","11","0","0","0","0","0","0","0","0","","0","0","0","","","1","","1","","40 25:43.533","","0","79 59:15.026","8","0","0","0","2301","0","0","0","N","0","0","0","2","02301","0","","1.0","","9","N","N","N","0","","0","0","1","","3","","","2","1","0","0","0","1","0","2","0","2","07","","","N","","","","","","","","","",""
"2023113747","2142","2","0","0","0","0","0","0","0","0","4","0","","02","12","2023","4","40.524692","-79.962089","2140","11","0","1","0","0","0","0","0","0","","0","0","0","","","0","N","1","","40 31:28.891","","0","79 57:43.522","0","0","0","0","2118","0","0","0","N","0","0","0","3","02118","0","","1.0","","1","N","N","N","0","","0","0","0","","0","","","2","0","0","0","0","0","0","2","0","2","03","","","N","","","","","","","","","",""
"2023095188","1022","0","0","0","0","0","0","0","0","0","7","0","","02","10","2023","2","40.387111","-79.823833","1022","11","0","0","0","0","0","1","0","0","","0","0","0","","","1","N","0","","40 23:13.600","","7","79 49:25.800","3","0","0","0","2111","0","0","0","N","0","0","0","1","02111","0","","4.0","","1","N","N","N","0","","1","0","1","","0","","","1","1","0","0","0","0","0","2","0","1","03","03","","N","","","","","","","","","",""
"2023086836","1340","1","0","0","0","0","0","0","0","0","7","0","","02","9","2023","6","40.347363","-80.056007","1339","11","0","0","0","0","0","0","0","1","","0","0","0","","","1","N","0","","40 20:50.508","6","0","80 03:21.625","3","0","0","0","2123","0","0","0","N","0","0","0","1","02123","0","","4.0","1452.0","1","N","N","N","0","","1","0","0","","0","Y","","1","1","0","0","0","0","0","2","0","1","03","","","N","","","","","","","","","",""
"2023081869","1601","0","0","0","0","0","0","0","0","0","7","0","","02","9","2023","3","40.668618","-80.10442","1554","11","0","0","0","0","0","0","0","0","","0","0","0","","","0","N","0","","40 40:07.024","","0","80 06:15.913","0","0","0","0","2212","0","0","0","N","0","0","0","1","02505","0","","2.0","","9","N","N","N","0","","0","0","1","","0","","","1","0","0","0","0","0","0","2","0","1","07","07","","N","","","","","","","","","",""
"2023085299","0828","2","0","0","0","0","0","0","0","0","1","0","","02","9","2023","5","40.441432","-79.858204","0818","11","0","0","0","0","0","0","0","0","","0","0","0","","","0","N","0","","40 26:29.155","1","0","79 51:29.536","0","0","0","0","2419","0","0","0","N","0","0","0","4","68B03","0","","1.0","912.0","1","N","N","N","2","","0","0","0","","0","N","","4","0","0","0","0","0","0","2","0","4","03","","","N","","","","","","","","","",""
"2023104424","1449","0","0","0","0","0","0","0","0","0","7","0","","02","11","2023","6","40.510818","-79.771756","1437","11","0","1","0","0","0","0","0","0","","0","0","0","","","0","N","0","","40 30:38.945","","0","79 46:18.322","0","0","0","0","2466","0","0","0","N","0","0","0","2","02466","0","","4.0","","9","N","N","N","1","","0","0","0","","0","","","1","0","0","0","0","0","0","2","0","1","07","07","","N","","","","","","","","","",""
"2023086443","0141","0","0","0","0","0","0","0","0","0","98","0","","02","9","2023","6","40.487168","-80.008956","0133","11","0","0","0","0","0","0","0","0","","0","0","0","","","1","N","0","","40 29:13.803","","0","80 00:32.241","3","0","0","0","2301","0","0","0","N","0","0","0","1","02301","0","","1.0","","9","N","N","N","1","","1","0","0","","0","","","1","1","0","0","0","0","0","2","0","1","03","03","","N","","","","","","","","","",""
"2023111576","0042","0","0","0","0","0","0","0","0","0","7","2","55","02","9","2023","5","40.54169","-80.122003","0027","11","0","0","0","0","0","1","0","0","","2","2","0","","","2","N","0","","40 32:30.083","5","0","80 07:19.212","1","0","0","0","2460","0","0","0","Y","0","0","0","5","68B03","0","2","4.0","1250.0","1","N","N","N","1","0","0","1","0","","0","Y","","3","2","0","0","0","1","0","1","0","3","03","","Y","Y","8","1","N","N","N","N","Y","N","Y","Y"
"2023083927","1633","1","0","0","0","0","0","0","0","0","4","0","","02","9","2023","2","40.594493","-79.947757","1631","11","0","0","1","0","1","0","0","0","","0","0","0","","","0","","3","","40 35:40.176","6","7","79 56:51.924","0","0","0","0","2207","0","0","0","N","0","0","0","2","02207","0","","1.0","1703.0","1","N","N","N","0","","0","0","1","","3","N","","2","0","0","0","0","0","0","2","0","2","04","03","","N","","","","","","","","","",""
"2023085708","2120","1","0","0","0","0","0","0","0","0","4","0","","02","9","2023","3","40.44767","-79.896689","2116","11","0","0","0","0","0","0","1","0","","0","0","0","","","0","N","0","","40 26:51.613","4","7","79 53:48.081","0","0","0","0","2301","0","0","0","N","0","0","0","2","02301","0","","1.0","2230.0","1","N","N","N","0","","0","0","1","","0","N","","2","0","0","0","0","0","0","2","0","2","03","03","","N","","","","","","","","","",""
"2023083545","0535","0","0","0","0","0","0","0","0","0","4","0","","02","9","2023","5","40.429193","-79.999266","0531","11","0","0","0","0","0","1","0","0","","0","0","0","","","0","","1","","40 25:45.094","2","4","79 59:57.356","0","0","0","0","2301","0","0","0","N","0","0","0","2","02301","0","","1.0","559.0","1","N","N","N","1","","0","0","1","","2","N","","2","0","0","0","0","0","0","2","0","2","03","03","","N","","","","","","","","","",""
"2023092432","1231","1","0","0","0","0","0","0","0","0","8","0","","02","10","2023","3","40.460448","-79.87316","1230","11","0","0","0","0","0","0","0","0","","0","0","0","","","1","","2","","40 27:37.613","","0","79 52:23.376","3","0","0","0","2301","1","0","0","N","1","0","0","2","02301","0","","1.0","","1","N","N","N","0","","1","0","0","","0","","","2","1","0","0","0","0","0","2","0","1","03","03","","N","","","","","","","","","",""
"2023083536","1713","0","0","0","0","0","0","0","0","0","7","0","","02","9","2023","3","40.340833","-79.991056","1710","11","0","0","0","0","0","0","0","1","","0","0","0","","","1","N","0","","40 20:27.000","7","0","79 59:27.800","3","0","0","0","2403","0","0","0","N","0","0","0","1","02403","0","","4.0","1757.0","1","N","N","N","0","","1","0","1","","0","Y","","1","1","0","0","0","0","0","2","0","1","03","03","","N","","","","","","","","","",""
"2023084842","1519","2","0","0","0","0","0","0","0","0","1","0","","02","9","2023","6","40.274591","-79.893637","1518","11","0","0","0","1","0","0","0","0","","0","0","0","","","0","","3","","40 16:28.527","","2","79 53:37.092","0","0","0","0","2471","0","0","0","N","0","0","0","2","02428","0","","1.0","","1","N","N","N","0","","0","0","0","","3","N","","2","0","0","0","0","0","0","2","0","2","03","03","","N","","","","","","","","","",""
"2023088356","0252","1","0","0","0","0","0","0","0","0","7","0","","02","9","2023","7","40.227471","-79.854758","0242","11","0","0","0","0","0","0","0","0","","0","0","0","","","1","N","0","","40 13:38.894","2","0","79 51:17.130","8","0","0","0","2204","0","0","0","Y","0","0","0","1","02105","0","","3.0","402.0","1","N","N","N","0","","0","0","0","","0","N","","1","1","0","0","0","1","0","2","0","1","05","","","N","","","","","","","","","",""
"2023084522","1546","1","0","0","0","0","0","0","0","0","4","0","","02","9","2023","6","40.346714","-79.855876","1544","11","0","0","0","0","0","1","0","0","","0","0","0","","","0","","1","","40 20:48.170","3","0","79 51:21.153","0","0","0","0","2304","0","0","0","N","0","0","0","4","02304","0","","1.0","1626.0","1","N","N","N","0","","0","0","1","","3","N","","2","0","0","0","0","0","0","2","0","2","03","03","","N","","","","","","","","","",""
"2023087784","1649","0","0","0","0","0","0","0","0","0","1","0","","02","9","2023","6","40.438913","-79.757903","1648","11","0","0","0","0","0","0","0","0","","0","0","0","","","0","","6","","40 26:20.087","","2","79 45:28.449","0","0","0","0","2446","0","0","0","N","0","0","0","6","02446","0","","1.0","","1","N","N","N","0","","0","0","2","","4","","","2","0","0","0","0","0","0","2","0","2","03","","","N","","","","","","","","","",""
"2023091426","1301","1","0","0","0","0","0","0","0","0","1","0","","02","9","2023","5","40.671858","-80.094858","1232","11","0","0","0","0","0","0","0","0","","0","0","0","","","0","N","0","","40 40:18.689","","2","80 05:41.487","0","0","0","0","2212","0","0","0","N","0","0","0","2","68B03","0","","1.0","","1","N","N","N","0","","0","0","0","","0","","","2","0","0","0","0","0","0","2","1","2","03","","","N","","","","","","","","","",""
"2023086855","1607","0","0","0","0","0","0","0","0","0","4","0","","02","9","2023","7","40.33937","-79.968035","1603","11","0","0","0","0","0","1","0","0","","0","0","0","","","0","","2","","40 20:21.732","","0","79 58:04.926","0","0","0","0","2454","0","0","0","N","0","0","0","2","02454","0","","1.0","","1","N","N","N","1","","0","0","0","","0","","","2","0","0","0","0","0","0","2","1","2","03","","","N","","","","","","","","","",""
"2023092416","1156","1","0","0","0","0","0","0","0","0","1","0","","02","10","2023","3","40.55861","-80.039695","1151","11","0","0","0","0","0","0","0","0","","0","0","0","","","1","N","0","","40 33:30.995","2","7","80 02:22.902","8","0","0","0","2108","0","0","0","N","0","0","0","3","02108","0","","1.0","1225.0","1","N","N","N","0","","0","0","1","","0","N","","2","1","0","0","0","1","0","2","0","2","04","","","N","","","","","","","","","",""
"2023084145","1848","2","0","0","0","0","0","0","0","0","1","0","","02","9","2023","6","40.437216","-79.994515","1824","11","0","0","0","0","0","0","0","0","","0","0","0","","","2","N","0","","40 26:13.976","1","8","79 59:40.255","3","0","0","0","2301","0","0","0","N","0","0","0","7","02301","0","","1.0","1920.0","1","N","N","N","0","","2","0","2","","0","N","","4","2","0","0","0","0","0","2","0","4","03","03","","N","","","","","","","","","",""