"CRN","ARRIVAL_TM","AUTOMOBILE_COUNT","BELTED_DEATH_COUNT","BELTED_SUSP_SERIOUS_INJ_COUNT","BICYCLE_COUNT","BICYCLE_DEATH_COUNT","BICYCLE_SUSP_SERIOUS_INJ_COUNT","BUS_COUNT","CHLDPAS_DEATH_COUNT","CHLDPAS_SUSP_SERIOUS_INJ_COUNT","COLLISION_TYPE","COMM_VEH_COUNT","CONS_ZONE_SPD_LIM","COUNTY","CRASH_MONTH","CRASH_YEAR","DAY_OF_WEEK","DEC_LATITUDE","DEC_LONGITUDE","DISPATCH_TM","DISTRICT","DRIVER_COUNT_16YR","DRIVER_COUNT_17YR","DRIVER_COUNT_18YR","DRIVER_COUNT_19YR","DRIVER_COUNT_20YR","DRIVER_COUNT_50_64YR","DRIVER_COUNT_65_74YR","DRIVER_COUNT_75PLUS","EST_HRS_CLOSED","FATAL_COUNT","HEAVY_TRUCK_COUNT","HORSE_BUGGY_COUNT","HOUR_OF_DAY","ILLUMINATION","INJURY_COUNT","INTERSECTION_RELATED","INTERSECT_TYPE","LANE_CLOSED","LATITUDE","LN_CLOSE_DIR","LOCATION_TYPE","LONGITUDE","MAX_SEVERITY_LEVEL","MCYCLE_DEATH_COUNT","MCYCLE_SUSP_SERIOUS_INJ_COUNT","MOTORCYCLE_COUNT","MUNICIPALITY","NONMOTR_COUNT","NONMOTR_DEATH_COUNT","NONMOTR_SUSP_SERIOUS_INJ_COUNT","NTFY_HIWY_MAINT","PED_COUNT","PED_DEATH_COUNT","PED_SUSP_SERIOUS_INJ_COUNT","PERSON_COUNT","POLICE_AGCY","POSSIBLE_INJ_COUNT","RDWY_SURF_TYPE_CD","RELATION_TO_ROAD","ROADWAY_CLEARED","ROAD_CONDITION","SCH_BUS_IND","SCH_ZONE_IND","SECONDARY_CRASH","SMALL_TRUCK_COUNT","SPEC_JURIS_CD","SUSP_MINOR_INJ_COUNT","SUSP_SERIOUS_INJ_COUNT","SUV_COUNT","TCD_FUNC_CD","TCD_TYPE","TFC_DETOUR_IND","TIME_OF_DAY","TOTAL_UNITS","TOT_INJ_COUNT","UNBELTED_OCC_COUNT","UNB_DEATH_COUNT","UNB_SUSP_SERIOUS_INJ_COUNT","UNK_INJ_DEG_COUNT","UNK_INJ_PER_COUNT","URBAN_RURAL","VAN_COUNT","VEHICLE_COUNT","WEATHER1","WEATHER2","WORKERS_PRES","WORK_ZONE_IND","WORK_ZONE_LOC","WORK_ZONE_TYPE","WZ_CLOSE_DETOUR","WZ_FLAGGER","WZ_LAW_OFFCR_IND","WZ_LN_CLOSURE","WZ_MOVING","WZ_OTHER","WZ_SHLDER_MDN","WZ_WORKERS_INJ_KILLED"
"2023091415","0900","2","0","0","0","0","0","0","0","0","1","0","","02","10","2023","3","40.426474","-79.725089","0859","11","0","0","0","0","0","0","2","0","","0","0","0","","","3","","2","","40 25:35.307","4","0","79 43:30.322","8","0","0","0","2446","0","0","0","N","0","0","0","4","02446","0","","1.0","940.0","1","N","N","N","0","","0","0","1","","0","Y","","3","3","0","0","0","3","0","2","0","3","03","03","","N","","","","","","","","","",""
"2023106039","1206","1","0","0","0","0","0","0","0","0","4","0","","02","11","2023","7","40.35572","-79.834422","1204","11","0","0","0","0","0","0","0","0","","0","0","0","","","0","N","0","","40 21:20.591","6","7","79 50:03.920","0","0","0","0","2304","0","0","0","N","0","0","0","3","02304","0","","1.0","1223.0","1","N","N","N","0","","0","0","1","","0","N","","2","0","0","0","0","0","0","2","0","2","03","","","N","","","","","","","","","",""
"2023116560","0004","1","0","0","0","0","0","0","0","0","7","0","","02","12","2023","6","40.546086","-80.194385","0000","11","0","0","0","0","0","0","0","0","","0","0","0","","","0","N","0","","40 32:45.910","2","0","80 11:39.786","0","0","0","0","2427","0","0","0","N","0","0","0","2","02427","0","","2.0","35.0","1","N","N","N","0","","0","0","0","","0","Y","","1","0","0","0","0","0","0","2","0","1","03","03","","N","","","","","","","","","",""
"2023088280","1912","1","0","0","0","0","0","0","0","0","0","0","","02","10","2023","4","40.466216","-79.826144","1907","11","0","0","0","0","0","0","0","0","","0","0","0","","","0","","2","","40 27:58.376","3","0","79 49:34.119","0","0","0","0","2113","0","0","0","N","0","0","0","4","02113","0","","1.0","1934.0","1","N","N","N","0","","0","0","0","","2","Y","","1","0","0","0","0","0","0","2","0","1","03","03","","N","","","","","","","","","",""
"2023088118","2226","1","0","0","0","0","0","0","0","0","98","0","","02","10","2023","3","40.579742","-80.028129","2226","11","0","0","0","0","0","0","0","0","","0","0","0","","","0","N","0","","40 34:47.071","2","0","80 01:41.265","0","0","0","0","2108","0","0","0","N","0","0","0","1","02108","0","","1.0","2304.0","1","N","N","N","0","","0","0","0","","0","N","","1","0","0","0","0","0","0","2","0","1","03","","","N","","","","","","","","","",""
"2023118298","0337","1","0","0","0","0","0","0","0","0","7","0","","02","11","2023","4","40.42757","-79.953566","0323","11","0","0","0","0","0","0","0","0","","0","0","0","","","0","N","0","","40 25:39.252","","0","79 57:12.837","0","0","0","0","2301","0","0","0","N","0","0","0","1","68B03","0","","3.0","","9","N","N","N","0","","0","0","0","","0","","","1","0","0","0","0","0","0","2","0","1","07","","","N","","","","","","","","","",""
"2023108396","0923","1","0","0","0","0","0","0","0","0","4","0","","02","11","2023","4","40.320746","-80.086975","0921","11","0","0","1","0","0","0","0","0","","0","0","0","","","1","","2","","40 19:14.684","2","0","80 05:13.109","3","0","0","0","2123","0","0","0","N","0","0","0","2","02123","0","","1.0","940.0","1","N","N","N","0","","1","0","1","","3","Y","","2","1","0","0","0","0","0","2","0","2","03","","","N","","","","","","","","","",""
"2023106046","2022","0","0","0","0","0","0","0","0","0","5","1","","02","11","2023","7","40.450669","-80.023572","2015","11","0","0","0","0","0","0","0","0","","0","1","0","","","0","","1","","40 27:02.407","","0","80 01:24.859","0","0","0","0","2301","0","0","0","N","0","0","0","2","02301","0","","1.0","","1","N","N","N","0","","0","0","1","","0","","","2","0","0","0","0","0","0","2","0","2","03","03","","N","","","","","","","","","",""
"2023091772","0938","1","0","0","0","0","0","0","0","0","7","0","","02","10","2023","1","40.352882","-80.14045","0935","11","0","0","0","0","0","0","0","0","","0","0","0","","","0","","2","","40 21:10.374","","0","80 08:25.619","0","0","0","0","2119","0","0","0","N","0","0","0","1","02119","0","","5.0","","1","N","N","N","0","","0","0","0","","0","N","","1","0","0","0","0","0","0","2","0","1","04","","","N","","","","","","","","","",""
"2023108910","1929","1","0","0","0","0","0","0","0","0","1","0","","02","11","2023","5","40.497244","-79.93508","1911","11","0","0","0","0","0","0","0","0","","0","0","0","","","0","N","0","","40 29:50.077","2","0","79 56:06.287","0","0","0","0","2112","0","0","0","N","0","0","0","3","68D02","0","","1.0","2000.0","1","N","N","N","0","","0","0","1","","0","N","","2","0","0","0","0","0","0","2","0","2","03","","","N","","","","","","","","","",""
"2023090908","2016","2","0","0","0","0","0","0","0","0","6","0","","02","10","2023","3","40.50287","-80.202423","2013","11","0","0","0","0","0","0","1","0","","0","0","0","","","1","N","0","","40 30:10.332","5","0","80 12:08.722","3","0","0","0","2213","0","0","0","N","0","0","0","2","02213","0","","1.0","2106.0","1","N","N","N","0","","1","0","0","","0","Y","","2","1","1","0","0","0","0","2","0","2","03","","","N","","","","","","","","","",""
"2023116995","1923","1","0","0","0","0","0","0","0","0","4","0","","02","12","2023","7","40.430393","-79.791902","1919","11","0","1","0","0","0","0","1","0","","0","0","0","","","0","","2","","40 25:49.414","","0","79 47:30.847","0","0","0","0","2446","0","0","0","N","0","0","0","2","02446","0","","1.0","","1","N","N","N","0","","0","0","1","","2","","","2","0","0","0","0","0","0","2","0","2","03","03","","N","","","","","","","","","",""
"2023106705","1706","1","0","0","0","0","0","0","0","0","4","0","","02","11","2023","6","40.514434","-80.004928","1706","11","0","1","0","0","0","1","0","0","","0","0","0","","","2","","2","","40 30:51.963","1","0","80 00:17.740","3","0","0","0","2116","0","0","0","N","0","0","0","2","02116","1","","1.0","1745.0","9","N","N","N","0","","1","0","1","","0","Y","","2","2","0","0","0","0","0","2","0","2","07","03","","N","","","","","","","","","",""
"2023106058","2359","1","0","0","0","0","0","0","0","0","7","0","","02","11","2023","3","40.281785","-79.950329","2353","11","0","1","0","0","0","0","0","0","","0","0","0","","","1","N","0","","40 16:54.427","4","0","79 57:01.183","3","0","0","0","2440","0","0","0","N","0","0","0","1","02440","0","","5.0","111.0","9","N","N","N","0","","1","0","0","","0","N","","1","1","0","0","0","0","0","2","0","1","07","","","N","","","","","","","","","",""
"2023117574","1920","1","0","0","0","0","0","0","0","0","5","0","","02","12","2023","1","40.399884","-80.106041","1859","11","0","0","1","0","0","0","0","0","","0","0","0","","","0","N","0","","40 23:59.584","2","0","80 06:21.747","0","0","0","0","2102","0","0","0","N","0","0","0","2","68B03","0","","1.0","1946.0","1","N","N","N","0","","0","0","1","","0","N","","2","0","0","0","0","0","0","2","0","2","03","03","","N","","","","","","","","","",""
"2023087557","0455","0","0","0","0","0","0","0","0","0","7","0","","02","10","2023","2","40.464611","-79.979416","0438","11","0","0","0","0","0","0","0","0","","0","0","0","","","2","","2","","40 27:52.598","7","3","79 58:45.899","2","0","1","1","2301","0","0","0","N","0","0","0","2","02301","1","","2.0","600.0","1","N","N","N","0","","0","1","0","","2","Y","","1","2","0","0","0","0","0","2","0","1","03","03","","N","","","","","","","","","",""
"2023087657","0748","1","0","0","0","0","0","0","0","0","5","0","","02","10","2023","3","40.429053","-79.934052","0738","11","0","0","0","0","0","0","0","0","","0","0","0","","","1","N","0","","40 25:44.592","","2","79 56:02.588","4","0","0","0","2301","0","0","0","N","0","0","0","2","02301","1","","1.0","","1","N","N","N","0","","0","0","1","","0","","","2","1","0","0","0","0","0","2","0","2","03","","","N","","","","","","","","","",""
"2023097639","1239","1","0","0","0","0","0","0","0","0","7","0","","02","10","2023","3","40.592369","-79.888529","1235","11","0","0","0","0","0","0","0","0","","0","0","0","","","1","N","0","","40 35:32.529","","0","79 53:18.705","3","0","0","0","2209","0","0","0","N","0","0","0","1","02209","0","","4.0","","1","N","N","N","0","","1","0","0","","0","","","1","1","1","0","0","0","0","1","0","1","03","03","","N","","","","","","","","","",""
"2023108315","0849","1","0","0","0","0","0","0","0","0","1","0","","02","11","2023","4","40.622811","-80.000329","0838","11","0","0","0","0","0","0","1","0","","0","0","0","","","0","","2","","40 37:22.120","2","0","80 00:01.184","9","0","0","0","2216","0","0","0","N","0","0","0","2","02505","0","","1.0","920.0","1","N","N","N","0","","0","0","1","","0","N","","2","0","0","0","0","0","1","2","0","2","03","03","","N","","","","","","","","","",""
"2023107896","0713","0","0","0","0","0","0","0","0","0","4","1","","02","11","2023","3","40.581326","-79.951596","0704","11","0","0","0","0","0","0","0","0","","0","1","0","","","0","N","0","","40 34:52.772","5","0","79 57:05.745","0","0","0","0","2207","0","0","0","N","0","0","0","2","02207","0","","1.0","819.0","2","N","N","N","0","","0","0","1","","0","Y","","2","0","0","0","0","0","0","2","0","2","","","","N","","","","","","","","","",""
"2023105628","0225","1","0","0","0","0","0","0","0","0","0","0","","02","11","2023","3","40.344827","-79.836472","0225","11","0","0","0","0","0","0","0","0","","0","0","0","","","0","N","2","","40 20:41.377","","0","79 50:11.299","0","0","0","0","2304","0","0","0","N","0","0","0","2","02304","0","","5.0","","1","N","N","N","0","","0","0","0","","3","","","1","0","0","0","0","0","0","2","0","1","03","03","","N","","","","","","","","","",""
"2023023892","2046","0","0","0","0","0","0","0","0","0","8","0","","02","3","2023","6","40.541337","-79.778487","2044","11","0","0","0","0","0","0","0","0","","0","0","0","","","1","N","0","","40 32:28.812","6","0","79 46:42.554","2","0","0","0","2462","1","0","1","N","1","0","1","2","02462","0","","4.0","2044.0","1","N","N","N","0","","0","1","1","","0","Y","","2","1","1","0","0","0","0","2","0","1","03","03","","N","","","","","","","","","",""
"2023106515","2050","0","0","0","0","0","0","0","0","0","7","0","","02","5","2023","3","40.450476","-80.111114","2025","11","0","0","0","0","0","0","0","0","","0","0","0","","","1","N","0","","40 27:01.713","2","0","80 06:40.009","4","0","0","0","2115","0","0","0","N","0","0","0","1","68B03","1","","2.0","2134.0","1","N","N","N","0","","0","0","1","","0","N","","1","1","0","0","0","0","0","2","0","1","03","03","","N","","","","","","","","","",""
"2023104414","2030","0","0","0","0","0","0","0","0","0","7","0","","02","10","2023","6","40.633335","-79.952079","2030","11","0","1","0","0","0","0","0","0","","0","0","0","","","0","N","3","","40 38:00.006","7","0","79 57:07.486","0","0","0","0","2217","0","0","0","Y","0","0","0","1","02505","0","","4.0","2054.0","9","N","N","N","0","","0","0","1","","0","Y","","1","0","0","0","0","0","0","2","0","1","07","","","N","","","","","","","","","",""
"2023107053","1556","1","0","0","0","0","0","0","0","0","1","0","","02","11","2023","7","40.450518","-80.174908","1553","11","0","0","0","0","0","1","0","0","","0","0","0","","","0","N","3","","40 27:01.866","","2","80 10:29.669","0","0","0","0","2214","0","0","0","N","0","0","0","2","02214","0","","1.0","","1","N","N","N","0","","0","0","1","","4","","","2","0","0","0","0","0","0","2","0","2","03","","","N","","","","","","","","","",""
"2023088128","1554","0","0","0","0","0","0","0","0","0","5","0","","02","10","2023","4","40.614313","-80.098904","1450","11","1","0","0","0","0","1","0","0","","0","0","0","","","0","N","0","","40 36:51.528","","0","80 05:56.054","0","0","0","0","2481","0","0","0","N","0","0","0","2","02481","0","","1.0","","1","N","N","N","0","","0","0","2","","0","N","","2","0","0","0","0","0","0","1","0","2","03","03","","N","","","","","","","","","",""
"2023108629","2300","1","0","0","0","0","0","0","0","0","4","0","","02","11","2023","4","40.413879","-79.845878","2256","11","0","0","0","1","0","1","0","0","","0","0","0","","","3","N","2","","40 24:49.965","6","0","79 50:45.162","8","0","0","0","2431","0","0","0","Y","0","0","0","3","02431","0","","1.0","2353.0","1","N","N","N","1","","0","0","0","","0","N","","2","3","0","0","0","3","0","2","0","2","03","","","N","","","","","","","","","",""
"2023097224","1729","1","0","0","0","0","0","0","0","0","1","0","","02","10","2023","2","40.448147","-80.181315","1727","11","0","0","0","0","1","1","0","0","","0","0","0","","","1","","2","","40 26:53.329","1","0","80 10:52.734","3","0","0","0","2214","0","0","0","N","0","0","0","4","02214","0","","1.0","1827.0","9","N","N","N","2","","1","0","1","","2","N","","4","1","0","0","0","0","0","2","0","4","07","04","","N","","","","","","","","","",""
"2023107536","2029","0","0","0","0","0","0","0","0","0","2","0","","02","11","2023","5","40.460232","-79.842633","2027","11","0","0","0","0","0","2","0","0","","0","0","0","","","0","","1","","40 27:36.835","","0","79 50:33.477","0","0","0","1","2113","0","0","0","N","0","0","0","2","02113","0","","1.0","","9","N","N","N","0","","0","0","0","","2","","","2","0","0","0","0","0","0","2","1","2","07","98","","N","","","","","","","","","",""
"2023106763","0746","1","0","0","0","0","0","0","0","0","7","0","","02","11","2023","6","40.566802","-80.066128","0733","11","0","0","0","0","0","0","0","0","","0","0","0","","","0","N","0","","40 34:00.486","1","0","80 03:58.060","0","0","0","0","2108","0","0","0","Y","0","0","0","2","02108","0","","5.0","818.0","1","N","N","N","0","","0","0","0","","0","N","","1","0","0","0","0","0","0","2","0","1","03","03","","N","","","","","","","","","",""
"2023060101","0151","2","0","0","0","0","0","0","0","0","5","0","","02","7","2023","4","40.541103","-79.784694","0151","11","0","0","0","0","0","0","0","0","","0","0","0","","","1","N","0","","40 32:27.970","","0","79 47:04.898","8","0","0","0","2462","0","0","0","N","0","0","0","1","02462","0","","6.0","","1","N","N","N","0","","0","0","0","","0","","","2","1","0","0","0","1","0","2","0","2","03","03","","N","","","","","","","","","",""
"2023105233","1817","1","0","0","0","0","0","0","0","0","4","0","","02","11","2023","5","40.382954","-79.857442","1814","11","0","0","0","0","0","0","0","0","","0","0","0","","","1","","1","","40 22:58.634","2","0","79 51:26.790","8","0","0","0","2303","0","0","0","N","0","0","0","2","02303","0","","1.0","1916.0","1","N","N","N","0","","0","0","1","","2","Y","","2","1","1","0","0","1","0","2","0","2","03","03","","N","","","","","","","","","",""
"2023087346","1641","0","0","0","0","0","0","0","0","0","7","0","","02","10","2023","2","40.348543","-79.830589","1639","11","0","0","0","0","0","1","0","0","","0","0","0","","","1","","3","","40 20:54.753","1","0","79 49:50.122","8","0","0","0","2477","0","0","0","N","0","0","0","3","02477","0","","4.0","1716.0","1","N","N","N","0","","0","0","1","","0","N","","1","1","0","0","0","1","0","2","0","1","03","","","N","","","","","","","","","",""
"2023117397","0820","0","0","0","0","0","0","0","0","0","1","3","","02","12","2023","3","40.483676","-80.008036","0810","11","0","0","0","0","0","0","0","0","","0","2","0","","","3","N","0","","40 29:01.235","2","0","80 00:28.929","4","0","0","0","2301","0","0","0","N","0","0","0","5","68B03","1","","1.0","925.0","9","N","N","N","0","","0","0","1","","0","N","","4","3","0","0","0","2","0","2","1","4","03","","","N","","","","","","","","","",""
"2023105375","1620","1","0","0","0","0","0","0","0","0","4","1","","02","11","2023","2","40.546946","-80.036463","1617","11","0","0","0","0","0","0","0","0","","0","1","0","","","1","N","0","","40 32:49.004","2","7","80 02:11.266","3","0","0","0","2116","0","0","0","N","0","0","0","2","02116","0","","1.0","1630.0","1","N","N","N","0","","1","0","0","","0","N","","2","1","0","0","0","0","0","2","0","2","03","","","N","","","","","","","","","",""
"2023107199","1351","0","0","0","0","0","0","0","0","0","7","0","","02","11","2023","3","40.373557","-79.844651","1351","11","0","0","0","0","0","0","1","0","","0","0","0","","","0","N","1","","40 22:24.804","6","0","79 50:40.744","0","0","0","0","2303","0","0","0","N","0","0","0","2","02303","0","","1.0","1420.0","9","N","N","N","0","","0","0","2","","2","Y","","2","0","0","0","0","0","0","2","0","2","07","04","","N","","","","","","","","","",""
"2023087033","1430","1","0","0","0","0","0","0","0","0","4","0","","02","10","2023","1","40.448628","-80.002278","1420","11","0","0","0","0","0","0","0","0","","0","0","0","","","2","","1","","40 26:55.061","3","0","80 00:08.202","3","0","0","0","2301","0","0","0","N","0","0","0","4","02301","0","","1.0","1650.0","1","N","N","N","0","","2","0","1","","2","N","","2","2","0","0","0","0","0","2","0","2","03","03","","N","","","","","","","","","",""
"2023098027","1905","1","0","0","0","0","0","0","0","1","6","0","","02","10","2023","2","40.50094","-80.074314","1817","11","0","0","1","0","0","0","0","0","","1","0","0","","","3","","2","","40 30:03.385","5","0","80 04:27.531","1","0","0","0","2402","0","0","0","N","0","0","0","4","02501","0","2","1.0","2113.0","9","N","N","N","0","0","2","1","1","","0","Y","","2","3","1","1","0","0","0","2","0","2","07","","","N","","","","","","","","","",""
"2023087532","1835","3","0","0","0","0","0","0","0","0","6","0","","02","10","2023","2","40.38778","-79.773406","1832","11","0","0","0","0","0","0","0","0","","0","0","0","","","1","N","0","","40 23:16.008","5","0","79 46:24.263","8","0","0","0","2470","0","0","0","N","0","0","0","3","02424","0","","1.0","1945.0","1","N","N","N","0","","0","0","0","","0","Y","","3","1","1","0","0","1","0","2","0","3","03","03","","N","","","","","","","","","",""
"2023086972","0707","1","0","0","0","0","0","0","0","0","1","0","","02","10","2023","1","40.3235","-79.892472","0706","11","0","0","0","0","0","0","0","0","","0","0","0","","","0","N","0","","40 19:24.600","2","0","79 53:32.900","0","0","0","0","2433","0","0","0","N","0","0","0","1","02433","0","","6.0","730.0","1","N","N","N","0","","0","0","1","","0","N","","2","0","0","0","0","0","0","2","0","2","04","04","","N","","","","","","","","","",""
"2023107584","1950","1","0","0","0","0","0","0","0","0","2","0","","02","11","2023","6","40.445825","-79.71383","1943","11","0","0","0","0","0","1","0","0","","0","0","0","","","2","","1","","40 26:44.970","","0","79 42:49.787","3","0","0","0","2446","0","0","0","N","0","0","0","3","02446","0","","1.0","","9","N","N","N","0","","2","0","1","","3","","","2","2","0","0","0","0","0","2","0","2","07","","","N","","","","","","","","","",""
"2023107988","1408","1","0","0","0","0","0","0","0","0","98","0","","02","11","2023","7","40.52011","-80.187203","1408","11","0","0","0","0","0","0","0","1","","0","0","0","","","0","N","0","","40 31:12.397","2","0","80 11:13.931","0","0","0","0","2213","0","0","0","N","0","0","0","1","02213","0","","1.0","1437.0","1","N","N","N","0","","0","0","0","","0","N","","1","0","0","0","0","0","0","2","0","1","03","","","N","","","","","","","","","",""
"2023108823","0803","1","0","0","0","0","0","0","0","0","1","0","","02","11","2023","5","40.340251","-80.078029","0759","11","0","0","0","0","0","0","0","0","","0","0","0","","","2","","2","","40 20:24.903","","0","80 04:40.903","4","0","0","0","2123","0","0","0","N","0","0","0","3","02123","2","","1.0","","1","N","N","N","0","","0","0","1","","0","","","2","2","0","0","0","0","0","2","0","2","04","","","N","","","","","","","","","",""
"2023105738","0759","1","0","0","0","0","0","0","0","0","7","0","","02","11","2023","3","40.499229","-80.0497","0753","11","0","0","1","0","0","0","0","0","","0","0","0","","","0","N","0","","40 29:57.223","","0","80 02:58.920","0","0","0","0","2116","0","0","0","N","0","0","0","1","02116","0","","4.0","","9","N","N","N","0","","0","0","0","","0","","","1","0","0","0","0","0","0","2","0","1","07","","","N","","","","","","","","","",""
"2023097484","1622","0","0","0","0","0","0","0","0","0","1","0","","02","10","2023","2","40.434679","-79.965892","1622","11","0","0","0","0","1","0","0","0","","0","0","0","","","0","N","0","","40 26:04.845","3","0","79 57:57.212","0","0","0","0","2301","0","0","0","N","0","0","0","3","68B03","0","","1.0","1634.0","1","N","N","N","0","","0","0","3","","0","N","","3","0","0","0","0","0","0","2","0","3","03","","","N","","","","","","","","","",""
"2023107202","1811","0","0","0","0","0","0","0","0","0","4","0","","02","11","2023","7","40.410135","-80.082507","1808","11","0","0","0","0","0","1","0","0","","0","0","0","","","0","N","1","","40 24:36.487","","0","80 04:57.026","0","0","0","0","2415","0","0","0","N","0","0","0","7","02415","0","","1.0","","1","N","N","N","1","","0","0","1","","2","","","2","0","0","0","0","0","0","2","0","2","03","03","","N","","","","","","","","","",""
"2023107220","1803","1","0","0","0","0","0","0","0","0","7","0","","02","9","2023","3","40.411722","-79.829139","1756","11","0","0","0","0","0","0","0","0","","0","0","0","","","1","N","0","","40 24:42.200","3","0","79 49:44.900","4","0","0","0","2124","0","0","0","N","0","0","0","1","02124","1","","4.0","1830.0","1","N","N","N","0","","0","0","0","","0","N","","1","1","0","0","0","0","0","2","0","1","03","","","N","","","","","","","","","",""
"2023108634","2228","1","0","0","0","0","0","0","0","0","7","0","","02","11","2023","7","40.436395","-79.713293","2223","11","0","0","0","0","0","0","0","0","","0","0","0","","","1","N","0","","40 26:11.021","","0","79 42:47.855","2","0","0","0","2446","0","0","0","N","0","0","0","1","02446","0","","5.0","","1","N","N","N","0","","0","1","0","","0","","","1","1","0","0","0","0","0","2","0","1","03","","","N","","","","","","","","","",""
"2023114389","1610","1","0","0","0","0","0","0","0","0","4","0","","02","12","2023","6","40.654423","-80.091741","1604","11","0","0","0","0","0","1","0","0","","0","0","0","","","0","","1","","40 39:15.922","","0","80 05:30.268","0","0","0","0","2212","0","0","0","N","0","0","0","3","02505","0","","1.0","","1","N","N","N","0","","0","0","1","","2","","","2","0","0","0","0","0","0","2","0","2","03","04","","N","","","","","","","","","",""
"2023105305","1101","0","0","0","0","0","0","1","0","0","4","2","","02","11","2023","2","40.585573","-80.036059","1050","11","0","0","0","0","0","0","0","0","","0","1","0","","","1","","1","","40 35:08.062","4","0","80 02:09.813","3","0","0","0","2108","0","0","0","N","0","0","0","3","02503","0","","1.0","1131.0","1","N","N","N","0","","1","0","0","","2","N","","2","1","0","0","0","0","0","2","0","2","03","","","N","","","","","","","","","",""
"2023099268","1916","1","0","0","0","0","0","0","0","0","2","0","","02","11","2023","6","40.445825","-79.71383","1907","11","0","0","0","0","0","0","0","0","","0","0","0","","","0","","1","","40 26:44.970","","0","79 42:49.787","0","0","0","0","2466","0","0","0","N","0","0","0","2","02466","0","","1.0","","1","N","N","N","0","","0","0","1","","2","","","2","0","0","0","0","0","0","2","0","2","03","","","N","","","","","","","","","",""
"2023103282","2039","0","0","0","0","0","0","0","0","0","1","0","","02","11","2023","6","40.330603","-79.987023","2033","11","0","0","0","0","0","1","1","0","","0","0","0","","","1","","2","","40 19:50.172","","0","79 59:13.282","3","0","0","0","2219","0","0","0","N","0","0","0","2","02219","0","","1.0","","1","N","N","N","1","","1","0","1","","2","","","2","1","0","0","0","0","0","2","0","2","03","03","","N","","","","","","","","","",""
"2023098618","1254","1","0","0","0","0","0","0","0","0","4","0","","02","10","2023","3","40.43355","-79.766703","1251","11","0","0","0","0","0","0","0","1","","0","0","0","","","0","","2","","40 26:00.780","3","0","79 46:00.132","0","0","0","0","2446","0","0","0","N","0","0","0","2","02446","0","","1.0","1323.0","1","N","N","N","0","","0","0","1","","2","Y","","2","0","1","0","0","0","0","2","0","2","03","","","N","","","","","","","","","",""
"2023088884","1548","0","0","0","0","0","0","0","0","0","4","0","","02","10","2023","3","40.432378","-79.86499","1546","11","0","0","0","0","0","1","0","0","","0","0","0","","","0","","3","","40 25:56.559","4","7","79 51:53.964","0","0","0","0","2431","0","0","0","N","0","0","0","2","02431","0","","1.0","1609.0","1","N","N","N","1","","0","0","1","","2","N","","2","0","0","0","0","0","0","2","0","2","03","","","N","","","","","","","","","",""
"2023108314","1113","1","0","0","0","0","0","0","0","0","2","0","","02","11","2023","1","40.33773","-80.025712","1109","11","0","0","0","0","0","1","0","0","","0","0","0","","","0","Y","0","","40 20:15.827","","7","80 01:32.562","0","0","0","0","2407","0","0","0","N","0","0","0","5","02407","0","","1.0","","1","N","N","N","0","","0","0","1","","0","","","2","0","0","0","0","0","0","2","0","2","03","","","N","","","","","","","","","",""
"2023087551","0346","1","0","0","0","0","0","0","0","0","7","0","","02","10","2023","3","40.447804","-79.849377","0346","11","0","0","0","0","0","1","0","0","","0","0","0","","","1","","3","","40 26:52.095","","0","79 50:57.757","8","0","0","0","2419","0","0","0","Y","0","0","0","1","02419","0","","2.0","","1","N","N","N","0","","0","0","0","","3","","","1","1","1","0","0","1","0","2","0","1","03","","","N","","","","","","","","","",""
"2023118075","1744","0","0","0","0","0","0","0","0","0","7","0","","02","12","2023","3","40.426039","-79.834842","1741","11","0","0","0","0","0","1","0","0","","0","0","0","","","0","","1","","40 25:33.739","4","0","79 50:05.430","0","0","0","0","2124","0","0","0","N","0","0","0","1","02124","0","","2.0","1800.0","1","N","N","N","0","","0","0","1","","2","N","","1","0","0","0","0","0","0","2","0","1","03","","","N","","","","","","","","","",""
"2023107447","1029","1","0","0","0","0","0","0","0","0","1","1","","02","11","2023","6","40.347424","-80.026979","1014","11","0","0","0","0","0","0","0","0","","0","1","0","","","0","N","0","","40 20:50.726","","0","80 01:37.125","9","0","0","0","2407","0","0","0","N","0","0","0","2","02407","0","","1.0","","1","N","N","N","0","","0","0","0","","3","","","2","0","0","0","0","0","1","2","0","2","04","","","N","","","","","","","","","",""
"2023108821","1438","0","0","0","0","0","0","0","0","0","0","0","","02","11","2023","1","40.372375","-80.076669","1432","11","0","0","0","0","0","0","1","0","","0","0","0","","","0","N","0","","40 22:20.550","6","0","80 04:36.010","0","0","0","0","2109","0","0","0","N","0","0","0","2","02109","0","","1.0","1521.0","1","N","N","N","1","","0","0","0","","0","Y","","1","0","0","0","0","0","0","2","0","1","03","03","","N","","","","","","","","","",""
"2023087982","2256","0","0","0","0","0","0","0","0","0","1","0","","02","10","2023","3","40.409885","-80.084887","2251","11","0","0","0","0","0","0","0","0","","0","0","0","","","0","N","0","","40 24:35.585","6","0","80 05:05.592","0","0","0","0","2415","0","0","0","N","0","0","0","1","02415","0","","6.0","2338.0","1","N","N","Y","1","","0","0","2","","0","Y","","4","0","0","0","0","0","0","2","1","4","03","03","","N","","","","","","","","","",""