"CRN","ARRIVAL_TM","AUTOMOBILE_COUNT","BELTED_DEATH_COUNT","BELTED_SUSP_SERIOUS_INJ_COUNT","BICYCLE_COUNT","BICYCLE_DEATH_COUNT","BICYCLE_SUSP_SERIOUS_INJ_COUNT","BUS_COUNT","CHLDPAS_DEATH_COUNT","CHLDPAS_SUSP_SERIOUS_INJ_COUNT","COLLISION_TYPE","COMM_VEH_COUNT","CONS_ZONE_SPD_LIM","COUNTY","CRASH_MONTH","CRASH_YEAR","DAY_OF_WEEK","DEC_LATITUDE","DEC_LONGITUDE","DISPATCH_TM","DISTRICT","DRIVER_COUNT_16YR","DRIVER_COUNT_17YR","DRIVER_COUNT_18YR","DRIVER_COUNT_19YR","DRIVER_COUNT_20YR","DRIVER_COUNT_50_64YR","DRIVER_COUNT_65_74YR","DRIVER_COUNT_75PLUS","EST_HRS_CLOSED","FATAL_COUNT","HEAVY_TRUCK_COUNT","HORSE_BUGGY_COUNT","HOUR_OF_DAY","ILLUMINATION","INJURY_COUNT","INTERSECTION_RELATED","INTERSECT_TYPE","LANE_CLOSED","LATITUDE","LN_CLOSE_DIR","LOCATION_TYPE","LONGITUDE","MAX_SEVERITY_LEVEL","MCYCLE_DEATH_COUNT","MCYCLE_SUSP_SERIOUS_INJ_COUNT","MOTORCYCLE_COUNT","MUNICIPALITY","NONMOTR_COUNT","NONMOTR_DEATH_COUNT","NONMOTR_SUSP_SERIOUS_INJ_COUNT","NTFY_HIWY_MAINT","PED_COUNT","PED_DEATH_COUNT","PED_SUSP_SERIOUS_INJ_COUNT","PERSON_COUNT","POLICE_AGCY","POSSIBLE_INJ_COUNT","RDWY_SURF_TYPE_CD","RELATION_TO_ROAD","ROADWAY_CLEARED","ROAD_CONDITION","SCH_BUS_IND","SCH_ZONE_IND","SECONDARY_CRASH","SMALL_TRUCK_COUNT","SPEC_JURIS_CD","SUSP_MINOR_INJ_COUNT","SUSP_SERIOUS_INJ_COUNT","SUV_COUNT","TCD_FUNC_CD","TCD_TYPE","TFC_DETOUR_IND","TIME_OF_DAY","TOTAL_UNITS","TOT_INJ_COUNT","UNBELTED_OCC_COUNT","UNB_DEATH_COUNT","UNB_SUSP_SERIOUS_INJ_COUNT","UNK_INJ_DEG_COUNT","UNK_INJ_PER_COUNT","URBAN_RURAL","VAN_COUNT","VEHICLE_COUNT","WEATHER1","WEATHER2","WORKERS_PRES","WORK_ZONE_IND","WORK_ZONE_LOC","WORK_ZONE_TYPE","WZ_CLOSE_DETOUR","WZ_FLAGGER","WZ_LAW_OFFCR_IND","WZ_LN_CLOSURE","WZ_MOVING","WZ_OTHER","WZ_SHLDER_MDN","WZ_WORKERS_INJ_KILLED"
"2023089177","1834","1","0","0","0","0","0","0","0","0","4","0","","02","10","2023","3","40.354538","-80.114766","1826","11","0","0","0","0","0","1","0","0","","0","0","0","","","1","","2","","40 21:16.337","6","0","80 06:53.157","3","0","0","0","2102","0","0","0","N","0","0","0","2","02102","0","","1.0","1858.0","1","N","N","N","0","","1","0","1","","2","N","","2","1","0","0","0","0","0","2","0","2","03","03","","N","","","","","","","","","",""
"2023110417","1209","1","0","0","0","0","0","0","0","0","7","0","","02","12","2023","3","40.418775","-79.722261","1208","11","0","0","0","0","0","0","0","0","","0","0","0","","","1","N","0","","40 25:07.590","5","0","79 43:20.140","3","0","0","0","2446","0","0","0","Y","0","0","0","2","02446","0","","2.0","1245.0","9","N","N","N","0","","1","0","0","","0","N","","1","1","0","0","0","0","0","2","0","1","10","","","N","","","","","","","","","",""
"2023090492","0912","3","0","0","0","0","0","0","0","0","1","0","","02","10","2023","4","40.481014","-80.037163","0901","11","0","0","0","0","0","0","0","0","","0","0","0","","","1","Y","0","","40 28:51.651","","0","80 02:13.787","8","0","0","0","2301","0","0","0","N","0","0","0","2","02301","0","","6.0","","1","N","N","Y","0","","0","0","1","","0","","","4","1","1","0","0","1","0","2","0","4","03","03","","N","","","","","","","","","",""
"2023090722","0123","1","0","0","0","0","0","0","0","0","5","0","","02","10","2023","5","40.450861","-79.984361","0118","11","0","0","0","0","1","0","0","0","","0","0","0","","","0","N","0","","40 27:03.100","","0","79 59:03.700","0","0","0","0","2301","0","0","0","N","0","0","0","1","02301","0","","6.0","","1","N","N","N","1","","0","0","0","","0","","","2","0","0","0","0","0","0","2","0","2","03","03","","N","","","","","","","","","",""
"2023087688","1547","0","0","0","0","0","0","0","0","0","7","0","","02","10","2023","2","40.346278","-80.151167","1543","11","0","0","0","0","0","0","0","0","","0","0","0","","","0","N","0","","40 20:46.600","6","0","80 09:04.200","0","0","0","0","2119","0","0","0","N","0","0","0","1","02119","0","","2.0","1647.0","1","N","N","N","0","","0","0","1","","0","N","","1","0","0","0","0","0","0","2","0","1","03","03","","N","","","","","","","","","",""
"2023106943","1600","0","0","0","0","0","0","0","0","0","4","1","","02","11","2023","3","40.511056","-79.948444","1557","11","0","0","0","0","0","2","0","0","","0","1","0","","","1","","11","","40 30:39.800","","7","79 56:54.400","3","0","0","0","2118","0","0","0","N","0","0","0","3","02118","0","","1.0","","9","N","N","N","0","","1","0","1","","0","","","2","1","0","0","0","0","0","2","0","2","07","","","N","","","","","","","","","",""
"2023107897","0958","1","0","0","0","0","0","0","0","0","4","0","","02","11","2023","4","40.39353","-80.087568","0957","11","0","0","0","0","0","0","0","0","","0","0","0","","","0","N","1","","40 23:36.709","1","0","80 05:15.245","0","0","0","0","2437","0","0","0","N","0","0","0","2","02437","0","","1.0","1018.0","1","N","N","N","0","","0","0","1","","2","N","","2","0","0","0","0","0","0","2","0","2","03","","","N","","","","","","","","","",""
"2023087529","0600","0","0","0","0","0","0","0","0","0","1","0","","02","10","2023","2","40.339579","-79.871615","0556","11","0","0","0","0","0","1","0","0","","0","0","0","","","0","Y","0","","40 20:22.483","6","0","79 52:17.813","0","0","0","0","2455","0","0","0","N","0","0","0","1","02455","0","","6.0","710.0","1","N","N","N","1","","0","0","2","","0","Y","","3","0","0","0","0","0","0","2","0","3","03","03","","N","","","","","","","","","",""
"2023105708","1844","0","0","0","0","0","0","0","0","0","8","0","","02","11","2023","6","40.401687","-80.188537","1842","11","0","0","0","0","0","0","0","0","","1","0","0","","","0","N","0","","40 24:06.074","5","3","80 11:18.733","1","0","0","0","2450","1","1","0","N","1","1","0","2","02501","0","1","1.0","2123.0","1","N","N","N","0","0","0","0","1","","0","Y","","2","0","0","0","0","0","0","2","0","1","04","","","N","","","","","","","","","",""
"2023088182","1844","2","0","0","0","0","0","0","0","0","1","0","","02","10","2023","4","40.448281","-79.984428","1836","11","0","0","0","0","0","0","0","0","","0","0","0","","","0","N","0","","40 26:53.811","3","0","79 59:03.941","0","0","0","0","2301","0","0","0","N","0","0","0","4","02301","0","","1.0","1930.0","1","N","N","N","0","","0","0","0","","0","N","","2","0","0","0","0","0","0","2","0","2","03","03","","N","","","","","","","","","",""
"2023091539","1448","0","0","0","0","0","0","0","0","0","7","0","","02","10","2023","7","40.598941","-79.971768","1442","11","0","0","0","0","0","0","0","0","","0","0","0","","","0","N","0","","40 35:56.188","7","0","79 58:18.364","0","0","0","0","2207","0","0","0","N","0","0","0","1","02207","0","","4.0","1520.0","9","N","N","N","0","","0","0","1","","0","N","","1","0","0","0","0","0","0","2","0","1","07","04","","N","","","","","","","","","",""
"2023090824","0912","2","0","0","0","0","0","0","0","0","4","0","","02","10","2023","5","40.446799","-79.950572","0904","11","0","0","0","0","0","0","0","0","","0","0","0","","","0","","1","","40 26:48.478","3","0","79 57:02.060","0","0","0","0","2301","0","0","0","N","0","0","0","2","02301","0","","1.0","20.0","1","N","N","N","0","","0","0","0","","2","N","","2","0","0","0","0","0","0","2","0","2","04","04","","N","","","","","","","","","",""
"2023110679","2107","0","0","0","0","0","0","0","0","0","5","0","","02","11","2023","6","40.443659","-80.008978","2053","11","0","1","0","0","0","0","1","0","","0","0","0","","","0","N","0","","40 26:37.174","1","3","80 00:32.320","9","0","0","0","2301","0","0","0","N","0","0","0","2","68B03","0","","1.0","2200.0","9","N","N","N","0","","0","0","2","","0","N","","2","0","0","0","0","0","1","2","0","2","07","07","","N","","","","","","","","","",""
"2023093058","2114","1","0","0","0","0","0","0","0","0","7","0","","02","10","2023","7","40.427813","-79.949117","2108","11","0","0","0","0","0","0","0","0","","0","0","0","","","0","N","0","","40 25:40.125","","3","79 56:56.821","0","0","0","0","2301","0","0","0","N","0","0","0","1","68B03","0","","2.0","","9","N","N","N","0","","0","0","0","","0","","","1","0","0","0","0","0","0","2","0","1","07","","","N","","","","","","","","","",""
"2023088480","1010","0","0","0","0","0","0","0","0","0","4","0","","02","10","2023","5","40.410944","-79.99375","1000","11","0","0","0","0","0","0","0","0","","0","0","0","","","0","N","0","","40 24:39.400","","0","79 59:37.500","9","0","0","0","2301","0","0","0","N","0","0","0","1","02301","0","","6.0","","1","N","N","N","0","","0","0","2","","0","","","2","0","0","0","0","0","1","2","0","2","03","03","","N","","","","","","","","","",""
"2023091323","1833","1","0","0","0","0","0","0","0","0","1","0","","02","10","2023","6","40.532738","-79.958628","1829","11","0","0","0","0","0","0","0","0","","0","0","0","","","0","","2","","40 31:57.855","2","0","79 57:31.060","0","0","0","0","2118","0","0","0","N","0","0","0","3","02118","0","","1.0","1901.0","1","N","N","N","0","","0","0","1","","2","N","","2","0","0","0","0","0","0","2","0","2","03","03","","N","","","","","","","","","",""
"2023086908","1844","1","0","0","0","0","0","0","0","0","4","0","","02","9","2023","3","40.347599","-79.832534","1841","11","0","0","0","0","0","0","1","0","","0","0","0","","","0","","1","","40 20:51.358","","0","79 49:57.124","0","0","0","0","2304","0","0","0","N","0","0","0","3","02304","0","","1.0","","1","N","N","N","0","","0","0","1","","2","","","2","0","0","0","0","0","0","2","0","2","03","03","","N","","","","","","","","","",""
"2023098683","0656","1","0","0","0","0","0","0","0","0","1","0","","02","10","2023","1","40.531034","-80.190015","0649","11","0","0","0","0","0","0","0","1","","0","0","0","","","0","","2","","40 31:51.724","2","3","80 11:24.055","0","0","0","0","2213","0","0","0","N","0","0","0","3","02213","0","","1.0","726.0","1","N","N","N","1","","0","0","0","","2","N","","2","0","0","0","0","0","0","2","0","2","04","04","","N","","","","","","","","","",""
"2023089734","1619","1","0","0","0","0","0","0","0","0","5","0","","02","10","2023","1","40.389381","-80.041871","1618","11","0","0","0","0","0","0","0","0","","0","0","0","","","1","N","0","","40 23:21.771","2","0","80 02:30.735","4","0","0","0","2109","0","0","0","N","0","0","0","2","02109","1","","1.0","1630.0","1","N","N","N","0","","0","0","1","","2","Y","","2","1","0","0","0","0","0","2","0","2","03","03","","N","","","","","","","","","",""
"2023095815","1703","0","0","0","0","0","0","0","0","0","7","0","","02","10","2023","7","40.567418","-79.82083","1646","11","0","0","0","0","0","0","1","0","","0","0","0","","","0","N","0","","40 34:02.704","2","0","79 49:14.988","0","0","0","0","2209","0","0","0","Y","0","0","0","1","02209","0","","2.0","1749.0","1","","","N","1","","0","0","0","","0","N","","1","0","0","0","0","0","0","1","0","1","03","","","N","","","","","","","","","",""
"2023058250","0054","1","0","0","0","0","0","0","0","0","2","0","","02","7","2023","1","40.341065","-79.870418","0050","11","0","0","0","0","0","0","0","0","","0","0","0","","","1","N","0","","40 20:27.835","5","0","79 52:13.504","3","0","0","0","2455","0","0","0","N","0","0","0","2","02455","0","","6.0","247.0","1","N","N","Y","1","","1","0","0","","0","Y","","2","1","1","0","0","0","0","2","0","2","03","03","","N","","","","","","","","","",""
"2023090533","1219","2","0","0","0","0","0","0","0","0","1","0","","02","10","2023","2","40.361461","-80.028214","1209","11","0","0","0","0","0","0","1","0","","0","0","0","","","0","N","0","","40 21:41.261","1","0","80 01:41.569","0","0","0","0","2416","0","0","0","N","0","0","0","3","02416","0","","1.0","15.0","1","N","N","N","0","","0","0","0","","0","Y","","2","0","0","0","0","0","0","2","0","2","03","03","","N","","","","","","","","","",""
"2023095584","1404","0","0","0","0","0","0","0","0","0","7","0","","02","10","2023","5","40.527673","-80.228913","1400","11","0","0","0","0","0","0","1","0","","0","0","0","","","1","N","0","","40 31:39.621","5","0","80 13:44.086","3","0","0","0","2213","0","0","0","Y","0","0","0","1","02213","0","","2.0","1524.0","1","N","N","N","0","","1","0","1","","0","Y","","1","1","0","0","0","0","0","2","0","1","03","03","","N","","","","","","","","","",""
"2023091824","1758","1","0","0","0","0","0","0","0","0","1","0","","02","10","2023","7","40.463917","-79.828444","1756","11","0","0","0","0","1","0","0","0","","0","0","0","","","1","N","0","","40 27:50.100","","7","79 49:42.400","3","0","0","0","2113","0","0","0","N","0","0","0","6","02113","0","","1.0","","9","N","N","N","0","","1","0","1","","0","","","2","1","0","0","0","0","0","2","0","2","04","07","","N","","","","","","","","","",""
"2023109429","0945","1","0","0","0","0","0","0","0","0","2","0","40","02","11","2023","1","40.501592","-80.075325","0941","11","0","0","0","0","1","0","0","0","","0","0","0","","","0","","2","","40 30:05.731","","0","80 04:31.171","0","0","0","0","2405","0","0","0","N","0","0","0","4","02215","0","","1.0","","1","N","N","N","0","","0","0","1","","2","","","2","0","0","0","0","0","0","2","0","2","04","","Y","Y","4","3","","","N","Y","","","","N"
"2023108211","0018","1","0","0","0","0","0","0","0","0","7","0","","02","11","2023","3","40.609497","-79.920976","0015","11","0","0","0","0","0","0","0","0","","0","0","0","","","0","N","2","","40 36:34.189","1","0","79 55:15.513","0","0","0","0","2207","0","0","0","N","0","0","0","1","02207","0","","2.0","102.0","7","N","N","N","0","","0","0","0","","0","N","","1","0","0","0","0","0","0","2","0","1","10","","","N","","","","","","","","","",""
"2023108390","1634","1","0","0","0","0","0","0","0","0","7","0","","02","11","2023","4","40.512213","-79.843405","1629","11","0","0","0","0","0","0","0","0","","0","0","0","","","0","","2","","40 30:43.968","","0","79 50:36.259","0","0","0","0","2451","0","0","0","N","0","0","0","1","02451","0","","4.0","","1","N","N","N","0","","0","0","0","","3","","","1","0","0","0","0","0","0","2","0","1","04","04","","N","","","","","","","","","",""
"2023105021","2038","1","0","0","0","0","0","0","0","0","1","0","","02","11","2023","6","40.393038","-79.766277","2028","11","0","0","0","0","0","0","0","0","","0","0","0","","","1","N","0","","40 23:34.937","","0","79 45:58.598","3","0","0","0","2446","0","0","0","N","0","0","0","3","02446","0","","1.0","","9","N","N","N","0","","1","0","1","","0","","","2","1","0","0","0","0","0","2","0","2","07","07","","N","","","","","","","","","",""
"2023091646","0041","0","0","0","0","0","0","0","0","0","7","0","","02","10","2023","7","40.582182","-79.982603","0035","11","0","0","0","0","0","0","0","0","","0","0","0","","","1","N","0","","40 34:55.854","4","0","79 58:57.372","4","0","0","0","2207","0","0","0","N","0","0","0","2","02207","1","","4.0","130.0","1","N","N","N","0","","0","0","1","","3","N","","1","1","0","0","0","0","0","1","0","1","03","03","","N","","","","","","","","","",""
"2023111098","0337","1","0","0","0","0","0","0","0","0","7","0","","02","11","2023","7","40.572616","-80.09114","0321","11","0","0","0","0","0","1","0","0","","0","0","0","","","3","N","0","","40 34:21.416","","0","80 05:28.105","4","0","0","0","2481","0","0","0","N","0","0","0","4","68B03","3","","4.0","","1","N","N","N","0","","0","0","0","","0","","","1","3","0","0","0","0","0","2","0","1","03","","","N","","","","","","","","","",""
"2023092988","1629","1","0","0","0","0","0","0","0","0","4","0","","02","10","2023","2","40.530232","-80.017372","1622","11","0","0","0","0","0","0","1","0","","0","0","0","","","0","","1","","40 31:48.835","","0","80 01:02.538","0","0","0","0","2116","0","0","0","N","0","0","0","5","02116","0","","1.0","","1","N","N","Y","0","","0","0","2","","3","","","3","0","0","0","0","0","0","2","0","3","03","03","","N","","","","","","","","","",""
"2023081983","0011","0","0","0","0","0","0","0","0","0","4","0","","02","9","2023","7","40.452883","-79.920712","0002","11","0","0","1","0","0","0","0","0","","0","0","0","","","0","","1","","40 27:10.380","1","0","79 55:14.564","0","0","0","0","2301","0","0","0","N","0","0","0","3","02301","0","","1.0","108.0","1","N","N","N","0","","0","0","2","","2","N","","2","0","0","0","0","0","0","2","0","2","03","03","","N","","","","","","","","","",""
"2023103810","0640","0","0","0","0","0","0","0","0","0","4","1","","02","11","2023","2","40.355861","-79.83424","0637","11","0","0","0","0","0","0","0","0","","0","1","0","","","0","N","0","","40 21:21.101","4","7","79 50:03.264","0","0","0","0","2304","0","0","0","N","0","0","0","2","02304","0","","1.0","710.0","1","N","N","N","0","","0","0","1","","0","Y","","2","0","0","0","0","0","0","2","0","2","03","","","N","","","","","","","","","",""
"2023090561","1758","0","0","0","0","0","0","0","0","0","7","0","","02","10","2023","4","40.450498","-80.070587","1744","11","0","0","0","0","0","0","0","0","","0","0","0","","","0","N","0","","40 27:01.794","","0","80 04:14.112","0","0","0","0","2301","0","0","0","N","0","0","0","1","02301","0","","5.0","","1","N","N","N","0","","0","0","1","","0","","","1","0","1","0","0","0","0","2","0","1","03","03","","N","","","","","","","","","",""
"2023091251","1703","0","0","0","0","0","0","0","0","0","7","0","","02","10","2023","5","40.412139","-80.068","1659","11","0","0","0","0","0","0","0","1","","0","0","0","","","0","N","0","","40 24:43.700","","7","80 04:04.800","0","0","0","0","2435","0","0","0","Y","0","0","0","1","02435","0","","2.0","","1","N","N","N","0","","0","0","1","","0","","","1","0","0","0","0","0","0","2","0","1","03","03","","N","","","","","","","","","",""
"2023110367","0822","1","0","0","0","0","0","0","0","0","8","0","","02","11","2023","5","40.395534","-79.849223","0817","11","0","0","0","0","0","0","0","0","","1","0","0","","","0","N","0","","40 23:43.922","6","0","79 50:57.202","1","0","0","0","2449","1","1","0","N","1","1","0","2","02501","0","2","2.0","1126.0","1","N","N","N","0","0","0","0","0","","0","Y","","2","0","0","0","0","0","0","2","0","1","03","03","","N","","","","","","","","","",""
"2023110574","1805","0","0","0","0","0","0","0","0","0","1","0","","02","12","2023","3","40.586863","-80.041644","1805","11","0","1","0","0","0","0","0","0","","0","0","0","","","0","","1","","40 35:12.706","1","0","80 02:29.918","0","0","0","0","2108","0","0","0","N","0","0","0","5","02108","0","","1.0","1840.0","9","N","N","N","1","","0","0","1","","2","N","","2","0","1","0","0","0","0","2","0","2","07","","","N","","","","","","","","","",""
"2023105075","1306","1","0","0","0","0","0","0","0","0","1","0","","02","11","2023","1","40.429688","-79.885491","1258","11","0","0","0","0","0","0","0","0","","0","0","0","","","1","N","0","","40 25:46.877","","0","79 53:07.767","4","0","0","0","2426","0","0","0","N","0","0","0","2","68B03","1","","1.0","","1","N","N","N","0","","0","0","1","","0","","","2","1","0","0","0","0","0","2","0","2","03","","","N","","","","","","","","","",""
"2023110453","1735","2","0","0","0","0","0","0","0","0","4","0","","02","12","2023","3","40.526014","-79.84271","1730","11","0","0","0","0","0","0","0","0","","0","0","0","","","0","","1","","40 31:33.650","","0","79 50:33.755","0","0","0","0","2451","0","0","0","N","0","0","0","2","02451","0","","1.0","","9","N","N","N","0","","0","0","0","","8","","","2","0","0","0","0","0","0","2","0","2","07","","","N","","","","","","","","","",""
"2023101297","0902","1","0","0","0","0","0","0","0","0","1","0","","02","10","2023","3","40.425504","-79.908024","0847","11","0","0","0","0","0","0","0","0","","0","0","0","","","0","N","0","","40 25:31.816","","0","79 54:28.886","0","0","0","0","2301","0","0","0","N","0","0","0","3","68B03","0","","1.0","","1","N","N","N","0","","0","0","2","","0","","","3","0","0","0","0","0","0","2","0","3","03","","","N","","","","","","","","","",""
"2023091684","0058","1","0","0","0","0","0","0","0","0","7","0","","02","10","2023","1","40.410569","-80.015106","0058","11","0","0","0","0","0","0","0","0","","0","0","0","","","1","N","0","","40 24:38.048","1","0","80 00:54.382","4","0","0","0","2301","0","0","0","N","0","0","0","1","02301","1","","2.0","200.0","9","N","N","N","0","","0","0","0","","0","Y","","1","1","0","0","0","0","0","2","0","1","03","","","N","","","","","","","","","",""
"2023089718","1525","1","0","0","0","0","0","0","0","0","4","0","","02","10","2023","2","40.44682","-79.989245","1517","11","0","0","0","0","0","0","0","1","","0","0","0","","","1","","2","","40 26:48.552","4","0","79 59:21.281","4","0","0","0","2301","0","0","0","N","0","0","0","3","02301","1","","1.0","1545.0","1","N","N","N","0","","0","0","1","","3","N","","2","1","0","0","0","0","0","2","0","2","03","03","","N","","","","","","","","","",""
"2023103600","1800","0","0","0","0","0","0","0","0","0","7","0","","02","6","2023","1","40.440646","-79.834458","1751","11","0","0","0","0","0","0","0","0","","0","0","0","","","0","N","0","","40 26:26.325","","0","79 50:04.047","0","0","0","0","2419","0","0","0","Y","0","0","0","1","68B03","0","","3.0","","9","N","N","N","0","","0","0","1","","0","","","1","0","0","0","0","0","0","2","0","1","07","","","N","","","","","","","","","",""
"2023091636","1838","2","0","0","0","0","0","0","0","0","1","0","","02","10","2023","7","40.426614","-80.000975","1830","11","0","0","0","1","0","0","0","0","","0","0","0","","","1","N","0","","40 25:35.812","3","4","80 00:03.511","3","0","0","0","2301","0","0","0","N","0","0","0","6","02301","0","","1.0","1700.0","9","N","N","N","0","","1","0","2","","0","Y","","4","1","1","0","0","0","1","2","0","4","07","07","","N","","","","","","","","","",""
"2023090907","1720","1","0","0","1","0","0","0","0","0","8","0","","02","10","2023","5","40.431636","-79.952264","1715","11","0","0","0","0","0","0","0","0","","0","0","0","","","1","","1","","40 25:53.889","","0","79 57:08.151","3","0","0","0","2301","1","0","0","N","0","0","0","2","02301","0","","1.0","","1","N","N","N","0","","1","0","0","","3","","","2","1","0","0","0","0","0","2","0","1","03","03","","N","","","","","","","","","",""
"2023099111","2029","1","0","0","0","0","0","0","0","0","4","0","25","02","10","2023","5","40.37296","-80.099342","2022","11","0","0","0","0","0","0","0","0","","0","0","0","","","0","","2","","40 22:22.657","5","2","80 05:57.632","0","0","0","0","2102","0","0","0","N","0","0","0","2","02102","0","","1.0","2108.0","1","N","N","N","0","","0","0","1","","2","N","","2","0","0","0","0","0","0","2","0","2","03","03","Y","Y","2","1","","","N","Y","","","","N"
"2023093496","1901","0","0","0","0","0","0","0","0","0","7","0","","02","10","2023","6","40.3891","-79.90609","1900","11","0","0","0","0","0","0","0","0","","0","0","0","","","1","N","0","","40 23:20.761","6","0","79 54:21.925","3","0","0","0","2448","0","0","0","N","0","0","0","1","02448","0","","4.0","1938.0","1","N","N","N","0","","1","0","1","","0","Y","","1","1","0","0","0","0","0","2","0","1","03","03","","N","","","","","","","","","",""
"2023089042","0225","0","0","0","0","0","0","0","0","0","7","0","","02","9","2023","7","40.41582","-80.070666","0223","11","0","0","0","0","0","0","0","0","","0","0","0","","","0","N","0","","40 24:56.953","","0","80 04:14.397","0","0","0","0","2301","0","0","0","N","0","0","0","1","02301","0","","2.0","","1","N","N","N","0","","0","0","1","","0","N","","1","0","0","0","0","0","0","2","0","1","03","03","","N","","","","","","","","","",""
"2023111403","0735","0","0","0","0","0","0","0","0","0","1","0","","02","11","2023","6","40.425641","-79.909747","0724","11","0","0","0","0","0","0","0","0","","0","0","0","","","3","N","0","","40 25:32.309","4","0","79 54:35.090","3","0","0","0","2301","0","0","0","N","0","0","0","3","68B03","0","","1.0","735.0","1","N","N","N","1","","3","0","1","","0","N","","2","3","0","0","0","0","0","2","0","2","03","","","N","","","","","","","","","",""
"2023110308","0815","1","0","0","0","0","0","0","0","0","7","0","","02","11","2023","4","40.479801","-80.007221","0806","11","0","0","0","0","0","0","0","0","","0","0","0","","","0","N","0","","40 28:47.283","1","0","80 00:25.997","9","0","0","0","2301","0","0","0","N","0","0","0","4","68B03","0","","4.0","15.0","1","N","N","N","0","","0","0","0","","0","N","","1","0","1","0","0","0","1","2","0","1","03","03","","N","","","","","","","","","",""
"2023086463","1355","0","0","0","0","0","0","0","0","0","4","0","","02","9","2023","4","40.431158","-79.959208","1345","11","0","0","0","0","0","1","0","0","","0","0","0","","","0","N","1","","40 25:52.170","","0","79 57:33.147","0","0","0","0","2301","0","0","0","N","0","0","0","2","02301","0","","1.0","","1","N","N","N","2","","0","0","0","","2","","","2","0","0","0","0","0","0","2","0","2","03","03","","N","","","","","","","","","",""
"2023091809","1550","2","0","0","0","0","0","0","0","0","4","0","","02","10","2023","5","40.32182","-80.057183","1542","11","0","0","0","0","0","0","0","0","","0","0","0","","","3","N","0","","40 19:18.551","","7","80 03:25.857","4","0","0","0","2407","0","0","0","N","0","0","0","4","02407","3","","1.0","","1","N","N","N","0","","0","0","0","","0","","","2","3","0","0","0","0","0","2","0","2","03","","","N","","","","","","","","","",""
"2023091769","0923","1","0","0","0","0","0","0","0","0","4","0","","02","10","2023","1","40.45729","-79.909045","0917","11","0","0","0","0","0","0","0","0","","0","0","0","","","1","","1","","40 27:26.245","5","0","79 54:32.562","4","0","0","0","2301","0","0","0","N","0","0","0","2","02301","1","","1.0","1100.0","1","N","N","N","0","","0","0","1","","2","Y","","2","1","0","0","0","0","0","2","0","2","03","03","","N","","","","","","","","","",""
"2023091870","1656","0","0","0","0","0","0","0","0","0","7","0","","02","10","2023","1","40.429332","-79.93144","1652","11","0","0","0","1","0","0","0","0","","0","0","0","","","0","N","0","","40 25:45.596","","2","79 55:53.184","0","0","0","0","2301","0","0","0","N","0","0","0","2","02301","0","","2.0","","1","N","N","Y","0","","0","0","1","","0","","","1","0","0","0","0","0","0","2","0","1","03","","","N","","","","","","","","","",""
"2023092876","1324","1","0","0","0","0","0","0","0","0","5","0","","02","10","2023","3","40.441861","-79.96296","1310","11","0","0","0","0","0","0","0","0","","0","0","0","","","1","N","0","","40 26:30.701","","0","79 57:46.657","4","0","0","0","2301","0","0","0","N","0","0","0","2","02301","1","","1.0","","1","N","N","N","0","","0","0","1","","0","","","2","1","0","0","0","0","0","2","0","2","99","","","N","","","","","","","","","",""
"2023089013","2019","1","0","0","0","0","0","0","0","0","5","0","","02","10","2023","6","40.397929","-80.026382","2017","11","0","0","0","0","0","0","0","0","","0","0","0","","","0","","3","","40 23:52.545","1","0","80 01:34.975","0","0","0","0","2301","0","0","0","N","0","0","0","7","02301","0","","1.0","2120.0","1","N","N","N","0","","0","0","0","","0","N","","2","0","2","0","0","0","0","2","1","2","03","03","","N","","","","","","","","","",""
"2023091667","0015","1","0","0","0","0","0","0","0","0","5","0","","02","10","2023","7","40.264806","-79.836222","0007","11","0","0","0","0","0","1","0","0","","0","0","0","","","0","N","0","","40 15:53.300","","0","79 50:10.400","0","0","0","0","2105","0","0","0","N","0","0","0","1","02105","0","","4.0","","1","N","N","N","0","","0","0","1","","0","","","2","0","0","0","0","0","0","1","0","2","04","03","","N","","","","","","","","","",""
"2023091764","1024","1","0","0","0","0","0","0","0","0","1","0","","02","10","2023","1","40.440834","-80.006785","1018","11","0","0","0","0","0","1","0","0","","0","0","0","","","1","","1","","40 26:27.002","3","2","80 00:24.425","4","0","0","0","2301","0","0","0","N","0","0","0","2","02301","1","","1.0","1035.0","1","N","N","N","0","","0","0","1","","2","N","","2","1","0","0","0","0","0","2","0","2","03","03","","N","","","","","","","","","",""
"2023107262","1729","2","0","0","0","0","0","0","0","0","5","0","","02","11","2023","7","40.449867","-80.109144","1724","11","0","0","0","0","0","1","0","0","","0","0","0","","","0","Y","0","","40 26:59.521","","0","80 06:32.917","0","0","0","0","2115","0","0","0","N","0","0","0","5","02115","0","","1.0","","1","N","N","N","0","","0","0","0","","2","","","2","0","0","0","0","0","0","2","0","2","03","03","","N","","","","","","","","","",""
"2023091121","0719","0","0","0","0","0","0","0","0","0","4","0","","02","10","2023","3","40.442376","-80.072933","0712","11","0","0","0","0","0","0","1","0","","0","0","0","","","0","","1","","40 26:32.555","3","0","80 04:22.559","0","0","0","0","2439","0","0","0","N","0","0","0","2","02439","0","","1.0","759.0","1","N","N","N","1","","0","0","1","","3","N","","2","0","0","0","0","0","0","2","0","2","03","03","","N","","","","","","","","","",""