"CRN","ARRIVAL_TM","AUTOMOBILE_COUNT","BELTED_DEATH_COUNT","BELTED_SUSP_SERIOUS_INJ_COUNT","BICYCLE_COUNT","BICYCLE_DEATH_COUNT","BICYCLE_SUSP_SERIOUS_INJ_COUNT","BUS_COUNT","CHLDPAS_DEATH_COUNT","CHLDPAS_SUSP_SERIOUS_INJ_COUNT","COLLISION_TYPE","COMM_VEH_COUNT","CONS_ZONE_SPD_LIM","COUNTY","CRASH_MONTH","CRASH_YEAR","DAY_OF_WEEK","DEC_LATITUDE","DEC_LONGITUDE","DISPATCH_TM","DISTRICT","DRIVER_COUNT_16YR","DRIVER_COUNT_17YR","DRIVER_COUNT_18YR","DRIVER_COUNT_19YR","DRIVER_COUNT_20YR","DRIVER_COUNT_50_64YR","DRIVER_COUNT_65_74YR","DRIVER_COUNT_75PLUS","EST_HRS_CLOSED","FATAL_COUNT","HEAVY_TRUCK_COUNT","HORSE_BUGGY_COUNT","HOUR_OF_DAY","ILLUMINATION","INJURY_COUNT","INTERSECTION_RELATED","INTERSECT_TYPE","LANE_CLOSED","LATITUDE","LN_CLOSE_DIR","LOCATION_TYPE","LONGITUDE","MAX_SEVERITY_LEVEL","MCYCLE_DEATH_COUNT","MCYCLE_SUSP_SERIOUS_INJ_COUNT","MOTORCYCLE_COUNT","MUNICIPALITY","NONMOTR_COUNT","NONMOTR_DEATH_COUNT","NONMOTR_SUSP_SERIOUS_INJ_COUNT","NTFY_HIWY_MAINT","PED_COUNT","PED_DEATH_COUNT","PED_SUSP_SERIOUS_INJ_COUNT","PERSON_COUNT","POLICE_AGCY","POSSIBLE_INJ_COUNT","RDWY_SURF_TYPE_CD","RELATION_TO_ROAD","ROADWAY_CLEARED","ROAD_CONDITION","SCH_BUS_IND","SCH_ZONE_IND","SECONDARY_CRASH","SMALL_TRUCK_COUNT","SPEC_JURIS_CD","SUSP_MINOR_INJ_COUNT","SUSP_SERIOUS_INJ_COUNT","SUV_COUNT","TCD_FUNC_CD","TCD_TYPE","TFC_DETOUR_IND","TIME_OF_DAY","TOTAL_UNITS","TOT_INJ_COUNT","UNBELTED_OCC_COUNT","UNB_DEATH_COUNT","UNB_SUSP_SERIOUS_INJ_COUNT","UNK_INJ_DEG_COUNT","UNK_INJ_PER_COUNT","URBAN_RURAL","VAN_COUNT","VEHICLE_COUNT","WEATHER1","WEATHER2","WORKERS_PRES","WORK_ZONE_IND","WORK_ZONE_LOC","WORK_ZONE_TYPE","WZ_CLOSE_DETOUR","WZ_FLAGGER","WZ_LAW_OFFCR_IND","WZ_LN_CLOSURE","WZ_MOVING","WZ_OTHER","WZ_SHLDER_MDN","WZ_WORKERS_INJ_KILLED"
"2023092458","2109","1","0","0","0","0","0","0","0","0","4","0","","02","10","2023","3","40.376688","-79.894266","2100","11","0","0","0","0","0","0","0","0","","0","0","0","","","0","","1","","40 22:36.076","","0","79 53:39.357","0","0","0","0","2448","0","0","0","N","0","0","0","2","02448","0","","1.0","","1","N","N","N","0","","0","0","1","","2","","","2","0","0","0","0","0","0","2","0","2","03","03","","N","","","","","","","","","",""
"2023114508","1635","1","0","0","0","0","0","0","0","0","1","0","","02","12","2023","5","40.425655","-79.910998","1635","11","0","0","0","0","0","1","0","0","","0","0","0","","","0","N","0","","40 25:32.359","","0","79 54:39.592","0","0","0","0","2301","0","0","0","N","0","0","0","3","68B03","0","","1.0","","1","N","N","N","0","","0","0","0","","0","","","3","0","0","0","0","0","0","2","2","3","03","","","N","","","","","","","","","",""
"2023116276","0635","0","0","0","0","0","0","0","0","0","4","0","","02","12","2023","3","40.438972","-79.965472","0630","11","0","0","0","0","0","0","0","0","","0","0","0","","","0","Y","0","","40 26:20.300","","0","79 57:55.700","0","0","0","0","2301","0","0","0","N","0","0","0","1","02301","0","","6.0","","2","N","N","Y","0","","0","0","2","","0","","","2","0","0","0","0","0","0","2","0","2","02","","","N","","","","","","","","","",""
"2023116911","1819","1","0","0","0","0","0","0","0","0","4","0","","02","12","2023","2","40.630036","-80.057053","1812","11","0","0","0","0","0","1","0","0","","0","0","0","","","2","N","0","","40 37:48.130","2","7","80 03:25.392","3","0","0","0","2216","0","0","0","N","0","0","0","4","02505","0","","1.0","1845.0","9","N","N","N","0","","2","0","1","","0","Y","","2","2","0","0","0","0","0","2","0","2","07","","","N","","","","","","","","","",""
"2023093160","0700","2","0","0","0","0","0","0","0","0","5","0","","02","10","2023","1","40.491306","-80.019306","0652","11","0","0","0","0","0","0","0","0","","0","0","0","","","0","N","0","","40 29:28.700","","0","80 01:09.500","9","0","0","0","2301","0","0","0","N","0","0","0","1","02301","0","","6.0","","1","","","N","0","","0","0","0","","0","","","2","0","0","0","0","0","1","2","0","2","03","03","","N","","","","","","","","","",""
"2023115020","1337","0","0","0","0","0","0","0","0","0","7","0","","02","12","2023","2","40.295304","-79.811412","1333","11","0","0","0","0","0","0","1","0","","0","0","0","","","1","N","0","","40 17:43.096","5","0","79 48:41.084","8","0","0","0","2105","0","0","0","N","0","0","0","1","02105","0","","5.0","1423.0","1","N","N","N","0","","0","0","1","","0","Y","","1","1","1","0","0","1","0","2","0","1","04","","","N","","","","","","","","","",""
"2023113928","1850","0","0","0","0","0","0","0","0","0","98","0","","02","12","2023","5","40.4896","-79.953073","1841","11","0","0","0","0","0","0","0","0","","0","0","0","","","0","N","0","","40 29:22.559","","0","79 57:11.064","0","0","0","0","2118","0","0","0","N","0","0","0","1","02118","0","","1.0","","1","N","N","N","0","","0","0","1","","0","","","1","0","0","0","0","0","0","2","0","1","03","03","","N","","","","","","","","","",""
"2023114649","1044","1","0","0","0","0","0","0","0","0","4","0","","02","12","2023","7","40.527871","-80.017686","1041","11","1","0","0","0","0","0","1","0","","0","0","0","","","0","","2","","40 31:40.335","","0","80 01:03.668","0","0","0","0","2116","0","0","0","N","0","0","0","5","02116","0","","1.0","","1","N","N","N","0","","0","0","1","","3","","","2","0","0","0","0","0","0","2","0","2","03","","","N","","","","","","","","","",""
"2023113954","0259","0","0","0","0","0","0","0","0","0","98","0","","02","12","2023","6","40.464518","-79.705366","0249","11","0","0","0","0","0","1","0","0","","0","0","0","","","0","N","0","","40 27:52.263","","0","79 42:19.318","0","0","0","0","2466","0","0","0","N","0","0","0","1","02466","0","","1.0","","1","N","N","N","0","","0","0","1","","0","","","1","0","0","0","0","0","0","2","0","1","03","03","","N","","","","","","","","","",""
"2023088919","1700","2","0","0","0","0","0","0","0","0","1","0","","02","10","2023","4","40.364908","-79.866502","1655","11","0","0","0","0","0","0","0","0","","0","0","0","","","2","N","0","","40 21:53.668","7","0","79 51:59.408","3","0","0","0","2473","0","0","0","N","0","0","0","2","02473","0","","2.0","1745.0","1","N","N","N","0","","1","0","0","","0","Y","","2","2","0","0","0","1","0","2","0","2","03","03","","N","","","","","","","","","",""
"2023116383","0048","1","0","0","0","0","0","0","0","0","7","0","","02","12","2023","3","40.349694","-79.835639","0048","11","0","0","0","0","0","0","0","0","","0","0","0","","","0","N","0","","40 20:58.900","","0","79 50:08.300","0","0","0","0","2304","0","0","0","N","0","0","0","1","02304","0","","4.0","","2","N","N","N","0","","0","0","1","","0","","","2","0","1","0","0","0","0","2","0","2","02","10","","N","","","","","","","","","",""
"2023114675","1304","0","0","0","0","0","0","0","0","0","7","0","","02","12","2023","1","40.321076","-79.891866","1301","11","0","1","0","0","0","0","0","0","","0","0","0","","","0","","2","","40 19:15.873","","0","79 53:30.719","0","0","0","0","2433","0","0","0","N","0","0","0","1","02433","0","","4.0","","1","N","N","N","0","","0","0","1","","0","","","1","0","0","0","0","0","0","2","0","1","04","","","N","","","","","","","","","",""
"2023089114","1407","1","0","0","0","0","0","0","0","0","4","0","","02","10","2023","6","40.481529","-79.876174","1359","11","0","0","0","0","0","0","0","0","","0","0","0","","","0","","2","","40 28:53.504","1","0","79 52:34.225","0","0","0","0","2113","0","0","0","N","0","0","0","2","02113","0","","1.0","1425.0","1","N","N","N","0","","0","0","1","","0","N","","2","0","2","0","0","0","0","2","0","2","03","03","","N","","","","","","","","","",""
"2023109682","1804","0","0","0","0","0","0","0","0","0","4","0","","02","12","2023","7","40.360796","-79.932996","1800","11","1","0","0","1","0","0","0","0","","0","0","0","","","1","Y","0","","40 21:38.866","","0","79 55:58.787","3","0","0","0","2473","0","0","0","N","0","0","0","4","02473","0","","1.0","","9","N","N","N","0","","1","0","2","","2","","","2","1","0","0","0","0","0","2","0","2","03","03","","N","","","","","","","","","",""
"2023114302","1727","1","0","0","0","0","0","0","0","0","1","0","","02","12","2023","6","40.438578","-79.744306","1717","11","0","0","0","0","0","2","0","0","","0","0","0","","","1","N","0","","40 26:18.879","3","0","79 44:39.502","8","0","0","0","2446","0","0","0","N","0","0","0","3","02446","0","","1.0","1807.0","1","N","N","N","0","","0","0","2","","0","Y","","3","1","0","0","0","1","0","2","0","3","03","03","","N","","","","","","","","","",""
"2023116070","1443","1","0","0","0","0","0","0","0","0","1","0","","02","12","2023","6","40.513093","-80.222393","1442","11","0","1","0","0","0","1","0","0","","0","0","0","","","0","","2","","40 30:47.136","","0","80 13:20.616","0","0","0","0","2213","0","0","0","N","0","0","0","4","02213","0","","1.0","","1","N","N","N","0","","0","0","1","","2","","","2","0","0","0","0","0","0","2","0","2","03","","","N","","","","","","","","","",""
"2023115019","1922","2","0","0","0","0","0","0","0","0","4","0","","02","12","2023","1","40.427944","-79.78775","1918","11","0","0","0","0","0","0","0","0","","0","0","0","","","2","N","0","","40 25:40.600","","7","79 47:15.900","4","0","0","0","2446","0","0","0","N","0","0","0","3","02446","2","","1.0","","9","N","N","N","0","","0","0","0","","0","","","2","2","0","0","0","0","0","2","0","2","07","05","","N","","","","","","","","","",""
"2023097678","1845","1","0","0","0","0","0","0","0","0","4","0","","02","10","2023","2","40.356604","-80.053253","1838","11","0","1","0","0","0","0","0","1","","0","0","0","","","0","N","0","","40 21:23.775","","7","80 03:11.712","0","0","0","0","2109","0","0","0","N","0","0","0","2","02109","0","","1.0","","9","N","N","N","0","","0","0","1","","2","","","2","0","0","0","0","0","0","2","0","2","07","","","N","","","","","","","","","",""
"2023091601","1756","0","0","0","0","0","0","0","0","0","4","0","","02","10","2023","7","40.607137","-79.850492","1750","11","0","0","0","1","0","0","0","0","","0","0","0","","","1","","1","","40 36:25.694","2","0","79 51:01.770","3","0","0","0","2220","0","0","0","N","0","0","0","3","02220","0","","1.0","1830.0","9","N","N","N","0","","1","0","2","","0","Y","","2","1","0","0","0","0","0","2","0","2","07","07","","N","","","","","","","","","",""
"2023091977","2220","1","0","0","0","0","0","0","0","0","7","0","","02","10","2023","1","40.429","-80.277556","2214","11","1","0","0","0","0","0","0","0","","0","0","0","","","0","N","0","","40 25:44.400","","0","80 16:39.200","0","0","0","0","2214","0","0","0","N","0","0","0","1","02214","0","","4.0","","9","N","N","N","0","","0","0","0","","0","","","1","0","0","0","0","0","0","1","0","1","07","","","N","","","","","","","","","",""
"2023082809","0743","1","0","0","0","0","0","0","0","0","4","0","","02","9","2023","3","40.483818","-79.907914","0734","11","0","0","0","0","0","1","0","0","","0","0","0","","","0","","3","","40 29:01.746","","0","79 54:28.492","0","0","0","0","2301","0","0","0","N","0","0","0","2","02301","0","","1.0","","1","N","N","N","0","","0","0","1","","2","","","2","0","0","0","0","0","0","2","0","2","03","03","","N","","","","","","","","","",""
"2023091770","0912","1","0","0","0","0","0","0","0","0","1","0","","02","10","2023","1","40.412194","-80.022917","0908","11","0","0","0","0","0","0","0","0","","0","0","0","","","0","N","0","","40 24:43.900","5","0","80 01:22.500","0","0","0","0","2301","0","0","0","N","0","0","0","1","02301","0","","6.0","1030.0","1","N","N","N","0","","0","0","2","","0","N","","3","0","1","0","0","0","0","2","0","3","03","03","","N","","","","","","","","","",""
"2023115568","1856","1","0","0","0","0","0","0","0","0","1","0","","02","12","2023","7","40.432531","-79.73086","1856","11","0","0","0","0","0","1","0","0","","0","0","0","","","0","N","0","","40 25:57.110","","0","79 43:51.097","0","0","0","0","2446","0","0","0","N","0","0","0","2","02446","0","","1.0","","1","N","N","N","0","","0","0","1","","0","","","2","0","0","0","0","0","0","2","0","2","03","03","","N","","","","","","","","","",""
"2023082675","1550","1","0","0","0","0","0","0","0","0","4","0","","02","9","2023","6","40.448349","-80.003714","1550","11","0","0","0","0","0","1","0","0","","0","0","0","","","0","","1","","40 26:54.057","3","0","80 00:13.369","0","0","0","0","2301","0","0","0","N","0","0","0","3","02301","0","","1.0","1800.0","1","N","N","N","0","","0","0","1","","0","N","","2","0","0","0","0","0","0","2","0","2","03","03","","N","","","","","","","","","",""
"2023113271","1004","1","0","0","0","0","0","0","0","0","7","0","","02","12","2023","4","40.594528","-80.015611","0952","11","0","0","0","0","0","0","0","1","","0","0","0","","","0","N","0","","40 35:40.300","","0","80 00:56.200","0","0","0","0","2108","0","0","0","N","0","0","0","2","02501","0","","1.0","","1","N","N","N","0","","0","0","0","","0","N","","1","0","0","0","0","0","0","1","0","1","03","","","N","","","","","","","","","",""
"2023115050","1619","1","0","0","0","0","0","0","0","0","0","0","","02","12","2023","2","40.481972","-79.815028","1606","11","0","0","0","0","0","1","0","0","","0","0","0","","","0","N","0","","40 28:55.100","","7","79 48:54.100","0","0","0","0","2113","0","0","0","N","0","0","0","2","02113","0","","1.0","","9","N","N","N","0","","0","0","0","","0","","","1","0","0","0","0","0","0","2","0","1","03","98","","N","","","","","","","","","",""
"2023091588","1746","1","0","0","0","0","0","0","0","0","4","0","","02","10","2023","7","40.396144","-80.023686","1743","11","0","0","0","0","0","0","0","0","","0","0","0","","","2","","1","","40 23:46.118","","0","80 01:25.268","4","0","0","0","2301","0","0","0","N","0","0","0","5","02301","2","","1.0","","1","N","N","N","0","","0","0","1","","2","","","2","2","0","0","0","0","0","2","0","2","03","03","","N","","","","","","","","","",""
"2023110369","1940","0","0","0","0","0","0","0","0","0","4","1","","02","11","2023","1","40.53654","-80.184369","1938","11","0","0","0","0","0","1","0","0","","0","1","0","","","4","","1","","40 32:11.544","5","3","80 11:03.728","2","0","0","0","2458","0","0","0","N","0","0","0","4","02501","0","","1.0","2252.0","9","N","N","N","0","","3","1","1","","2","Y","","2","4","1","0","1","0","0","2","0","2","07","07","","N","","","","","","","","","",""
"2023093508","1137","1","0","0","0","0","0","0","0","0","7","0","","02","10","2023","6","40.529667","-79.898639","1135","11","0","0","0","0","0","1","0","0","","0","0","0","","","1","N","0","","40 31:46.800","6","0","79 53:55.100","3","0","0","0","2432","0","0","0","N","0","0","0","1","02432","0","","2.0","1220.0","9","N","N","N","0","","1","0","0","","0","N","","1","1","0","0","0","0","0","2","0","1","04","","","N","","","","","","","","","",""
"2023099209","0840","1","0","0","0","0","0","0","0","0","1","0","","02","10","2023","3","40.425874","-79.90115","0840","11","0","0","0","0","0","0","1","0","","0","0","0","","","1","N","0","","40 25:33.147","4","0","79 54:04.140","4","0","0","0","2301","0","0","0","N","0","0","0","2","68B03","1","","1.0","845.0","1","N","N","Y","0","","0","0","1","","0","N","","2","1","0","0","0","0","0","2","0","2","03","","","N","","","","","","","","","",""
"2023113740","1148","1","0","0","0","0","0","0","0","0","1","0","","02","12","2023","4","","-79.947506","1148","11","0","0","0","0","0","0","0","0","","0","0","0","","","1","","1","","40 35:58.73","","0","79 56:51.023","4","0","0","0","2207","0","0","0","N","0","0","0","2","02207","1","","1.0","","1","N","N","N","0","","0","0","1","","2","","","2","1","0","0","0","0","0","2","0","2","03","03","","N","","","","","","","","","",""
"2023093054","1605","1","0","0","0","0","0","0","0","0","7","0","","02","10","2023","7","40.428141","-79.955298","1551","11","0","0","0","0","0","1","0","0","","0","0","0","","","0","N","0","","40 25:41.308","3","0","79 57:19.071","0","0","0","0","2301","0","0","0","N","0","0","0","2","68B03","0","","2.0","1621.0","9","N","N","N","0","","0","0","0","","0","N","","1","0","0","0","0","0","0","2","0","1","07","04","","N","","","","","","","","","",""
"2023093652","1200","1","0","0","0","0","0","0","0","0","4","0","","02","10","2023","6","40.346051","-79.946451","1157","11","0","0","1","0","0","0","0","0","","0","0","0","","","0","","2","","40 20:45.784","","7","79 56:47.222","0","0","0","0","2473","0","0","0","N","0","0","0","3","02473","0","","1.0","","1","N","N","N","0","","0","0","1","","0","","","2","0","0","0","0","0","0","2","0","2","04","04","","N","","","","","","","","","",""
"2023095361","0638","1","0","0","0","0","0","0","0","0","7","0","","02","10","2023","1","40.405814","-79.815147","0631","11","0","0","0","0","0","0","0","0","","0","0","0","","","1","N","0","","40 24:20.930","5","0","79 48:54.530","8","0","0","0","2446","0","0","0","N","0","0","0","1","02446","0","","4.0","716.0","1","N","N","N","0","","0","0","0","","0","N","","1","1","1","0","0","1","0","2","0","1","03","03","","N","","","","","","","","","",""
"2023116819","0109","1","0","0","0","0","0","0","0","0","1","0","","02","12","2023","6","40.370466","-79.786293","0105","11","0","0","0","0","0","1","0","0","","0","0","0","","","1","","1","","40 22:13.678","","0","79 47:10.654","3","0","0","0","2111","0","0","0","N","0","0","0","3","02111","0","","1.0","","1","N","N","N","0","","1","0","2","","2","","","3","1","0","0","0","0","0","2","0","3","03","03","","N","","","","","","","","","",""
"2023113107","1635","1","0","0","0","0","0","0","0","0","4","0","","02","12","2023","3","40.443655","-79.995254","1629","11","0","0","0","0","0","0","0","0","","0","0","0","","","0","","1","","40 26:37.157","2","0","79 59:42.916","0","0","0","0","2301","0","0","0","N","0","0","0","3","02301","0","","1.0","1650.0","1","N","N","N","0","","0","0","1","","2","N","","2","0","0","0","0","0","0","2","0","2","03","03","","N","","","","","","","","","",""
"2023089057","0710","0","0","0","0","0","0","0","0","0","6","0","","02","10","2023","6","40.483916","-79.949139","0635","11","0","0","0","0","0","0","0","0","","0","0","0","","","0","N","0","","40 29:02.098","6","0","79 56:56.902","0","0","0","0","2301","0","0","0","N","0","0","0","1","02301","0","","6.0","730.0","9","N","N","N","0","","0","0","2","","0","N","","2","0","0","0","0","0","0","2","0","2","07","03","","N","","","","","","","","","",""
"2023096802","1929","1","0","0","0","0","0","0","0","0","1","0","","02","10","2023","4","40.43492","-79.989998","1912","11","0","0","0","0","0","0","0","0","","0","0","0","","","0","N","0","","40 26:05.713","","0","79 59:23.991","0","0","0","0","2301","0","0","0","N","0","0","0","3","02301","0","","1.0","","1","N","N","N","0","","0","0","1","","0","","","2","0","0","0","0","0","0","2","0","2","03","03","","N","","","","","","","","","",""
"2023113560","2002","2","0","0","0","0","0","0","0","0","5","0","","02","12","2023","4","40.310402","-79.937556","2000","11","0","0","1","0","0","0","0","0","","0","0","0","","","0","N","0","","40 18:37.447","1","7","79 56:15.200","0","0","0","0","2440","0","0","0","N","0","0","0","2","02440","0","","1.0","2040.0","1","N","N","Y","0","","0","0","0","","0","N","","2","0","0","0","0","0","0","2","0","2","03","","","N","","","","","","","","","",""
"2023114703","1455","1","0","0","0","0","0","0","0","0","7","0","","02","12","2023","1","40.3067","-79.996498","1455","11","0","0","0","0","0","0","1","0","","0","0","0","","","0","","2","","40 18:24.121","","0","79 59:47.393","0","0","0","0","2219","0","0","0","N","0","0","0","1","02501","0","","2.0","","9","N","N","N","0","","0","0","0","","0","","","1","0","0","0","0","0","0","2","0","1","07","","","N","","","","","","","","","",""
"2023116059","1617","0","0","0","0","0","0","0","0","0","7","0","","02","12","2023","3","40.521","-79.838056","1617","11","0","0","0","0","0","1","0","0","","0","0","0","","","0","N","0","","40 31:15.600","","0","79 50:17.000","0","0","0","0","2451","0","0","0","N","0","0","0","1","02451","0","","4.0","","1","N","N","N","0","","0","0","1","","0","","","1","0","0","0","0","0","0","2","0","1","03","","","N","","","","","","","","","",""
"2023091984","2155","1","0","0","0","0","0","0","0","0","7","0","","02","10","2023","1","40.657022","-80.04998","2151","11","0","0","0","0","1","0","0","0","","0","0","0","","","1","N","0","","40 39:25.278","6","0","80 02:59.928","8","0","0","0","2216","0","0","0","N","0","0","0","1","02505","0","","4.0","2246.0","9","N","N","N","0","","0","0","0","","0","Y","","1","1","0","0","0","1","0","2","0","1","07","","","N","","","","","","","","","",""
"2023089416","1513","1","0","0","0","0","0","0","0","0","7","0","","02","10","2023","6","40.581921","-79.839679","1500","11","0","0","0","1","0","0","0","0","","0","0","0","","","0","N","0","","40 34:54.916","","0","79 50:22.844","0","0","0","0","2209","0","0","0","N","0","0","0","2","02209","0","","4.0","","9","N","N","N","0","","0","0","0","","0","","","1","0","0","0","0","0","0","1","0","1","03","03","","N","","","","","","","","","",""
"2023113732","1044","1","0","0","0","0","0","0","0","0","7","0","","02","12","2023","5","40.349442","-79.806931","1041","11","0","0","0","0","0","0","0","1","","0","0","0","","","0","N","0","","40 20:57.992","","0","79 48:24.951","0","0","0","0","2477","0","0","0","N","0","0","0","1","02477","0","","5.0","","1","N","N","N","0","","0","0","0","","0","","","1","0","0","0","0","0","0","2","0","1","03","03","","N","","","","","","","","","",""
"2023116069","1430","1","0","0","0","0","0","0","0","0","4","0","","02","12","2023","5","40.542112","-80.258812","1423","11","0","0","0","0","0","1","0","0","","0","0","0","","","1","","2","","40 32:31.602","1","0","80 15:31.723","3","0","0","0","2213","0","0","0","N","0","0","0","2","02213","0","","1.0","1455.0","1","N","N","N","0","","1","0","1","","3","N","","2","1","0","0","0","0","0","1","0","2","03","03","","N","","","","","","","","","",""
"2023114535","2127","1","0","0","0","0","0","0","0","0","7","0","","02","12","2023","6","40.274833","-79.893925","2126","11","0","0","0","0","0","0","0","0","","0","0","0","","","1","N","0","","40 16:29.397","1","8","79 53:38.129","4","0","0","0","2440","0","0","0","N","0","0","0","1","02440","1","","2.0","2201.0","1","N","N","N","0","","0","0","0","","3","N","","1","1","0","0","0","0","0","2","0","1","03","","","N","","","","","","","","","",""
"2023091464","1508","0","0","0","0","0","0","0","0","0","5","0","","02","10","2023","6","40.395615","-79.997682","1459","11","0","0","0","0","0","1","0","0","","0","0","0","","","1","N","0","","40 23:44.213","","0","79 59:51.655","8","0","0","1","2301","0","0","0","N","0","0","0","2","02301","0","","1.0","","1","N","N","N","1","","0","0","0","","0","","","2","1","0","0","0","1","0","2","0","2","03","","","N","","","","","","","","","",""
"2023099266","1230","2","0","0","0","0","0","0","0","0","1","0","","02","10","2023","7","40.547489","-80.195314","1221","11","0","0","0","0","0","0","0","0","","0","0","0","","","0","Y","0","","40 32:50.960","1","0","80 11:43.129","9","0","0","0","2458","0","0","0","N","0","0","0","7","02458","0","","1.0","1300.0","1","N","N","N","0","","0","0","1","","0","N","","3","0","3","0","0","0","1","2","0","3","03","03","","N","","","","","","","","","",""
"2023089005","1925","0","0","0","0","0","0","0","0","0","1","0","","02","10","2023","6","40.384054","-79.995469","1918","11","0","0","0","0","0","1","0","0","","0","0","0","","","0","","2","","40 23:02.596","1","0","79 59:43.689","0","0","0","0","2301","0","0","0","N","0","0","0","2","02301","0","","1.0","2000.0","1","N","N","N","0","","0","0","2","","2","N","","2","0","0","0","0","0","0","2","0","2","03","03","","N","","","","","","","","","",""
"2023088544","2009","1","0","0","0","0","0","0","0","0","4","0","","02","10","2023","4","40.490431","-79.783127","2006","11","0","0","0","1","0","0","1","0","","0","0","0","","","2","","2","","40 29:25.551","2","0","79 46:59.257","3","0","0","0","2466","0","0","0","N","0","0","0","3","02466","0","","1.0","2053.0","1","N","N","N","0","","2","0","1","","3","Y","","2","2","1","0","0","0","0","2","0","2","03","","","N","","","","","","","","","",""
"2023114813","0938","1","0","0","0","0","0","0","0","0","7","0","","02","12","2023","7","40.476064","-80.068704","0936","11","0","0","0","0","0","1","0","0","","0","0","0","","","1","N","0","","40 28:33.832","6","0","80 04:07.334","8","0","0","0","2122","0","0","0","N","0","0","0","1","02122","0","","4.0","1002.0","1","N","N","N","0","","0","0","0","","0","N","","1","1","0","0","0","1","0","2","0","1","03","03","","N","","","","","","","","","",""
"2023113730","1319","2","0","0","0","0","0","0","0","0","6","0","","02","12","2023","4","40.360667","-80.210028","1307","11","0","0","0","0","0","0","0","0","","0","0","0","","","0","N","0","","40 21:38.400","","0","80 12:36.100","0","0","0","0","2119","0","0","0","N","0","0","0","2","02119","0","","1.0","","1","N","N","N","0","","0","0","0","","0","","","2","0","0","0","0","0","0","1","0","2","03","","","N","","","","","","","","","",""
"2023096266","0740","0","0","0","0","0","0","0","0","0","1","0","","02","10","2023","4","40.658887","-80.048372","0738","11","0","0","0","0","0","2","0","0","","0","0","0","","","0","","2","","40 39:31.994","2","0","80 02:54.140","0","0","0","0","2216","0","0","0","N","0","0","0","2","02505","0","","1.0","815.0","1","N","N","N","0","","0","0","2","","0","N","","2","0","0","0","0","0","0","2","0","2","03","03","","N","","","","","","","","","",""
"2023091258","1924","0","0","0","0","0","0","0","0","0","4","0","","02","10","2023","3","40.332478","-79.933855","1918","11","0","1","0","0","0","0","0","0","","0","0","0","","","3","","1","","40 19:56.919","","0","79 56:01.879","3","0","0","0","2473","0","0","0","N","0","0","0","3","02473","0","","1.0","","1","N","N","N","0","","3","0","2","","2","","","2","3","0","0","0","0","0","2","0","2","03","","","N","","","","","","","","","",""
"2023115435","1609","1","0","0","0","0","0","0","0","0","1","0","","02","12","2023","1","40.537603","-79.843004","1554","11","0","0","0","0","0","0","0","0","","0","0","0","","","0","Y","0","","40 32:15.370","","0","79 50:34.816","0","0","0","0","2208","0","0","0","N","0","0","0","2","68D02","0","","1.0","","9","N","N","N","0","","0","0","1","","0","","","2","0","0","0","0","0","0","2","0","2","07","","","N","","","","","","","","","",""
"2023116658","1147","0","0","0","0","0","0","0","0","0","1","0","","02","12","2023","5","40.306682","-79.996504","1146","11","0","0","0","0","0","0","1","1","","0","0","0","","","1","","2","","40 18:24.056","1","0","79 59:47.414","3","0","0","0","2219","0","0","0","N","0","0","0","3","02501","0","","1.0","1245.0","1","N","N","N","0","","1","0","2","","0","Y","","2","1","0","0","0","0","0","2","0","2","03","","","N","","","","","","","","","",""
"2023091914","1907","1","0","0","0","0","0","0","0","0","2","0","","02","10","2023","1","40.45171","-80.037987","1904","11","0","0","0","1","0","2","0","0","","0","0","0","","","0","N","0","","40 27:06.156","6","0","80 02:16.754","0","0","0","0","2301","0","0","0","N","0","0","0","7","02301","0","","1.0","2000.0","9","N","N","N","0","","0","0","2","","0","N","","3","0","0","0","0","0","0","2","0","3","07","07","","N","","","","","","","","","",""
"2023114818","1902","0","0","0","0","0","0","0","0","0","1","0","","02","12","2023","3","40.407833","-79.914667","1858","11","0","0","0","0","0","1","0","0","","0","0","0","","","0","N","0","","40 24:28.200","2","3","79 54:52.800","0","0","0","0","2438","0","0","0","N","0","0","0","3","02438","0","","1.0","1945.0","1","N","N","N","2","","0","0","0","","0","Y","","2","0","0","0","0","0","0","2","0","2","03","","","N","","","","","","","","","",""
"2023104154","0230","0","0","0","0","0","0","0","0","0","7","0","","02","11","2023","5","40.439443","-80.010331","0230","11","0","0","0","0","0","0","0","0","","0","0","0","","","1","N","0","","40 26:21.996","4","3","80 00:37.190","4","0","0","0","2301","0","0","0","N","0","0","0","1","68B03","1","","4.0","246.0","1","N","N","N","0","","0","0","1","","0","N","","1","1","0","0","0","0","0","2","0","1","03","","","N","","","","","","","","","",""
"2023117075","1824","0","0","0","0","0","0","0","0","0","98","0","","02","12","2023","5","40.66663","-80.096256","1815","11","0","0","0","0","0","0","0","1","","0","0","0","","","0","N","0","","40 39:59.869","2","0","80 05:46.520","0","0","0","0","2212","0","0","0","N","0","0","0","2","02505","0","","1.0","1849.0","9","N","N","N","0","","0","0","1","","0","N","","1","0","0","0","0","0","0","2","0","1","07","","","N","","","","","","","","","",""