"CRN","ARRIVAL_TM","AUTOMOBILE_COUNT","BELTED_DEATH_COUNT","BELTED_SUSP_SERIOUS_INJ_COUNT","BICYCLE_COUNT","BICYCLE_DEATH_COUNT","BICYCLE_SUSP_SERIOUS_INJ_COUNT","BUS_COUNT","CHLDPAS_DEATH_COUNT","CHLDPAS_SUSP_SERIOUS_INJ_COUNT","COLLISION_TYPE","COMM_VEH_COUNT","CONS_ZONE_SPD_LIM","COUNTY","CRASH_MONTH","CRASH_YEAR","DAY_OF_WEEK","DEC_LATITUDE","DEC_LONGITUDE","DISPATCH_TM","DISTRICT","DRIVER_COUNT_16YR","DRIVER_COUNT_17YR","DRIVER_COUNT_18YR","DRIVER_COUNT_19YR","DRIVER_COUNT_20YR","DRIVER_COUNT_50_64YR","DRIVER_COUNT_65_74YR","DRIVER_COUNT_75PLUS","EST_HRS_CLOSED","FATAL_COUNT","HEAVY_TRUCK_COUNT","HORSE_BUGGY_COUNT","HOUR_OF_DAY","ILLUMINATION","INJURY_COUNT","INTERSECTION_RELATED","INTERSECT_TYPE","LANE_CLOSED","LATITUDE","LN_CLOSE_DIR","LOCATION_TYPE","LONGITUDE","MAX_SEVERITY_LEVEL","MCYCLE_DEATH_COUNT","MCYCLE_SUSP_SERIOUS_INJ_COUNT","MOTORCYCLE_COUNT","MUNICIPALITY","NONMOTR_COUNT","NONMOTR_DEATH_COUNT","NONMOTR_SUSP_SERIOUS_INJ_COUNT","NTFY_HIWY_MAINT","PED_COUNT","PED_DEATH_COUNT","PED_SUSP_SERIOUS_INJ_COUNT","PERSON_COUNT","POLICE_AGCY","POSSIBLE_INJ_COUNT","RDWY_SURF_TYPE_CD","RELATION_TO_ROAD","ROADWAY_CLEARED","ROAD_CONDITION","SCH_BUS_IND","SCH_ZONE_IND","SECONDARY_CRASH","SMALL_TRUCK_COUNT","SPEC_JURIS_CD","SUSP_MINOR_INJ_COUNT","SUSP_SERIOUS_INJ_COUNT","SUV_COUNT","TCD_FUNC_CD","TCD_TYPE","TFC_DETOUR_IND","TIME_OF_DAY","TOTAL_UNITS","TOT_INJ_COUNT","UNBELTED_OCC_COUNT","UNB_DEATH_COUNT","UNB_SUSP_SERIOUS_INJ_COUNT","UNK_INJ_DEG_COUNT","UNK_INJ_PER_COUNT","URBAN_RURAL","VAN_COUNT","VEHICLE_COUNT","WEATHER1","WEATHER2","WORKERS_PRES","WORK_ZONE_IND","WORK_ZONE_LOC","WORK_ZONE_TYPE","WZ_CLOSE_DETOUR","WZ_FLAGGER","WZ_LAW_OFFCR_IND","WZ_LN_CLOSURE","WZ_MOVING","WZ_OTHER","WZ_SHLDER_MDN","WZ_WORKERS_INJ_KILLED"
"2023096089","1910","1","0","0","0","0","0","0","0","0","4","0","","02","10","2023","5","40.396616","-80.031106","1856","11","0","0","0","0","0","0","0","0","","0","0","0","","","0","","3","","40 23:47.817","1","0","80 01:51.982","0","0","0","0","2301","0","0","0","N","0","0","0","5","02301","0","","1.0","1930.0","1","N","N","N","0","","0","0","2","","0","N","","3","0","0","0","0","0","0","2","0","3","03","03","","N","","","","","","","","","",""
"2023112250","2330","2","0","0","0","0","0","0","0","0","4","0","","02","12","2023","1","40.478908","-80.043019","2326","11","0","0","0","0","0","0","0","0","","0","0","0","","","0","N","2","","40 28:44.067","","0","80 02:34.868","9","0","0","0","2301","0","0","0","N","0","0","0","3","02301","0","","1.0","","1","N","N","N","0","","0","0","0","","2","","","2","0","2","0","0","0","1","2","0","2","03","","","N","","","","","","","","","",""
"2023116388","1112","1","0","0","0","0","0","0","0","0","4","0","","02","12","2023","6","40.361622","-80.124289","1108","11","0","0","0","0","0","0","1","0","","0","0","0","","","0","N","0","","40 21:41.840","3","7","80 07:27.440","0","0","0","0","2119","0","0","0","N","0","0","0","2","02119","0","","1.0","1149.0","1","N","N","N","0","","0","0","1","","3","N","","2","0","0","0","0","0","0","2","0","2","03","03","","N","","","","","","","","","",""
"2023096807","1219","1","0","0","0","0","0","0","0","0","4","0","","02","10","2023","1","40.631655","-79.996932","1211","11","0","0","0","1","0","0","0","0","","0","0","0","","","0","N","0","","40 37:53.958","4","0","79 59:48.955","0","0","0","0","2216","0","0","0","N","0","0","0","3","02505","0","","1.0","1247.0","9","N","N","N","1","","0","0","0","","0","N","","2","0","0","0","0","0","0","1","0","2","07","","","N","","","","","","","","","",""
"2023096115","2045","2","0","0","0","0","0","0","0","0","4","0","","02","10","2023","5","40.449794","-79.950743","2044","11","0","0","0","0","0","2","0","0","","0","0","0","","","1","","1","","40 26:59.257","7","0","79 57:02.673","3","0","0","0","2301","0","0","0","N","0","0","0","2","02301","0","","1.0","2115.0","1","N","N","N","0","","1","0","0","","2","N","","2","1","0","0","0","0","0","2","0","2","03","03","","N","","","","","","","","","",""
"2023114135","1440","0","0","0","0","0","0","0","0","0","4","0","","02","12","2023","6","40.448254","-80.174688","1435","11","0","0","0","0","0","0","0","1","","0","0","0","","","0","N","0","","40 26:53.713","3","7","80 10:28.875","0","0","0","0","2214","0","0","0","N","0","0","0","2","02214","0","","1.0","1522.0","1","N","N","N","0","","0","0","2","","3","Y","","2","0","0","0","0","0","0","2","0","2","03","03","","N","","","","","","","","","",""
"2023115022","1850","0","0","0","0","0","0","0","0","0","5","0","","02","12","2023","5","40.615576","-80.094556","1847","11","0","0","0","0","0","0","0","0","","0","0","0","","","2","Y","0","","40 36:56.073","","0","80 05:40.400","8","0","0","0","2481","0","0","0","N","0","0","0","4","02481","0","","2.0","","1","N","N","N","0","","0","0","2","","2","","","2","2","0","0","0","2","1","2","0","2","03","","","N","","","","","","","","","",""
"2023115047","1556","0","0","0","0","0","0","0","0","0","1","0","","02","12","2023","2","40.435667","-80.265833","1548","11","0","0","0","1","0","0","0","0","","0","0","0","","","1","N","0","","40 26:08.400","5","0","80 15:57.000","3","0","0","0","2214","0","0","0","N","0","0","0","2","02214","0","","2.0","1633.0","9","N","N","N","2","","1","0","0","","0","N","","2","1","0","0","0","0","0","2","0","2","10","04","","N","","","","","","","","","",""
"2023115159","1935","1","0","0","0","0","0","0","0","0","4","0","","02","12","2023","1","40.347378","-79.944742","1932","11","0","1","0","0","0","0","0","0","","0","0","0","","","0","","5","","40 20:50.559","","7","79 56:41.070","0","0","0","0","2473","0","0","0","N","0","0","0","4","02473","0","","1.0","","9","N","N","N","0","","0","0","1","","3","","","2","0","0","0","0","0","0","2","0","2","04","07","","N","","","","","","","","","",""
"2023098662","0241","1","0","0","0","0","0","0","0","0","4","0","","02","10","2023","3","40.347312","-79.892294","0241","11","0","0","0","0","0","0","0","0","","0","0","0","","","1","N","0","","40 20:50.324","","7","79 53:32.260","4","0","0","0","2423","0","0","0","N","0","0","0","2","02304","1","","2.0","","1","N","N","N","0","","0","0","1","","0","","","2","1","0","0","0","0","1","2","0","2","03","","","N","","","","","","","","","",""
"2023096149","0018","1","0","0","0","0","0","0","0","0","7","0","","02","10","2023","6","40.477579","-79.96878","0018","11","0","0","0","0","0","0","0","0","","0","0","0","","","0","Y","0","","40 28:39.283","1","2","79 58:07.607","0","0","0","0","2445","0","0","0","N","0","0","0","1","02445","0","","2.0","102.0","1","","","N","0","","0","0","0","","2","N","","1","0","0","0","0","0","0","2","0","1","03","03","","N","","","","","","","","","",""
"2023097442","0042","0","0","0","0","0","0","0","0","0","7","0","","02","10","2023","3","40.43635","-80.035722","0040","11","0","0","0","0","0","0","0","0","","0","0","0","","","1","N","0","","40 26:10.861","","0","80 02:08.598","2","0","0","0","2301","0","0","0","N","0","0","0","1","02301","0","","4.0","","9","N","N","N","0","","0","1","1","","0","","","1","1","1","0","1","0","0","2","0","1","07","","","N","","","","","","","","","",""
"2023114512","1531","0","0","0","0","0","0","0","0","0","1","0","","02","12","2023","7","40.5195","-80.004866","1530","11","1","0","0","0","0","0","0","0","","0","0","0","","","0","N","0","","40 31:10.199","1","0","80 00:17.518","0","0","0","0","2116","0","0","0","N","0","0","0","2","02116","0","","1.0","1600.0","1","N","N","N","0","","0","0","2","","2","N","","2","0","0","0","0","0","0","2","0","2","03","","","N","","","","","","","","","",""
"2023114083","0616","0","0","0","0","0","0","0","0","0","4","0","","02","12","2023","5","40.332948","-79.984744","0613","11","0","0","0","0","0","2","0","0","","0","0","0","","","2","","2","","40 19:58.614","7","0","79 59:05.079","3","0","0","0","2403","0","0","0","Y","0","0","0","2","02403","0","","1.0","1028.0","1","N","N","N","0","","1","0","2","","2","Y","","2","2","0","0","0","1","0","2","0","2","03","03","","N","","","","","","","","","",""
"2023116912","1552","0","0","0","0","0","0","0","0","0","4","0","","02","12","2023","2","40.514745","-79.952603","1546","11","0","0","0","0","0","1","0","0","","0","0","0","","","2","N","0","","40 30:53.082","2","7","79 57:09.369","3","0","0","0","2118","0","0","0","N","0","0","0","3","02118","0","","1.0","1642.0","1","N","N","N","1","","2","0","1","","0","Y","","2","2","0","0","0","0","0","2","0","2","04","","","N","","","","","","","","","",""
"2023114979","1333","1","0","0","0","0","0","0","0","0","1","0","","02","12","2023","2","40.56625","-80.016444","1027","11","0","2","0","0","0","0","0","0","","0","0","0","","","0","Y","0","","40 33:58.500","","0","80 00:59.200","0","0","0","0","2108","0","0","0","N","0","0","0","5","02108","0","","1.0","","9","N","N","N","0","","0","0","1","","0","N","","2","0","0","0","0","0","0","2","0","2","07","","","N","","","","","","","","","",""
"2023096457","2001","1","0","0","0","0","0","0","0","0","7","0","","02","10","2023","6","40.478805","-79.966921","2000","11","0","0","1","0","0","0","0","0","","0","0","0","","","0","N","0","","40 28:43.697","1","0","79 58:00.917","0","0","0","0","2445","0","0","0","N","0","0","0","1","02445","0","","2.0","2042.0","9","N","N","N","0","","0","0","0","","3","N","","1","0","1","0","0","0","0","2","0","1","07","04","","N","","","","","","","","","",""
"2023103446","1351","0","0","0","0","0","0","0","0","0","7","0","45","02","10","2023","1","40.461673","-80.111473","1337","11","0","0","0","0","0","0","0","0","","0","0","0","","","1","N","0","","40 27:42.022","1","0","80 06:41.303","3","0","0","0","2126","0","0","0","N","0","0","0","3","68B03","0","","2.0","1429.0","9","N","N","N","0","","1","0","1","","0","N","","1","1","0","0","0","0","0","2","0","1","07","","N","Y","4","1","","","N","","","","Y","N"
"2023116753","0939","1","0","0","0","0","0","0","0","0","1","0","","02","12","2023","7","40.428283","-79.890542","0913","11","0","0","0","0","0","1","0","0","","0","0","0","","","2","","3","","40 25:41.817","4","2","79 53:25.951","3","0","0","0","2426","0","0","0","N","0","0","0","3","68B03","0","","1.0","1020.0","1","N","N","N","0","","2","0","2","","4","Y","","3","2","0","0","0","0","0","2","0","3","03","","","N","","","","","","","","","",""
"2023115317","0040","1","0","0","0","0","0","0","0","0","7","0","","02","12","2023","2","40.491983","-80.110473","0037","11","0","0","0","0","0","0","0","0","","0","0","0","","","0","N","0","","40 29:31.138","7","0","80 06:37.703","0","0","0","0","2126","0","0","0","N","0","0","0","1","02126","0","","4.0","151.0","1","N","N","N","0","","0","0","0","","0","N","","1","0","0","0","0","0","0","2","0","1","03","","","N","","","","","","","","","",""
"2023114539","0018","0","0","0","0","0","0","0","0","0","5","0","","02","12","2023","1","40.427139","-79.845889","0016","11","0","0","0","0","0","0","0","0","","0","0","0","","","0","N","0","","40 25:37.700","3","0","79 50:45.200","9","0","0","0","2431","0","0","0","N","0","0","0","2","02431","0","","1.0","138.0","1","N","N","N","0","","0","0","3","","0","N","","3","0","0","0","0","0","1","2","0","3","03","","","N","","","","","","","","","",""
"2023116056","0653","0","0","0","0","0","0","0","0","0","4","0","","02","12","2023","4","40.626185","-80.056151","0648","11","0","0","0","0","0","0","0","0","","0","0","0","","","1","N","1","","40 37:34.267","","0","80 03:22.142","4","0","0","0","2216","0","0","0","N","0","0","0","2","02505","1","","1.0","","9","N","N","N","1","","0","0","1","","2","","","2","1","0","0","0","0","0","2","0","2","03","","","N","","","","","","","","","",""
"2023097907","2121","0","0","0","0","0","0","0","0","0","7","0","","02","10","2023","3","40.426366","-79.906227","2113","11","0","0","0","0","0","0","0","0","","0","0","0","","","0","N","0","","40 25:34.918","","0","79 54:22.418","0","0","0","0","2301","0","0","0","N","0","0","0","1","02301","0","","2.0","","1","N","N","N","0","","0","0","1","","0","","","1","0","0","0","0","0","0","2","0","1","03","03","","N","","","","","","","","","",""
"2023095838","0850","0","0","0","0","0","0","0","0","0","98","0","","02","10","2023","4","40.389476","-79.828071","0843","11","0","0","0","0","0","0","0","0","","0","0","0","","","0","N","0","","40 23:22.113","2","0","79 49:41.056","0","0","0","0","2111","0","0","0","N","0","0","0","1","02111","0","","1.0","922.0","1","N","N","N","1","","0","0","0","","0","N","","1","0","0","0","0","0","0","2","0","1","04","04","","N","","","","","","","","","",""
"2023117422","1035","0","0","0","0","0","0","0","0","0","7","1","","02","12","2023","7","40.361453","-79.874511","1026","11","0","0","0","0","0","0","0","0","","0","0","0","","","0","N","0","","40 21:41.232","","7","79 52:28.240","0","0","0","0","2473","0","0","0","N","0","0","0","2","02473","0","","5.0","","1","N","N","N","0","","0","0","0","","0","","","1","0","0","0","0","0","0","2","1","1","03","03","","N","","","","","","","","","",""
"2023113752","1618","0","0","0","0","0","0","0","0","0","1","0","","02","12","2023","5","40.478622","-80.042777","1558","11","0","0","0","0","0","0","0","0","","0","0","0","","","0","N","0","","40 28:43.039","","0","80 02:33.998","0","0","0","0","2301","0","0","0","N","0","0","0","2","02301","0","","1.0","","1","N","N","N","0","","0","0","2","","0","","","2","0","0","0","0","0","0","2","0","2","03","03","","N","","","","","","","","","",""
"2023099694","1719","1","0","0","0","0","0","0","0","0","4","0","","02","10","2023","2","40.383881","-79.85944","1717","11","0","0","0","0","0","2","0","0","","0","0","0","","","1","N","0","","40 23:01.973","5","7","79 51:33.985","3","0","0","0","2303","0","0","0","N","0","0","0","2","02303","0","","1.0","1717.0","9","N","N","N","0","","1","0","1","","0","N","","2","1","0","0","0","0","0","2","0","2","07","","","N","","","","","","","","","",""
"2023114471","1820","1","0","0","0","0","0","0","0","0","4","1","","02","12","2023","7","40.570725","-80.002778","1818","11","0","1","0","0","0","0","0","0","","0","1","0","","","0","","1","","40 34:14.609","4","0","80 00:09.999","0","0","0","0","2108","0","0","0","N","0","0","0","2","02108","0","","1.0","1900.0","1","N","N","N","0","","0","0","0","","2","N","","2","0","0","0","0","0","0","2","0","2","03","03","","N","","","","","","","","","",""
"2023115356","1558","0","0","0","0","0","0","0","0","0","1","0","","02","9","2023","4","40.433298","-80.141963","1549","11","0","0","0","0","0","1","0","0","","0","0","0","","","0","N","0","","40 25:59.873","","0","80 08:31.066","0","0","0","0","2115","0","0","0","N","0","0","0","2","68B03","0","","1.0","","1","N","N","N","0","","0","0","2","","0","","","2","0","0","0","0","0","0","2","0","2","03","03","","N","","","","","","","","","",""
"2023116421","0808","0","0","0","0","0","0","0","0","0","1","0","","02","12","2023","2","40.52991","-79.771429","0802","11","0","0","0","0","0","0","0","0","","0","0","0","","","1","","2","","40 31:47.676","","0","79 46:17.145","4","0","0","0","2466","0","0","0","N","0","0","0","2","02466","1","","1.0","","9","N","N","N","2","","0","0","0","","0","","","2","1","0","0","0","0","0","1","0","2","02","","","N","","","","","","","","","",""
"2023100735","0245","1","0","0","0","0","0","0","0","0","7","0","","02","10","2023","7","40.465359","-80.000128","0242","11","0","0","0","0","1","0","0","0","","0","0","0","","","0","N","0","","40 27:55.294","","0","80 00:00.462","0","0","0","0","2301","0","0","0","N","0","0","0","2","68B03","0","","3.0","","9","N","N","N","1","","0","0","0","","0","","","2","0","0","0","0","0","0","2","0","2","03","","","N","","","","","","","","","",""
"2023113896","1105","0","0","0","0","0","0","0","0","0","1","0","","02","12","2023","5","40.419949","-80.036761","1052","11","0","0","0","0","0","0","1","1","","0","0","0","","","2","N","0","","40 25:11.815","","2","80 02:12.341","8","0","0","0","2301","0","0","0","N","0","0","0","3","68B03","0","","1.0","","1","N","N","N","0","","0","0","2","","0","","","2","2","1","0","0","2","0","2","0","2","03","03","","N","","","","","","","","","",""
"2023117208","0122","1","0","0","0","0","0","0","0","0","2","0","","02","12","2023","4","40.384528","-79.940056","0119","11","0","0","0","0","0","0","0","0","","0","0","0","","","0","N","0","","40 23:04.300","","0","79 56:24.200","0","0","0","0","2403","0","0","0","N","0","0","0","2","02403","0","","6.0","","1","N","N","N","0","","0","0","1","","0","","","2","0","0","0","0","0","0","2","0","2","03","03","","N","","","","","","","","","",""
"2023097642","2248","1","0","0","0","0","0","0","0","0","7","0","","02","10","2023","2","40.562986","-80.041319","2243","11","0","0","0","0","0","1","0","0","","0","0","0","","","1","","3","","40 33:46.750","","3","80 02:28.747","3","0","0","0","2108","0","0","0","N","0","0","0","1","02108","0","","2.0","","2","N","N","N","0","","1","0","0","","0","","","1","1","0","0","0","0","0","2","0","1","06","07","","N","","","","","","","","","",""
"2023101099","2241","1","0","0","0","0","0","0","0","0","5","0","","02","10","2023","7","40.501529","-80.221983","2236","11","0","0","0","0","0","0","0","0","","0","0","0","","","1","N","0","","40 30:05.506","2","0","80 13:19.138","3","0","0","0","2213","0","0","0","N","0","0","0","5","02213","0","","1.0","2338.0","8","N","N","N","0","","1","0","2","","0","Y","","3","1","0","0","0","0","0","2","0","3","07","","","N","","","","","","","","","",""
"2023095666","1936","0","0","0","0","0","0","0","0","0","4","0","","02","10","2023","3","40.264579","-79.878666","1931","11","0","1","0","0","0","0","0","1","","0","0","0","","","0","","2","","40 15:52.484","7","0","79 52:43.198","0","0","0","0","2105","0","0","0","N","0","0","0","5","02105","0","","1.0","2038.0","1","N","N","Y","0","","0","0","3","","2","Y","","3","0","0","0","0","0","0","1","0","3","03","03","","N","","","","","","","","","",""
"2023114452","1758","1","0","0","0","0","0","0","0","0","98","0","","02","12","2023","7","40.367609","-80.124009","1741","11","0","0","1","0","0","0","0","0","","0","0","0","","","1","N","0","","40 22:03.393","","0","80 07:26.431","4","0","0","0","2119","0","0","0","N","0","0","0","2","02119","1","","1.0","","1","N","N","Y","0","","0","0","0","","0","","","2","1","1","0","0","0","0","2","1","2","03","03","","N","","","","","","","","","",""
"2023095128","1652","1","0","0","0","0","0","0","0","0","4","0","","02","10","2023","3","40.43548","-79.984376","1646","11","0","0","0","0","0","0","1","0","","0","0","0","","","0","","2","","40 26:07.728","","0","79 59:03.753","0","0","0","0","2301","0","0","0","N","0","0","0","2","02301","0","","1.0","","1","N","N","N","0","","0","0","1","","3","","","2","0","0","0","0","0","0","2","0","2","03","03","","N","","","","","","","","","",""
"2023103312","2250","0","0","0","0","0","0","0","0","0","7","0","","02","10","2023","7","40.523472","-80.242153","2245","11","1","0","0","0","0","0","0","0","","0","0","0","","","0","N","0","","40 31:24.500","4","0","80 14:31.750","0","0","0","0","2213","0","0","0","N","0","0","0","1","02213","0","","4.0","15.0","9","N","N","N","0","","0","0","1","","0","N","","1","0","0","0","0","0","0","2","0","1","07","","","N","","","","","","","","","",""
"2023114119","1110","1","0","1","0","0","0","0","0","0","1","0","","02","12","2023","6","40.344695","-79.796519","1108","11","0","0","0","0","0","0","2","0","","0","0","0","","","1","N","0","","40 20:40.901","7","7","79 47:47.469","2","0","0","0","2477","0","0","0","N","0","0","0","2","02477","0","","1.0","1135.0","1","N","N","N","1","","0","1","0","","0","Y","","2","1","0","0","0","0","0","2","0","2","03","03","","N","","","","","","","","","",""
"2023116456","0233","1","0","0","0","0","0","0","0","0","7","0","","02","11","2023","7","40.445449","-80.164482","0223","11","0","0","0","0","0","0","0","0","","0","0","0","","","0","N","0","","40 26:43.617","","0","80 09:52.136","0","0","0","0","2115","0","0","0","N","0","0","0","1","68B03","0","","4.0","","1","N","N","N","0","","0","0","0","","0","","","1","0","0","0","0","0","0","2","0","1","03","03","","N","","","","","","","","","",""
"2023084445","2137","2","0","0","0","0","0","0","0","0","4","0","","02","9","2023","7","40.388583","-79.832972","2129","11","0","0","0","0","0","0","0","0","","0","0","0","","","0","N","0","","40 23:18.900","4","0","79 49:58.700","0","0","0","0","2111","0","0","0","N","0","0","0","1","02111","0","","1.0","2258.0","1","N","N","N","0","","0","0","0","","0","N","","2","0","0","0","0","0","0","2","0","2","03","03","","N","","","","","","","","","",""
"2023096852","1650","0","0","0","0","0","0","0","0","0","4","0","","02","10","2023","6","40.366505","-80.061224","1650","11","0","0","0","0","0","0","1","0","","0","0","0","","","0","","2","","40 21:59.419","5","0","80 03:40.408","0","0","0","0","2109","0","0","0","N","0","0","0","2","02109","0","","1.0","1700.0","1","N","N","N","1","","0","0","1","","3","N","","2","0","0","0","0","0","0","2","0","2","04","","","N","","","","","","","","","",""
"2023098423","1204","0","0","0","0","0","0","0","0","0","7","0","","02","10","2023","2","40.529741","-79.772109","1201","11","0","0","0","0","0","1","0","0","","0","0","0","","","1","N","0","","40 31:47.066","1","0","79 46:19.593","8","0","0","0","2466","0","0","0","N","0","0","0","1","02466","0","","4.0","1400.0","9","N","N","N","0","","0","0","1","","0","Y","","1","1","1","0","0","1","0","2","0","1","07","","","N","","","","","","","","","",""
"2023098161","0856","0","0","0","0","0","0","0","0","0","98","0","","02","10","2023","3","40.329674","-80.0713","0854","11","0","0","0","0","0","0","0","0","","0","0","0","","","0","N","0","","40 19:46.825","2","0","80 04:16.681","0","0","0","0","2123","0","0","0","N","0","0","0","1","02123","0","","1.0","921.0","1","N","N","N","0","","0","0","1","","0","N","","1","0","0","0","0","0","0","2","0","1","03","03","","N","","","","","","","","","",""
"2023115449","0722","1","0","0","0","0","0","0","0","0","1","0","","02","12","2023","3","40.516389","-79.875867","0718","11","0","1","0","0","0","1","0","0","","0","0","0","","","0","N","0","","40 30:59.000","","0","79 52:33.120","0","0","0","0","2432","0","0","0","N","0","0","0","5","02432","0","","1.0","","2","N","N","N","0","","0","0","1","","0","","","2","0","0","0","0","0","0","2","0","2","10","","","N","","","","","","","","","",""
"2023096442","2210","1","0","0","0","0","0","0","0","0","7","0","","02","10","2023","6","40.470832","-79.830171","2205","11","0","0","0","0","0","0","0","0","","0","0","0","","","0","N","0","","40 28:14.995","","0","79 49:48.615","0","0","0","0","2113","0","0","0","N","0","0","0","1","02113","0","","4.0","","1","N","N","N","0","","0","0","0","","0","","","1","0","0","0","0","0","0","2","0","1","03","03","","N","","","","","","","","","",""
"2023114938","0732","1","0","0","0","0","0","0","0","0","7","0","","02","12","2023","2","40.61075","-79.939444","0727","11","0","0","1","0","0","0","0","0","","0","0","0","","","0","N","0","","40 36:38.700","6","0","79 56:22.000","0","0","0","0","2207","0","0","0","N","0","0","0","1","02207","0","","4.0","810.0","9","N","N","N","0","","0","0","0","","0","N","","1","0","0","0","0","0","0","2","0","1","07","","","N","","","","","","","","","",""
"2023114183","1715","1","0","0","0","0","0","0","0","0","1","0","","02","12","2023","6","40.529946","-79.783449","1715","11","0","0","0","0","0","0","1","1","","0","0","0","","","0","Y","0","","40 31:47.805","3","0","79 47:00.417","0","0","0","0","2466","0","0","0","N","0","0","0","2","02466","0","","1.0","1749.0","1","N","N","N","0","","0","0","1","","0","N","","2","0","0","0","0","0","0","1","0","2","03","03","","N","","","","","","","","","",""
"2023115444","1138","1","0","0","0","0","0","0","0","0","5","0","","02","12","2023","4","40.447626","-80.154714","1138","11","0","0","0","0","0","1","0","0","","0","0","0","","","0","","2","","40 26:51.454","","0","80 09:16.972","0","0","0","0","2115","0","0","0","N","0","0","0","3","02115","0","","1.0","","1","N","N","Y","0","","0","0","0","","2","","","2","0","0","0","0","0","0","2","1","2","03","03","","N","","","","","","","","","",""
"2023114812","1642","3","0","0","0","0","0","0","0","0","4","0","","02","12","2023","5","40.53589","-79.841639","1635","11","0","0","0","0","0","1","1","1","","0","0","0","","","0","N","0","","40 32:09.204","","7","79 50:29.901","0","0","0","0","2208","0","0","0","N","0","0","0","7","02208","0","","1.0","","1","N","N","Y","0","","0","0","2","","0","","","5","0","0","0","0","0","0","2","0","5","03","03","","N","","","","","","","","","",""
"2023116140","1541","0","0","0","0","0","0","0","0","0","1","1","","02","11","2023","6","40.445926","-80.009728","1522","11","0","0","0","0","0","2","0","0","","0","1","0","","","3","N","0","","40 26:45.334","","3","80 00:35.020","4","0","0","0","2301","0","0","0","N","0","0","0","5","68B03","3","","1.0","","1","N","N","N","0","","0","0","1","","0","","","2","3","0","0","0","0","0","2","0","2","03","03","","N","","","","","","","","","",""
"2023098639","2030","1","0","0","0","0","0","0","0","0","4","0","","02","10","2023","2","40.438953","-79.760579","2024","11","1","0","0","0","0","0","0","0","","0","0","0","","","0","","1","","40 26:20.229","3","0","79 45:38.086","0","0","0","0","2446","0","0","0","N","0","0","0","3","02446","0","","1.0","2105.0","9","N","N","N","0","","0","0","1","","2","Y","","2","0","0","0","0","0","0","2","0","2","07","07","","N","","","","","","","","","",""
"2023099400","1700","1","0","0","0","0","0","0","0","0","4","0","","02","10","2023","2","40.43345","-79.75263","1654","11","0","0","0","0","0","1","1","0","","0","0","0","","","1","N","0","","40 26:00.420","1","7","79 45:09.468","3","0","0","0","2446","0","0","0","N","0","0","0","2","02446","0","","1.0","1715.0","1","N","N","N","0","","1","0","1","","0","N","","2","1","0","0","0","0","0","2","0","2","03","03","","N","","","","","","","","","",""
"2023113118","2056","0","0","0","0","0","0","0","0","0","7","0","","02","12","2023","3","40.468404","-79.863884","2052","11","0","0","0","0","0","1","0","0","","0","0","0","","","1","N","0","","40 28:06.254","4","0","79 51:49.981","8","0","0","0","2113","0","0","0","N","0","0","0","1","02113","0","","2.0","2153.0","1","N","N","Y","0","","0","0","2","","0","N","","2","1","0","0","0","1","0","2","0","2","03","98","","N","","","","","","","","","",""
"2023118612","1042","1","0","0","0","0","0","0","0","0","7","0","","02","12","2023","4","40.655415","-80.074455","1021","11","0","0","0","0","0","0","0","0","","0","0","0","","","0","N","0","","40 39:19.494","","5","80 04:28.039","0","0","0","0","2212","0","0","0","N","0","0","0","1","68T02","0","","3.0","","9","N","N","N","0","","0","0","0","","0","","","1","0","0","0","0","0","0","2","0","1","07","","","N","","","","","","","","","",""
"2023114954","0912","0","0","0","0","0","0","0","0","0","4","1","","02","12","2023","3","40.537397","-80.186046","0909","11","0","0","0","0","0","0","0","0","","0","1","0","","","0","","1","","40 32:14.630","2","0","80 11:09.765","0","0","0","0","2458","0","0","0","N","0","0","0","2","02458","0","","1.0","945.0","1","N","N","N","0","","0","0","1","","2","N","","2","0","0","0","0","0","0","2","0","2","03","03","","N","","","","","","","","","",""
"2023115443","0944","0","0","0","0","0","0","0","0","0","7","0","","02","12","2023","2","40.442278","-79.800583","0938","11","0","0","0","0","0","0","0","0","","0","0","0","","","0","N","0","","40 26:32.200","4","0","79 48:02.100","0","0","0","0","2113","0","0","0","N","0","0","0","1","02113","0","","4.0","1019.0","9","N","N","N","1","","0","0","0","","0","Y","","1","0","0","0","0","0","0","2","0","1","06","07","","N","","","","","","","","","",""
"2023095508","0946","0","0","0","0","0","0","0","0","0","4","0","","02","10","2023","3","40.384813","-79.823353","0942","11","0","0","0","0","0","2","0","0","","0","0","0","","","1","N","0","","40 23:05.328","5","7","79 49:24.070","4","0","0","0","2111","0","0","0","N","0","0","0","3","02111","1","","1.0","1027.0","1","N","N","N","0","","0","0","2","","0","N","","2","1","0","0","0","0","0","2","0","2","03","03","","N","","","","","","","","","",""
"2023103678","1922","0","0","0","0","0","0","0","0","0","4","0","","02","10","2023","4","40.45082","-79.713591","1911","11","0","0","0","0","0","0","0","0","","0","0","0","","","0","","1","","40 27:02.952","","0","79 42:48.928","0","0","0","0","2466","0","0","0","N","0","0","0","2","02466","0","","1.0","","1","N","N","N","0","","0","0","2","","2","","","2","0","2","0","0","0","0","2","0","2","03","04","","N","","","","","","","","","",""