"CRN","ARRIVAL_TM","AUTOMOBILE_COUNT","BELTED_DEATH_COUNT","BELTED_SUSP_SERIOUS_INJ_COUNT","BICYCLE_COUNT","BICYCLE_DEATH_COUNT","BICYCLE_SUSP_SERIOUS_INJ_COUNT","BUS_COUNT","CHLDPAS_DEATH_COUNT","CHLDPAS_SUSP_SERIOUS_INJ_COUNT","COLLISION_TYPE","COMM_VEH_COUNT","CONS_ZONE_SPD_LIM","COUNTY","CRASH_MONTH","CRASH_YEAR","DAY_OF_WEEK","DEC_LATITUDE","DEC_LONGITUDE","DISPATCH_TM","DISTRICT","DRIVER_COUNT_16YR","DRIVER_COUNT_17YR","DRIVER_COUNT_18YR","DRIVER_COUNT_19YR","DRIVER_COUNT_20YR","DRIVER_COUNT_50_64YR","DRIVER_COUNT_65_74YR","DRIVER_COUNT_75PLUS","EST_HRS_CLOSED","FATAL_COUNT","HEAVY_TRUCK_COUNT","HORSE_BUGGY_COUNT","HOUR_OF_DAY","ILLUMINATION","INJURY_COUNT","INTERSECTION_RELATED","INTERSECT_TYPE","LANE_CLOSED","LATITUDE","LN_CLOSE_DIR","LOCATION_TYPE","LONGITUDE","MAX_SEVERITY_LEVEL","MCYCLE_DEATH_COUNT","MCYCLE_SUSP_SERIOUS_INJ_COUNT","MOTORCYCLE_COUNT","MUNICIPALITY","NONMOTR_COUNT","NONMOTR_DEATH_COUNT","NONMOTR_SUSP_SERIOUS_INJ_COUNT","NTFY_HIWY_MAINT","PED_COUNT","PED_DEATH_COUNT","PED_SUSP_SERIOUS_INJ_COUNT","PERSON_COUNT","POLICE_AGCY","POSSIBLE_INJ_COUNT","RDWY_SURF_TYPE_CD","RELATION_TO_ROAD","ROADWAY_CLEARED","ROAD_CONDITION","SCH_BUS_IND","SCH_ZONE_IND","SECONDARY_CRASH","SMALL_TRUCK_COUNT","SPEC_JURIS_CD","SUSP_MINOR_INJ_COUNT","SUSP_SERIOUS_INJ_COUNT","SUV_COUNT","TCD_FUNC_CD","TCD_TYPE","TFC_DETOUR_IND","TIME_OF_DAY","TOTAL_UNITS","TOT_INJ_COUNT","UNBELTED_OCC_COUNT","UNB_DEATH_COUNT","UNB_SUSP_SERIOUS_INJ_COUNT","UNK_INJ_DEG_COUNT","UNK_INJ_PER_COUNT","URBAN_RURAL","VAN_COUNT","VEHICLE_COUNT","WEATHER1","WEATHER2","WORKERS_PRES","WORK_ZONE_IND","WORK_ZONE_LOC","WORK_ZONE_TYPE","WZ_CLOSE_DETOUR","WZ_FLAGGER","WZ_LAW_OFFCR_IND","WZ_LN_CLOSURE","WZ_MOVING","WZ_OTHER","WZ_SHLDER_MDN","WZ_WORKERS_INJ_KILLED"
"2023091124","0523","0","0","0","0","0","0","0","0","0","4","0","","02","10","2023","5","40.428105","-79.934499","0521","11","0","0","0","0","0","0","1","0","","0","0","0","","","1","","1","","40 25:41.177","2","0","79 56:04.195","8","0","0","0","2301","0","0","0","N","0","0","0","2","02301","0","","1.0","615.0","1","N","N","Y","0","","0","0","2","","1","Y","","2","1","0","0","0","1","0","2","0","2","03","","","N","","","","","","","","","",""
"2023082885","1829","1","0","0","0","0","0","0","0","0","1","0","","02","9","2023","5","40.542117","-80.013108","1826","11","0","0","0","0","0","0","0","0","","0","0","0","","","1","","2","","40 32:31.620","5","0","80 00:47.189","8","0","0","0","2116","0","0","0","N","0","0","0","2","02116","0","","1.0","1930.0","1","N","N","N","0","","0","0","1","","2","N","","2","1","0","0","0","1","0","2","0","2","03","","","N","","","","","","","","","",""
"2023079766","1908","2","0","0","0","0","0","0","0","0","4","0","","02","9","2023","2","40.403866","-79.88298","1904","11","0","0","0","0","0","1","1","0","","0","0","0","","","0","","2","","40 24:13.917","6","3","79 52:58.728","0","0","0","0","2475","0","0","0","N","0","0","0","6","02463","0","","1.0","2004.0","1","N","N","N","0","","0","0","2","","2","N","","4","0","0","0","0","0","0","2","0","4","03","03","","N","","","","","","","","","",""
"2023079446","1224","2","0","0","0","0","0","0","0","0","6","0","","02","9","2023","6","40.443204","-79.814291","1221","11","0","0","0","0","0","1","0","0","","0","0","0","","","0","N","0","","40 26:35.536","3","0","79 48:51.448","0","0","0","0","2113","0","0","0","N","0","0","0","2","02113","0","","1.0","1255.0","1","N","N","N","0","","0","0","0","","0","N","","2","0","0","0","0","0","0","2","0","2","03","03","","N","","","","","","","","","",""
"2023082145","0050","1","0","0","0","0","0","0","0","0","7","0","","02","9","2023","2","40.326603","-80.152621","0009","11","0","0","0","0","0","0","0","0","","0","0","0","","","0","N","0","","40 19:35.769","","2","80 09:09.435","0","0","0","0","2119","0","0","0","N","0","0","0","1","68T09","0","","2.0","","1","N","N","N","0","","0","0","0","","0","","","1","0","0","0","0","0","0","2","0","1","03","","","N","","","","","","","","","",""
"2023095503","1010","0","0","0","0","0","0","0","0","0","98","0","","02","10","2023","3","40.621151","-79.827901","0933","11","0","0","0","0","0","1","0","0","","0","0","0","","","0","N","0","","40 37:16.144","4","0","79 49:40.445","0","0","0","0","2220","0","0","0","N","0","0","0","1","02501","0","","1.0","1050.0","1","","","N","0","","0","0","1","","8","N","","1","0","0","0","0","0","0","1","0","1","03","","","N","","","","","","","","","",""
"2023097074","1442","0","0","0","0","0","0","0","0","0","7","0","","02","10","2023","1","40.468338","-79.795949","1426","11","0","0","0","0","0","0","0","1","","0","0","0","","","0","N","0","","40 28:06.017","","0","79 47:45.417","0","0","0","0","2113","0","0","0","N","0","0","0","2","02113","0","","5.0","","9","N","N","N","0","","0","0","1","","0","","","1","0","0","0","0","0","0","2","0","1","07","04","","N","","","","","","","","","",""
"2023080052","1744","1","0","0","0","0","0","0","0","0","2","0","","02","9","2023","1","40.421027","-79.999251","1733","11","0","0","0","0","0","1","0","0","","0","0","0","","","1","N","0","","40 25:15.698","","0","79 59:57.303","3","0","0","0","2301","0","0","0","N","0","0","0","2","02301","0","","1.0","","1","N","N","N","0","","1","0","1","","0","","","2","1","0","0","0","0","1","2","0","2","03","03","","N","","","","","","","","","",""
"2023078978","1827","1","0","0","0","0","0","0","0","0","4","0","","02","9","2023","4","40.503794","-79.883756","1827","11","0","0","0","0","0","0","0","0","","0","0","0","","","0","","3","","40 30:13.658","2","0","79 53:01.523","0","0","0","0","2432","0","0","0","N","0","0","0","3","02432","0","","1.0","1907.0","1","N","N","N","0","","0","0","0","","3","N","","2","0","0","0","0","0","0","2","1","2","03","","","N","","","","","","","","","",""
"2023096018","1700","1","0","0","0","0","0","0","0","0","1","0","","02","10","2023","5","40.443675","-80.005164","1656","11","0","0","0","0","0","1","0","0","","0","0","0","","","0","N","0","","40 26:37.230","","0","80 00:18.591","0","0","0","0","2301","0","0","0","N","0","0","0","2","02301","0","","1.0","","1","N","N","N","0","","0","0","1","","0","","","2","0","0","0","0","0","0","2","0","2","04","04","","N","","","","","","","","","",""
"2023112427","2006","1","0","0","0","0","0","0","0","0","4","0","","02","7","2023","4","40.37226","-79.981913","2003","11","0","0","1","0","0","0","0","0","","0","0","0","","","0","N","0","","40 22:20.137","2","7","79 58:54.888","0","0","0","0","2413","0","0","0","N","0","0","0","3","02413","0","","1.0","2030.0","1","N","N","N","0","","0","0","1","","0","N","","2","0","0","0","0","0","0","2","0","2","03","","","N","","","","","","","","","",""
"2023097394","1918","1","0","0","0","0","0","0","0","0","6","0","","02","10","2023","2","40.398822","-80.044915","1911","11","0","0","0","0","0","1","0","0","","0","0","0","","","1","","1","","40 23:55.759","6","0","80 02:41.694","3","0","0","0","2301","0","0","0","N","0","0","0","4","02301","0","","1.0","1933.0","9","N","N","N","0","","1","0","1","","0","Y","","2","1","0","0","0","0","0","2","0","2","07","07","","N","","","","","","","","","",""
"2023098259","1340","2","0","0","0","0","0","0","0","0","1","0","","02","10","2023","2","40.442434","-79.818481","1340","11","0","0","0","0","0","1","0","1","","0","0","0","","","1","N","0","","40 26:32.764","3","0","79 49:06.530","3","0","0","0","2124","0","0","0","N","0","0","0","3","68T09","0","","1.0","1430.0","1","N","N","N","0","","1","0","0","","0","N","","3","1","1","0","0","0","0","2","1","3","03","","","N","","","","","","","","","",""
"2023087302","1620","1","0","0","0","0","0","0","0","0","1","0","","02","9","2023","7","40.335279","-80.051229","1614","11","0","1","0","0","0","0","0","0","","0","0","0","","","0","","2","","40 20:07.006","1","0","80 03:04.424","0","0","0","0","2407","0","0","0","N","0","0","0","4","02407","0","","1.0","1630.0","1","N","N","N","0","","0","0","1","","2","Y","","2","0","0","0","0","0","0","2","0","2","03","","","N","","","","","","","","","",""
"2023097500","2229","1","0","0","0","0","0","0","0","0","98","0","","02","10","2023","4","40.550709","-80.119134","2226","11","0","0","0","0","0","0","0","0","","0","0","0","","","0","N","0","","40 33:02.552","","0","80 07:08.882","0","0","0","0","2215","0","0","0","N","0","0","0","1","68B03","0","","1.0","","1","N","N","N","0","","0","0","0","","0","","","1","0","0","0","0","0","0","2","0","1","03","","","N","","","","","","","","","",""
"2023094441","0603","1","0","0","0","0","0","0","0","0","8","0","","02","10","2023","7","40.440604","-79.958274","0556","11","0","0","0","0","0","0","0","0","","0","0","0","","","1","","1","","40 26:26.174","5","0","79 57:29.786","4","0","0","0","2301","1","0","0","N","1","0","0","2","02301","1","","1.0","614.0","9","N","N","N","0","","0","0","0","","2","Y","","2","1","0","0","0","0","0","2","0","1","07","","","N","","","","","","","","","",""
"2023095346","2001","2","0","0","0","0","0","0","0","0","4","0","","02","10","2023","1","40.427313","-79.971412","2001","11","0","0","0","0","0","0","0","1","","0","0","0","","","0","N","2","","40 25:38.328","","0","79 58:17.083","9","0","0","0","2301","0","0","0","N","0","0","0","2","02301","0","","1.0","","1","N","N","N","0","","0","0","1","","3","N","","3","0","0","0","0","0","1","2","0","3","03","03","","N","","","","","","","","","",""
"2023079457","1303","1","0","0","0","0","0","0","0","0","4","0","","02","9","2023","6","40.453499","-79.982292","1302","11","0","0","0","0","0","0","0","0","","0","0","0","","","0","","1","","40 27:12.595","4","0","79 58:56.250","0","0","0","0","2301","0","0","0","N","0","0","0","3","02301","0","","1.0","1330.0","1","N","","N","0","","0","0","1","","3","N","","2","0","1","0","0","0","0","2","0","2","03","03","","N","","","","","","","","","",""
"2023080837","2023","1","0","0","0","0","0","0","0","0","4","0","","02","9","2023","6","40.443101","-79.997336","2220","11","0","0","0","0","0","0","0","0","","0","0","0","","","1","","3","","40 26:35.165","","0","79 59:50.410","3","0","0","0","2301","0","0","0","N","0","0","0","2","02301","0","","1.0","","1","","","N","0","","1","0","1","","0","","","2","1","1","0","0","0","0","2","0","2","03","","","N","","","","","","","","","",""
"2023079992","0030","0","0","0","0","0","0","0","0","0","7","0","","02","9","2023","7","40.361189","-80.070569","0028","11","0","0","0","0","0","0","0","0","","0","0","0","","","0","N","0","","40 21:40.280","","0","80 04:14.050","0","0","0","0","2123","0","0","0","N","0","0","0","1","02123","0","","4.0","","1","N","N","N","0","","0","0","1","","0","","","1","0","0","0","0","0","0","2","0","1","03","","","N","","","","","","","","","",""
"2023077975","0017","0","0","0","0","0","0","0","0","0","7","0","","02","9","2023","1","40.466466","-79.922431","0014","11","0","0","0","0","0","0","0","0","","0","0","0","","","1","N","0","","40 27:59.279","","0","79 55:20.752","8","0","0","0","2301","0","0","0","N","0","0","0","1","02301","0","","4.0","","1","N","N","N","1","","0","0","0","","0","","","1","1","0","0","0","1","0","2","0","1","03","03","","N","","","","","","","","","",""
"2023097575","1453","1","0","0","0","0","0","0","0","0","4","0","","02","10","2023","6","40.507992","-79.990061","1447","11","0","0","0","0","0","1","0","0","","0","0","0","","","0","N","3","","40 30:28.771","1","0","79 59:24.220","0","0","0","0","2116","0","0","0","N","0","0","0","2","02116","0","","1.0","1515.0","1","N","N","N","0","","0","0","0","","3","N","","2","0","0","0","0","0","0","2","1","2","03","03","","N","","","","","","","","","",""
"2023078983","1253","2","0","0","0","0","0","0","0","0","4","0","","02","9","2023","1","40.414991","-79.800491","1245","11","0","0","0","0","0","0","0","0","","0","0","0","","","0","","1","","40 24:53.968","","0","79 48:01.769","0","0","0","0","2446","0","0","0","N","0","0","0","2","02446","0","","1.0","","1","N","N","N","0","","0","0","0","","3","","","2","0","0","0","0","0","0","2","0","2","03","03","","N","","","","","","","","","",""
"2023115127","1039","3","0","0","0","0","0","0","0","0","7","0","","02","8","2023","1","40.427106","-79.891323","1029","11","0","0","0","0","0","0","0","0","","0","0","0","","","0","","6","","40 25:37.582","","8","79 53:28.762","0","0","0","0","2301","0","0","0","Y","0","0","0","4","68B03","0","","3.0","","1","N","N","N","0","","0","0","1","","0","","","4","0","0","0","0","0","0","2","0","4","03","","","N","","","","","","","","","",""
"2023079106","1055","0","0","0","0","0","0","0","0","0","4","0","","02","9","2023","4","40.448212","-79.986898","1055","11","0","0","0","0","0","0","1","0","","0","0","0","","","1","","2","","40 26:53.562","","0","79 59:12.833","8","0","0","0","2301","0","0","0","N","0","0","0","2","02301","0","","1.0","","1","N","N","N","0","","0","0","1","","2","","","2","1","0","0","0","1","0","2","1","2","03","03","","N","","","","","","","","","",""
"2023098022","1350","1","0","0","0","0","0","0","0","0","1","0","","02","10","2023","3","40.424677","-79.859302","1345","11","0","0","0","0","0","0","0","0","","0","0","0","","","0","N","1","","40 25:28.836","1","0","79 51:33.488","9","0","0","0","2431","0","0","0","N","0","0","0","2","02431","0","","1.0","1430.0","1","N","N","N","0","","0","0","1","","2","N","","2","0","0","0","0","0","1","2","0","2","03","","","N","","","","","","","","","",""
"2023084653","1147","1","0","0","0","0","0","0","0","0","1","0","45","02","9","2023","1","40.527988","-80.129673","1127","11","0","0","0","0","0","0","1","0","","0","0","0","","","1","N","0","","40 31:40.758","","3","80 07:46.824","8","0","0","0","2125","0","0","0","N","0","0","0","3","68B03","0","","1.0","","1","N","N","N","0","","0","0","1","","0","","","3","1","0","0","0","1","0","2","1","3","03","03","N","Y","4","1","","","N","","","Y","","N"
"2023080020","1610","1","0","0","0","0","0","0","0","0","1","0","","02","9","2023","7","40.594469","-79.947758","1607","11","0","0","0","0","0","0","0","0","","0","0","0","","","1","Y","0","","40 35:40.087","1","0","79 56:51.930","8","0","0","0","2207","0","0","0","N","0","0","0","5","02207","0","","1.0","1645.0","1","N","N","N","0","","0","0","1","","0","N","","2","1","0","0","0","1","0","2","0","2","03","03","","N","","","","","","","","","",""
"2023096818","0923","1","0","0","0","0","0","0","0","0","6","0","","02","10","2023","3","40.471207","-80.065159","0918","11","0","0","0","0","0","0","0","1","","0","0","0","","","0","","2","","40 28:16.345","2","0","80 03:54.572","0","0","0","0","2444","0","0","0","N","0","0","0","2","02444","0","","1.0","953.0","1","N","N","N","0","","0","0","1","","3","N","","2","0","0","0","0","0","0","2","0","2","03","","","N","","","","","","","","","",""
"2023097720","1656","2","0","0","0","0","0","0","0","0","1","0","","02","10","2023","2","40.334167","-80.051389","1650","11","0","0","0","0","0","0","0","1","","0","0","0","","","0","N","0","","40 20:03.000","","0","80 03:05.000","0","0","0","0","2407","0","0","0","N","0","0","0","2","02407","0","","1.0","","9","N","N","N","0","","0","0","0","","0","","","2","0","0","0","0","0","0","2","0","2","07","","","N","","","","","","","","","",""
"2023080788","0700","1","0","0","0","0","0","0","0","0","4","0","","02","9","2023","2","40.529738","-79.952591","0655","11","0","0","0","0","0","0","0","0","","0","0","0","","","3","","2","","40 31:47.058","2","0","79 57:09.327","8","0","0","0","2118","0","0","0","N","0","0","0","3","02118","0","","1.0","745.0","1","N","N","N","0","","0","0","1","","2","N","","2","3","0","0","0","3","0","2","0","2","03","03","","N","","","","","","","","","",""
"2023096860","2230","0","0","0","0","0","0","0","0","0","1","0","","02","10","2023","7","40.380059","-79.828498","2225","11","0","0","0","0","0","0","0","0","","0","0","0","","","2","","5","","40 22:48.211","2","0","79 49:42.591","3","0","0","0","2111","0","0","0","N","0","0","0","3","02111","0","","1.0","2324.0","1","N","N","N","0","","1","0","2","","2","Y","","2","2","1","0","0","1","0","2","0","2","03","03","","N","","","","","","","","","",""
"2023096558","1541","0","0","0","0","0","0","0","0","0","1","0","","02","10","2023","5","40.319028","-79.899004","1533","11","0","0","0","0","0","3","0","0","","0","0","0","","","1","N","0","","40 19:08.502","5","1","79 53:56.415","3","0","0","0","2440","0","0","0","N","0","0","0","4","02440","0","","1.0","1624.0","1","N","N","N","2","","1","0","1","","0","Y","","3","1","1","0","0","0","0","2","0","3","03","03","","N","","","","","","","","","",""
"2023116407","1110","1","0","0","0","0","0","0","0","0","7","0","","02","12","2023","2","40.453003","-80.233121","1106","11","0","0","0","0","0","0","0","1","","0","0","0","","","1","N","0","","40 27:10.811","5","0","80 13:59.235","8","0","0","0","2214","0","0","0","N","0","0","0","1","02214","0","","5.0","1335.0","9","N","N","N","0","","0","0","0","","0","N","","1","1","1","0","0","1","0","2","0","1","04","04","","N","","","","","","","","","",""
"2023079287","1851","2","0","0","0","0","0","0","0","0","4","0","","02","9","2023","5","40.468365","-80.025232","1847","11","0","0","0","0","0","1","0","0","","0","0","0","","","0","","2","","40 28:06.113","","0","80 01:30.835","0","0","0","0","2301","0","0","0","N","0","0","0","3","02301","0","","1.0","","1","N","N","N","0","","0","0","0","","0","","","2","0","0","0","0","0","0","2","0","2","03","03","","N","","","","","","","","","",""
"2023079790","1604","0","0","0","0","0","0","0","0","0","4","0","","02","9","2023","7","40.415975","-79.971602","1554","11","0","1","0","0","0","0","0","0","","0","0","0","","","1","","1","","40 24:57.510","1","0","79 58:17.766","2","0","1","1","2301","0","0","0","N","0","0","0","3","02301","0","","1.0","1702.0","1","N","N","N","0","","0","1","1","","3","Y","","2","1","0","0","0","0","0","2","0","2","03","03","","N","","","","","","","","","",""
"2023096294","2237","0","0","0","0","0","0","0","0","0","7","0","","02","10","2023","4","40.443022","-80.008543","2223","11","0","0","0","0","0","0","0","0","","0","0","0","","","1","N","0","","40 26:34.879","3","8","80 00:30.755","3","0","0","0","2301","0","0","0","Y","0","0","0","3","02301","0","","7.0","2310.0","1","N","N","N","0","","1","0","1","","0","Y","","1","1","0","0","0","0","0","2","0","1","03","","","N","","","","","","","","","",""
"2023079114","1240","1","0","0","0","0","0","0","0","0","7","0","","02","9","2023","4","40.380806","-79.8255","1235","11","0","0","0","0","0","0","0","0","","0","0","0","","","1","N","0","","40 22:50.900","","0","79 49:31.800","4","0","0","0","2111","0","0","0","N","0","0","0","1","02111","1","","4.0","","1","N","N","N","0","","0","0","0","","0","","","1","1","0","0","0","0","0","2","0","1","03","03","","N","","","","","","","","","",""
"2023098388","0045","0","0","0","0","0","0","0","0","0","5","0","","02","10","2023","6","40.392969","-79.997316","0030","11","0","0","0","0","0","1","0","0","","0","0","0","","","0","","2","","40 23:34.690","3","0","79 59:50.336","0","0","0","0","2301","0","0","0","N","0","0","0","3","02301","0","","1.0","130.0","1","N","N","N","0","","0","0","2","","2","N","","2","0","0","0","0","0","0","2","0","2","03","03","","N","","","","","","","","","",""
"2023080433","0751","1","0","0","0","0","0","0","0","0","4","0","","02","9","2023","5","40.336871","-80.178724","0746","11","0","0","0","0","0","1","0","0","","0","0","0","","","1","","2","","40 20:12.736","4","0","80 10:43.406","3","0","0","0","2119","0","0","0","N","0","0","0","2","02119","0","","1.0","830.0","9","N","N","N","1","","1","0","0","","2","N","","2","1","0","0","0","0","0","2","0","2","07","","","N","","","","","","","","","",""
"2023084655","0618","0","0","0","0","0","0","0","0","0","5","0","","02","9","2023","2","40.607637","-80.094287","0604","11","0","0","0","0","0","0","0","0","","0","0","0","","","1","N","0","","40 36:27.493","","0","80 05:39.433","3","0","0","0","2481","0","0","0","Y","0","0","0","2","68B03","0","","1.0","","1","N","N","N","0","","1","0","2","","0","","","2","1","0","0","0","0","1","2","0","2","03","","","N","","","","","","","","","",""
"2023097134","1218","2","0","0","0","0","0","0","0","0","4","0","","02","10","2023","2","40.485183","-79.856869","1207","11","0","0","0","0","0","0","0","0","","0","0","0","","","0","N","2","","40 29:06.657","","7","79 51:24.730","0","0","0","0","2113","0","0","0","N","0","0","0","5","02113","0","","1.0","","9","N","N","N","0","","0","0","0","","0","N","","2","0","0","0","0","0","0","2","0","2","07","","","N","","","","","","","","","",""
"2023079179","0910","0","0","0","0","0","0","0","0","0","7","0","","02","9","2023","5","40.358828","-79.995825","0910","11","0","1","0","0","0","0","0","0","","0","0","0","","","0","","2","","40 21:31.780","","0","79 59:44.971","0","0","0","0","2476","0","0","0","N","0","0","0","2","02476","0","","2.0","","9","N","N","N","0","","0","0","1","","0","","","1","0","0","0","0","0","0","2","0","1","07","","","N","","","","","","","","","",""
"2023114647","1016","1","0","0","0","0","0","0","0","0","4","0","","02","12","2023","7","40.600555","-79.947318","1010","11","0","0","0","0","0","0","1","0","","0","0","0","","","0","","2","","40 36:01.997","1","0","79 56:50.346","0","0","0","0","2207","0","0","0","N","0","0","0","2","02207","0","","1.0","1050.0","1","N","N","N","0","","0","0","1","","3","N","","2","0","0","0","0","0","0","2","0","2","03","03","","N","","","","","","","","","",""
"2023095583","1523","0","0","0","0","0","0","0","0","0","1","1","","02","10","2023","3","40.50183","-80.222003","1520","11","0","0","0","0","0","2","0","1","","0","1","0","","","1","N","0","","40 30:06.587","","0","80 13:19.209","3","0","0","0","2213","0","0","0","N","0","0","0","5","02213","0","","1.0","","1","N","N","Y","1","","1","0","2","","0","","","4","1","0","0","0","0","1","2","0","4","03","","","N","","","","","","","","","",""
"2023095101","1410","0","0","0","0","0","0","0","0","0","7","1","","02","10","2023","3","40.430764","-80.001075","1400","11","0","0","0","0","0","0","1","0","","0","1","0","","","0","Y","0","","40 25:50.751","","1","80 00:03.869","0","0","0","0","2301","0","0","0","N","0","0","0","1","02301","0","","2.0","","1","N","N","N","0","","0","0","0","","2","","","1","0","0","0","0","0","0","2","0","1","03","03","","N","","","","","","","","","",""
"2023099792","0905","1","0","0","0","0","0","0","0","0","1","0","","02","10","2023","2","40.515949","-80.052789","0843","11","0","0","0","0","0","0","0","0","","0","0","0","","","1","N","0","","40 30:57.416","2","0","80 03:10.039","4","0","0","0","2116","0","0","0","N","0","0","0","3","68B03","1","","1.0","945.0","9","N","N","N","0","","0","0","2","","0","N","","3","1","0","0","0","0","0","2","0","3","07","","","N","","","","","","","","","",""
"2023115720","0215","0","0","0","0","0","0","0","0","0","98","0","","02","12","2023","7","40.603971","-79.765757","0211","11","0","0","0","0","0","0","0","0","","0","0","0","","","0","N","0","","40 36:14.296","","0","79 45:56.724","0","0","0","0","2464","0","0","0","N","0","0","0","1","68D02","0","","1.0","","1","N","N","N","0","","0","0","1","","0","","","1","0","0","0","0","0","0","2","0","1","03","03","","N","","","","","","","","","",""
"2023095894","1434","1","0","0","0","0","0","0","0","0","4","0","","02","10","2023","4","40.52099","-79.949739","1430","11","0","0","0","0","0","0","1","0","","0","0","0","","","2","N","0","","40 31:15.563","1","0","79 56:59.062","8","0","0","0","2118","0","0","0","N","0","0","0","4","02118","0","","1.0","1520.0","1","N","N","N","0","","0","0","2","","0","Y","","3","2","0","0","0","2","0","2","0","3","03","03","","N","","","","","","","","","",""
"2023079289","1817","1","0","0","0","0","0","0","0","0","1","0","","02","9","2023","5","40.613359","","1810","11","0","1","0","0","0","1","0","0","","0","0","0","","","0","","2","","40 36:48.094","3","0","79 57:17.76","0","0","0","0","2207","0","0","0","N","0","0","0","3","02207","0","","1.0","1830.0","9","N","N","N","0","","0","0","2","","0","N","","3","0","0","0","0","0","0","2","0","3","07","98","","N","","","","","","","","","",""
"2023094276","1645","0","0","0","0","0","0","0","0","0","7","0","","02","10","2023","7","40.464525","-79.899648","1630","11","0","0","0","0","0","0","0","0","","0","0","0","","","0","N","1","","40 27:52.289","1","0","79 53:58.732","0","0","0","0","2301","0","0","0","N","0","0","0","1","02301","0","","5.0","1730.0","1","N","N","N","1","","0","0","0","","0","Y","","1","0","0","0","0","0","0","2","0","1","04","04","","N","","","","","","","","","",""
"2023079285","1408","2","0","0","0","0","0","0","0","0","4","0","","02","9","2023","4","40.53276","-79.958644","1404","11","0","0","0","0","0","0","0","0","","0","0","0","","","0","","2","","40 31:57.936","","0","79 57:31.119","0","0","0","0","2118","0","0","0","N","0","0","0","2","02118","0","","1.0","","1","N","N","N","0","","0","0","0","","2","","","2","0","0","0","0","0","0","2","0","2","03","03","","Y","","","","","","","","","",""
"2023079637","2130","0","0","0","0","0","0","0","0","0","7","0","","02","9","2023","6","40.408361","-79.999389","2125","11","0","0","0","0","0","0","0","0","","0","0","0","","","0","N","0","","40 24:30.100","","0","79 59:57.800","0","0","0","0","2301","0","0","0","N","0","0","0","1","02301","0","","4.0","","1","N","N","N","0","","0","0","1","","0","N","","1","0","0","0","0","0","0","2","0","1","03","","","N","","","","","","","","","",""
"2023095460","0304","0","0","0","0","0","0","0","0","0","98","0","","02","10","2023","3","40.638886","-80.098005","0246","11","0","0","0","0","1","0","0","0","","0","0","0","","","0","N","0","","40 38:19.991","","0","80 05:52.818","0","0","0","0","2212","0","0","0","N","0","0","0","1","68B03","0","","1.0","","1","N","N","N","0","","0","0","1","","0","","","1","0","0","0","0","0","0","2","0","1","03","","","N","","","","","","","","","",""
"2023096451","1825","1","0","0","0","0","0","0","0","0","6","0","","02","10","2023","6","40.410916","-80.031241","1813","11","0","1","0","0","0","0","0","0","","0","0","0","","","1","","1","","40 24:39.297","5","0","80 01:52.469","3","0","0","0","2301","0","0","0","N","0","0","0","3","02301","0","","1.0","1830.0","9","N","N","N","1","","1","0","0","","0","Y","","2","1","0","0","0","0","0","2","0","2","07","07","","N","","","","","","","","","",""
"2023093660","1145","1","0","0","0","0","0","0","0","0","7","0","","02","10","2023","6","40.317388","-79.802687","1135","11","0","0","0","0","0","0","0","0","","0","0","0","","","0","N","0","","40 19:02.597","6","0","79 48:09.673","0","0","0","0","2105","0","0","0","N","0","0","0","1","02105","0","","2.0","1224.0","9","N","N","N","0","","0","0","0","","0","Y","","1","0","0","0","0","0","0","2","0","1","04","","","N","","","","","","","","","",""
"2023078731","1058","0","0","0","0","0","0","0","0","0","4","0","","02","9","2023","4","40.572128","-80.023617","1054","11","0","0","0","0","0","0","0","0","","0","0","0","","","0","","1","","40 34:19.660","2","0","80 01:25.022","0","0","0","0","2108","0","0","0","N","0","0","0","3","02108","0","","1.0","1130.0","1","N","N","N","1","","0","0","1","","2","N","","2","0","0","0","0","0","0","2","0","2","03","","","N","","","","","","","","","",""
"2023097486","0736","1","0","0","0","0","0","0","0","0","4","0","","02","10","2023","6","40.427957","-79.948531","0734","11","0","0","0","0","0","0","1","0","","0","0","0","","","0","N","0","","40 25:40.646","3","0","79 56:54.711","0","0","0","0","2301","0","0","0","N","0","0","0","2","68B03","0","","1.0","804.0","9","N","N","N","1","","0","0","0","","0","N","","2","0","0","0","0","0","0","2","0","2","07","","","N","","","","","","","","","",""
"2023114904","1335","2","0","0","0","0","0","0","0","0","1","0","","02","12","2023","5","40.428825","-79.933354","1316","11","0","0","0","0","0","0","0","0","","0","0","0","","","0","N","0","","40 25:43.770","","0","79 56:00.073","0","0","0","0","2301","0","0","0","N","0","0","0","2","68B03","0","","1.0","","1","N","N","N","0","","0","0","0","","0","","","2","0","0","0","0","0","0","2","0","2","03","","","N","","","","","","","","","",""
"2023078767","1435","0","0","0","0","0","0","0","0","0","7","0","","02","9","2023","4","40.390917","-79.980704","1420","11","0","0","0","0","0","0","1","0","","0","0","0","","","0","N","0","","40 23:27.302","","0","79 58:50.535","0","0","0","0","2301","0","0","0","Y","0","0","0","1","02301","0","","4.0","","1","N","N","N","0","","0","0","1","","0","","","1","0","1","0","0","0","0","2","0","1","03","03","","N","","","","","","","","","",""
"2023099661","0700","1","0","0","0","0","0","0","0","0","5","0","","02","10","2023","7","40.454032","-79.894896","0700","11","0","0","0","0","0","0","0","0","","0","0","0","","","0","N","0","","40 27:14.516","","0","79 53:41.625","9","0","0","0","2301","0","0","0","N","0","0","0","2","02301","0","","6.0","","1","N","N","N","0","","0","0","1","","0","","","2","0","0","0","0","0","1","2","0","2","03","03","","N","","","","","","","","","",""