"CRN","ARRIVAL_TM","AUTOMOBILE_COUNT","BELTED_DEATH_COUNT","BELTED_SUSP_SERIOUS_INJ_COUNT","BICYCLE_COUNT","BICYCLE_DEATH_COUNT","BICYCLE_SUSP_SERIOUS_INJ_COUNT","BUS_COUNT","CHLDPAS_DEATH_COUNT","CHLDPAS_SUSP_SERIOUS_INJ_COUNT","COLLISION_TYPE","COMM_VEH_COUNT","CONS_ZONE_SPD_LIM","COUNTY","CRASH_MONTH","CRASH_YEAR","DAY_OF_WEEK","DEC_LATITUDE","DEC_LONGITUDE","DISPATCH_TM","DISTRICT","DRIVER_COUNT_16YR","DRIVER_COUNT_17YR","DRIVER_COUNT_18YR","DRIVER_COUNT_19YR","DRIVER_COUNT_20YR","DRIVER_COUNT_50_64YR","DRIVER_COUNT_65_74YR","DRIVER_COUNT_75PLUS","EST_HRS_CLOSED","FATAL_COUNT","HEAVY_TRUCK_COUNT","HORSE_BUGGY_COUNT","HOUR_OF_DAY","ILLUMINATION","INJURY_COUNT","INTERSECTION_RELATED","INTERSECT_TYPE","LANE_CLOSED","LATITUDE","LN_CLOSE_DIR","LOCATION_TYPE","LONGITUDE","MAX_SEVERITY_LEVEL","MCYCLE_DEATH_COUNT","MCYCLE_SUSP_SERIOUS_INJ_COUNT","MOTORCYCLE_COUNT","MUNICIPALITY","NONMOTR_COUNT","NONMOTR_DEATH_COUNT","NONMOTR_SUSP_SERIOUS_INJ_COUNT","NTFY_HIWY_MAINT","PED_COUNT","PED_DEATH_COUNT","PED_SUSP_SERIOUS_INJ_COUNT","PERSON_COUNT","POLICE_AGCY","POSSIBLE_INJ_COUNT","RDWY_SURF_TYPE_CD","RELATION_TO_ROAD","ROADWAY_CLEARED","ROAD_CONDITION","SCH_BUS_IND","SCH_ZONE_IND","SECONDARY_CRASH","SMALL_TRUCK_COUNT","SPEC_JURIS_CD","SUSP_MINOR_INJ_COUNT","SUSP_SERIOUS_INJ_COUNT","SUV_COUNT","TCD_FUNC_CD","TCD_TYPE","TFC_DETOUR_IND","TIME_OF_DAY","TOTAL_UNITS","TOT_INJ_COUNT","UNBELTED_OCC_COUNT","UNB_DEATH_COUNT","UNB_SUSP_SERIOUS_INJ_COUNT","UNK_INJ_DEG_COUNT","UNK_INJ_PER_COUNT","URBAN_RURAL","VAN_COUNT","VEHICLE_COUNT","WEATHER1","WEATHER2","WORKERS_PRES","WORK_ZONE_IND","WORK_ZONE_LOC","WORK_ZONE_TYPE","WZ_CLOSE_DETOUR","WZ_FLAGGER","WZ_LAW_OFFCR_IND","WZ_LN_CLOSURE","WZ_MOVING","WZ_OTHER","WZ_SHLDER_MDN","WZ_WORKERS_INJ_KILLED"
"2023097473","1243","2","0","0","0","0","0","0","0","0","1","0","","02","10","2023","2","40.552419","-80.020268","1243","11","0","0","0","0","0","0","0","0","","0","0","0","","","1","N","0","","40 33:08.707","","0","80 01:12.963","3","0","0","0","2116","0","0","0","N","0","0","0","2","02116","0","","1.0","","9","N","N","N","0","","1","0","0","","0","","","2","1","0","0","0","0","0","2","0","2","07","","","N","","","","","","","","","",""
"2023096300","1510","0","0","0","0","0","0","0","0","0","1","0","","02","10","2023","6","40.323724","-79.784274","1505","11","0","0","0","0","0","1","0","0","","0","0","0","","","0","N","0","","40 19:25.407","","0","79 47:03.385","0","0","0","0","2477","0","0","0","N","0","0","0","2","02477","0","","1.0","","1","N","N","N","0","","0","0","2","","0","","","2","0","0","0","0","0","0","2","0","2","03","03","","N","","","","","","","","","",""
"2023092294","0657","1","0","0","0","0","0","0","0","0","7","0","","02","10","2023","7","40.389708","-79.933338","0647","11","0","0","0","0","0","0","1","0","","0","0","0","","","0","","1","","40 23:22.947","","0","79 56:00.018","0","0","0","0","2301","0","0","0","N","0","0","0","1","02301","0","","5.0","","9","N","N","N","0","","0","0","0","","2","","","1","0","0","0","0","0","0","2","0","1","07","","","N","","","","","","","","","",""
"2023079011","0605","0","0","0","0","0","0","0","0","0","7","0","","02","9","2023","5","40.442222","-79.962556","0558","11","0","0","0","0","0","0","0","0","","0","0","0","","","0","N","0","","40 26:32.000","","0","79 57:45.200","0","0","0","0","2301","0","0","0","N","0","0","0","1","02301","0","","1.0","","9","N","N","N","0","","0","0","1","","0","","","1","0","0","0","0","0","0","2","0","1","07","","","N","","","","","","","","","",""
"2023084247","0411","1","0","0","0","0","0","0","0","0","7","0","","02","9","2023","2","40.426003","-79.912178","0411","11","0","0","0","0","0","1","0","0","","0","0","0","","","0","N","0","","40 25:33.609","","4","79 54:43.839","0","0","0","0","2301","0","0","0","N","0","0","0","1","68B03","0","","1.0","","1","N","N","N","0","","0","0","0","","0","","","1","0","0","0","0","0","0","2","0","1","03","03","","N","","","","","","","","","",""
"2023098435","0450","1","0","0","0","0","0","0","0","0","1","0","","02","8","2023","1","40.428498","-79.935984","0439","11","0","0","0","0","0","0","0","0","","0","0","0","","","1","N","0","","40 25:42.592","3","0","79 56:09.544","3","0","0","0","2301","0","0","0","N","0","0","0","2","68B03","0","","1.0","600.0","1","N","N","N","0","","1","0","1","","0","N","","2","1","1","0","0","0","0","2","0","2","03","","","N","","","","","","","","","",""
"2023078347","1210","1","0","0","0","0","0","0","0","0","6","0","","02","9","2023","3","40.352059","-80.119132","1207","11","0","0","0","0","0","0","0","0","","0","0","0","","","2","N","0","","40 21:07.411","5","0","80 07:08.874","8","0","0","0","2119","0","0","0","N","0","0","0","2","02119","0","","1.0","1250.0","1","N","N","N","0","","0","0","1","","0","N","","2","2","0","0","0","2","0","2","0","2","03","03","","N","","","","","","","","","",""
"2023068954","1420","2","0","0","0","0","0","0","0","0","1","0","35","02","8","2023","4","40.474994","-80.059387","1417","11","0","0","0","0","0","0","0","0","","0","0","0","","","0","N","0","","40 28:29.979","","3","80 03:33.794","0","0","0","0","2444","0","0","0","N","0","0","0","2","02444","0","","1.0","","1","N","N","N","0","","0","0","0","","8","","","2","0","0","0","0","0","0","2","0","2","03","","U","Y","4","1","","","N","Y","Y","","Y","N"
"2023064680","0428","0","0","0","0","0","0","0","0","0","2","0","","02","7","2023","7","40.517431","-79.840962","0426","11","0","0","0","0","0","0","0","0","","0","0","0","","","0","N","0","","40 31:02.751","","0","79 50:27.462","0","0","0","0","2451","0","0","0","N","0","0","0","1","02451","0","","6.0","","1","N","N","N","2","","0","0","0","","0","","","2","0","0","0","0","0","0","2","0","2","03","03","","N","","","","","","","","","",""
"2023080455","0759","0","0","0","0","0","0","0","0","0","1","0","","02","9","2023","3","40.461258","-79.812758","0754","11","0","0","0","0","0","0","0","0","","0","0","0","","","1","Y","0","","40 27:40.527","","0","79 48:45.928","3","0","0","0","2113","0","0","0","N","0","0","0","2","02113","0","","1.0","","1","N","N","N","1","","1","0","1","","0","","","2","1","0","0","0","0","0","2","0","2","03","03","","N","","","","","","","","","",""
"2023074694","1622","1","0","0","0","0","0","0","0","0","2","0","","02","8","2023","3","40.503583","-80.105528","1620","11","0","0","0","0","0","1","0","0","","1","0","0","","","1","N","0","","40 30:12.900","5","0","80 06:19.900","1","0","0","0","2110","0","0","0","N","0","0","0","2","02215","0","1","1.0","1700.0","1","N","N","N","0","0","1","0","1","","0","Y","","2","1","1","1","0","0","0","2","0","2","03","03","","N","","","","","","","","","",""
"2023080211","1240","0","0","0","0","0","0","0","0","0","4","0","","02","9","2023","2","40.456432","-79.998643","1234","11","0","0","0","0","0","2","0","0","","0","0","0","","","3","","1","","40 27:23.155","","3","79 59:55.113","4","0","0","0","2301","0","0","0","N","0","0","0","3","02301","1","","1.0","","1","N","N","N","0","","0","0","2","","2","","","2","3","0","0","0","2","0","2","0","2","03","03","","N","","","","","","","","","",""
"2023078666","0715","0","0","0","1","0","0","0","0","0","8","0","","02","9","2023","4","40.45222","-80.003445","0712","11","0","0","0","0","0","0","0","0","","0","0","0","","","1","","2","","40 27:07.992","","0","80 00:12.403","3","0","0","0","2301","1","0","0","N","0","0","0","2","02301","0","","1.0","","1","N","N","N","0","","1","0","1","","0","","","2","1","0","0","0","0","0","2","0","1","03","03","","N","","","","","","","","","",""
"2023096590","2311","1","0","0","0","0","0","0","0","0","7","0","","02","10","2023","1","40.357608","-80.070366","2310","11","0","0","0","0","0","0","0","0","","0","0","0","","","0","","2","","40 21:27.389","6","0","80 04:13.316","0","0","0","0","2123","0","0","0","N","0","0","0","1","02123","0","","5.0","700.0","1","N","N","N","0","","0","0","0","","0","N","","1","0","1","0","0","0","0","2","0","1","03","03","","N","","","","","","","","","",""
"2023077859","0525","0","0","0","0","0","0","0","0","0","5","1","","02","8","2023","3","40.388414","-79.773494","0517","11","0","0","0","0","0","0","0","0","","0","1","0","","","0","N","0","","40 23:18.289","5","0","79 46:24.578","9","0","0","0","2470","0","0","0","Y","0","0","0","3","02424","0","","1.0","710.0","1","N","N","N","0","","0","0","1","","0","Y","","2","0","0","0","0","0","1","2","0","2","03","","","N","","","","","","","","","",""
"2023097179","1330","1","0","0","0","0","0","0","0","0","4","0","","02","10","2023","5","40.378509","-79.990733","1328","11","0","0","0","0","0","0","1","0","","0","0","0","","","1","N","0","","40 22:42.631","1","0","79 59:26.640","3","0","0","1","2476","0","0","0","N","0","0","0","3","02476","0","","1.0","1335.0","1","N","N","N","0","","1","0","0","","0","N","","2","1","0","0","0","0","0","2","0","2","03","","","N","","","","","","","","","",""
"2023080451","1137","1","0","0","0","0","0","0","0","0","4","0","","02","9","2023","7","40.478271","-80.031212","1131","11","0","0","0","0","0","1","0","0","","0","0","0","","","1","","1","","40 28:41.775","","0","80 01:52.364","3","0","0","0","2301","0","0","0","N","0","0","0","2","02301","0","","1.0","","1","N","N","N","0","","1","0","1","","0","","","2","1","0","0","0","0","0","2","0","2","03","03","","N","","","","","","","","","",""
"2023098143","1635","1","0","0","0","0","0","0","0","0","4","0","","02","11","2023","4","40.47592","-79.789471","1632","11","0","0","0","0","0","1","0","0","","0","0","0","","","0","N","0","","40 28:33.311","","0","79 47:22.097","0","0","0","0","2113","0","0","0","N","0","0","0","2","02113","0","","1.0","","1","N","N","N","0","","0","0","1","","0","","","2","0","0","0","0","0","0","2","0","2","03","03","","N","","","","","","","","","",""
"2023078705","0946","1","0","0","0","0","0","0","0","0","4","0","","02","9","2023","4","40.458141","-80.002128","0938","11","0","0","0","0","0","0","0","0","","0","0","0","","","2","","2","","40 27:29.307","","0","80 00:07.661","3","0","0","0","2301","0","0","0","N","0","0","0","2","02301","0","","1.0","","1","","","N","0","","1","0","1","","3","","","2","2","0","0","0","1","0","2","0","2","03","03","","N","","","","","","","","","",""
"2023079120","0758","2","0","0","0","0","0","0","0","0","3","0","","02","9","2023","5","40.415722","-79.995778","0753","11","0","0","0","0","0","1","0","0","","0","0","0","","","1","N","0","","40 24:56.600","","0","79 59:44.800","4","0","0","0","2301","0","0","0","N","0","0","0","2","02301","1","","1.0","","9","N","N","N","0","","0","0","0","","0","","","2","1","0","0","0","0","0","2","0","2","03","03","","N","","","","","","","","","",""
"2023079323","1912","1","0","0","0","0","0","0","0","0","0","0","","02","9","2023","5","40.587491","-80.043613","1908","11","0","0","0","0","0","1","0","0","","0","0","0","","","0","N","0","","40 35:14.966","7","0","80 02:37.008","0","0","0","0","2108","0","0","0","N","0","0","0","4","02108","0","","1.0","2130.0","8","N","N","N","0","","0","0","1","","0","Y","","2","0","0","0","0","0","0","2","0","2","07","07","","N","","","","","","","","","",""
"2023081229","1845","0","0","0","0","0","0","0","0","0","4","0","","02","9","2023","6","40.517941","-80.219535","1842","11","0","0","1","0","0","0","0","0","","0","0","0","","","2","N","0","","40 31:04.587","1","7","80 13:10.327","3","0","0","0","2213","0","0","0","N","0","0","0","2","02213","0","","1.0","1900.0","1","N","N","N","0","","2","0","1","","0","N","","2","2","0","0","0","0","0","2","1","2","03","","","N","","","","","","","","","",""
"2023080144","0028","0","0","0","0","0","0","0","0","0","7","0","","02","9","2023","7","40.629811","-79.734034","0008","11","0","0","0","0","0","0","1","0","","0","0","0","","","0","N","0","","40 37:47.318","","0","79 44:02.524","0","0","0","0","2106","0","0","0","Y","0","0","0","2","68D02","0","","7.0","","1","N","N","N","0","","0","0","1","","0","","","1","0","0","0","0","0","0","2","0","1","03","","","N","","","","","","","","","",""
"2023116580","1849","1","0","0","0","0","0","0","0","0","1","0","","02","11","2023","6","40.606436","-80.094502","1845","11","0","0","0","0","0","0","0","0","","0","0","0","","","0","N","0","","40 36:23.169","","0","80 05:40.206","0","0","0","0","2481","0","0","0","N","0","0","0","3","68B03","0","","1.0","","1","N","N","N","0","","0","0","1","","0","","","2","0","0","0","0","0","0","2","0","2","03","03","","N","","","","","","","","","",""
"2023096464","0410","0","0","0","0","0","0","0","0","0","7","0","","02","10","2023","7","40.362093","-79.830684","0408","11","0","0","0","0","0","0","0","0","","0","0","0","","","0","","3","","40 21:43.534","4","0","79 49:50.462","9","0","0","0","2304","0","0","0","Y","0","0","0","1","02304","0","","5.0","45.0","1","N","N","N","0","","0","0","1","","0","N","","1","0","0","0","0","0","1","2","0","1","03","03","","N","","","","","","","","","",""
"2023097495","0901","0","0","0","0","0","0","0","0","0","0","0","","02","10","2023","7","40.593555","-80.095342","0855","11","0","0","0","0","0","0","0","0","","0","0","0","","","1","N","0","","40 35:36.799","","0","80 05:43.231","3","0","0","0","2481","0","0","0","N","0","0","0","2","68B03","0","","4.0","","9","N","N","N","0","","1","0","1","","0","","","1","1","0","0","0","0","0","2","0","1","07","","","N","","","","","","","","","",""
"2023079635","1419","2","0","0","0","0","0","0","0","0","4","0","","02","9","2023","1","40.55216","-80.023391","1409","11","0","0","0","1","0","0","0","0","","0","0","0","","","0","","2","","40 33:07.776","","7","80 01:24.209","0","0","0","0","2116","0","0","0","N","0","0","0","3","02116","0","","1.0","","1","N","N","N","0","","0","0","0","","2","","","2","0","0","0","0","0","0","2","0","2","03","03","","N","","","","","","","","","",""
"2023082659","0438","1","0","0","0","0","0","0","0","0","7","0","","02","9","2023","7","40.368348","-79.816279","0435","11","0","0","0","0","0","0","0","0","","0","0","0","","","0","N","0","","40 22:06.054","2","0","79 48:58.605","0","0","0","0","2111","0","0","0","N","0","0","0","1","02111","0","","4.0","620.0","1","N","N","N","0","","0","0","0","","3","N","","1","0","0","0","0","0","0","2","0","1","03","03","","N","","","","","","","","","",""
"2023115237","2204","1","0","0","0","0","0","0","0","0","1","0","","02","12","2023","7","40.42943","-79.956758","2130","11","0","0","0","0","0","0","0","0","","0","0","0","","","0","","6","","40 25:45.947","3","2","79 57:24.330","0","0","0","0","2301","0","0","0","N","0","0","0","3","68B03","0","","1.0","2239.0","1","N","N","N","0","","0","0","0","","4","N","","2","0","1","0","0","0","0","2","1","2","03","03","","N","","","","","","","","","",""
"2023098068","0900","0","0","0","0","0","0","0","0","0","4","0","","02","11","2023","4","40.425999","-79.984668","0848","11","0","0","0","0","0","0","0","0","","0","0","0","","","0","","2","","40 25:33.595","4","0","79 59:04.804","0","0","0","0","2301","0","0","0","N","0","0","0","2","02301","0","","1.0","915.0","1","N","N","N","0","","0","0","1","","3","Y","","2","0","0","0","0","0","0","2","1","2","03","03","","N","","","","","","","","","",""
"2023099841","1912","0","0","0","0","0","0","0","0","0","7","0","","02","10","2023","6","40.35261","-79.850447","1904","11","0","0","0","0","0","0","0","0","","0","0","0","","","1","N","0","","40 21:09.397","4","0","79 51:01.608","3","0","0","0","2304","0","0","0","N","0","0","0","2","02304","0","","4.0","1952.0","1","N","N","N","0","","1","0","1","","0","N","","1","1","0","0","0","0","0","2","0","1","03","03","","N","","","","","","","","","",""
"2023080621","1316","0","0","0","0","0","0","0","0","0","4","0","","02","9","2023","3","40.457245","-79.940805","1311","11","0","0","0","0","0","0","1","0","","0","0","0","","","0","N","0","","40 27:26.083","","0","79 56:26.898","0","0","0","0","2301","0","0","0","N","0","0","0","2","02301","0","","1.0","","1","N","N","N","1","","0","0","1","","3","","","2","0","0","0","0","0","0","2","0","2","03","","","N","","","","","","","","","",""
"2023098381","0207","0","0","0","0","0","0","0","0","0","7","0","","02","10","2023","1","40.422269","-79.792019","0205","11","0","0","0","0","0","0","0","0","","0","0","0","","","0","N","0","","40 25:20.170","3","0","79 47:31.270","9","0","0","0","2446","0","0","0","N","0","0","0","1","02446","0","","2.0","246.0","1","N","N","N","0","","0","0","1","","0","N","","1","0","0","0","0","0","1","2","0","1","03","03","","N","","","","","","","","","",""
"2023083653","1405","0","0","0","1","0","1","0","0","0","8","0","","02","9","2023","6","40.27107","-79.899701","1405","11","0","0","0","0","0","0","0","1","","0","0","0","","","1","","1","","40 16:15.852","","0","79 53:58.925","2","0","0","0","2471","2","0","1","N","0","0","0","3","02428","0","","1.0","","1","N","N","N","0","","0","1","1","","3","N","","2","1","0","0","0","0","0","2","0","1","03","03","","N","","","","","","","","","",""
"2023081226","2010","0","0","0","0","0","0","0","0","0","4","0","","02","9","2023","4","40.512996","-80.230304","2010","11","0","0","0","0","0","0","0","1","","0","0","0","","","2","N","0","","40 30:46.784","","7","80 13:49.093","4","0","0","0","2213","0","0","0","N","0","0","0","4","02213","2","","1.0","","1","N","N","N","1","","0","0","2","","0","","","3","2","0","0","0","0","0","2","0","3","03","","","N","","","","","","","","","",""
"2023081087","1215","0","0","0","0","0","0","0","0","0","7","0","","02","9","2023","2","40.640151","-80.00236","1205","11","0","0","0","0","0","0","0","0","","0","0","0","","","0","N","0","","40 38:24.544","3","0","80 00:08.495","0","0","0","0","2216","0","0","0","N","0","0","0","1","68T02","0","","3.0","1230.0","1","N","N","N","1","","0","0","0","","0","N","","1","0","0","0","0","0","0","2","0","1","03","","","N","","","","","","","","","",""
"2023096169","2020","0","0","0","0","0","0","0","0","0","7","0","","02","10","2023","3","40.348293","-79.878233","2018","11","0","0","0","0","0","0","0","0","","0","0","0","","","0","N","0","","40 20:53.854","","0","79 52:41.639","0","0","0","0","2304","0","0","0","N","0","0","0","1","02304","0","","2.0","","1","N","N","N","0","","0","0","1","","0","","","1","0","0","0","0","0","0","2","0","1","03","","","N","","","","","","","","","",""
"2023080218","1311","2","0","0","0","0","0","0","0","0","4","0","","02","9","2023","2","40.454385","-79.947673","1305","11","0","0","0","0","0","1","0","0","","0","0","0","","","0","","1","","40 27:15.786","1","0","79 56:51.621","0","0","0","0","2301","0","0","0","N","0","0","0","3","02301","0","","1.0","1325.0","1","N","N","N","0","","0","0","0","","2","N","","2","0","0","0","0","0","0","2","0","2","03","","","N","","","","","","","","","",""
"2023097537","1726","0","0","0","0","0","0","0","0","0","7","0","","02","9","2023","4","40.493257","-79.947015","1720","11","0","0","0","0","0","0","0","0","","0","0","0","","","0","N","0","","40 29:35.724","2","0","79 56:49.254","0","0","0","0","2430","0","0","0","N","0","0","0","1","02430","0","","3.0","1745.0","1","N","N","N","0","","0","0","1","","0","N","","1","0","0","0","0","0","0","2","0","1","03","","","N","","","","","","","","","",""
"2023078745","0852","1","0","0","0","0","0","0","0","0","1","0","","02","9","2023","3","40.434056","-79.764431","0848","11","0","0","0","0","0","2","0","0","","0","0","0","","","0","","2","","40 26:02.600","6","0","79 45:51.950","0","0","0","0","2446","0","0","0","N","0","0","0","2","02446","0","","1.0","948.0","1","N","N","N","0","","0","0","1","","2","N","","2","0","0","0","0","0","0","2","0","2","03","","","N","","","","","","","","","",""
"2023080067","2159","1","0","0","0","0","0","0","0","0","7","0","","02","9","2023","1","40.469556","-79.794694","2157","11","0","0","0","0","0","0","0","0","","0","0","0","","","0","N","0","","40 28:10.400","","0","79 47:40.900","0","0","0","0","2113","0","0","0","N","0","0","0","1","02113","0","","4.0","","1","N","N","N","0","","0","0","0","","0","","","1","0","0","0","0","0","0","2","0","1","03","03","","N","","","","","","","","","",""
"2023098898","1344","1","0","0","0","0","0","0","0","0","1","0","","02","10","2023","1","40.449596","-80.002698","1324","11","0","0","0","0","0","1","0","0","","0","0","0","","","0","N","0","","40 26:58.545","","3","80 00:09.713","0","0","0","0","2301","0","0","0","N","0","0","0","2","68B03","0","","1.0","","1","N","N","N","0","","0","0","1","","0","","","2","0","0","0","0","0","0","2","0","2","03","","","N","","","","","","","","","",""
"2023077794","2320","0","0","0","0","0","0","0","0","0","4","0","","02","9","2023","7","40.498607","-80.061866","2316","11","1","0","0","0","0","0","0","0","","0","0","0","","","0","","1","","40 29:54.985","","0","80 03:42.719","0","0","0","0","2402","0","0","0","N","0","0","0","3","02402","0","","1.0","","1","N","N","Y","0","","0","0","2","","2","","","2","0","0","0","0","0","0","2","0","2","03","03","","N","","","","","","","","","",""
"2023079653","0036","0","0","0","0","0","0","0","0","0","4","0","","02","9","2023","6","40.464586","-79.938607","0024","11","0","0","0","0","0","0","0","0","","0","0","0","","","0","","1","","40 27:52.508","","0","79 56:18.984","0","0","0","0","2301","0","0","0","N","0","0","0","2","02301","0","","1.0","","1","N","N","N","1","","0","0","1","","1","","","2","0","0","0","0","0","0","2","0","2","03","03","","N","","","","","","","","","",""
"2023097586","0810","1","0","0","0","0","0","0","0","0","1","0","","02","10","2023","3","40.561341","-80.202849","0805","11","0","0","0","0","0","0","0","0","","0","0","0","","","1","N","0","","40 33:40.827","2","0","80 12:10.255","3","0","0","0","2441","0","0","0","N","0","0","0","4","02427","0","","1.0","820.0","1","N","Y","N","0","","1","0","1","","0","N","","2","1","0","0","0","0","0","2","0","2","04","","","N","","","","","","","","","",""
"2023080241","2016","1","0","0","0","0","0","0","0","0","4","0","","02","9","2023","6","40.354881","-80.036407","2012","11","0","0","0","0","0","0","0","0","","0","0","0","","","2","","3","","40 21:17.571","6","0","80 02:11.065","3","0","0","0","2416","0","0","0","N","0","0","0","3","02109","0","","1.0","45.0","9","N","N","N","0","","1","0","1","","2","Y","","2","2","0","0","0","1","0","2","0","2","04","04","","N","","","","","","","","","",""
"2023091556","2024","0","0","0","0","0","0","0","0","0","1","1","","02","10","2023","2","40.461099","-79.960439","2004","11","0","0","0","0","0","0","0","0","","0","1","0","","","1","N","0","","40 27:39.956","","0","79 57:37.582","3","0","0","0","2301","0","0","0","N","0","0","0","1","02301","0","","5.0","","1","N","N","N","0","","1","0","1","","0","","","2","1","0","0","0","0","0","2","0","2","03","03","","N","","","","","","","","","",""
"2023078463","1850","1","0","0","0","0","0","0","0","0","4","0","","02","9","2023","3","40.448617","-79.899549","1839","11","0","0","0","0","0","0","0","0","","0","0","0","","","0","","2","","40 26:55.021","","0","79 53:58.376","0","0","0","0","2301","0","0","0","N","0","0","0","2","02301","0","","1.0","","1","N","N","N","0","","0","0","1","","0","","","2","0","0","0","0","0","0","2","0","2","03","03","","N","","","","","","","","","",""
"2023114398","1256","0","0","0","0","0","0","0","0","0","1","0","","02","12","2023","7","40.340294","-79.967313","1253","11","0","0","0","0","0","0","0","0","","0","0","0","","","0","","2","","40 20:25.057","4","0","79 58:02.326","0","0","0","0","2454","0","0","0","N","0","0","0","2","02454","0","","1.0","1325.0","1","N","N","N","0","","0","0","1","","2","N","","2","0","0","0","0","0","0","2","1","2","03","03","","N","","","","","","","","","",""
"2023113700","0651","1","0","0","0","0","0","0","0","0","4","1","","02","12","2023","4","40.397696","-79.769328","0649","11","0","0","0","0","0","1","0","0","","0","1","0","","","0","","1","","40 23:51.706","","0","79 46:09.579","0","0","0","0","2446","0","0","0","N","0","0","0","3","02446","0","","1.0","","1","N","N","N","0","","0","0","0","","2","","","2","0","0","0","0","0","0","2","0","2","03","03","","N","","","","","","","","","",""
"2023080314","1520","1","0","0","0","0","0","0","0","0","4","0","","02","9","2023","2","40.349716","-79.893007","1520","11","0","1","0","0","0","0","0","0","","0","0","0","","","3","","2","","40 20:58.979","1","0","79 53:34.825","3","0","0","0","2423","0","0","0","N","0","0","0","4","02304","0","","1.0","1600.0","1","N","N","N","1","","3","0","0","","0","Y","","2","3","0","0","0","0","0","2","0","2","03","03","","N","","","","","","","","","",""
"2023077837","1102","0","0","0","0","0","0","0","0","0","4","0","","02","9","2023","1","40.44682","-79.989245","1049","11","0","0","0","0","0","0","0","0","","0","0","0","","","0","","2","","40 26:48.552","3","0","79 59:21.281","0","0","0","0","2301","0","0","0","N","0","0","0","4","02301","0","","1.0","1130.0","1","N","N","Y","1","","0","0","1","","3","N","","2","0","0","0","0","0","0","2","0","2","03","03","","N","","","","","","","","","",""
"2023097140","1218","2","0","0","0","0","0","0","0","0","4","0","","02","10","2023","2","40.32109","-79.942133","1214","11","0","0","0","0","1","0","0","1","","0","0","0","","","3","N","1","","40 19:15.923","1","0","79 56:31.678","3","0","0","0","2454","0","0","0","N","0","0","0","3","02454","0","","1.0","1300.0","9","N","N","N","0","","2","0","0","","1","Y","","2","3","3","0","0","1","0","2","0","2","03","03","","N","","","","","","","","","",""
"2023077970","0130","0","0","0","0","0","0","0","0","0","7","0","","02","9","2023","2","40.457017","-79.964729","0126","11","0","0","0","0","0","0","0","0","","0","0","0","","","0","N","0","","40 27:25.262","7","0","79 57:53.023","0","0","0","0","2301","0","0","0","N","0","0","0","1","02301","0","","4.0","215.0","1","N","N","N","0","","0","0","1","","0","Y","","2","0","0","0","0","0","0","2","1","2","03","03","","N","","","","","","","","","",""
"2023077976","0130","1","0","0","0","0","0","0","0","0","7","0","","02","9","2023","1","40.551336","-80.018065","0130","11","0","0","0","0","0","0","0","0","","0","0","0","","","0","N","0","","40 33:04.808","2","0","80 01:05.033","0","0","0","0","2116","0","0","0","N","0","0","0","1","02116","0","","4.0","200.0","1","","","N","0","","0","0","0","","0","N","","1","0","0","0","0","0","0","2","0","1","03","03","","N","","","","","","","","","",""
"2023098287","1912","0","0","0","0","0","0","0","0","0","5","0","","02","10","2023","1","40.482041","-79.770976","1853","11","0","0","0","0","0","2","0","0","","0","0","0","","","2","N","0","","40 28:55.348","","0","79 46:15.512","3","0","0","0","2466","0","0","0","N","0","0","0","3","68T02","0","","1.0","","9","N","N","N","1","","2","0","1","","0","","","2","2","0","0","0","0","0","2","0","2","07","04","","N","","","","","","","","","",""
"2023079892","1505","0","0","0","0","0","0","0","0","0","1","0","","02","9","2023","6","40.362748","-79.931743","1500","11","0","0","0","0","0","0","0","0","","0","0","0","","","2","Y","0","","40 21:45.892","2","0","79 55:54.275","3","0","0","0","2473","0","0","0","N","0","0","0","7","02473","0","","1.0","1600.0","1","Y","N","Y","1","","2","0","2","","0","N","","3","2","0","0","0","0","0","2","0","3","03","03","","N","","","","","","","","","",""
"2023078008","1442","0","0","0","0","0","0","0","0","0","1","0","","02","9","2023","1","40.484106","-79.854365","1422","11","0","0","0","0","0","1","0","0","","0","0","0","","","0","Y","0","","40 29:02.781","","0","79 51:15.715","0","0","0","0","2113","0","0","0","N","0","0","0","5","02113","0","","1.0","","1","N","N","N","1","","0","0","2","","0","","","3","0","0","0","0","0","0","2","0","3","03","03","","N","","","","","","","","","",""
"2023096890","0114","1","0","0","0","0","0","0","0","0","7","0","","02","10","2023","1","40.512336","-79.832588","0107","11","0","0","1","0","0","0","0","0","","0","0","0","","","0","N","0","","40 30:44.411","","0","79 49:57.315","0","0","0","0","2113","0","0","0","Y","0","0","0","2","02113","0","","4.0","","9","N","N","N","0","","0","0","0","","0","","","1","0","0","0","0","0","0","2","0","1","07","98","","N","","","","","","","","","",""
"2023098230","1643","1","0","0","0","0","0","0","0","0","4","0","","02","10","2023","3","40.438688","-79.853942","1640","11","0","0","0","0","0","0","1","0","","0","0","0","","","1","N","0","","40 26:19.276","1","0","79 51:14.190","4","0","0","0","2419","0","0","0","N","0","0","0","2","02419","1","","1.0","1725.0","1","N","N","Y","0","","0","0","1","","0","N","","2","1","0","0","0","0","0","2","0","2","03","03","","N","","","","","","","","","",""