"CRN","ARRIVAL_TM","AUTOMOBILE_COUNT","BELTED_DEATH_COUNT","BELTED_SUSP_SERIOUS_INJ_COUNT","BICYCLE_COUNT","BICYCLE_DEATH_COUNT","BICYCLE_SUSP_SERIOUS_INJ_COUNT","BUS_COUNT","CHLDPAS_DEATH_COUNT","CHLDPAS_SUSP_SERIOUS_INJ_COUNT","COLLISION_TYPE","COMM_VEH_COUNT","CONS_ZONE_SPD_LIM","COUNTY","CRASH_MONTH","CRASH_YEAR","DAY_OF_WEEK","DEC_LATITUDE","DEC_LONGITUDE","DISPATCH_TM","DISTRICT","DRIVER_COUNT_16YR","DRIVER_COUNT_17YR","DRIVER_COUNT_18YR","DRIVER_COUNT_19YR","DRIVER_COUNT_20YR","DRIVER_COUNT_50_64YR","DRIVER_COUNT_65_74YR","DRIVER_COUNT_75PLUS","EST_HRS_CLOSED","FATAL_COUNT","HEAVY_TRUCK_COUNT","HORSE_BUGGY_COUNT","HOUR_OF_DAY","ILLUMINATION","INJURY_COUNT","INTERSECTION_RELATED","INTERSECT_TYPE","LANE_CLOSED","LATITUDE","LN_CLOSE_DIR","LOCATION_TYPE","LONGITUDE","MAX_SEVERITY_LEVEL","MCYCLE_DEATH_COUNT","MCYCLE_SUSP_SERIOUS_INJ_COUNT","MOTORCYCLE_COUNT","MUNICIPALITY","NONMOTR_COUNT","NONMOTR_DEATH_COUNT","NONMOTR_SUSP_SERIOUS_INJ_COUNT","NTFY_HIWY_MAINT","PED_COUNT","PED_DEATH_COUNT","PED_SUSP_SERIOUS_INJ_COUNT","PERSON_COUNT","POLICE_AGCY","POSSIBLE_INJ_COUNT","RDWY_SURF_TYPE_CD","RELATION_TO_ROAD","ROADWAY_CLEARED","ROAD_CONDITION","SCH_BUS_IND","SCH_ZONE_IND","SECONDARY_CRASH","SMALL_TRUCK_COUNT","SPEC_JURIS_CD","SUSP_MINOR_INJ_COUNT","SUSP_SERIOUS_INJ_COUNT","SUV_COUNT","TCD_FUNC_CD","TCD_TYPE","TFC_DETOUR_IND","TIME_OF_DAY","TOTAL_UNITS","TOT_INJ_COUNT","UNBELTED_OCC_COUNT","UNB_DEATH_COUNT","UNB_SUSP_SERIOUS_INJ_COUNT","UNK_INJ_DEG_COUNT","UNK_INJ_PER_COUNT","URBAN_RURAL","VAN_COUNT","VEHICLE_COUNT","WEATHER1","WEATHER2","WORKERS_PRES","WORK_ZONE_IND","WORK_ZONE_LOC","WORK_ZONE_TYPE","WZ_CLOSE_DETOUR","WZ_FLAGGER","WZ_LAW_OFFCR_IND","WZ_LN_CLOSURE","WZ_MOVING","WZ_OTHER","WZ_SHLDER_MDN","WZ_WORKERS_INJ_KILLED"
"2023081010","0708","2","0","0","0","0","0","0","0","0","1","0","","02","9","2023","2","40.359811","-79.830483","0702","11","0","0","0","0","0","0","0","0","","0","0","0","","","0","N","0","","40 21:35.318","","0","79 49:49.740","0","0","0","0","2304","0","0","0","N","0","0","0","3","02304","0","","1.0","","1","N","N","N","0","","0","0","0","","0","","","2","0","0","0","0","0","0","2","0","2","03","","","N","","","","","","","","","",""
"2023098674","1533","1","0","0","0","0","0","0","0","0","1","0","30","02","11","2023","5","40.562404","-79.959205","1530","11","0","0","0","0","0","0","2","0","","0","0","0","","","0","","2","","40 33:44.653","2","0","79 57:33.139","0","0","0","0","2207","0","0","0","N","0","0","0","4","02207","0","","1.0","1601.0","1","N","N","N","1","","0","0","1","","0","N","","3","0","0","0","0","0","0","2","0","3","04","04","N","Y","4","1","","","N","","","","","N"
"2023096685","0005","1","0","0","0","0","0","0","0","0","2","0","","02","10","2023","1","40.435866","-79.961351","0004","11","0","0","0","0","0","0","0","0","","0","0","0","","","0","","1","","40 26:09.117","3","0","79 57:40.865","0","0","0","0","2301","0","0","0","N","0","0","0","4","02301","0","","1.0","45.0","1","N","N","N","0","","0","0","1","","2","N","","2","0","0","0","0","0","0","2","0","2","03","","","N","","","","","","","","","",""
"2023097314","0930","1","0","0","0","0","0","0","0","0","4","0","","02","10","2023","5","40.507455","-80.043099","0859","11","0","0","0","0","0","0","0","0","","0","0","0","","","0","N","0","","40 30:26.838","","0","80 02:35.158","9","0","0","0","2116","0","0","0","N","0","0","0","2","68B03","0","","1.0","","1","N","N","N","0","","0","0","1","","0","","","2","0","0","0","0","0","1","2","0","2","03","","","N","","","","","","","","","",""
"2023098041","1217","1","0","0","0","0","0","0","0","0","7","0","","02","10","2023","1","40.50335","-79.945464","1210","11","0","0","1","0","0","0","0","0","","0","0","0","","","0","N","0","","40 30:12.059","4","0","79 56:43.672","0","0","0","0","2430","0","0","0","Y","0","0","0","1","02430","0","","5.0","1242.0","9","N","N","N","0","","0","0","0","","3","N","","1","0","0","0","0","0","0","2","0","1","07","","","N","","","","","","","","","",""
"2023079857","2023","2","0","0","0","0","0","0","0","0","1","0","","02","9","2023","7","40.57611","-80.025606","2019","11","0","0","0","0","0","0","0","0","","0","0","0","","","0","N","0","","40 34:33.997","","0","80 01:32.183","0","0","0","0","2108","0","0","0","N","0","0","0","7","02108","0","","1.0","","1","N","N","N","0","","0","0","0","","2","","","2","0","1","0","0","0","0","2","0","2","03","03","","N","","","","","","","","","",""
"2023099269","0740","0","0","0","0","0","0","0","0","0","1","0","","02","11","2023","4","40.352671","-80.109729","0735","11","0","0","0","0","0","0","0","0","","0","0","0","","","0","","2","","40 21:09.617","3","0","80 06:35.026","0","0","0","0","2414","0","0","0","N","0","0","0","2","02414","0","","1.0","820.0","1","N","N","N","1","","0","0","1","","0","Y","","2","0","1","0","0","0","0","2","0","2","03","","","N","","","","","","","","","",""
"2023077941","2044","1","0","0","0","0","0","0","0","0","7","0","","02","9","2023","1","40.469588","-79.795171","2041","11","0","0","0","0","0","0","0","0","","0","0","0","","","1","N","0","","40 28:10.515","4","3","79 47:42.614","3","0","0","0","2113","0","0","0","N","0","0","0","1","02113","0","","2.0","2115.0","1","N","N","N","0","","1","0","0","","0","N","","1","1","1","0","0","0","0","2","0","1","03","","","N","","","","","","","","","",""
"2023080690","1822","1","0","0","0","0","0","0","0","0","4","0","","02","9","2023","3","40.453499","-79.982292","1822","11","0","0","0","0","0","0","0","0","","0","0","0","","","0","","1","","40 27:12.595","","0","79 58:56.250","0","0","0","0","2301","0","0","0","N","0","0","0","2","02301","0","","1.0","","1","N","N","N","0","","0","0","1","","3","","","2","0","0","0","0","0","0","2","0","2","04","04","","N","","","","","","","","","",""
"2023090115","0028","2","0","0","0","0","0","0","0","0","6","0","","02","9","2023","2","40.355786","-80.011125","0025","11","0","0","0","0","0","0","0","0","","0","0","0","","","0","N","0","","40 21:20.830","","0","80 00:40.050","9","0","0","0","2476","0","0","0","N","0","0","0","2","02476","0","","6.0","","1","N","N","N","0","","0","0","0","","0","","","2","0","1","0","0","0","1","2","0","2","03","","","N","","","","","","","","","",""
"2023079791","1505","1","0","0","0","0","0","0","0","0","7","0","","02","9","2023","7","40.443667","-79.782806","1500","11","0","0","0","0","0","0","0","0","","0","0","0","","","0","N","0","","40 26:37.200","3","0","79 46:58.100","0","0","0","0","2446","0","0","0","N","0","0","0","1","02446","0","","2.0","1530.0","1","N","N","N","0","","0","0","0","","0","Y","","1","0","0","0","0","0","0","2","0","1","03","98","","N","","","","","","","","","",""
"2023079167","1535","0","0","0","0","0","0","0","0","0","4","0","","02","9","2023","5","40.440798","-79.948192","1527","11","0","0","0","0","0","0","0","0","","0","0","0","","","0","","1","","40 26:26.871","","0","79 56:53.490","0","0","0","0","2301","0","0","0","N","0","0","0","2","02301","0","","1.0","","1","N","N","N","0","","0","0","2","","0","","","2","0","2","0","0","0","0","2","0","2","03","03","","N","","","","","","","","","",""
"2023096925","1015","1","0","0","0","0","0","0","0","0","5","1","","02","10","2023","6","40.481253","-79.770461","1008","11","0","0","0","0","0","0","1","0","","0","1","0","","","1","N","0","","40 28:52.511","3","0","79 46:13.660","8","0","0","0","2466","0","0","0","N","0","0","0","2","68T02","0","","1.0","1042.0","1","N","N","N","0","","0","0","0","","0","N","","2","1","0","0","0","1","0","2","0","2","03","","","N","","","","","","","","","",""
"2023078700","0915","1","0","0","0","0","0","0","0","0","1","0","","02","9","2023","4","40.394388","-79.934995","0857","11","0","0","0","0","0","1","0","0","","0","0","0","","","0","N","0","","40 23:39.797","","3","79 56:05.983","0","0","0","0","2301","0","0","0","N","0","0","0","2","02301","0","","1.0","","1","N","N","N","0","","0","0","1","","0","","","2","0","0","0","0","0","0","2","0","2","03","03","","N","","","","","","","","","",""
"2023095637","1531","1","0","0","0","0","0","0","0","0","4","0","","02","10","2023","3","40.443756","-80.027331","1531","11","0","0","0","1","0","0","0","0","","0","0","0","","","2","","3","","40 26:37.521","7","0","80 01:38.392","3","0","0","0","2301","0","0","0","N","0","0","0","2","02301","0","","1.0","1630.0","1","N","N","N","0","","2","0","0","","2","Y","","2","2","0","0","0","0","0","2","1","2","03","","","N","","","","","","","","","",""
"2023099024","1632","0","0","0","0","0","0","0","0","0","4","0","","02","11","2023","5","40.361286","-79.905288","1629","11","0","0","0","0","0","0","0","0","","0","0","0","","","0","","2","","40 21:40.630","1","0","79 54:19.038","0","0","0","0","2473","0","0","0","N","0","0","0","2","02473","0","","1.0","1700.0","1","N","N","N","0","","0","0","2","","0","Y","","2","0","0","0","0","0","0","2","0","2","03","03","","N","","","","","","","","","",""
"2023096263","1341","1","0","0","0","0","0","0","0","0","7","0","","02","10","2023","5","40.376385","-79.814139","1331","11","0","0","0","0","0","0","0","0","","0","0","0","","","0","N","0","","40 22:34.986","2","0","79 48:50.901","0","0","0","0","2111","0","0","0","N","0","0","0","1","02111","0","","2.0","1420.0","1","N","N","N","0","","0","0","0","","0","N","","1","0","0","0","0","0","0","2","0","1","03","03","","N","","","","","","","","","",""
"2023082851","0241","1","0","0","0","0","0","0","0","0","7","0","","02","9","2023","7","40.422909","-79.891032","0238","11","0","0","0","0","0","0","0","0","","0","0","0","","","2","","1","","40 25:22.474","5","0","79 53:27.715","3","0","0","0","2463","0","0","0","N","0","0","0","2","02463","0","","4.0","310.0","1","N","N","N","0","","2","0","0","","0","Y","","1","2","0","0","0","0","0","2","0","1","03","03","","N","","","","","","","","","",""
"2023078133","1830","0","0","0","0","0","0","0","0","0","7","0","","02","9","2023","2","40.435828","-79.999699","1800","11","0","0","0","0","0","0","0","0","","0","0","0","","","0","N","0","","40 26:08.979","3","8","79 59:58.916","0","0","0","0","2301","0","0","0","N","0","0","0","1","02301","0","","2.0","1855.0","1","Y","N","N","0","","0","0","1","","0","N","","1","0","0","0","0","0","0","2","0","1","03","","","N","","","","","","","","","",""
"2023095132","1628","1","0","0","0","0","0","0","0","0","4","0","","02","10","2023","3","40.409073","-79.838275","1625","11","0","0","0","0","0","0","0","0","","0","0","0","","","0","","1","","40 24:32.664","1","0","79 50:17.789","0","0","0","0","2417","0","0","0","N","0","0","0","3","02431","0","","1.0","1658.0","1","N","N","N","0","","0","0","1","","3","N","","2","0","0","0","0","0","0","2","0","2","03","","","N","","","","","","","","","",""
"2023079819","1555","1","0","0","0","0","0","0","0","0","1","0","","02","9","2023","7","40.354527","-79.842436","1547","11","0","0","0","0","0","2","0","0","","0","0","0","","","0","","6","","40 21:16.298","","8","79 50:32.769","0","0","0","0","2304","0","0","0","N","0","0","0","2","02304","0","","1.0","","1","N","N","N","1","","0","0","0","","4","","","2","0","0","0","0","0","0","2","0","2","03","","","N","","","","","","","","","",""
"2023102629","1404","0","0","0","0","0","0","0","0","0","4","0","","02","11","2023","7","40.548639","-80.037021","1353","11","0","0","0","0","0","0","0","1","","0","0","0","","","0","","2","","40 32:55.100","2","0","80 02:13.276","0","0","0","0","2116","0","0","0","N","0","0","0","3","02116","0","","1.0","1409.0","1","N","N","Y","0","","0","0","2","","2","N","","3","0","0","0","0","0","0","2","1","3","03","03","","N","","","","","","","","","",""
"2023083097","2313","1","0","0","0","0","0","0","0","0","7","0","","02","9","2023","7","40.620419","-80.016287","2304","11","0","1","0","0","0","0","0","0","","0","0","0","","","1","N","0","","40 37:13.508","2","0","80 00:58.633","3","0","0","0","2108","0","0","0","N","0","0","0","1","02501","0","","4.0","103.0","1","N","N","N","0","","1","0","0","","0","N","","1","1","0","0","0","0","0","1","0","1","03","03","","N","","","","","","","","","",""
"2023097173","1536","0","0","0","0","0","0","0","0","0","0","0","","02","10","2023","2","40.661161","-79.759499","1533","11","0","0","0","0","0","0","0","0","","0","0","0","","","0","N","0","","40 39:40.181","4","0","79 45:34.196","0","0","0","0","2202","0","0","0","N","0","0","0","1","02202","0","","1.0","1617.0","9","N","N","N","1","","0","0","0","","0","N","","1","0","0","0","0","0","0","1","0","1","07","07","","N","","","","","","","","","",""
"2023091869","2157","0","0","0","0","0","0","0","0","0","7","0","","02","10","2023","7","40.513764","-79.839833","2154","11","0","0","0","0","0","1","0","0","","0","0","0","","","0","N","2","","40 30:49.550","","0","79 50:23.398","0","0","0","0","2451","0","0","0","N","0","0","0","1","02451","0","","5.0","","9","N","N","N","0","","0","0","1","","3","","","1","0","0","0","0","0","0","2","0","1","07","04","","N","","","","","","","","","",""
"2023081211","0726","1","0","0","0","0","0","0","0","0","8","0","","02","9","2023","5","40.342409","-79.830779","0726","11","0","0","0","0","0","0","0","0","","0","0","0","","","1","","2","","40 20:32.673","","0","79 49:50.805","8","0","0","0","2304","1","0","0","N","1","0","0","2","02304","0","","1.0","","1","N","Y","N","0","","0","0","0","","0","N","","2","1","0","0","0","1","0","2","0","1","03","03","","N","","","","","","","","","",""
"2023097438","1515","1","0","0","0","0","0","0","0","0","1","0","","02","10","2023","7","40.501004","-80.011815","1505","11","0","0","0","0","0","1","0","0","","0","0","0","","","0","N","0","","40 30:03.613","","0","80 00:42.534","0","0","0","0","2116","0","0","0","N","0","0","0","2","02116","0","","1.0","","1","N","N","N","0","","0","0","1","","0","","","2","0","0","0","0","0","0","2","0","2","03","03","","N","","","","","","","","","",""
"2023100523","1034","0","0","0","0","0","0","0","0","0","1","0","","02","11","2023","3","40.322628","-79.926388","1028","11","0","0","0","0","0","0","0","1","","0","0","0","","","2","","2","","40 19:21.459","1","0","79 55:34.998","3","0","0","0","2440","0","0","0","N","0","0","0","2","02440","0","","1.0","1119.0","1","N","N","N","1","","2","0","1","","0","Y","","2","2","0","0","0","0","0","2","0","2","03","","","N","","","","","","","","","",""
"2023085561","0407","0","0","0","0","0","0","0","0","0","6","0","","02","9","2023","1","40.407196","-79.889816","0325","11","0","0","0","0","0","1","0","0","","0","0","0","","","0","N","0","","40 24:25.905","3","0","79 53:23.336","0","0","0","1","2448","0","0","0","N","0","0","0","2","68B03","0","","1.0","100.0","1","N","N","N","0","","0","0","1","","0","N","","2","0","0","0","0","0","0","2","0","2","03","","","N","","","","","","","","","",""
"2023078358","1021","1","0","0","0","0","0","0","0","0","4","0","","02","8","2023","3","40.511953","-80.093856","1021","11","0","0","0","0","0","0","0","0","","0","0","0","","","0","N","0","","40 30:43.031","","7","80 05:37.881","0","0","0","0","2429","0","0","0","N","0","0","0","2","02215","0","","1.0","","1","N","N","N","0","","0","0","1","","0","","","2","0","0","0","0","0","0","2","0","2","03","03","","N","","","","","","","","","",""
"2023096606","1544","0","0","0","0","0","0","0","0","0","4","0","","02","10","2023","7","40.462433","-79.998911","1541","11","0","0","0","0","0","2","0","0","","0","0","0","","","0","","2","","40 27:44.757","","0","79 59:56.081","0","0","0","0","2301","0","0","0","N","0","0","0","2","02301","0","","1.0","","1","N","N","N","1","","0","0","1","","0","","","2","0","0","0","0","0","0","2","0","2","03","03","","N","","","","","","","","","",""
"2023095776","2230","0","0","0","0","0","0","0","0","0","7","0","","02","10","2023","3","40.454035","-79.885672","2227","11","0","0","0","0","0","0","0","0","","0","0","0","","","0","","1","","40 27:14.526","","0","79 53:08.418","0","0","0","0","2301","0","0","0","N","0","0","0","1","02301","0","","4.0","","1","N","N","N","0","","0","0","1","","2","N","","1","0","0","0","0","0","0","2","0","1","03","","","N","","","","","","","","","",""
"2023096028","1724","0","0","0","0","0","0","0","0","0","4","0","","02","10","2023","5","40.383157","-79.827797","1722","11","0","0","0","0","0","0","0","0","","0","0","0","","","0","","1","","40 22:59.366","2","0","79 49:40.068","0","0","0","0","2111","0","0","0","N","0","0","0","5","02111","0","","1.0","1832.0","1","N","N","N","1","","0","0","0","","1","N","","2","0","0","0","0","0","0","2","1","2","03","03","","N","","","","","","","","","",""
"2023096953","0337","0","0","0","0","0","0","0","0","0","4","0","","02","10","2023","7","40.344105","-79.971653","0334","11","0","0","0","0","0","0","0","0","","0","0","0","","","2","N","0","","40 20:38.779","1","0","79 58:17.950","4","0","0","0","2403","0","0","0","N","0","0","0","3","02403","2","","1.0","530.0","1","N","N","N","1","","0","0","1","","0","N","","2","2","0","0","0","0","0","2","0","2","03","","","N","","","","","","","","","",""
"2023080019","0147","1","0","0","0","0","0","0","0","0","1","0","","02","9","2023","1","40.384461","-79.984007","0145","11","0","0","0","0","0","0","0","0","","0","0","0","","","1","N","0","","40 23:04.058","","0","79 59:02.425","3","0","0","0","2301","0","0","0","N","0","0","0","2","02301","0","","1.0","","1","N","N","N","0","","1","0","1","","0","","","2","1","0","0","0","0","0","2","0","2","03","03","","N","","","","","","","","","",""
"2023098688","1907","0","0","0","0","0","0","0","0","0","98","0","","02","10","2023","1","40.508989","-80.253686","1904","11","0","0","0","0","0","0","0","0","","0","0","0","","","0","N","0","","40 30:32.360","3","0","80 15:13.269","0","0","0","0","2213","0","0","0","N","0","0","0","1","02213","0","","1.0","1951.0","1","N","N","N","0","","0","0","1","","0","Y","","1","0","0","0","0","0","0","2","0","1","03","03","","N","","","","","","","","","",""
"2023082365","1117","0","0","0","0","0","0","1","0","0","1","1","","02","9","2023","7","40.443559","-80.004684","1116","11","0","0","0","0","0","2","0","0","","0","0","0","","","1","","2","","40 26:36.814","7","0","80 00:16.861","3","0","0","0","2301","0","0","0","N","0","0","0","4","02503","0","","1.0","1200.0","1","N","N","N","0","","1","0","2","","2","N","","3","1","1","0","0","0","0","2","0","3","03","","","N","","","","","","","","","",""
"2023077813","1501","0","0","0","0","0","0","0","0","0","7","0","","02","9","2023","7","40.41375","-80.018444","1446","11","0","0","0","0","0","0","0","0","","0","0","0","","","0","N","0","","40 24:49.500","","0","80 01:06.400","0","0","0","0","2301","0","0","0","N","0","0","0","1","02301","0","","4.0","","1","N","N","N","0","","0","0","1","","0","","","1","0","0","0","0","0","0","2","0","1","03","03","","N","","","","","","","","","",""
"2023079282","1755","2","0","0","1","0","1","0","0","0","8","0","","02","9","2023","5","40.421303","-79.993253","1749","11","0","0","0","0","0","0","1","0","","0","0","0","","","1","","1","","40 25:16.691","","0","79 59:35.711","2","0","0","0","2301","1","0","1","N","0","0","0","3","02301","0","","1.0","","1","N","N","N","0","","0","1","0","","3","","","3","1","0","0","0","0","0","2","0","2","03","03","","N","","","","","","","","","",""
"2023114891","0208","1","0","0","0","0","0","0","0","0","7","0","","02","12","2023","7","40.397219","-79.858764","0208","11","0","0","0","0","0","0","0","0","","0","0","0","","","1","N","0","","40 23:49.990","3","0","79 51:31.550","3","0","0","0","2449","0","0","0","N","0","0","0","1","68B03","0","","4.0","100.0","1","N","N","N","0","","1","0","0","","0","N","","1","1","0","0","0","0","0","2","0","1","03","03","","N","","","","","","","","","",""
"2023081231","1818","1","0","0","0","0","0","0","0","0","1","0","","02","9","2023","2","40.3744","-80.005573","1815","11","0","0","0","0","1","0","0","0","","0","0","0","","","0","N","0","","40 22:27.839","","0","80 00:20.062","0","0","0","0","2416","0","0","0","N","0","0","0","3","02416","0","","1.0","","1","N","N","N","0","","0","0","1","","2","","","2","0","0","0","0","0","0","2","0","2","03","03","","N","","","","","","","","","",""
"2023096793","1854","1","0","0","0","0","0","0","0","0","2","0","","02","10","2023","7","40.375643","-79.926731","1830","11","0","0","0","0","0","2","0","0","","1","0","0","","","3","N","0","","40 22:32.315","5","0","79 55:36.231","1","0","0","0","2301","0","0","0","N","0","0","0","4","02301","0","2","1.0","2216.0","9","N","N","N","0","0","0","3","1","","0","Y","","2","3","4","1","3","0","0","2","0","2","04","","","N","","","","","","","","","",""
"2023080308","1737","2","0","0","0","0","0","0","0","0","4","0","","02","9","2023","2","40.397048","-80.254663","1721","11","0","0","0","1","0","0","0","0","","0","0","0","","","0","","2","","40 23:49.371","","0","80 15:16.785","0","0","0","0","2214","0","0","0","N","0","0","0","3","02214","0","","1.0","","1","N","N","N","0","","0","0","0","","3","","","2","0","0","0","0","0","0","1","0","2","03","04","","N","","","","","","","","","",""
"2023097477","1540","1","0","0","0","0","0","0","0","0","1","0","","02","9","2023","2","40.428057","-79.948128","1513","11","0","0","0","0","0","1","0","0","","0","0","0","","","1","N","0","","40 25:41.005","","0","79 56:53.259","3","0","0","0","2301","0","0","0","N","0","0","0","2","68B03","0","","1.0","","1","N","N","N","0","","1","0","1","","0","","","2","1","0","0","0","0","0","2","0","2","03","","","N","","","","","","","","","",""
"2023078321","0749","1","0","0","0","0","0","0","0","0","1","0","","02","9","2023","3","40.523176","-80.072739","0743","11","0","0","0","0","0","0","1","0","","0","0","0","","","0","N","0","","40 31:23.433","","0","80 04:21.860","0","0","0","0","2215","0","0","0","N","0","0","0","3","02215","0","","1.0","","1","N","N","N","0","","0","0","0","","0","","","2","0","0","0","0","0","0","2","1","2","03","","","N","","","","","","","","","",""
"2023078997","0625","1","0","0","0","0","0","0","0","0","1","0","","02","9","2023","3","40.479984","-79.965723","0611","11","0","0","0","0","1","0","0","0","","0","0","0","","","0","N","0","","40 28:47.941","2","0","79 57:56.604","0","0","0","0","2301","0","0","0","N","0","0","0","3","02301","0","","1.0","715.0","1","","","N","1","","0","0","1","","0","N","","3","0","0","0","0","0","0","2","0","3","03","03","","N","","","","","","","","","",""
"2023095959","1703","0","0","0","0","0","0","0","0","0","4","0","","02","10","2023","5","40.455072","-80.001125","1702","11","0","0","0","0","0","1","0","0","","0","0","0","","","1","N","1","","40 27:18.259","","0","80 00:04.050","3","0","0","1","2301","0","0","0","N","0","0","0","2","02301","0","","1.0","","1","N","N","N","0","","1","0","1","","0","","","2","1","0","0","0","0","0","2","0","2","03","03","","N","","","","","","","","","",""
"2023077801","0350","0","0","0","0","0","0","0","0","0","7","0","","02","9","2023","1","40.46275","-79.998528","0343","11","0","0","0","0","0","0","0","0","","0","0","0","","","0","N","0","","40 27:45.900","","0","79 59:54.700","0","0","0","0","2301","0","0","0","N","0","0","0","1","02301","0","","4.0","","1","N","N","N","0","","0","0","1","","0","","","2","0","0","0","0","0","0","2","0","1","03","","","N","","","","","","","","","",""
"2023078702","0820","1","0","0","0","0","0","0","0","0","4","0","","02","9","2023","4","40.439732","-80.0885","0811","11","0","0","0","0","0","0","0","1","","0","0","0","","","1","N","0","","40 26:23.035","3","7","80 05:18.601","8","0","0","0","2115","0","0","0","N","0","0","0","2","02115","0","","1.0","903.0","1","N","N","N","0","","0","0","0","","0","N","","2","1","0","0","0","1","0","2","1","2","03","","","N","","","","","","","","","",""
"2023096459","0306","1","0","0","0","0","0","0","0","0","7","0","","02","10","2023","7","40.449091","-80.02274","0302","11","0","0","0","0","0","0","0","0","","0","0","0","","","0","N","1","","40 26:56.729","","0","80 01:21.865","0","0","0","0","2301","0","0","0","N","0","0","0","1","02301","0","","2.0","","9","N","N","N","0","","0","0","0","","0","","","1","0","0","0","0","0","0","2","0","1","03","03","","N","","","","","","","","","",""
"2023098060","0734","0","0","0","0","0","0","0","0","0","8","0","","02","10","2023","3","40.588693","-79.945249","0734","11","0","0","0","0","0","0","0","0","","0","0","0","","","1","N","0","","40 35:19.294","7","0","79 56:42.895","3","0","0","0","2207","1","0","0","N","1","0","0","2","02207","0","","1.0","759.0","9","N","Y","N","0","","1","0","0","","0","Y","","2","1","0","0","0","0","0","2","1","1","03","03","","N","","","","","","","","","",""
"2023080618","1129","0","0","0","0","0","0","0","0","0","8","0","","02","9","2023","6","40.549582","-79.914146","1128","11","0","0","0","0","0","0","1","0","","0","0","0","","","1","","1","","40 32:58.496","","0","79 54:50.925","3","0","0","0","2209","1","0","0","N","1","0","0","2","02209","0","","1.0","","1","N","N","N","0","","1","0","1","","2","","","2","1","0","0","0","0","0","2","0","1","03","03","","N","","","","","","","","","",""
"2023083881","0310","0","0","0","0","0","0","0","0","0","7","0","","02","9","2023","7","40.425734","-79.901688","0310","11","0","0","0","0","0","0","0","0","","0","0","0","","","0","N","0","","40 25:32.644","3","0","79 54:06.078","0","0","0","0","2301","0","0","0","N","0","0","0","1","68B03","0","","4.0","413.0","9","N","N","N","0","","0","0","1","","0","N","","1","0","0","0","0","0","0","2","0","1","07","","","N","","","","","","","","","",""
"2023096891","1718","2","0","0","0","0","0","0","0","0","2","0","","02","10","2023","1","40.528994","-79.990288","1714","11","0","0","0","0","0","0","0","1","","0","0","0","","","2","N","3","","40 31:44.380","7","0","79 59:25.038","8","0","0","0","2116","0","0","0","N","0","0","0","3","02116","0","","1.0","1821.0","9","N","N","N","0","","0","0","0","","3","N","","2","2","2","0","0","2","0","2","0","2","03","03","","N","","","","","","","","","",""
"2023097468","1245","1","0","0","0","0","0","0","0","0","7","0","","02","10","2023","2","40.449425","-80.116928","1240","11","0","0","0","0","0","0","0","0","","0","0","0","","","0","N","0","","40 26:57.931","","0","80 07:00.940","0","0","0","0","2115","0","0","0","N","0","0","0","1","02115","0","","2.0","","9","N","N","N","0","","0","0","1","","0","","","2","0","0","0","0","0","0","2","0","2","07","07","","N","","","","","","","","","",""
"2023094027","1027","1","0","0","0","0","0","0","0","0","1","0","","02","10","2023","5","40.435267","-79.755568","1023","11","0","0","0","0","0","0","0","1","","0","0","0","","","1","N","0","","40 26:06.961","","0","79 45:20.045","8","0","0","0","2446","0","0","0","N","0","0","0","3","02446","0","","1.0","","1","N","N","N","0","","0","0","1","","0","N","","2","1","0","0","0","1","0","2","0","2","03","","","N","","","","","","","","","",""
"2023096921","0654","0","0","0","0","0","0","0","0","0","98","0","","02","10","2023","6","40.613638","-79.956944","0645","11","0","0","0","0","0","0","0","0","","0","0","0","","","0","N","0","","40 36:49.097","","0","79 57:24.998","0","0","0","0","2207","0","0","0","N","0","0","0","1","68T02","0","","1.0","","1","N","N","N","0","","0","0","1","","0","","","1","0","0","0","0","0","0","2","0","1","03","","","N","","","","","","","","","",""
"2023079290","1725","2","0","0","0","0","0","0","0","0","4","0","","02","9","2023","5","40.323107","-79.956519","1723","11","0","0","0","0","0","1","0","0","","0","0","0","","","0","","1","","40 19:23.185","","0","79 57:23.469","0","0","0","0","2454","0","0","0","N","0","0","0","3","02454","0","","1.0","","1","N","N","N","0","","0","0","0","","0","","","2","0","0","0","0","0","0","2","0","2","03","03","","N","","","","","","","","","",""
"2023097219","1425","0","0","0","0","0","0","0","0","0","2","0","","02","10","2023","1","40.499865","-79.757084","1417","11","0","1","0","0","0","0","0","1","","0","0","0","","","2","N","0","","40 29:59.513","3","0","79 45:25.502","4","0","0","0","2466","0","0","0","N","0","0","0","3","02466","2","","1.0","1522.0","1","N","N","N","0","","0","0","2","","0","N","","2","2","0","0","0","0","0","2","0","2","04","03","","N","","","","","","","","","",""
"2023079320","1450","2","0","0","0","0","0","0","0","0","1","0","","02","9","2023","4","40.428702","-79.999552","1417","11","0","0","0","0","0","0","1","0","","0","0","0","","","2","Y","0","","40 25:43.328","7","4","79 59:58.387","3","0","0","0","2301","0","0","0","N","0","0","0","5","02301","0","","1.0","1600.0","1","N","N","N","1","","2","0","0","","0","N","","3","2","0","0","0","0","0","2","0","3","03","03","","N","","","","","","","","","",""