"CRN","ARRIVAL_TM","AUTOMOBILE_COUNT","BELTED_DEATH_COUNT","BELTED_SUSP_SERIOUS_INJ_COUNT","BICYCLE_COUNT","BICYCLE_DEATH_COUNT","BICYCLE_SUSP_SERIOUS_INJ_COUNT","BUS_COUNT","CHLDPAS_DEATH_COUNT","CHLDPAS_SUSP_SERIOUS_INJ_COUNT","COLLISION_TYPE","COMM_VEH_COUNT","CONS_ZONE_SPD_LIM","COUNTY","CRASH_MONTH","CRASH_YEAR","DAY_OF_WEEK","DEC_LATITUDE","DEC_LONGITUDE","DISPATCH_TM","DISTRICT","DRIVER_COUNT_16YR","DRIVER_COUNT_17YR","DRIVER_COUNT_18YR","DRIVER_COUNT_19YR","DRIVER_COUNT_20YR","DRIVER_COUNT_50_64YR","DRIVER_COUNT_65_74YR","DRIVER_COUNT_75PLUS","EST_HRS_CLOSED","FATAL_COUNT","HEAVY_TRUCK_COUNT","HORSE_BUGGY_COUNT","HOUR_OF_DAY","ILLUMINATION","INJURY_COUNT","INTERSECTION_RELATED","INTERSECT_TYPE","LANE_CLOSED","LATITUDE","LN_CLOSE_DIR","LOCATION_TYPE","LONGITUDE","MAX_SEVERITY_LEVEL","MCYCLE_DEATH_COUNT","MCYCLE_SUSP_SERIOUS_INJ_COUNT","MOTORCYCLE_COUNT","MUNICIPALITY","NONMOTR_COUNT","NONMOTR_DEATH_COUNT","NONMOTR_SUSP_SERIOUS_INJ_COUNT","NTFY_HIWY_MAINT","PED_COUNT","PED_DEATH_COUNT","PED_SUSP_SERIOUS_INJ_COUNT","PERSON_COUNT","POLICE_AGCY","POSSIBLE_INJ_COUNT","RDWY_SURF_TYPE_CD","RELATION_TO_ROAD","ROADWAY_CLEARED","ROAD_CONDITION","SCH_BUS_IND","SCH_ZONE_IND","SECONDARY_CRASH","SMALL_TRUCK_COUNT","SPEC_JURIS_CD","SUSP_MINOR_INJ_COUNT","SUSP_SERIOUS_INJ_COUNT","SUV_COUNT","TCD_FUNC_CD","TCD_TYPE","TFC_DETOUR_IND","TIME_OF_DAY","TOTAL_UNITS","TOT_INJ_COUNT","UNBELTED_OCC_COUNT","UNB_DEATH_COUNT","UNB_SUSP_SERIOUS_INJ_COUNT","UNK_INJ_DEG_COUNT","UNK_INJ_PER_COUNT","URBAN_RURAL","VAN_COUNT","VEHICLE_COUNT","WEATHER1","WEATHER2","WORKERS_PRES","WORK_ZONE_IND","WORK_ZONE_LOC","WORK_ZONE_TYPE","WZ_CLOSE_DETOUR","WZ_FLAGGER","WZ_LAW_OFFCR_IND","WZ_LN_CLOSURE","WZ_MOVING","WZ_OTHER","WZ_SHLDER_MDN","WZ_WORKERS_INJ_KILLED"
"2023112081","0700","1","0","0","0","0","0","0","0","0","1","0","","02","12","2023","3","40.596264","-80.077881","0654","11","0","0","0","0","0","2","0","0","","0","0","0","","","2","","2","","40 35:46.552","5","0","80 04:40.373","2","0","0","0","2481","0","0","0","N","0","0","0","2","02481","0","","1.0","725.0","1","N","N","N","0","","0","2","1","","0","N","","2","2","2","0","2","0","0","2","0","2","03","","","N","","","","","","","","","",""
"2023111963","2251","1","0","0","0","0","0","0","0","0","7","0","","02","12","2023","7","40.383631","-79.966989","2239","11","0","0","0","0","0","0","0","0","","0","0","0","","","0","","1","","40 23:01.072","4","0","79 58:01.160","0","0","0","0","2403","0","0","0","N","0","0","0","1","02403","0","","2.0","2303.0","9","N","N","N","0","","0","0","0","","0","N","","1","0","0","0","0","0","0","2","0","1","03","","","N","","","","","","","","","",""
"2023113319","1824","0","0","0","0","0","0","0","0","0","6","0","","02","12","2023","4","40.369083","-79.924417","1818","11","0","0","0","0","0","0","0","1","","0","0","0","","","0","N","0","","40 22:08.700","","0","79 55:27.900","0","0","0","0","2473","0","0","0","N","0","0","0","1","02473","0","","6.0","","1","N","N","N","0","","0","0","2","","0","","","2","0","0","0","0","0","0","2","0","2","03","03","","N","","","","","","","","","",""
"2023111221","1943","0","0","0","0","0","0","0","0","0","5","0","","02","12","2023","4","40.494972","-80.062833","1939","11","0","0","0","0","0","0","0","0","","0","0","0","","","0","N","0","","40 29:41.900","","0","80 03:46.200","9","0","0","0","2402","0","0","0","Y","0","0","0","1","02402","0","","6.0","","1","N","N","N","0","","0","0","1","","0","","","2","0","0","0","0","0","1","2","0","2","03","03","","N","","","","","","","","","",""
"2023117094","1843","2","0","0","0","0","0","0","0","0","6","0","","02","12","2023","7","40.552573","-79.972213","1840","11","0","0","0","0","0","2","0","0","","0","0","0","","","0","N","0","","40 33:09.261","5","0","79 58:19.967","0","0","0","0","2118","0","0","0","N","0","0","0","3","02118","0","","1.0","1900.0","9","N","N","N","0","","0","0","0","","0","N","","2","0","0","0","0","0","0","2","0","2","06","07","","N","","","","","","","","","",""
"2023112715","0322","0","0","0","0","0","0","0","0","0","7","0","","02","12","2023","2","40.530792","-80.270687","0318","11","0","0","0","0","0","0","0","0","","0","0","0","","","0","","2","","40 31:50.851","2","0","80 16:14.473","0","0","0","0","2203","0","0","0","N","0","0","0","1","02203","0","","4.0","419.0","1","N","N","Y","0","","0","0","1","","3","N","","1","0","0","0","0","0","0","2","0","1","03","","","N","","","","","","","","","",""
"2023113583","0131","0","0","0","0","0","0","0","0","0","7","0","","02","12","2023","7","40.336415","-79.862592","0128","11","0","0","0","0","0","0","0","0","","0","0","0","","","1","","3","","40 20:11.095","3","0","79 51:45.332","3","0","0","0","2455","0","0","0","Y","0","0","0","1","02455","0","","2.0","214.0","1","N","N","N","0","","1","0","1","","0","N","","1","1","0","0","0","0","0","2","0","1","03","03","","N","","","","","","","","","",""
"2023116739","1014","1","0","0","0","0","0","0","0","0","7","0","","02","12","2023","1","40.440412","-79.831973","1007","11","0","1","0","0","0","0","0","0","","0","0","0","","","0","N","0","","40 26:25.484","3","0","79 49:55.103","0","0","0","0","2419","0","0","0","N","0","0","0","1","68B03","0","","2.0","1043.0","9","N","N","N","0","","0","0","0","","0","N","","1","0","0","0","0","0","0","2","0","1","03","","","N","","","","","","","","","",""
"2023119169","2044","1","0","0","0","0","0","0","0","0","7","0","","02","12","2023","1","40.493521","-79.910612","2035","11","0","0","1","0","0","0","0","0","","0","0","0","","","0","N","0","","40 29:36.676","7","2","79 54:38.204","0","0","0","0","2112","0","0","0","N","0","0","0","1","02112","0","","3.0","2127.0","9","N","N","N","0","","0","0","0","","0","Y","","1","0","0","0","0","0","0","2","0","1","07","","","N","","","","","","","","","",""
"2023111732","2152","1","0","0","0","0","0","0","0","0","4","0","","02","12","2023","6","40.443553","-79.95214","2150","11","0","0","0","1","0","0","0","0","","0","0","0","","","0","","2","","40 26:36.791","","0","79 57:07.703","0","0","0","0","2301","0","0","0","N","0","0","0","2","02301","0","","1.0","","1","N","N","N","0","","0","0","1","","2","","","2","0","0","0","0","0","0","2","0","2","03","03","","N","","","","","","","","","",""
"2023111953","1824","0","0","0","0","0","0","0","0","0","7","0","","02","12","2023","7","40.496612","-80.068469","1823","11","0","0","0","0","0","0","0","0","","0","0","0","","","1","N","0","","40 29:47.804","7","0","80 04:06.488","3","0","0","0","2402","0","0","0","N","0","0","0","1","02402","0","","4.0","1935.0","1","N","N","N","0","","1","0","1","","0","Y","","1","1","0","0","0","0","0","2","0","1","03","03","","N","","","","","","","","","",""
"2023109303","2252","1","0","0","0","0","0","0","0","0","1","0","","02","12","2023","6","40.454306","-79.995889","2243","11","0","0","0","0","0","1","0","0","","0","0","0","","","0","N","0","","40 27:15.500","","0","79 59:45.200","0","0","0","0","2301","0","0","0","N","0","0","0","2","02301","0","","1.0","","9","N","N","N","1","","0","0","0","","2","","","2","0","0","0","0","0","0","2","0","2","04","07","","N","","","","","","","","","",""
"2023110516","1804","1","0","0","0","0","0","0","0","0","4","0","","02","12","2023","3","40.321143","-79.94219","1800","11","0","0","0","0","0","0","0","1","","0","0","0","","","0","","1","","40 19:16.114","1","0","79 56:31.883","0","0","0","0","2454","0","0","0","N","0","0","0","3","02454","0","","1.0","1841.0","9","N","N","N","0","","0","0","1","","2","Y","","2","0","0","0","0","0","0","2","0","2","03","03","","N","","","","","","","","","",""
"2023118957","2051","1","0","0","0","0","0","0","0","0","1","0","","02","12","2023","6","40.472779","-79.972787","2048","11","0","0","0","0","0","0","0","0","","0","0","0","","","0","","6","","40 28:22.003","2","2","79 58:22.033","0","0","0","0","2445","0","0","0","N","0","0","0","2","02445","0","","1.0","2132.0","9","N","N","N","0","","0","0","1","","0","N","","2","0","0","0","0","0","0","2","0","2","98","","","N","","","","","","","","","",""
"2023112892","1800","0","0","0","0","0","0","0","0","0","4","0","","02","12","2023","5","40.633397","-80.059523","1753","11","0","0","0","0","0","1","0","0","","0","0","0","","","0","","1","","40 38:00.229","1","0","80 03:34.283","0","0","0","0","2216","0","0","0","N","0","0","0","2","02505","0","","1.0","1820.0","1","N","N","N","0","","0","0","2","","2","Y","","2","0","1","0","0","0","0","1","0","2","03","03","","N","","","","","","","","","",""
"2023109814","0014","0","0","0","0","0","0","0","0","0","7","0","","02","12","2023","2","40.582667","-80.02875","0007","11","0","0","0","0","0","0","0","0","","0","0","0","","","0","N","0","","40 34:57.600","","7","80 01:43.500","0","0","0","0","2108","0","0","0","N","0","0","0","1","02108","0","","5.0","","9","N","N","N","0","","0","0","1","","0","","","1","0","0","0","0","0","0","2","0","1","07","","","N","","","","","","","","","",""
"2023117491","1608","2","0","0","0","0","0","0","0","0","4","0","","02","12","2023","3","40.393921","-79.787134","1608","11","0","0","1","1","0","0","0","0","","0","0","0","","","0","","1","","40 23:38.114","","0","79 47:13.683","0","0","0","0","2470","0","0","0","N","0","0","0","2","02424","0","","1.0","","1","N","N","N","0","","0","0","0","","3","","","2","0","0","0","0","0","0","2","0","2","04","04","","N","","","","","","","","","",""
"2023112084","1103","0","0","0","0","0","0","0","0","0","4","0","","02","12","2023","1","40.40958","-80.080203","1103","11","0","0","0","0","0","1","0","0","","0","0","0","","","1","","2","","40 24:34.488","","2","80 04:48.732","8","0","0","0","2415","0","0","0","N","0","0","0","2","02415","0","","1.0","","9","N","N","N","0","","0","0","2","","3","","","2","1","0","0","0","1","0","2","0","2","04","","","N","","","","","","","","","",""
"2023115494","1537","0","0","0","0","0","0","0","0","0","4","0","","02","12","2023","3","40.546413","-80.189273","1536","11","0","0","0","0","0","1","0","0","","0","0","0","","","2","","1","","40 32:47.086","1","0","80 11:21.384","3","0","0","0","2427","0","0","0","N","0","0","0","3","02427","0","","1.0","1650.0","9","N","N","N","1","","2","0","1","","0","Y","","2","2","0","0","0","0","0","2","0","2","07","","","N","","","","","","","","","",""
"2023111490","1124","0","0","0","0","0","0","0","0","0","4","0","","02","12","2023","6","40.63505","-79.940313","1121","11","0","0","0","0","0","0","2","0","","0","0","0","","","1","N","0","","40 38:06.181","3","7","79 56:25.125","8","0","0","0","2217","0","0","0","N","0","0","0","2","02505","0","","1.0","1144.0","1","N","N","N","0","","0","0","2","","0","N","","2","1","0","0","0","1","0","2","0","2","03","","","N","","","","","","","","","",""
"2023110349","0802","1","0","0","0","0","0","0","0","0","4","0","","02","12","2023","3","40.414259","-80.045033","0759","11","0","0","0","0","0","0","1","0","","0","0","0","","","0","","2","","40 24:51.333","","0","80 02:42.119","0","0","0","0","2435","0","0","0","N","0","0","0","3","02435","0","","1.0","","1","N","N","N","0","","0","0","1","","2","","","2","0","0","0","0","0","0","2","0","2","03","03","","N","","","","","","","","","",""
"2023117474","1420","1","0","0","0","0","0","0","0","0","1","0","","02","12","2023","5","40.390954","-80.059276","1412","11","0","0","0","0","0","0","0","1","","0","0","0","","","1","","2","","40 23:27.433","2","0","80 03:33.392","4","0","0","0","2109","0","0","0","N","0","0","0","3","02109","1","","1.0","1500.0","1","N","N","N","0","","0","0","1","","2","N","","2","1","0","0","0","0","0","2","0","2","04","","","N","","","","","","","","","",""
"2023109433","1442","1","0","0","0","0","0","0","0","0","1","0","","02","12","2023","7","40.615708","-80.09424","1440","11","0","0","0","0","0","0","0","1","","0","0","0","","","0","","1","","40 36:56.550","3","2","80 05:39.265","0","0","0","0","2481","0","0","0","N","0","0","0","8","02481","0","","1.0","1510.0","1","N","N","N","1","","0","0","2","","2","N","","4","0","0","0","0","0","0","2","0","4","03","","","N","","","","","","","","","",""
"2023118347","0723","1","0","0","0","0","0","0","0","0","7","0","","02","12","2023","3","40.420826","-79.884229","0720","11","0","0","0","0","0","1","0","0","","0","0","0","","","1","","1","","40 25:14.973","","0","79 53:03.224","4","0","0","0","2463","0","0","0","N","0","0","0","1","02463","1","","4.0","","1","N","N","N","0","","0","0","0","","2","","","1","1","0","0","0","0","0","2","0","1","03","03","","N","","","","","","","","","",""
"2023109723","1510","0","0","0","0","0","0","0","0","0","6","0","","02","12","2023","1","40.442556","-80.057583","1505","11","0","0","0","0","0","0","1","0","","0","0","0","","","1","N","0","","40 26:33.200","5","0","80 03:27.300","4","0","0","0","2301","0","0","0","N","0","0","0","1","02301","1","","6.0","1650.0","1","","","N","0","","0","0","2","","0","Y","","2","1","0","0","0","0","0","2","0","2","03","03","","N","","","","","","","","","",""
"2023110874","1643","1","0","0","0","0","0","0","0","0","7","0","","02","12","2023","6","40.39199","-79.89403","1639","11","0","0","0","0","0","0","0","0","","0","0","0","","","0","N","0","","40 23:31.164","","0","79 53:38.509","0","0","0","0","2448","0","0","0","N","0","0","0","1","02448","0","","4.0","","9","N","N","N","0","","0","0","0","","0","","","1","0","0","0","0","0","0","2","0","1","03","07","","N","","","","","","","","","",""
"2023101435","0211","2","0","0","0","0","0","0","0","0","4","1","","02","10","2023","7","40.371023","-79.828484","0208","11","0","0","0","0","0","0","0","0","","0","1","0","","","0","N","0","","40 22:15.683","","0","79 49:42.543","9","0","0","0","2111","0","0","0","N","0","0","0","1","02111","0","","5.0","","1","N","N","N","1","","0","0","0","","0","","","4","0","0","0","0","0","1","2","0","4","03","03","","N","","","","","","","","","",""
"2023111684","1755","1","0","0","0","0","0","0","0","0","1","0","","02","12","2023","6","40.500804","-80.011971","1738","11","0","0","0","0","0","0","0","0","","0","0","0","","","0","N","0","","40 30:02.896","","0","80 00:43.094","0","0","0","0","2116","0","0","0","N","0","0","0","2","02116","0","","1.0","","1","N","N","N","0","","0","0","1","","0","","","2","0","0","0","0","0","0","2","0","2","03","03","","N","","","","","","","","","",""
"2023111013","1516","0","0","0","0","0","0","0","0","0","4","0","","02","12","2023","4","40.369339","-79.830578","1510","11","0","0","0","0","0","2","0","0","","0","0","0","","","1","N","0","","40 22:09.619","2","7","79 49:50.079","3","0","0","0","2111","0","0","0","N","0","0","0","3","02111","0","","1.0","1541.0","1","N","N","N","1","","1","0","1","","0","N","","2","1","0","0","0","0","0","2","0","2","03","03","","N","","","","","","","","","",""
"2023116659","1110","1","0","0","0","0","0","0","0","0","4","0","","02","12","2023","6","40.443074","-79.857943","1105","11","0","0","0","0","0","1","1","0","","0","0","0","","","0","N","0","","40 26:35.066","5","7","79 51:28.593","0","0","0","0","2419","0","0","0","N","0","0","0","2","02419","0","","1.0","1200.0","1","N","N","N","0","","0","0","1","","0","N","","2","0","0","0","0","0","0","2","0","2","03","03","","N","","","","","","","","","",""
"2023116587","2018","0","0","0","0","0","0","0","0","0","1","0","","02","12","2023","7","40.434597","-79.988218","2005","11","0","0","0","0","0","0","0","0","","0","0","0","","","1","N","0","","40 26:04.549","4","3","79 59:17.586","3","0","0","0","2301","0","0","0","N","0","0","0","3","68B03","0","","1.0","2050.0","1","N","N","N","1","","1","0","1","","0","N","","2","1","1","0","0","0","0","2","0","2","03","","","N","","","","","","","","","",""
"2023109684","1743","1","0","0","0","0","0","0","0","0","6","0","","02","12","2023","6","40.559016","-79.83947","1739","11","0","0","0","0","0","0","0","0","","0","0","0","","","1","N","0","","40 33:32.459","3","0","79 50:22.091","3","0","0","0","2208","0","0","0","N","0","0","0","4","02208","0","","1.0","1822.0","1","N","N","N","0","","1","0","1","","0","Y","","2","1","0","0","0","0","0","1","0","2","03","03","","N","","","","","","","","","",""
"2023111243","1532","1","0","0","0","0","0","0","0","0","4","0","","02","12","2023","5","40.391042","-80.039426","1530","11","0","0","0","1","0","1","0","0","","0","0","0","","","1","","2","","40 23:27.751","2","0","80 02:21.934","4","0","0","0","2422","0","0","0","N","0","0","0","2","02422","1","","1.0","1605.0","1","N","N","N","0","","0","0","0","","0","N","","2","1","1","0","0","0","0","2","1","2","03","03","","N","","","","","","","","","",""
"2023119079","1205","0","0","0","0","0","0","0","0","0","6","0","","02","12","2023","1","40.393643","-79.819138","1203","11","0","0","0","0","0","0","0","0","","0","0","0","","","0","N","0","","40 23:37.113","1","0","79 49:08.897","0","0","0","0","2111","0","0","0","N","0","0","0","2","02111","0","","1.0","1238.0","1","N","N","N","0","","0","0","1","","0","Y","","2","0","0","0","0","0","0","2","1","2","03","","","N","","","","","","","","","",""
"2023103698","0955","1","0","0","0","0","0","0","0","0","4","0","","02","11","2023","4","40.540472","-80.180167","0948","11","0","0","0","0","0","2","0","0","","0","0","0","","","0","N","0","","40 32:25.700","","0","80 10:48.600","0","0","0","0","2458","0","0","0","N","0","0","0","3","02458","0","","1.0","","1","N","N","N","1","","0","0","1","","0","","","3","0","0","0","0","0","0","2","0","3","03","03","","N","","","","","","","","","",""
"2023118946","1624","1","0","0","0","0","0","0","0","0","1","0","","02","12","2023","7","40.353432","-79.83712","1624","11","0","0","0","0","0","1","0","0","","0","0","0","","","1","N","0","","40 21:12.354","1","0","79 50:13.632","3","0","0","0","2304","0","0","0","N","0","0","0","2","02304","0","","1.0","1700.0","9","N","N","N","1","","1","0","0","","0","N","","2","1","0","0","0","0","0","2","0","2","03","03","","N","","","","","","","","","",""
"2023117637","2208","0","0","0","0","0","0","0","0","0","4","0","","02","12","2023","3","40.4505","-80.190389","2201","11","0","0","0","0","0","1","0","0","","0","0","0","","","1","N","0","","40 27:01.800","4","7","80 11:25.400","4","0","0","0","2214","0","0","0","N","0","0","0","2","02214","1","","1.0","2245.0","9","N","N","N","0","","0","0","2","","0","Y","","2","1","0","0","0","0","0","2","0","2","07","04","","N","","","","","","","","","",""
"2023110620","1838","1","0","1","0","0","0","0","0","0","7","0","","02","12","2023","3","40.527732","-79.850493","1834","11","0","0","0","0","0","1","0","0","","0","0","0","","","2","Y","0","","40 31:39.835","1","0","79 51:01.775","2","0","0","0","2208","0","0","0","Y","0","0","0","2","02208","0","","4.0","1905.0","9","N","N","N","0","","1","1","0","","0","N","","1","2","0","0","0","0","0","2","0","1","03","03","","N","","","","","","","","","",""
"2023111804","1405","0","0","0","0","0","0","0","0","0","7","0","","02","12","2023","6","40.471307","-79.989692","1400","11","0","0","0","0","0","0","0","0","","0","0","0","","","2","N","0","","40 28:16.705","","0","79 59:22.891","3","0","0","0","2301","0","0","0","N","0","0","0","2","02301","0","","2.0","","98","N","N","N","0","","2","0","1","","0","","","1","2","0","0","0","0","0","2","0","1","03","","","N","","","","","","","","","",""
"2023116065","0139","1","0","0","0","0","0","0","0","0","1","0","","02","12","2023","7","40.513544","-80.222324","0139","11","0","0","0","0","0","0","0","0","","0","0","0","","","0","","3","","40 30:48.760","","0","80 13:20.365","0","0","0","0","2213","0","0","0","N","0","0","0","2","02213","0","","1.0","","1","N","N","N","1","","0","0","0","","0","","","2","0","0","0","0","0","0","2","0","2","03","","","N","","","","","","","","","",""
"2023111249","2128","1","0","0","0","0","0","0","0","0","4","0","","02","12","2023","4","40.576431","-80.025889","2125","11","0","0","0","1","0","0","0","0","","0","0","0","","","0","","1","","40 34:35.151","3","0","80 01:33.202","0","0","0","0","2108","0","0","0","N","0","0","0","3","02108","0","","1.0","2155.0","1","N","N","N","0","","0","0","1","","2","N","","2","0","0","0","0","0","0","2","0","2","03","03","","N","","","","","","","","","",""
"2023116703","1715","1","0","0","0","0","0","0","0","0","7","0","","02","12","2023","6","40.451363","-79.997723","1700","11","0","0","0","0","0","1","0","0","","0","0","0","","","0","N","0","","40 27:04.907","","2","79 59:51.803","0","0","0","0","2301","0","0","0","N","0","0","0","1","02301","0","","2.0","","1","N","N","N","0","","0","0","0","","0","","","1","0","0","0","0","0","0","2","0","1","03","03","","N","","","","","","","","","",""
"2023117492","1731","1","0","0","0","0","0","0","0","0","5","0","","02","12","2023","3","40.468694","-80.036052","1712","11","0","0","0","0","0","0","0","0","","0","0","0","","","0","N","0","","40 28:07.297","","0","80 02:09.787","9","0","0","0","2301","0","0","0","N","0","0","0","3","02301","0","","1.0","","9","N","N","Y","1","","0","0","0","","0","","","2","0","0","0","0","0","1","2","0","2","04","10","","N","","","","","","","","","",""
"2023097231","1836","1","0","0","0","0","0","0","0","0","4","0","","02","10","2023","2","40.438231","-79.996059","1831","11","0","0","0","0","1","0","0","0","","0","0","0","","","0","","1","","40 26:17.633","","0","79 59:45.811","0","0","0","0","2301","0","0","0","N","0","0","0","3","02301","0","","1.0","","9","N","N","N","0","","0","0","1","","2","","","2","0","0","0","0","0","0","2","0","2","04","04","","N","","","","","","","","","",""
"2023103656","1126","2","0","0","0","0","0","0","0","0","4","0","","02","11","2023","4","40.470167","-80.013028","1124","11","0","0","0","0","0","0","0","0","","0","0","0","","","0","N","0","","40 28:12.600","","0","80 00:46.900","9","0","0","0","2301","0","0","0","N","0","0","0","2","02301","0","","1.0","","1","N","N","N","0","","0","0","0","","0","","","2","0","1","0","0","0","1","2","0","2","03","03","","N","","","","","","","","","",""
"2023112377","0942","0","0","0","0","0","0","0","0","0","7","0","","02","12","2023","2","40.366889","-79.790167","0938","11","0","0","0","0","0","0","0","1","","0","0","0","","","1","N","0","","40 22:00.800","5","0","79 47:24.600","3","0","0","0","2111","0","0","0","Y","0","0","0","1","02111","0","","4.0","1004.0","1","N","N","N","0","","1","0","1","","0","Y","","1","1","0","0","0","0","0","2","0","1","03","03","","N","","","","","","","","","",""
"2023114900","1031","1","0","0","0","0","0","0","0","0","1","0","","02","12","2023","1","40.418432","-80.054276","1017","11","0","0","0","0","0","0","0","0","","0","0","0","","","1","N","0","","40 25:06.355","4","0","80 03:15.394","4","0","0","0","2435","0","0","0","N","0","0","0","5","68B03","1","","1.0","1045.0","9","N","N","N","0","","0","0","1","","0","N","","2","1","0","0","0","0","0","2","0","2","03","","","N","","","","","","","","","",""
"2023118540","1716","0","0","0","0","0","0","0","0","0","4","0","","02","12","2023","5","40.321639","-79.995306","1712","11","0","0","0","0","0","1","0","0","","0","0","0","","","0","N","0","","40 19:17.900","1","7","79 59:43.100","0","0","0","0","2219","0","0","0","N","0","0","0","4","02219","0","","1.0","1713.0","1","N","N","N","1","","0","0","1","","0","N","","2","0","0","0","0","0","0","2","0","2","03","03","","N","","","","","","","","","",""
"2023118269","0203","0","0","0","0","0","0","0","0","0","7","0","","02","12","2023","5","40.418026","-79.821001","0200","11","0","0","0","0","0","0","0","0","","0","0","0","","","0","N","0","","40 25:04.895","4","0","79 49:15.605","9","0","0","0","2124","0","0","0","N","0","0","0","1","02124","0","","4.0","310.0","9","N","N","N","0","","0","0","1","","0","Y","","1","0","0","0","0","0","1","2","0","1","07","","","N","","","","","","","","","",""
"2023110250","2330","0","0","0","0","0","0","0","0","0","7","0","","02","12","2023","1","40.424944","-79.888333","2326","11","0","0","1","0","0","0","0","0","","0","0","0","","","1","N","0","","40 25:29.800","2","0","79 53:18.000","3","0","0","1","2463","0","0","0","N","0","0","0","1","02463","0","","3.0","4.0","1","N","N","N","0","","1","0","0","","0","Y","","1","1","0","0","0","0","0","2","0","1","03","","","N","","","","","","","","","",""
"2023112507","0640","0","0","0","0","0","0","0","0","0","5","0","","02","12","2023","2","40.486721","-79.972649","0637","11","0","0","0","0","0","1","0","0","","0","0","0","","","0","N","0","","40 29:12.195","","0","79 58:21.538","0","0","0","0","2445","0","0","0","N","0","0","0","1","02445","0","","6.0","","9","N","N","N","1","","0","0","1","","0","","","2","0","0","0","0","0","0","2","0","2","06","10","","N","","","","","","","","","",""
"2023111869","1745","0","0","0","0","0","0","0","0","0","4","0","","02","12","2023","5","40.370993","-79.914868","1745","11","0","0","0","0","0","0","1","0","","0","0","0","","","1","N","0","","40 22:15.576","","7","79 54:53.526","4","0","0","0","2301","0","0","0","N","0","0","0","2","02301","1","","1.0","","1","N","N","N","0","","0","0","2","","0","","","2","1","0","0","0","0","0","2","0","2","04","98","","N","","","","","","","","","",""
"2023112670","2037","1","0","0","0","0","0","0","0","0","1","0","","02","12","2023","2","40.476599","-79.788353","2032","11","0","0","0","0","0","0","0","0","","0","0","0","","","0","N","0","","40 28:35.756","3","7","79 47:18.069","0","0","0","0","2113","0","0","0","N","0","0","0","4","02113","0","","1.0","2100.0","1","N","N","N","0","","0","0","1","","0","N","","2","0","0","0","0","0","0","2","0","2","03","","","N","","","","","","","","","",""
"2023112723","0002","1","0","0","0","0","0","0","0","0","6","0","","02","12","2023","1","40.344898","-79.835654","0001","11","0","0","0","0","0","1","0","0","","0","0","0","","","0","N","0","","40 20:41.634","4","0","79 50:08.353","0","0","0","0","2304","0","0","0","N","0","0","0","2","02304","0","","1.0","39.0","9","N","N","N","1","","0","0","0","","0","N","","2","0","0","0","0","0","0","2","0","2","07","04","","N","","","","","","","","","",""
"2023116413","0738","0","0","0","0","0","0","0","0","0","4","0","","02","12","2023","5","40.435683","-79.770875","0738","11","0","1","0","0","0","0","0","0","","0","0","0","","","0","N","0","","40 26:08.460","3","7","79 46:15.150","0","0","0","0","2446","0","0","0","N","0","0","0","3","02446","0","","1.0","830.0","1","N","N","N","0","","0","0","2","","2","N","","2","0","0","0","0","0","0","2","0","2","03","03","","N","","","","","","","","","",""
"2023112736","1755","0","0","0","0","0","0","0","0","0","98","0","","02","12","2023","5","40.368741","-79.946795","1747","11","0","0","0","0","0","0","0","0","","0","0","0","","","0","N","0","","40 22:07.466","","0","79 56:48.463","0","0","0","0","2473","0","0","0","N","0","0","0","2","02473","0","","1.0","","1","N","N","N","0","","0","0","1","","0","","","1","0","0","0","0","0","0","2","0","1","03","","","N","","","","","","","","","",""
"2023112883","1626","0","0","0","0","0","0","0","0","0","1","0","","02","12","2023","2","40.648907","-79.937106","1615","11","0","0","0","0","0","0","0","0","","0","0","0","","","0","N","0","","40 38:56.066","","0","79 56:13.582","0","0","0","0","2217","0","0","0","N","0","0","0","2","02505","0","","1.0","","1","N","N","N","0","","0","0","2","","0","","","3","0","0","0","0","0","0","2","0","2","03","04","","N","","","","","","","","","",""
"2023116993","2005","1","0","0","0","0","0","0","0","0","6","1","","02","12","2023","7","40.394772","-79.894815","2000","11","0","0","0","0","0","1","0","0","","0","1","0","","","0","N","0","","40 23:41.178","5","0","79 53:41.333","0","0","0","0","2448","0","0","0","N","0","0","0","2","02448","0","","1.0","2100.0","9","N","N","N","0","","0","0","0","","0","Y","","2","0","0","0","0","0","0","2","0","2","07","07","","N","","","","","","","","","",""
"2023112412","1115","0","0","0","0","0","0","0","0","0","4","0","","02","12","2023","7","40.43205","-79.789333","1108","11","0","0","0","0","0","0","2","0","","0","0","0","","","2","N","0","","40 25:55.380","","7","79 47:21.600","3","0","0","0","2446","0","0","0","N","0","0","0","2","02446","1","","1.0","","9","N","N","N","0","","1","0","2","","0","","","2","2","0","0","0","0","0","2","0","2","04","","","N","","","","","","","","","",""
"2023110830","1856","0","0","0","0","0","0","0","0","0","4","0","","02","12","2023","3","40.376341","-80.067729","1852","11","0","0","0","0","0","1","0","0","","0","0","0","","","0","","1","","40 22:34.827","","0","80 04:03.825","0","0","0","0","2109","0","0","0","N","0","0","0","2","02109","0","","1.0","","9","N","N","N","0","","0","0","2","","2","","","2","0","0","0","0","0","0","2","0","2","03","03","","N","","","","","","","","","",""