"CRN","ARRIVAL_TM","AUTOMOBILE_COUNT","BELTED_DEATH_COUNT","BELTED_SUSP_SERIOUS_INJ_COUNT","BICYCLE_COUNT","BICYCLE_DEATH_COUNT","BICYCLE_SUSP_SERIOUS_INJ_COUNT","BUS_COUNT","CHLDPAS_DEATH_COUNT","CHLDPAS_SUSP_SERIOUS_INJ_COUNT","COLLISION_TYPE","COMM_VEH_COUNT","CONS_ZONE_SPD_LIM","COUNTY","CRASH_MONTH","CRASH_YEAR","DAY_OF_WEEK","DEC_LATITUDE","DEC_LONGITUDE","DISPATCH_TM","DISTRICT","DRIVER_COUNT_16YR","DRIVER_COUNT_17YR","DRIVER_COUNT_18YR","DRIVER_COUNT_19YR","DRIVER_COUNT_20YR","DRIVER_COUNT_50_64YR","DRIVER_COUNT_65_74YR","DRIVER_COUNT_75PLUS","EST_HRS_CLOSED","FATAL_COUNT","HEAVY_TRUCK_COUNT","HORSE_BUGGY_COUNT","HOUR_OF_DAY","ILLUMINATION","INJURY_COUNT","INTERSECTION_RELATED","INTERSECT_TYPE","LANE_CLOSED","LATITUDE","LN_CLOSE_DIR","LOCATION_TYPE","LONGITUDE","MAX_SEVERITY_LEVEL","MCYCLE_DEATH_COUNT","MCYCLE_SUSP_SERIOUS_INJ_COUNT","MOTORCYCLE_COUNT","MUNICIPALITY","NONMOTR_COUNT","NONMOTR_DEATH_COUNT","NONMOTR_SUSP_SERIOUS_INJ_COUNT","NTFY_HIWY_MAINT","PED_COUNT","PED_DEATH_COUNT","PED_SUSP_SERIOUS_INJ_COUNT","PERSON_COUNT","POLICE_AGCY","POSSIBLE_INJ_COUNT","RDWY_SURF_TYPE_CD","RELATION_TO_ROAD","ROADWAY_CLEARED","ROAD_CONDITION","SCH_BUS_IND","SCH_ZONE_IND","SECONDARY_CRASH","SMALL_TRUCK_COUNT","SPEC_JURIS_CD","SUSP_MINOR_INJ_COUNT","SUSP_SERIOUS_INJ_COUNT","SUV_COUNT","TCD_FUNC_CD","TCD_TYPE","TFC_DETOUR_IND","TIME_OF_DAY","TOTAL_UNITS","TOT_INJ_COUNT","UNBELTED_OCC_COUNT","UNB_DEATH_COUNT","UNB_SUSP_SERIOUS_INJ_COUNT","UNK_INJ_DEG_COUNT","UNK_INJ_PER_COUNT","URBAN_RURAL","VAN_COUNT","VEHICLE_COUNT","WEATHER1","WEATHER2","WORKERS_PRES","WORK_ZONE_IND","WORK_ZONE_LOC","WORK_ZONE_TYPE","WZ_CLOSE_DETOUR","WZ_FLAGGER","WZ_LAW_OFFCR_IND","WZ_LN_CLOSURE","WZ_MOVING","WZ_OTHER","WZ_SHLDER_MDN","WZ_WORKERS_INJ_KILLED"
"2023111811","1443","1","0","0","0","0","0","0","0","0","7","0","","02","12","2023","6","40.445872","-80.067331","1440","11","0","0","0","0","0","0","0","0","","0","0","0","","","1","N","0","","40 26:45.139","6","0","80 04:02.391","8","0","0","0","2439","0","0","0","N","0","0","0","2","02439","0","","5.0","1517.0","1","N","N","N","0","","0","0","0","","0","N","","1","1","1","0","0","1","0","2","0","1","03","03","","N","","","","","","","","","",""
"2023119119","1739","1","0","0","0","0","0","0","0","0","1","0","","02","12","2023","1","40.540722","-80.08425","1730","11","0","0","0","1","0","0","0","0","","0","0","0","","","0","N","0","","40 32:26.600","","0","80 05:03.300","0","0","0","0","2215","0","0","0","N","0","0","0","1","02215","0","","6.0","","9","N","N","N","1","","0","0","0","","0","","","2","0","0","0","0","0","0","2","0","2","04","","","N","","","","","","","","","",""
"2023110385","0901","0","0","0","0","0","0","0","0","0","4","0","30","02","12","2023","3","40.575499","-79.95471","0900","11","0","0","0","0","0","0","0","1","","0","0","0","","","2","N","0","","40 34:31.798","1","7","79 57:16.955","3","0","0","0","2207","0","0","0","N","0","0","0","3","02207","0","","1.0","928.0","1","N","N","N","1","","2","0","1","","0","N","","2","2","0","0","0","0","0","2","0","2","04","04","N","Y","8","1","","","N","","","","","N"
"2023118431","0244","0","0","0","0","0","0","0","0","0","7","0","","02","12","2023","3","40.425197","-79.964262","0234","11","0","0","0","0","0","0","0","0","","0","0","0","","","0","","2","","40 25:30.708","6","0","79 57:51.343","9","0","0","0","2301","0","0","0","N","0","0","0","1","02301","0","","5.0","300.0","9","N","N","N","0","","0","0","1","","2","N","","1","0","0","0","0","0","1","2","0","1","07","","","N","","","","","","","","","",""
"2023110242","0052","0","0","0","0","0","0","0","0","0","1","0","","02","12","2023","1","40.321391","-79.836799","0050","11","0","0","0","0","0","0","0","0","","0","0","0","","","1","N","0","","40 19:17.009","2","0","79 50:12.476","3","0","0","0","2469","0","0","0","N","0","0","0","3","02469","0","","1.0","153.0","9","N","N","N","0","","1","0","2","","2","N","","2","1","0","0","0","0","1","2","0","2","07","","","N","","","","","","","","","",""
"2023113575","0255","1","0","0","0","0","0","0","0","0","7","0","","02","12","2023","1","40.468237","-80.085288","0252","11","0","0","0","0","0","0","0","0","","0","0","0","","","0","","3","","40 28:05.652","4","0","80 05:07.036","0","0","0","0","2126","0","0","0","N","0","0","0","4","02126","0","","4.0","345.0","9","N","N","N","0","","0","0","0","","0","N","","1","0","0","0","0","0","0","2","0","1","07","","","N","","","","","","","","","",""
"2023111528","1450","1","0","0","0","0","0","0","0","0","8","0","","02","12","2023","6","40.454128","-79.996828","1430","11","0","0","0","0","0","0","0","0","","0","0","0","","","1","","1","","40 27:14.862","","8","79 59:48.580","3","0","0","0","2301","1","0","0","N","1","0","0","2","02301","0","","1.0","","1","N","N","N","0","","1","0","0","","2","","","2","1","0","0","0","0","0","2","0","1","03","03","","N","","","","","","","","","",""
"2023115394","9999","1","0","0","0","0","0","0","0","0","7","0","","02","12","2023","3","40.425502","-79.908113","9999","11","0","0","0","0","0","0","0","0","","0","0","0","","","0","N","0","","40 25:31.808","","0","79 54:29.205","0","0","0","0","2301","0","0","0","N","0","0","0","1","68B03","0","","3.0","","1","N","N","N","0","","0","0","0","","0","","","1","0","0","0","0","0","0","2","0","1","03","","","N","","","","","","","","","",""
"2023106817","1601","1","0","0","0","0","0","0","0","0","7","0","","02","11","2023","4","40.356363","-79.900599","1556","11","0","0","0","0","0","0","0","0","","0","0","0","","","1","N","0","","40 21:22.906","3","0","79 54:02.156","3","0","0","0","2473","0","0","0","N","0","0","0","1","02473","0","","4.0","1630.0","9","N","N","N","0","","1","0","0","","0","N","","1","1","0","0","0","0","0","2","0","1","07","","","N","","","","","","","","","",""
"2023109272","1757","0","0","0","0","0","0","0","0","0","1","0","","02","12","2023","6","40.525696","-80.069733","1751","11","0","0","0","0","0","1","0","0","","0","0","0","","","1","","6","","40 31:32.504","3","2","80 04:11.038","3","0","0","0","2215","0","0","0","N","0","0","0","2","02215","0","","1.0","1815.0","1","N","N","N","0","","1","0","2","","2","N","","2","1","0","0","0","0","0","2","0","2","03","03","","N","","","","","","","","","",""
"2023115187","1901","0","0","0","0","0","0","0","0","0","5","0","","02","12","2023","6","40.415107","-80.061048","1846","11","0","0","0","0","0","0","0","0","","0","0","0","","","0","N","0","","40 24:54.385","","0","80 03:39.774","0","0","0","0","2435","0","0","0","N","0","0","0","2","68B03","0","","1.0","","1","N","N","N","1","","0","0","1","","0","","","2","0","0","0","0","0","0","2","0","2","03","03","","N","","","","","","","","","",""
"2023118942","2204","1","0","0","0","0","0","0","0","0","7","0","","02","12","2023","6","40.442586","-80.071641","2203","11","0","0","0","0","0","0","0","0","","0","0","0","","","0","N","0","","40 26:33.311","4","0","80 04:17.907","0","0","0","0","2439","0","0","0","N","0","0","0","1","02439","0","","4.0","2235.0","9","N","N","N","0","","0","0","0","","0","N","","1","0","0","0","0","0","0","2","0","1","98","","","N","","","","","","","","","",""
"2023114148","1535","2","0","0","0","0","0","0","0","0","4","0","","02","12","2023","1","40.542417","-80.012139","1526","11","0","0","0","0","0","2","0","0","","0","0","0","","","0","N","0","","40 32:32.700","","7","80 00:43.700","0","0","0","0","2116","0","0","0","N","0","0","0","2","02116","0","","1.0","","1","N","N","N","0","","0","0","0","","0","","","2","0","0","0","0","0","0","2","0","2","03","03","","N","","","","","","","","","",""
"2023118051","1441","0","0","0","0","0","0","0","0","0","7","0","","02","12","2023","4","40.479083","-79.775833","1427","11","0","0","0","0","0","0","0","0","","0","0","0","","","0","N","0","","40 28:44.700","5","0","79 46:33.000","0","0","0","0","2466","0","0","0","N","0","0","0","0","02466","0","","4.0","1545.0","9","N","N","Y","0","","0","0","0","","0","Y","","1","0","0","0","0","0","0","2","1","1","04","07","","N","","","","","","","","","",""
"2023110611","1851","2","0","0","0","0","0","0","0","0","1","0","","02","12","2023","3","40.340472","-79.964778","1850","11","0","0","0","0","0","1","0","0","","0","0","0","","","0","N","0","","40 20:25.700","","0","79 57:53.200","0","0","0","0","2454","0","0","0","N","0","0","0","4","02454","0","","1.0","","9","N","N","N","3","","0","0","2","","2","","","7","0","0","0","0","0","0","2","0","7","07","04","","N","","","","","","","","","",""
"2023117189","0020","0","0","0","0","0","0","0","0","0","7","0","","02","12","2023","1","40.364153","-79.869","0018","11","0","0","0","0","0","0","0","0","","0","0","0","","","1","N","0","","40 21:50.950","1","0","79 52:08.401","3","0","0","0","2473","0","0","0","N","0","0","0","2","02473","0","","2.0","100.0","1","N","N","N","0","","1","0","1","","0","Y","","1","1","0","0","0","0","0","2","0","1","03","03","","N","","","","","","","","","",""
"2023117048","0737","0","0","0","0","0","0","0","0","0","98","0","","02","12","2023","6","40.669493","-79.714325","0721","11","0","0","0","0","0","0","0","0","","0","0","0","","","0","N","0","","40 40:10.176","1","0","79 42:51.569","0","0","0","0","2106","0","0","0","N","0","0","0","1","68D02","0","","1.0","800.0","1","N","N","N","0","","0","0","0","","0","N","","1","0","0","0","0","0","0","2","1","1","03","","","N","","","","","","","","","",""
"2023109917","1706","2","0","0","0","0","0","0","0","0","4","0","","02","12","2023","1","40.474491","-79.9714","1703","11","0","0","0","0","0","0","0","0","","0","0","0","","","0","","2","","40 28:28.169","","8","79 58:17.039","0","0","0","0","2445","0","0","0","N","0","0","0","2","02445","0","","1.0","","1","N","N","N","0","","0","0","0","","1","","","2","0","0","0","0","0","0","2","0","2","03","","","N","","","","","","","","","",""
"2023111868","2011","1","0","0","0","0","0","0","0","0","4","0","","02","12","2023","3","40.370351","-80.171048","2004","11","1","0","0","0","0","0","0","0","","0","0","0","","","1","","2","","40 22:13.263","6","0","80 10:15.772","4","0","0","0","2119","0","0","0","N","0","0","0","9","02119","1","","1.0","2102.0","9","N","N","Y","0","","0","0","1","","3","Y","","3","1","0","0","0","0","0","2","1","3","07","","","N","","","","","","","","","",""
"2023109823","1632","2","0","0","0","0","0","0","0","0","4","0","","02","12","2023","1","40.394542","-79.879536","1626","11","0","0","0","0","1","0","0","0","","0","0","0","","","0","","1","","40 23:40.352","1","0","79 52:46.330","0","0","0","0","2473","0","0","0","N","0","0","0","2","02473","0","","1.0","1700.0","1","N","N","N","0","","0","0","0","","3","N","","2","0","0","0","0","0","0","2","0","2","03","03","","N","","","","","","","","","",""
"2023112955","2044","0","0","0","0","0","0","0","0","0","1","0","","02","12","2023","5","40.345839","-79.973178","1905","11","0","0","0","0","0","0","0","0","","0","0","0","","","1","Y","0","","40 20:45.020","1","0","79 58:23.440","4","0","0","0","2403","0","0","0","N","0","0","0","2","02403","1","","1.0","2044.0","1","N","N","N","0","","0","0","2","","2","N","","2","1","0","0","0","0","0","2","0","2","03","","","N","","","","","","","","","",""
"2023109553","1052","1","0","0","0","0","0","0","0","0","4","0","","02","12","2023","7","40.427539","-79.751213","1050","11","0","0","0","0","0","0","0","1","","0","0","0","","","3","","2","","40 25:39.141","7","0","79 45:04.366","4","0","0","0","2446","0","0","0","N","0","0","0","3","02446","1","","1.0","1131.0","1","N","N","N","0","","0","0","1","","2","N","","2","3","0","0","0","2","0","2","0","2","04","04","","N","","","","","","","","","",""
"2023112068","0755","2","0","0","0","0","0","0","0","0","4","0","","02","12","2023","1","40.294556","-79.907389","0750","11","0","0","0","0","0","0","0","0","","0","0","0","","","1","N","0","","40 17:40.400","2","0","79 54:26.600","3","0","0","0","2440","0","0","0","N","0","0","0","1","02440","0","","5.0","856.0","9","N","N","N","0","","1","0","0","","0","N","","2","1","0","0","0","0","0","2","0","2","07","","","N","","","","","","","","","",""
"2023118831","2355","0","0","0","0","0","0","0","0","0","1","0","","02","12","2023","6","40.321803","-79.958599","2350","11","0","0","0","0","0","1","0","0","","0","0","0","","","1","N","0","","40 19:18.489","","0","79 57:30.956","8","0","0","0","2454","0","0","0","N","0","0","0","1","02454","0","","6.0","","9","N","N","N","0","","0","0","2","","0","","","2","1","0","0","0","1","0","2","0","2","07","","","N","","","","","","","","","",""
"2023111715","1958","1","0","0","0","0","0","0","0","0","7","0","","02","12","2023","6","40.463972","-79.888556","1950","11","0","0","0","0","0","0","0","0","","0","0","0","","","0","N","0","","40 27:50.300","5","0","79 53:18.800","0","0","0","0","2113","0","0","0","N","0","0","0","1","02113","0","","4.0","2041.0","1","N","N","N","0","","0","0","0","","0","Y","","1","0","0","0","0","0","0","2","0","1","03","","","N","","","","","","","","","",""
"2023109942","0704","0","0","0","0","0","0","0","0","0","4","0","","02","12","2023","6","40.390333","-80.199389","0658","11","0","0","0","0","0","0","0","0","","0","0","0","","","2","N","0","","40 23:25.200","6","0","80 11:57.800","3","0","0","0","2214","0","0","0","N","0","0","0","2","02214","0","","1.0","817.0","9","N","N","N","2","","2","0","0","","0","Y","","2","2","0","0","0","0","0","2","0","2","07","","","N","","","","","","","","","",""
"2023118106","1724","1","0","0","0","0","0","0","0","0","4","0","","02","12","2023","4","40.365611","-79.843667","1723","11","0","0","0","0","0","2","0","0","","0","0","0","","","1","N","0","","40 21:56.200","7","0","79 50:37.200","3","0","0","0","2303","0","0","0","N","0","0","0","4","02303","0","","1.0","1754.0","9","N","N","N","0","","1","0","1","","0","Y","","2","1","0","0","0","0","0","2","0","2","03","03","","N","","","","","","","","","",""
"2023117087","1016","1","0","0","0","0","0","0","0","0","4","0","30","02","12","2023","1","40.594414","-79.947762","1015","11","0","0","0","0","0","1","1","0","","0","0","0","","","2","N","0","","40 35:39.889","5","7","79 56:51.944","3","0","0","0","2207","0","0","0","N","0","0","0","3","02207","0","","1.0","1053.0","9","N","N","N","0","","2","0","1","","0","N","","2","2","0","0","0","0","0","2","0","2","04","","N","Y","4","1","","","N","","","","","N"
"2023111083","0655","1","0","0","0","0","0","0","0","0","1","0","","02","12","2023","5","40.445577","-79.828071","0651","11","0","0","0","0","0","0","0","0","","0","0","0","","","0","N","0","","40 26:44.076","2","0","79 49:41.055","0","0","0","0","2113","0","0","0","N","0","0","0","2","02113","0","","1.0","725.0","1","N","N","N","1","","0","0","0","","0","N","","2","0","0","0","0","0","0","2","0","2","03","","","N","","","","","","","","","",""
"2023118839","2330","0","0","0","0","0","0","0","0","0","7","0","","02","12","2023","3","40.501068","-80.114777","2319","11","0","0","0","0","0","1","0","0","","0","0","0","","","0","N","0","","40 30:03.843","","0","80 06:53.197","0","0","0","0","2126","0","0","0","N","0","0","0","1","02126","0","","4.0","","1","N","N","N","0","","0","0","1","","0","","","1","0","0","0","0","0","0","2","0","1","03","03","","N","","","","","","","","","",""
"2023109136","1559","1","0","0","0","0","0","0","0","0","1","0","","02","12","2023","6","40.429671","-80.130843","1549","11","0","0","0","0","0","0","0","0","","0","0","0","","","0","","2","","40 25:46.815","","0","80 07:51.034","0","0","0","0","2102","0","0","0","N","0","0","0","2","02102","0","","1.0","","9","N","N","N","0","","0","0","1","","0","","","2","0","0","0","0","0","0","2","0","2","07","","","N","","","","","","","","","",""
"2023109489","1707","1","0","0","0","0","0","0","0","0","4","0","","02","12","2023","7","40.354888","-79.834888","1706","11","0","0","0","0","0","1","0","0","","0","0","0","","","0","","2","","40 21:17.598","1","0","79 50:05.597","0","0","0","0","2304","0","0","0","N","0","0","0","2","02304","0","","1.0","1800.0","1","N","N","N","0","","0","0","1","","0","N","","2","0","0","0","0","0","0","2","0","2","03","03","","N","","","","","","","","","",""
"2023110439","1822","0","0","0","0","0","0","0","0","0","1","0","","02","12","2023","6","40.527451","-80.185231","1818","11","0","0","0","0","0","0","0","0","","0","0","0","","","1","N","0","","40 31:38.824","5","7","80 11:06.831","8","0","0","0","2213","0","0","0","N","0","0","0","2","02213","0","","1.0","1850.0","9","N","N","N","1","","0","0","1","","2","N","","2","1","0","0","0","1","0","2","0","2","07","","","N","","","","","","","","","",""
"2023111977","0246","1","0","0","0","0","0","0","0","0","7","0","","02","12","2023","1","40.435501","-79.93672","0240","11","0","0","0","0","0","0","0","0","","0","0","0","","","0","N","0","","40 26:07.802","","0","79 56:12.192","0","0","0","0","2301","0","0","0","N","0","0","0","1","02301","0","","4.0","","9","N","N","N","0","","0","0","0","","0","","","1","0","0","0","0","0","0","2","0","1","04","","","N","","","","","","","","","",""
"2023116681","1320","1","0","0","0","0","0","0","0","0","4","0","","02","12","2023","6","40.355519","-80.114102","1320","11","0","0","0","0","0","1","0","0","","0","0","0","","","0","","1","","40 21:19.869","","0","80 06:50.768","0","0","0","0","2414","0","0","0","N","0","0","0","2","02414","0","","1.0","","1","N","N","N","1","","0","0","0","","2","","","2","0","0","0","0","0","0","2","0","2","03","","","N","","","","","","","","","",""
"2023113760","1821","1","0","0","0","0","0","0","0","0","4","0","","02","12","2023","4","40.367423","-80.040474","1818","11","1","0","0","0","0","1","0","0","","0","0","0","","","2","","2","","40 22:02.724","","0","80 02:25.708","3","0","0","0","2109","0","0","0","N","0","0","0","4","02109","0","","1.0","","1","N","N","N","2","","2","0","0","","3","","","3","2","0","0","0","0","0","2","0","3","03","03","","N","","","","","","","","","",""
"2023116023","1052","0","0","0","0","0","0","0","0","0","1","0","","02","12","2023","4","40.545341","-80.038498","1042","11","0","0","0","0","0","0","0","2","","0","0","0","","","0","N","0","","40 32:43.228","","0","80 02:18.591","0","0","0","0","2116","0","0","0","N","0","0","0","2","02116","0","","1.0","","1","N","N","N","0","","0","0","2","","0","","","2","0","0","0","0","0","0","2","0","2","","","","N","","","","","","","","","",""
"2023102478","0640","2","0","0","0","0","0","0","0","0","4","0","","02","11","2023","1","40.45575","-79.939194","0633","11","0","0","0","0","0","0","0","0","","0","0","0","","","0","N","0","","40 27:20.700","6","7","79 56:21.100","0","0","0","0","2301","0","0","0","N","0","0","0","2","02301","0","","1.0","731.0","1","N","N","N","0","","0","0","0","","2","Y","","2","0","0","0","0","0","0","2","0","2","03","03","","N","","","","","","","","","",""
"2023104867","2042","0","0","0","0","0","0","0","0","0","4","0","","02","11","2023","7","40.452827","-79.98146","2034","11","0","0","0","0","0","0","0","0","","0","0","0","","","1","","1","","40 27:10.178","2","0","79 58:53.255","3","0","0","0","2301","0","0","0","N","0","0","0","3","02301","0","","1.0","2112.0","1","N","N","N","0","","1","0","2","","0","Y","","2","1","1","0","0","0","0","2","0","2","03","","","N","","","","","","","","","",""
"2023102814","1610","0","0","0","0","0","0","0","0","0","7","0","","02","11","2023","2","40.468544","-79.906462","1605","11","0","0","0","0","0","0","1","0","","0","0","0","","","0","","1","","40 28:06.757","","0","79 54:23.262","0","0","0","0","2301","0","0","0","N","0","0","0","1","02301","0","","1.0","","1","N","N","N","0","","0","0","1","","0","","","1","0","1","0","0","0","0","2","0","1","03","03","","N","","","","","","","","","",""
"2023103858","0713","2","0","0","0","0","0","0","0","0","4","0","","02","11","2023","5","40.446198","-79.764612","0710","11","0","1","0","0","0","0","1","0","","0","0","0","","","0","","1","","40 26:46.311","3","0","79 45:52.603","0","0","0","0","2446","0","0","0","N","0","0","0","2","02446","0","","1.0","810.0","1","N","N","N","0","","0","0","0","","3","N","","2","0","0","0","0","0","0","2","0","2","03","03","","N","","","","","","","","","",""
"2023104738","1458","1","0","0","0","0","0","0","0","0","4","0","","02","11","2023","7","40.426419","-79.889814","1456","11","0","1","0","0","0","0","1","0","","0","0","0","","","0","N","0","","40 25:35.108","5","7","79 53:23.330","0","0","0","0","2463","0","0","0","N","0","0","0","3","02463","0","","1.0","1539.0","1","N","N","N","0","","0","0","3","","3","Y","","4","0","0","0","0","0","0","2","0","4","03","03","","N","","","","","","","","","",""
"2023107524","1800","0","0","0","0","0","0","0","0","0","7","0","","02","11","2023","2","40.358728","-80.028705","1800","11","0","0","0","0","0","2","0","0","","0","0","0","","","0","N","0","","40 21:31.422","","7","80 01:43.339","0","0","0","0","2416","0","0","0","N","0","0","0","2","02416","0","","2.0","","1","N","N","N","0","","0","0","2","","0","","","2","0","0","0","0","0","0","2","0","2","03","03","","N","","","","","","","","","",""
"2023105029","1242","0","0","0","0","0","0","0","0","0","6","0","","02","11","2023","4","40.43057","-79.873918","1240","11","0","0","0","0","0","0","0","0","","0","0","0","","","0","N","0","","40 25:50.052","6","0","79 52:26.106","0","0","0","0","2426","0","0","0","N","0","0","0","3","02426","0","","1.0","1305.0","1","N","N","N","0","","0","0","1","","0","Y","","2","0","0","0","0","0","0","2","1","2","03","03","","N","","","","","","","","","",""
"2023105872","1613","1","0","0","0","0","0","0","0","0","1","0","","02","11","2023","2","40.316461","-79.829314","1607","11","0","0","0","0","1","2","0","0","","0","0","0","","","1","Y","0","","40 18:59.261","4","0","79 49:45.529","2","0","0","0","2469","0","0","0","N","0","0","0","4","02469","0","","1.0","1641.0","1","N","N","N","1","","0","1","0","","2","Y","","3","1","2","0","1","0","0","2","1","3","03","03","","N","","","","","","","","","",""
"2023105026","1110","1","0","0","0","0","0","0","0","0","4","1","","02","11","2023","7","40.380879","-79.811286","1103","11","0","0","0","0","0","1","0","0","","0","1","0","","","0","N","0","","40 22:51.163","3","7","79 48:40.631","0","0","0","0","2424","0","0","0","N","0","0","0","3","02424","0","","1.0","1136.0","1","N","N","N","0","","0","0","0","","0","N","","2","0","0","0","0","0","0","2","0","2","03","03","","N","","","","","","","","","",""
"2023106003","2209","0","0","0","0","0","0","0","0","0","1","0","","02","11","2023","4","40.413779","-79.922706","2202","11","0","0","0","0","0","0","1","0","","0","0","0","","","0","","2","","40 24:49.605","","0","79 55:21.740","0","0","0","0","2301","0","0","0","N","0","0","0","3","02301","0","","1.0","","1","N","N","N","0","","0","0","1","","0","","","2","0","0","0","0","0","0","2","1","2","03","03","","N","","","","","","","","","",""
"2023104887","0116","0","0","0","0","0","0","0","0","0","7","0","","02","11","2023","1","40.34441","-79.88402","0116","11","0","0","0","0","1","0","0","0","","0","0","0","","","0","","3","","40 20:39.875","4","3","79 53:02.472","0","0","0","0","2433","0","0","0","N","0","0","0","2","02433","0","","2.0","203.0","1","N","N","N","0","","0","0","1","","0","N","","1","0","0","0","0","0","0","2","0","1","03","98","","N","","","","","","","","","",""
"2023105685","2153","0","0","0","0","0","0","0","0","0","98","0","","02","11","2023","1","40.652441","-80.054198","2121","11","0","0","0","0","0","0","0","0","","0","0","0","","","0","N","0","","40 39:08.786","","3","80 03:15.112","0","0","0","0","2216","0","0","0","N","0","0","0","3","68T02","0","","1.0","","1","N","N","N","0","","0","0","1","","0","","","1","0","0","0","0","0","0","2","0","1","03","","","N","","","","","","","","","",""
"2023109852","1853","0","0","0","0","0","0","0","0","0","1","0","","02","11","2023","5","40.463223","-79.999497","1850","11","0","0","0","0","0","0","0","0","","0","0","0","","","0","N","0","","40 27:47.603","","0","79 59:58.188","0","0","0","1","2301","0","0","0","N","0","0","0","2","68B03","0","","1.0","","1","N","N","Y","1","","0","0","0","","0","","","2","0","0","0","0","0","0","2","0","2","03","","","N","","","","","","","","","",""
"2023103807","2337","1","0","0","0","0","0","0","0","0","7","0","","02","11","2023","4","40.345639","-79.882389","2332","11","0","0","0","0","0","0","0","0","","0","0","0","","","1","N","0","","40 20:44.300","4","0","79 52:56.600","8","0","0","0","2304","0","0","0","N","0","0","0","1","02304","0","","3.0","103.0","1","N","N","N","0","","0","0","0","","0","N","","1","1","0","0","0","1","0","2","0","1","03","03","","N","","","","","","","","","",""
"2023102321","0225","0","0","0","0","0","0","0","0","0","7","0","","02","11","2023","1","40.443981","-80.027635","0210","11","0","0","0","0","0","0","0","0","","0","0","0","","","0","N","0","","40 26:38.333","","0","80 01:39.486","0","0","0","0","2301","0","0","0","N","0","0","0","1","02301","0","","2.0","","1","N","N","N","0","","0","0","1","","0","","","1","0","0","0","0","0","0","2","0","1","03","03","","N","","","","","","","","","",""
"2023104271","1446","1","0","0","0","0","0","0","0","0","4","0","","02","11","2023","4","40.451041","-79.713473","1432","11","0","0","0","0","0","0","1","0","","0","0","0","","","0","Y","0","","40 27:03.748","","0","79 42:48.503","0","0","0","0","2466","0","0","0","N","0","0","0","2","02466","0","","1.0","","1","N","N","N","0","","0","0","0","","2","","","2","0","0","0","0","0","0","2","1","2","03","03","","N","","","","","","","","","",""
"2023104790","1830","2","0","0","0","0","0","0","0","0","1","0","","02","11","2023","7","40.464239","-79.980286","1825","11","0","0","0","0","0","1","0","0","","0","0","0","","","1","N","0","","40 27:51.261","2","0","79 58:49.028","8","0","0","0","2301","0","0","0","N","0","0","0","3","02301","0","","1.0","1945.0","1","N","N","N","0","","0","0","1","","0","N","","3","1","3","0","0","1","0","2","0","3","03","03","","N","","","","","","","","","",""
"2023104745","1601","1","0","0","0","0","0","0","0","0","4","0","","02","11","2023","7","40.476856","-80.006779","1545","11","0","0","0","0","0","0","0","0","","0","0","0","","","1","","2","","40 28:36.681","2","3","80 00:24.404","3","0","0","0","2301","0","0","0","N","0","0","0","2","02301","0","","1.0","1600.0","1","N","N","N","0","","1","0","1","","2","N","","2","1","1","0","0","0","0","2","0","2","03","03","","N","","","","","","","","","",""
"2023109963","1757","1","0","0","0","0","0","0","0","0","4","0","","02","11","2023","5","40.385412","-79.821833","1751","11","0","0","0","0","0","0","0","0","","0","0","0","","","0","","2","","40 23:07.483","2","0","79 49:18.599","0","0","0","0","2111","0","0","0","N","0","0","0","2","02111","0","","1.0","1841.0","1","N","N","N","0","","0","0","0","","3","Y","","2","0","0","0","0","0","0","2","1","2","03","03","","N","","","","","","","","","",""
"2023106933","1753","0","0","0","0","0","0","0","0","0","4","0","","02","11","2023","1","40.438192","-80.068692","1749","11","0","0","0","0","0","1","0","0","","0","0","0","","","2","","2","","40 26:17.490","","0","80 04:07.290","3","0","0","0","2421","0","0","0","N","0","0","0","3","02421","0","","1.0","","1","N","N","N","1","","2","0","1","","2","","","2","2","0","0","0","0","1","2","0","2","03","","","N","","","","","","","","","",""
"2023103344","1652","0","0","0","0","0","0","0","0","0","4","0","","02","11","2023","3","40.444173","-80.147139","1649","11","1","0","0","0","0","0","0","0","","0","0","0","","","0","","2","","40 26:39.024","","0","80 08:49.699","0","0","0","0","2115","0","0","0","N","0","0","0","2","02115","0","","1.0","","1","N","N","N","0","","0","0","2","","2","","","2","0","0","0","0","0","0","2","0","2","03","","","N","","","","","","","","","",""
"2023103648","1042","0","0","0","0","0","0","0","0","0","1","0","","02","11","2023","4","40.363823","-79.984128","1041","11","0","0","0","0","0","2","0","0","","0","0","0","","","1","","1","","40 21:49.761","","0","79 59:02.862","8","0","0","0","2413","0","0","0","N","0","0","0","3","02413","0","","1.0","","1","N","N","N","1","","0","0","1","","0","","","2","1","0","0","0","1","1","2","0","2","03","03","","N","","","","","","","","","",""
"2023103876","1146","2","0","1","0","0","0","0","0","0","4","0","","02","11","2023","4","40.614895","-79.758779","1143","11","0","0","0","1","0","1","0","0","","0","0","0","","","1","","2","","40 36:53.622","6","2","79 45:31.605","2","0","0","0","2202","0","0","0","N","0","0","0","2","02202","0","","1.0","1230.0","1","N","N","N","0","","0","1","0","","3","N","","2","1","0","0","0","0","0","2","0","2","03","","","N","","","","","","","","","",""
"2023104576","1545","1","0","0","0","0","0","0","0","0","4","0","","02","11","2023","5","40.427934","-79.752343","1535","11","0","0","0","0","0","0","1","0","","0","0","0","","","1","N","0","","40 25:40.563","","7","79 45:08.434","3","0","0","0","2446","0","0","0","N","0","0","0","3","02446","0","","1.0","","1","N","N","N","1","","1","0","0","","0","","","2","1","0","0","0","0","0","2","0","2","03","","","N","","","","","","","","","",""