"CRN","ARRIVAL_TM","AUTOMOBILE_COUNT","BELTED_DEATH_COUNT","BELTED_SUSP_SERIOUS_INJ_COUNT","BICYCLE_COUNT","BICYCLE_DEATH_COUNT","BICYCLE_SUSP_SERIOUS_INJ_COUNT","BUS_COUNT","CHLDPAS_DEATH_COUNT","CHLDPAS_SUSP_SERIOUS_INJ_COUNT","COLLISION_TYPE","COMM_VEH_COUNT","CONS_ZONE_SPD_LIM","COUNTY","CRASH_MONTH","CRASH_YEAR","DAY_OF_WEEK","DEC_LATITUDE","DEC_LONGITUDE","DISPATCH_TM","DISTRICT","DRIVER_COUNT_16YR","DRIVER_COUNT_17YR","DRIVER_COUNT_18YR","DRIVER_COUNT_19YR","DRIVER_COUNT_20YR","DRIVER_COUNT_50_64YR","DRIVER_COUNT_65_74YR","DRIVER_COUNT_75PLUS","EST_HRS_CLOSED","FATAL_COUNT","HEAVY_TRUCK_COUNT","HORSE_BUGGY_COUNT","HOUR_OF_DAY","ILLUMINATION","INJURY_COUNT","INTERSECTION_RELATED","INTERSECT_TYPE","LANE_CLOSED","LATITUDE","LN_CLOSE_DIR","LOCATION_TYPE","LONGITUDE","MAX_SEVERITY_LEVEL","MCYCLE_DEATH_COUNT","MCYCLE_SUSP_SERIOUS_INJ_COUNT","MOTORCYCLE_COUNT","MUNICIPALITY","NONMOTR_COUNT","NONMOTR_DEATH_COUNT","NONMOTR_SUSP_SERIOUS_INJ_COUNT","NTFY_HIWY_MAINT","PED_COUNT","PED_DEATH_COUNT","PED_SUSP_SERIOUS_INJ_COUNT","PERSON_COUNT","POLICE_AGCY","POSSIBLE_INJ_COUNT","RDWY_SURF_TYPE_CD","RELATION_TO_ROAD","ROADWAY_CLEARED","ROAD_CONDITION","SCH_BUS_IND","SCH_ZONE_IND","SECONDARY_CRASH","SMALL_TRUCK_COUNT","SPEC_JURIS_CD","SUSP_MINOR_INJ_COUNT","SUSP_SERIOUS_INJ_COUNT","SUV_COUNT","TCD_FUNC_CD","TCD_TYPE","TFC_DETOUR_IND","TIME_OF_DAY","TOTAL_UNITS","TOT_INJ_COUNT","UNBELTED_OCC_COUNT","UNB_DEATH_COUNT","UNB_SUSP_SERIOUS_INJ_COUNT","UNK_INJ_DEG_COUNT","UNK_INJ_PER_COUNT","URBAN_RURAL","VAN_COUNT","VEHICLE_COUNT","WEATHER1","WEATHER2","WORKERS_PRES","WORK_ZONE_IND","WORK_ZONE_LOC","WORK_ZONE_TYPE","WZ_CLOSE_DETOUR","WZ_FLAGGER","WZ_LAW_OFFCR_IND","WZ_LN_CLOSURE","WZ_MOVING","WZ_OTHER","WZ_SHLDER_MDN","WZ_WORKERS_INJ_KILLED"
"2023103054","1700","1","0","0","0","0","0","0","0","0","4","0","","02","11","2023","2","40.329398","-79.945202","1659","11","0","0","0","0","0","0","0","0","","0","0","0","","","0","N","0","","40 19:45.833","","7","79 56:42.727","0","0","0","0","2454","0","0","0","N","0","0","0","4","02454","0","","1.0","","1","N","N","N","0","","0","0","1","","0","","","2","0","0","0","0","0","0","2","0","2","03","03","","N","","","","","","","","","",""
"2023105733","1234","1","0","0","0","0","0","0","0","0","4","0","","02","11","2023","2","40.395806","-80.022778","1230","11","0","0","0","0","0","0","0","1","","0","0","0","","","0","N","0","","40 23:44.900","4","7","80 01:22.000","0","0","0","0","2301","0","0","0","N","0","0","0","2","02301","0","","1.0","1324.0","1","N","N","N","0","","0","0","1","","0","N","","2","0","0","0","0","0","0","2","0","2","03","03","","N","","","","","","","","","",""
"2023104498","2153","1","0","0","0","0","0","0","0","0","4","0","","02","11","2023","5","40.369972","-79.829917","2146","11","0","0","0","0","0","0","0","0","","0","0","0","","","1","N","0","","40 22:11.900","5","0","79 49:47.700","8","0","0","0","2111","0","0","0","N","0","0","0","2","02111","0","","1.0","2337.0","1","N","N","N","0","","0","0","1","","0","Y","","2","1","0","0","0","1","0","2","0","2","03","03","","N","","","","","","","","","",""
"2023103890","1427","0","0","0","0","0","0","0","0","0","4","0","","02","11","2023","4","40.462128","-79.926821","1424","11","0","0","0","0","0","0","0","0","","0","0","0","","","0","","1","","40 27:43.659","","0","79 55:36.555","0","0","0","0","2301","0","0","0","N","0","0","0","3","02301","0","","1.0","","1","N","N","N","0","","0","0","2","","3","","","2","0","0","0","0","0","0","2","0","2","03","","","N","","","","","","","","","",""
"2023104708","1148","0","0","0","0","0","0","0","0","0","1","0","25","02","11","2023","7","40.43042","-79.806181","1141","11","0","0","0","0","0","1","0","1","","0","0","0","","","2","N","0","","40 25:49.512","3","0","79 48:22.253","3","0","0","0","2124","0","0","0","N","0","0","0","2","02124","1","","1.0","1221.0","1","N","N","N","0","","1","0","2","","2","N","","2","2","0","0","0","0","0","2","0","2","03","","N","Y","4","1","N","N","N","Y","N","N","N","N"
"2023102787","1235","0","0","0","0","0","0","0","0","0","4","0","","02","11","2023","2","40.451583","-79.934083","1223","11","0","0","0","0","0","0","0","1","","0","0","0","","","1","N","0","","40 27:05.700","","7","79 56:02.700","8","0","0","0","2301","0","0","0","N","0","0","0","1","02301","0","","6.0","","1","N","N","N","0","","0","0","2","","0","","","2","1","0","0","0","1","0","2","0","2","03","","","N","","","","","","","","","",""
"2023102794","1305","1","0","0","0","0","0","0","0","0","8","0","","02","11","2023","2","40.473111","-79.930361","1255","11","0","0","0","0","1","0","0","0","","0","0","0","","","1","N","0","","40 28:23.200","","0","79 55:49.300","3","0","0","0","2301","1","0","0","N","1","0","0","2","02301","0","","1.0","","1","N","N","N","0","","1","0","0","","2","","","2","1","0","0","0","0","1","2","0","1","03","03","","N","","","","","","","","","",""
"2023106379","1452","0","0","0","0","0","0","0","0","0","7","0","","02","11","2023","3","40.425526","-80.106095","1435","11","0","0","0","0","0","0","0","0","","0","0","0","","","0","N","0","","40 25:31.892","","3","80 06:21.943","0","0","0","0","2115","0","0","0","N","0","0","0","2","68B03","0","","2.0","","9","N","N","N","0","","0","0","1","","0","","","1","0","0","0","0","0","0","2","0","1","07","","","N","","","","","","","","","",""
"2023103907","1420","0","0","0","0","0","0","0","0","0","8","0","","02","11","2023","4","40.510028","-79.892361","1418","11","0","0","0","0","0","0","0","1","","0","0","0","","","1","N","0","","40 30:36.100","4","0","79 53:32.500","3","0","0","0","2432","1","0","0","N","1","0","0","2","02432","0","","2.0","1445.0","1","N","N","N","0","","1","0","1","","0","Y","","2","1","0","0","0","0","0","2","0","1","03","","","N","","","","","","","","","",""
"2023103090","1447","1","0","0","0","0","0","0","0","0","7","0","","02","11","2023","2","40.354978","-80.120004","1443","11","0","0","0","0","0","1","0","0","","0","0","0","","","0","N","0","","40 21:17.921","","0","80 07:12.014","9","0","0","0","2119","0","0","0","N","0","0","0","1","02119","0","","5.0","","1","N","N","N","0","","0","0","0","","0","","","1","0","0","0","0","0","1","2","0","1","03","","","N","","","","","","","","","",""
"2023103555","1353","0","0","0","0","0","0","0","0","0","4","0","","02","11","2023","3","40.365386","-80.108389","1241","11","0","0","0","0","0","1","0","0","","0","0","0","","","0","N","0","","40 21:55.388","","7","80 06:30.201","0","0","0","0","2102","0","0","0","N","0","0","0","2","02102","0","","1.0","","1","N","N","N","1","","0","0","1","","2","","","2","0","0","0","0","0","0","2","0","2","03","03","","N","","","","","","","","","",""
"2023105718","0910","1","0","0","0","0","0","0","0","0","7","0","","02","11","2023","3","40.444231","-79.811239","0904","11","0","0","0","0","0","0","0","0","","0","0","0","","","1","N","0","","40 26:39.230","","0","79 48:40.460","3","0","0","0","2113","0","0","0","N","0","0","0","1","02113","0","","2.0","","9","N","N","N","0","","1","0","0","","0","","","1","1","0","0","0","0","0","2","0","1","07","","","N","","","","","","","","","",""
"2023103639","1101","0","0","0","0","0","0","0","0","0","4","0","","02","11","2023","2","40.394853","-80.025069","1058","11","0","0","0","0","0","0","0","0","","0","0","0","","","1","","2","","40 23:41.470","7","0","80 01:30.250","3","0","0","0","2301","0","0","0","N","0","0","0","2","02301","0","","1.0","30.0","1","N","N","N","1","","1","0","1","","0","Y","","2","1","0","0","0","0","0","2","0","2","03","98","","N","","","","","","","","","",""
"2023104735","1410","1","0","0","0","0","0","0","0","0","4","0","","02","11","2023","7","40.439799","-79.92305","1408","11","0","0","0","0","0","0","0","0","","0","0","0","","","0","","1","","40 26:23.277","","0","79 55:22.981","0","0","0","0","2301","0","0","0","N","0","0","0","3","02301","0","","1.0","","1","N","N","N","0","","0","0","1","","0","","","2","0","0","0","0","0","0","2","0","2","03","03","","N","","","","","","","","","",""
"2023107700","1121","1","0","0","0","0","0","0","0","0","7","0","","02","11","2023","3","40.521836","-79.814861","1120","11","0","0","0","0","0","0","0","0","","0","0","0","","","1","N","0","","40 31:18.611","","0","79 48:53.499","8","0","0","0","2466","0","0","0","N","0","0","0","1","68T02","0","","4.0","","9","N","N","N","0","","0","0","0","","0","","","1","1","0","0","0","1","0","2","0","1","07","","","N","","","","","","","","","",""
"2023102769","1945","1","0","0","0","0","0","0","0","0","4","0","","02","11","2023","1","40.45588","-79.977036","1941","11","0","0","0","0","0","0","0","0","","0","0","0","","","4","","1","","40 27:21.169","4","0","79 58:37.329","8","0","0","0","2301","0","0","0","N","0","0","0","4","02301","0","","1.0","2100.0","1","N","N","N","0","","0","0","1","","3","Y","","2","4","0","0","0","4","0","2","0","2","03","03","","N","","","","","","","","","",""
"2023115972","0749","0","0","0","0","0","0","0","0","0","8","0","","02","12","2023","4","40.407731","-79.818588","0748","11","0","0","0","0","0","1","0","0","","0","0","0","","","1","N","0","","40 24:27.830","1","0","79 49:06.918","8","0","0","0","2467","1","0","0","N","1","0","0","2","02467","0","","1.0","802.0","1","N","N","N","0","","0","0","1","","3","Y","","2","1","0","0","0","1","0","2","0","1","03","","","N","","","","","","","","","",""
"2023103931","1615","1","0","0","0","0","0","0","0","0","4","0","","02","11","2023","6","40.495056","-80.065772","1603","11","0","0","0","0","0","0","1","0","","0","0","0","","","0","N","0","","40 29:42.202","2","7","80 03:56.778","0","0","0","0","2402","0","0","0","N","0","0","0","2","02402","0","","1.0","1652.0","1","N","N","N","0","","0","0","1","","0","N","","2","0","0","0","0","0","0","2","0","2","03","","","N","","","","","","","","","",""
"2023102282","1710","1","0","0","0","0","0","0","0","0","4","0","","02","11","2023","7","40.540923","-79.81934","1707","11","0","0","0","0","0","0","1","0","","0","0","0","","","0","N","0","","40 32:27.324","2","7","79 49:09.625","0","0","0","0","2208","0","0","0","N","0","0","0","2","02208","0","","1.0","1730.0","1","N","N","N","0","","0","0","1","","0","N","","2","0","0","0","0","0","0","2","0","2","03","03","","N","","","","","","","","","",""
"2023102838","1610","1","0","0","0","0","0","0","0","0","4","0","","02","11","2023","2","40.408933","-79.904679","1600","11","0","0","0","0","0","0","0","0","","0","0","0","","","1","","2","","40 24:32.157","1","0","79 54:16.844","8","0","0","0","2448","0","0","0","N","0","0","0","3","02448","0","","1.0","1630.0","1","N","N","N","0","","0","0","1","","0","N","","2","1","1","0","0","1","0","2","0","2","03","03","","N","","","","","","","","","",""
"2023105620","0656","1","0","0","0","0","0","0","0","0","4","0","","02","11","2023","2","40.465467","-79.946449","0646","11","0","0","0","0","0","0","0","0","","0","0","0","","","1","","1","","40 27:55.680","4","0","79 56:47.216","4","0","0","0","2301","0","0","0","N","0","0","0","2","02301","1","","1.0","730.0","1","N","N","N","1","","0","0","0","","2","Y","","2","1","0","0","0","0","1","2","0","2","03","","","N","","","","","","","","","",""
"2023104703","1205","2","0","0","0","0","0","0","0","0","4","0","","02","11","2023","7","40.444646","-80.000887","1201","11","0","0","0","0","0","0","0","1","","0","0","0","","","0","","1","","40 26:40.724","","3","80 00:03.193","0","0","0","0","2301","0","0","0","N","0","0","0","3","02301","0","","1.0","","1","N","N","N","0","","0","0","0","","2","","","2","0","0","0","0","0","0","2","0","2","03","","","N","","","","","","","","","",""
"2023104446","1648","1","0","0","0","0","0","0","0","0","1","0","","02","11","2023","6","40.559838","-80.014487","1641","11","0","0","0","0","0","1","1","0","","0","0","0","","","1","","3","","40 33:35.417","","0","80 00:52.154","4","0","0","0","2108","0","0","0","N","0","0","0","3","02108","1","","1.0","","9","N","N","N","1","","0","0","0","","0","","","3","1","0","0","0","0","0","2","1","3","07","","","N","","","","","","","","","",""
"2023108803","0725","1","0","0","0","0","0","0","0","0","7","0","","02","11","2023","4","40.50993","-80.260242","0718","11","0","0","0","0","0","0","0","0","","0","0","0","","","1","N","0","","40 30:35.748","3","0","80 15:36.872","3","0","0","0","2203","0","0","0","Y","0","0","0","1","02203","0","","2.0","753.0","1","N","N","N","0","","1","0","0","","0","N","","1","1","0","0","0","0","0","2","0","1","03","","","N","","","","","","","","","",""
"2023105799","1835","1","0","0","0","0","0","0","0","0","4","0","","02","11","2023","1","40.365361","-80.108362","1825","11","0","0","0","1","0","0","0","0","","0","0","0","","","0","N","0","","40 21:55.299","5","7","80 06:30.104","0","0","0","0","2102","0","0","0","N","0","0","0","2","02102","0","","1.0","1854.0","1","N","N","N","0","","0","0","1","","2","N","","2","0","1","0","0","0","0","2","0","2","03","03","","N","","","","","","","","","",""
"2023107136","1954","1","0","0","0","0","0","0","0","0","1","0","","02","11","2023","3","40.360503","-79.845353","1951","11","0","0","0","1","0","1","0","0","","0","0","0","","","0","N","0","","40 21:37.809","1","3","79 50:43.271","0","0","0","0","2303","0","0","0","N","0","0","0","2","02303","0","","1.0","2025.0","9","N","N","N","1","","0","0","0","","0","N","","2","0","0","0","0","0","0","2","0","2","07","","","N","","","","","","","","","",""
"2023105735","1910","1","0","0","0","0","0","0","0","0","4","0","","02","11","2023","2","40.28933","-80.027319","1900","11","0","0","0","0","1","0","0","0","","0","0","0","","","0","","2","","40 17:21.589","2","0","80 01:38.350","0","0","0","0","2219","0","0","0","N","0","0","0","5","02219","0","","1.0","1950.0","1","N","N","N","0","","0","0","1","","3","N","","2","0","0","0","0","0","0","2","0","2","99","","","N","","","","","","","","","",""
"2023118993","0212","1","0","0","0","0","0","0","0","0","4","0","","02","12","2023","7","40.363814","-79.98415","0210","11","0","0","0","0","0","1","0","0","","0","0","0","","","1","","1","","40 21:49.732","5","0","79 59:02.941","3","0","0","0","2413","0","0","0","Y","0","0","0","2","02413","0","","1.0","240.0","1","N","N","N","0","","1","0","0","","2","Y","","2","1","0","0","0","0","0","2","1","2","03","03","","N","","","","","","","","","",""
"2023107987","1440","0","0","0","0","0","0","0","0","0","1","0","","02","11","2023","6","40.501155","-80.181201","1440","11","0","0","0","0","1","1","0","0","","0","0","0","","","1","","2","","40 30:04.158","4","0","80 10:52.325","3","0","0","0","2213","0","0","0","N","0","0","0","4","02213","0","","1.0","1508.0","9","N","N","N","0","","1","0","2","","0","N","","2","1","0","0","0","0","0","2","0","2","07","","","N","","","","","","","","","",""
"2023102748","0835","0","0","0","0","0","0","0","0","0","7","0","","02","11","2023","2","40.443653","-80.006053","0820","11","0","0","0","0","0","0","0","0","","0","0","0","","","0","N","0","","40 26:37.152","","0","80 00:21.789","0","0","0","0","2301","0","0","0","N","0","0","0","1","02301","0","","2.0","","2","N","N","N","1","","0","0","0","","0","","","1","0","1","0","0","0","0","2","0","1","03","03","","N","","","","","","","","","",""
"2023106544","1310","1","0","0","0","0","0","0","0","0","8","0","","02","11","2023","1","40.409904","-79.912438","1308","11","0","0","0","0","0","0","0","1","","0","0","0","","","1","N","0","","40 24:35.656","7","7","79 54:44.775","3","0","0","0","2438","1","0","0","N","1","0","0","2","02438","0","","1.0","1323.0","1","N","N","N","0","","1","0","0","","2","Y","","2","1","0","0","0","0","0","2","0","1","03","","","N","","","","","","","","","",""
"2023102740","0740","0","0","0","0","0","0","0","0","0","1","0","","02","11","2023","2","40.439244","-79.993707","0729","11","0","0","0","0","0","0","1","0","","0","0","0","","","0","N","0","","40 26:21.279","","3","79 59:37.346","0","0","0","0","2301","0","0","0","N","0","0","0","5","02301","0","","1.0","","1","Y","N","N","0","","0","0","1","","0","","","2","0","0","0","0","0","0","2","1","2","03","03","","N","","","","","","","","","",""
"2023102450","0931","0","0","0","0","0","0","0","0","0","4","0","","02","11","2023","1","40.442197","-79.8577","0928","11","0","0","0","0","0","0","0","0","","0","0","0","","","0","","3","","40 26:31.909","","0","79 51:27.720","0","0","0","0","2419","0","0","0","N","0","0","0","3","02419","0","","1.0","","1","N","N","N","0","","0","0","2","","3","","","2","0","0","0","0","0","0","2","0","2","04","03","","N","","","","","","","","","",""
"2023104694","2007","2","0","0","0","0","0","0","0","0","4","0","00","02","11","2023","4","40.430053","-79.812122","2001","11","0","0","0","0","2","0","0","0","","0","0","0","","","0","","2","","40 25:48.191","4","7","79 48:43.640","0","0","0","0","2124","0","0","0","N","0","0","0","4","02124","0","","1.0","2043.0","1","N","N","N","0","","0","0","0","","2","Y","","2","0","0","0","0","0","0","2","0","2","03","","N","Y","4","1","N","N","N","Y","N","N","N","N"
"2023102733","0745","0","0","0","0","0","0","0","0","0","1","0","","02","11","2023","2","40.45625","-79.937528","0739","11","0","0","0","0","0","0","0","0","","0","0","0","","","1","N","0","","40 27:22.500","","0","79 56:15.100","3","0","0","0","2301","0","0","0","N","0","0","0","3","02301","0","","6.0","","1","N","N","N","0","","1","0","2","","0","","","2","1","1","0","0","0","0","2","0","2","03","03","","N","","","","","","","","","",""
"2023104709","1632","1","0","0","0","0","0","0","0","0","4","0","","02","11","2023","6","40.494349","-80.064428","1628","11","0","0","0","0","0","0","0","0","","0","0","0","","","1","N","0","","40 29:39.655","1","7","80 03:51.940","4","0","0","0","2402","0","0","0","N","0","0","0","2","02402","1","","1.0","1715.0","1","N","N","N","0","","0","0","1","","0","N","","2","1","0","0","0","0","0","2","0","2","03","","","N","","","","","","","","","",""
"2023105232","1712","1","0","0","0","0","0","0","0","0","4","0","","02","11","2023","5","40.655316","-79.935337","1707","11","0","0","0","0","0","0","0","0","","0","0","0","","","1","","2","","40 39:19.137","5","0","79 56:07.212","8","0","0","0","2217","0","0","0","N","0","0","0","2","02505","0","","1.0","1801.0","1","N","N","N","1","","0","0","0","","3","Y","","2","1","0","0","0","1","0","2","0","2","03","","","N","","","","","","","","","",""
"2023108904","2022","1","0","0","0","0","0","0","0","0","98","0","","02","11","2023","1","40.668908","-79.714883","2004","11","0","0","0","0","0","0","0","0","","0","0","0","","","0","N","0","","40 40:08.069","","0","79 42:53.579","0","0","0","0","2106","0","0","0","N","0","0","0","1","68D02","0","","1.0","","1","N","N","N","0","","0","0","0","","0","","","1","0","0","0","0","0","0","2","0","1","03","","","N","","","","","","","","","",""
"2023104618","2356","0","0","0","0","0","0","0","0","0","2","0","","02","11","2023","6","40.503946","-79.903716","2352","11","0","0","0","0","0","1","0","0","","0","0","0","","","1","N","0","","40 30:14.206","2","0","79 54:13.379","3","0","0","0","2112","0","0","0","N","0","0","0","1","02112","0","","4.0","115.0","9","","","N","0","","1","0","2","","0","N","","2","1","0","0","0","0","0","2","0","2","07","","","N","","","","","","","","","",""
"2023104692","0816","1","0","0","0","0","0","0","0","0","2","0","","02","11","2023","5","40.555219","-79.862118","0813","11","0","0","0","0","0","0","1","0","","0","0","0","","","1","N","0","","40 33:18.790","6","0","79 51:43.623","4","0","0","0","2208","0","0","0","N","0","0","0","2","02208","1","","1.0","910.0","1","N","N","N","0","","0","0","1","","0","Y","","2","1","0","0","0","0","0","2","0","2","03","","","N","","","","","","","","","",""
"2023106041","2224","1","0","0","0","0","0","0","0","0","7","0","","02","11","2023","3","40.344417","-79.876139","2220","11","0","0","0","1","0","0","0","0","","0","0","0","","","0","N","0","","40 20:39.900","5","0","79 52:34.100","0","0","0","0","2455","0","0","0","N","0","0","0","1","02455","0","","4.0","2257.0","1","N","N","N","0","","0","0","0","","0","N","","1","0","0","0","0","0","0","2","0","1","07","07","","N","","","","","","","","","",""
"2023107676","1658","0","0","0","0","0","0","0","0","0","1","0","","02","11","2023","6","40.425846","-79.912286","1654","11","0","0","0","0","0","1","0","0","","0","0","0","","","0","N","0","","40 25:33.046","","4","79 54:44.229","0","0","0","0","2301","0","0","0","N","0","0","0","4","68B03","0","","1.0","","9","N","N","N","0","","0","0","4","","0","","","4","0","0","0","0","0","0","2","0","4","07","07","","N","","","","","","","","","",""
"2023105763","1255","2","0","0","0","0","0","0","0","0","4","0","","02","11","2023","3","40.420627","-80.066886","1248","11","0","0","0","0","0","0","0","1","","0","0","0","","","0","","2","","40 25:14.256","7","0","80 04:00.790","0","0","0","0","2301","0","0","0","N","0","0","0","2","02301","0","","1.0","1315.0","9","N","N","N","0","","0","0","0","","3","N","","2","0","0","0","0","0","0","2","0","2","07","07","","N","","","","","","","","","",""
"2023115374","0233","2","0","0","0","0","0","0","0","0","5","0","","02","11","2023","1","40.429568","-79.885666","0230","11","0","0","0","0","0","0","0","1","","0","0","0","","","1","N","0","","40 25:46.445","3","0","79 53:08.399","3","0","0","0","2426","0","0","0","N","0","0","0","2","68B03","0","","2.0","100.0","1","N","N","N","0","","1","0","0","","0","N","","2","1","1","0","0","0","0","2","0","2","03","","","N","","","","","","","","","",""
"2023104704","1612","1","0","0","0","0","0","0","0","0","1","0","","02","11","2023","6","40.528853","-79.850113","1612","11","0","0","0","0","0","0","1","0","","0","0","0","","","1","","2","","40 31:43.870","","3","79 51:00.406","4","0","0","0","2208","0","0","0","N","0","0","0","4","02208","1","","1.0","","9","N","N","N","0","","0","0","0","","2","","","2","1","0","0","0","0","0","2","1","2","07","","","N","","","","","","","","","",""
"2023106072","0610","0","0","0","0","0","0","0","0","0","0","0","","02","11","2023","4","40.443139","-79.798028","0604","11","0","0","0","0","0","0","0","0","","0","0","0","","","0","N","0","","40 26:35.300","6","0","79 47:52.900","0","0","0","0","2113","0","0","0","N","0","0","0","1","02113","0","","1.0","700.0","9","N","N","N","1","","0","0","0","","0","Y","","1","0","0","0","0","0","0","2","0","1","03","03","","N","","","","","","","","","",""
"2023104433","1502","1","0","0","0","0","0","0","0","0","4","0","","02","11","2023","6","40.525024","-79.838459","1458","11","0","0","0","0","0","1","0","1","","0","0","0","","","0","","1","","40 31:30.085","","0","79 50:18.454","0","0","0","0","2451","0","0","0","N","0","0","0","2","02451","0","","1.0","","9","N","N","N","0","","0","0","1","","0","","","2","0","0","0","0","0","0","2","0","2","04","07","","N","","","","","","","","","",""
"2023102297","0327","0","0","0","0","0","0","0","0","0","7","0","","02","11","2023","7","40.398005","-80.138596","0324","11","0","0","0","0","0","0","0","0","","0","0","0","","","1","","1","","40 23:52.817","","0","80 08:18.946","3","0","0","0","2102","0","0","0","N","0","0","0","1","02102","0","","4.0","","1","N","N","N","1","","1","0","0","","0","","","1","1","0","0","0","0","0","2","0","1","03","03","","N","","","","","","","","","",""
"2023105362","1731","0","0","0","0","0","0","0","0","0","7","0","","02","11","2023","2","40.464914","-79.979581","1724","11","0","0","0","0","0","1","0","0","","0","0","0","","","1","N","0","","40 27:53.689","","0","79 58:46.491","3","0","0","0","2301","0","0","0","N","0","0","0","2","02301","0","","3.0","","1","Y","N","N","0","","1","0","1","","0","","","1","1","0","0","0","0","0","2","0","1","03","03","","N","","","","","","","","","",""
"2023104061","1905","1","0","0","0","0","0","0","0","0","4","0","","02","11","2023","5","40.51155","-79.947489","1900","11","0","0","0","0","0","0","0","0","","0","0","0","","","4","","2","","40 30:41.580","2","7","79 56:50.960","3","0","0","0","2118","0","0","0","N","0","0","0","4","02118","0","","1.0","1942.0","1","N","N","N","0","","4","0","1","","2","N","","2","4","1","0","0","0","0","2","0","2","03","03","","N","","","","","","","","","",""
"2023106454","2237","2","0","0","0","0","0","0","0","0","1","0","","02","11","2023","3","40.413772","-79.922716","2235","11","0","0","0","0","0","0","0","0","","0","0","0","","","0","","2","","40 24:49.580","1","0","79 55:21.776","0","0","0","0","2301","0","0","0","N","0","0","0","2","02301","0","","1.0","2310.0","9","N","N","N","0","","0","0","0","","2","N","","2","0","1","0","0","0","0","2","0","2","03","03","","N","","","","","","","","","",""
"2023103300","1515","1","0","0","0","0","0","0","0","0","4","0","","02","11","2023","3","40.477797","-80.102779","1513","11","0","0","0","0","0","0","1","0","","0","0","0","","","1","","2","","40 28:40.069","3","0","80 06:10.005","8","0","0","0","2126","0","0","0","N","0","0","0","3","02126","0","","1.0","1553.0","1","N","N","N","0","","0","0","1","","3","N","","2","1","0","0","0","1","0","2","0","2","03","03","","N","","","","","","","","","",""
"2023104823","0620","0","0","0","0","0","0","0","0","0","98","0","","02","11","2023","2","40.60247","-79.934483","0620","11","0","0","0","0","0","0","0","0","","0","0","0","","","0","N","0","","40 36:08.891","4","0","79 56:04.138","0","0","0","0","2207","0","0","0","N","0","0","0","1","68T02","0","","1.0","45.0","1","N","N","N","0","","0","0","0","","0","Y","","1","0","0","0","0","0","0","2","1","1","03","","","N","","","","","","","","","",""
"2023102636","0245","1","0","0","0","0","0","0","0","0","4","0","","02","11","2023","1","40.448931","-80.000726","0240","11","0","0","0","0","0","0","0","0","","0","0","0","","","0","","1","","40 26:56.152","","0","80 00:02.615","9","0","0","0","2301","0","0","0","N","0","0","0","4","02301","0","","1.0","","1","N","N","N","0","","0","0","1","","1","","","2","0","0","0","0","0","1","2","0","2","03","","","N","","","","","","","","","",""
"2023106261","1355","0","0","0","0","0","0","0","0","0","4","0","","02","11","2023","6","40.530398","-80.18921","1350","11","0","0","0","0","0","1","0","0","","0","0","0","","","1","","2","","40 31:49.434","3","3","80 11:21.155","3","0","0","0","2213","0","0","0","N","0","0","0","3","02213","0","","1.0","1530.0","9","N","N","N","1","","1","0","1","","2","N","","2","1","0","0","0","0","1","2","0","2","07","","","N","","","","","","","","","",""
"2023105135","0256","0","0","0","0","0","0","0","0","0","7","0","","02","11","2023","1","40.276608","-79.87798","0256","11","0","0","0","0","0","0","0","0","","0","0","0","","","0","","2","","40 16:35.788","5","0","79 52:40.729","0","0","0","0","2105","0","0","0","N","0","0","0","1","02105","0","","4.0","1530.0","1","N","N","N","0","","0","0","1","","0","Y","","1","0","0","0","0","0","0","2","0","1","03","","","N","","","","","","","","","",""
"2023102807","1438","0","0","0","0","0","0","0","0","0","7","0","","02","11","2023","2","40.336871","-80.178752","1430","11","0","1","0","0","0","0","0","0","","0","0","0","","","2","","2","","40 20:12.736","","0","80 10:43.506","8","0","0","0","2119","0","0","0","Y","0","0","0","2","02119","0","","2.0","","1","N","N","N","1","","0","0","0","","2","","","1","2","0","0","0","2","0","2","0","1","03","03","","N","","","","","","","","","",""
"2023102442","1140","0","0","0","0","0","0","0","0","0","1","0","","02","11","2023","1","40.440892","-79.993099","1133","11","0","0","0","0","0","0","0","1","","0","0","0","","","1","","6","","40 26:27.211","2","2","79 59:35.158","4","0","0","0","2301","0","0","0","N","0","0","0","2","02301","1","","1.0","1206.0","1","N","N","N","0","","0","0","2","","4","N","","2","1","0","0","0","0","0","2","0","2","03","03","","N","","","","","","","","","",""
"2023103727","1340","1","0","0","0","0","0","0","0","0","4","0","","02","11","2023","4","40.403942","-80.090565","1338","11","0","0","0","0","0","0","1","0","","0","0","0","","","0","","1","","40 24:14.190","","0","80 05:26.034","0","0","0","0","2415","0","0","0","N","0","0","0","3","02415","0","","1.0","","1","N","N","N","0","","0","0","1","","3","","","2","0","0","0","0","0","0","2","0","2","03","03","","N","","","","","","","","","",""
"2023106259","1836","1","0","0","0","0","0","0","0","0","4","0","","02","11","2023","3","40.342734","-80.059676","1835","11","1","0","0","0","0","1","0","0","","0","0","0","","","0","","2","","40 20:33.841","","0","80 03:34.832","0","0","0","0","2123","0","0","0","N","0","0","0","3","02123","0","","1.0","","9","N","N","N","0","","0","0","1","","0","","","2","0","0","0","0","0","0","2","0","2","07","","","N","","","","","","","","","",""