"CRN","ARRIVAL_TM","AUTOMOBILE_COUNT","BELTED_DEATH_COUNT","BELTED_SUSP_SERIOUS_INJ_COUNT","BICYCLE_COUNT","BICYCLE_DEATH_COUNT","BICYCLE_SUSP_SERIOUS_INJ_COUNT","BUS_COUNT","CHLDPAS_DEATH_COUNT","CHLDPAS_SUSP_SERIOUS_INJ_COUNT","COLLISION_TYPE","COMM_VEH_COUNT","CONS_ZONE_SPD_LIM","COUNTY","CRASH_MONTH","CRASH_YEAR","DAY_OF_WEEK","DEC_LATITUDE","DEC_LONGITUDE","DISPATCH_TM","DISTRICT","DRIVER_COUNT_16YR","DRIVER_COUNT_17YR","DRIVER_COUNT_18YR","DRIVER_COUNT_19YR","DRIVER_COUNT_20YR","DRIVER_COUNT_50_64YR","DRIVER_COUNT_65_74YR","DRIVER_COUNT_75PLUS","EST_HRS_CLOSED","FATAL_COUNT","HEAVY_TRUCK_COUNT","HORSE_BUGGY_COUNT","HOUR_OF_DAY","ILLUMINATION","INJURY_COUNT","INTERSECTION_RELATED","INTERSECT_TYPE","LANE_CLOSED","LATITUDE","LN_CLOSE_DIR","LOCATION_TYPE","LONGITUDE","MAX_SEVERITY_LEVEL","MCYCLE_DEATH_COUNT","MCYCLE_SUSP_SERIOUS_INJ_COUNT","MOTORCYCLE_COUNT","MUNICIPALITY","NONMOTR_COUNT","NONMOTR_DEATH_COUNT","NONMOTR_SUSP_SERIOUS_INJ_COUNT","NTFY_HIWY_MAINT","PED_COUNT","PED_DEATH_COUNT","PED_SUSP_SERIOUS_INJ_COUNT","PERSON_COUNT","POLICE_AGCY","POSSIBLE_INJ_COUNT","RDWY_SURF_TYPE_CD","RELATION_TO_ROAD","ROADWAY_CLEARED","ROAD_CONDITION","SCH_BUS_IND","SCH_ZONE_IND","SECONDARY_CRASH","SMALL_TRUCK_COUNT","SPEC_JURIS_CD","SUSP_MINOR_INJ_COUNT","SUSP_SERIOUS_INJ_COUNT","SUV_COUNT","TCD_FUNC_CD","TCD_TYPE","TFC_DETOUR_IND","TIME_OF_DAY","TOTAL_UNITS","TOT_INJ_COUNT","UNBELTED_OCC_COUNT","UNB_DEATH_COUNT","UNB_SUSP_SERIOUS_INJ_COUNT","UNK_INJ_DEG_COUNT","UNK_INJ_PER_COUNT","URBAN_RURAL","VAN_COUNT","VEHICLE_COUNT","WEATHER1","WEATHER2","WORKERS_PRES","WORK_ZONE_IND","WORK_ZONE_LOC","WORK_ZONE_TYPE","WZ_CLOSE_DETOUR","WZ_FLAGGER","WZ_LAW_OFFCR_IND","WZ_LN_CLOSURE","WZ_MOVING","WZ_OTHER","WZ_SHLDER_MDN","WZ_WORKERS_INJ_KILLED"
"2023104710","1304","1","0","0","0","0","0","0","0","0","7","0","","02","11","2023","7","40.467109","-79.825747","1257","11","0","0","0","0","0","0","1","0","","0","0","0","","","1","N","0","","40 28:01.592","6","0","79 49:32.690","3","0","0","0","2113","0","0","0","N","0","0","0","2","02113","0","","4.0","1344.0","1","N","N","Y","0","","1","0","1","","0","Y","","2","1","0","0","0","0","0","2","0","2","03","03","","N","","","","","","","","","",""
"2023104957","0814","1","0","0","0","0","0","0","0","0","4","0","","02","11","2023","1","40.377326","-79.801359","0811","11","0","0","0","0","0","0","0","0","","0","0","0","","","0","","2","","40 22:38.372","4","0","79 48:04.891","0","0","0","0","2111","0","0","0","N","0","0","0","2","02111","0","","1.0","840.0","1","N","N","N","0","","0","0","1","","0","N","","2","0","0","0","0","0","0","2","0","2","03","03","","N","","","","","","","","","",""
"2023105787","1457","1","0","0","0","0","0","0","0","0","1","0","","02","11","2023","3","40.423611","-80.239917","1453","11","1","0","1","0","0","0","0","0","","0","0","0","","","0","N","0","","40 25:25.000","2","0","80 14:23.700","0","0","0","0","2214","0","0","0","N","0","0","0","3","02214","0","","1.0","1528.0","9","N","N","N","0","","0","0","1","","0","N","","2","0","0","0","0","0","0","1","0","2","07","04","","N","","","","","","","","","",""
"2023103342","1523","1","0","0","0","0","0","0","0","0","4","0","","02","11","2023","3","40.432848","-79.936546","1520","11","0","0","0","0","0","0","0","0","","0","0","0","","","0","","1","","40 25:58.253","","0","79 56:11.566","0","0","0","0","2301","0","0","0","N","0","0","0","2","02301","0","","1.0","","1","N","N","N","0","","0","0","1","","0","","","2","0","0","0","0","0","0","2","0","2","03","03","","N","","","","","","","","","",""
"2023109140","2222","2","0","0","0","0","0","0","0","0","4","0","","02","11","2023","3","40.439669","-79.897634","2219","11","0","0","0","0","0","0","0","0","","0","0","0","","","2","","1","","40 26:22.808","","0","79 53:51.484","3","0","0","0","2301","0","0","0","N","0","0","0","2","02301","1","","1.0","","1","N","N","N","0","","1","0","0","","2","","","2","2","1","0","0","0","0","2","0","2","03","","","N","","","","","","","","","",""
"2023073186","1315","0","0","0","0","0","0","0","0","0","7","0","","02","5","2023","4","40.451951","-79.996395","1303","11","0","0","1","0","0","0","0","0","","1","0","0","","","0","N","0","","40 27:07.023","2","2","79 59:47.023","1","1","0","1","2301","0","0","0","Y","0","0","0","1","68B02","0","1","4.0","300.0","1","N","N","N","0","0","0","0","0","","0","Y","","1","0","0","0","0","0","0","2","0","1","03","03","","N","","","","","","","","","",""
"2023105230","1213","0","0","0","0","0","0","0","0","0","4","0","","02","11","2023","5","40.495824","-79.940233","1211","11","0","0","0","0","0","0","0","2","","0","0","0","","","0","","3","","40 29:44.968","4","8","79 56:24.838","0","0","0","0","2430","0","0","0","N","0","0","0","3","02430","0","","1.0","30.0","1","N","N","N","1","","0","0","1","","3","N","","2","0","0","0","0","0","0","2","0","2","03","","","N","","","","","","","","","",""
"2023102540","1847","0","0","0","0","0","0","0","0","0","1","0","","02","11","2023","1","40.458249","-79.82328","1843","11","0","0","0","0","0","0","0","0","","0","0","0","","","2","N","0","","40 27:29.697","5","7","79 49:23.807","3","0","0","0","2113","0","0","0","N","0","0","0","7","02113","0","","1.0","1925.0","1","N","N","N","0","","2","0","2","","0","Y","","2","2","0","0","0","0","0","2","0","2","03","03","","N","","","","","","","","","",""
"2023104285","0025","0","0","0","0","0","0","0","0","0","7","0","","02","11","2023","5","40.395359","-80.030724","0015","11","0","0","0","0","0","0","0","0","","0","0","0","","","1","","2","","40 23:43.294","","0","80 01:50.606","4","0","0","0","2301","0","0","0","N","0","0","0","1","02301","1","","4.0","","1","N","N","N","0","","0","0","1","","3","","","1","1","0","0","0","0","0","2","0","1","03","03","","N","","","","","","","","","",""
"2023102616","1755","0","0","0","0","0","0","0","0","0","7","0","","02","11","2023","1","40.354083","-80.141139","1752","11","0","0","0","0","0","0","0","0","","0","0","0","","","0","N","0","","40 21:14.700","6","0","80 08:28.100","0","0","0","0","2119","0","0","0","N","0","0","0","1","02119","0","","2.0","1837.0","1","N","N","N","0","","0","0","1","","3","N","","1","0","0","0","0","0","0","2","0","1","03","03","","N","","","","","","","","","",""
"2023102595","2308","2","0","0","0","0","0","0","0","0","2","0","","02","11","2023","3","40.339269","-79.979974","2308","11","0","0","0","0","0","0","0","0","","0","0","0","","","0","N","0","","40 20:21.367","","0","79 58:47.907","0","0","0","0","2403","0","0","0","N","0","0","0","0","02403","0","","1.0","","1","N","N","N","0","","0","0","0","","0","","","2","0","0","0","0","0","0","2","0","2","03","03","","N","","","","","","","","","",""
"2023109420","0933","1","0","0","0","0","0","0","0","0","7","0","","02","12","2023","6","40.450917","-79.732222","0928","11","0","0","0","0","0","0","0","0","","0","0","0","","","0","N","0","","40 27:03.300","2","0","79 43:56.000","0","0","0","0","2446","0","0","0","N","0","0","0","1","02446","0","","4.0","958.0","9","N","N","N","0","","0","0","0","","0","N","","1","0","0","0","0","0","0","2","0","1","07","07","","N","","","","","","","","","",""
"2023102857","0540","1","0","0","0","0","0","0","0","0","7","0","","02","11","2023","2","40.349944","-79.947999","0534","11","0","0","0","0","1","0","0","0","","0","0","0","","","0","N","0","","40 20:59.800","6","0","79 56:52.795","0","0","0","0","2473","0","0","0","N","0","0","0","1","02473","0","","4.0","620.0","1","N","N","N","0","","0","0","0","","0","N","","1","0","0","0","0","0","0","2","0","1","03","03","","N","","","","","","","","","",""
"2023105007","1638","1","0","0","0","0","0","0","0","0","4","0","","02","11","2023","6","40.667591","-79.714266","1636","11","0","0","0","0","0","0","0","0","","0","0","0","","","0","","2","","40 40:03.327","","2","79 42:51.358","0","0","0","0","2106","0","0","0","N","0","0","0","2","02106","0","","1.0","","9","N","N","N","1","","0","0","0","","0","","","2","0","0","0","0","0","0","2","0","2","07","","","N","","","","","","","","","",""
"2023103559","2310","1","0","0","0","0","0","0","0","0","1","0","","02","11","2023","3","40.473811","-79.970277","2308","11","0","0","0","0","0","0","0","0","","0","0","0","","","1","N","0","","40 28:25.719","6","3","79 58:12.996","3","0","0","0","2445","0","0","0","N","0","0","0","2","02445","0","","1.0","2350.0","1","N","N","N","0","","1","0","1","","0","Y","","2","1","0","0","0","0","0","2","0","2","03","03","","N","","","","","","","","","",""
"2023107201","1008","0","0","0","0","0","0","0","0","0","7","0","","02","11","2023","3","40.412056","-79.829066","1003","11","0","0","0","0","0","0","0","0","","0","0","0","","","0","","2","","40 24:43.403","6","0","79 49:44.638","0","0","0","0","2124","0","0","0","N","0","0","0","1","02124","0","","4.0","1101.0","1","N","N","N","1","","0","0","0","","3","Y","","1","0","1","0","0","0","0","2","0","1","03","","","N","","","","","","","","","",""
"2023103950","0905","0","0","0","0","0","0","0","0","0","4","0","","02","11","2023","4","40.354664","-80.073577","0901","11","0","0","0","0","0","0","1","0","","0","0","0","","","0","","1","","40 21:16.791","","0","80 04:24.878","0","0","0","0","2123","0","0","0","N","0","0","0","3","02123","0","","1.0","","1","N","N","N","1","","0","0","1","","3","","","2","0","0","0","0","0","0","2","0","2","03","","","N","","","","","","","","","",""
"2023106727","2338","0","0","0","0","0","0","0","0","0","7","0","","02","11","2023","4","","","2335","11","0","0","0","0","0","1","0","0","","0","0","0","","","0","N","0","","","","0","","0","0","0","0","2118","0","0","0","N","0","0","0","1","02118","0","","9.0","","1","N","N","N","0","","0","0","1","","0","","","1","0","0","0","0","0","0","1","0","1","03","","","N","","","","","","","","","",""
"2023112383","0928","0","0","1","0","0","0","0","0","0","4","0","","02","10","2023","6","40.513852","-79.951548","0924","11","0","0","0","0","0","1","1","0","","0","0","0","","","2","","2","","40 30:49.867","5","0","79 57:05.573","2","0","0","0","2118","0","0","0","N","0","0","0","3","02118","0","","1.0","1000.0","9","N","N","N","0","","1","1","2","","2","N","","2","2","0","0","0","0","0","2","0","2","07","04","","N","","","","","","","","","",""
"2023103956","2206","0","0","0","0","0","0","0","0","0","8","0","","02","11","2023","2","40.451805","-79.943347","2201","11","0","0","0","0","0","0","0","0","","0","0","0","","","1","","1","","40 27:06.498","","0","79 56:36.050","3","0","0","0","2301","1","0","0","N","1","0","0","2","02301","0","","1.0","","1","N","N","N","0","","1","0","1","","2","","","2","1","0","0","0","0","0","2","0","1","04","04","","N","","","","","","","","","",""
"2023063798","0607","0","0","0","0","0","0","0","0","0","5","1","","02","7","2023","2","","","0606","11","0","0","0","0","0","0","0","0","","0","1","0","","","0","N","0","","","2","0","","0","0","0","0","2461","0","0","0","N","0","0","0","2","02430","0","","1.0","30.0","1","N","N","N","0","","0","0","1","","0","N","","2","0","0","0","0","0","0","1","0","2","03","","","N","","","","","","","","","",""
"2023106922","1059","3","0","0","0","0","0","0","0","0","4","0","","02","11","2023","7","40.559162","-80.227044","1056","11","0","0","0","0","0","0","0","0","","0","0","0","","","1","N","0","","40 33:32.984","2","7","80 13:37.359","4","0","0","0","2103","0","0","0","N","0","0","0","1","02103","1","","5.0","1120.0","1","N","N","Y","0","","0","0","0","","0","N","","3","1","0","0","0","0","0","2","0","3","03","03","","N","","","","","","","","","",""
"2023103659","0945","0","0","0","0","0","0","0","0","0","4","0","","02","11","2023","4","40.444243","-80.028195","0937","11","0","0","0","0","1","0","1","0","","0","0","0","","","1","","1","","40 26:39.275","1","3","80 01:41.501","2","0","1","1","2301","0","0","0","N","0","0","0","2","02301","0","","1.0","1033.0","1","N","N","N","0","","0","1","1","","2","N","","2","1","0","0","0","0","0","2","0","2","03","03","","N","","","","","","","","","",""
"2023106834","2205","2","0","0","0","0","0","0","0","0","4","0","","02","11","2023","3","40.422975","-79.960893","2155","11","0","0","0","0","0","0","0","0","","0","0","0","","","0","N","0","","40 25:22.709","","7","79 57:39.215","0","0","0","0","2301","0","0","0","N","0","0","0","4","02301","0","","1.0","","1","N","N","N","0","","0","0","0","","2","","","2","0","0","0","0","0","0","2","0","2","03","03","","N","","","","","","","","","",""
"2023110814","0605","0","0","0","0","0","0","0","0","0","8","0","","02","12","2023","3","40.436509","-79.997159","0605","11","0","0","0","0","0","1","0","0","","0","0","0","","","1","","1","","40 26:11.431","","0","79 59:49.773","3","0","0","0","2301","1","0","0","N","1","0","0","2","02301","0","","1.0","","1","N","N","N","1","","1","0","0","","2","","","2","1","0","0","0","0","0","2","0","1","03","03","","N","","","","","","","","","",""
"2023119120","1805","1","0","0","0","0","0","0","0","0","4","0","","02","12","2023","1","40.32436","-79.891391","1805","11","0","0","0","0","0","0","0","0","","0","0","0","","","0","","1","","40 19:27.697","7","0","79 53:29.008","0","0","0","0","2433","0","0","0","N","0","0","0","2","02433","0","","1.0","1920.0","1","","","N","0","","0","0","1","","3","Y","","2","0","0","0","0","0","0","2","0","2","03","","","N","","","","","","","","","",""
"2023104590","1945","2","0","0","0","0","0","0","0","0","5","0","","02","11","2023","6","40.435804","-79.981542","1935","11","0","0","0","0","0","0","0","0","","0","0","0","","","0","","2","","40 26:08.895","","0","79 58:53.552","0","0","0","0","2301","0","0","0","N","0","0","0","5","02301","0","","1.0","","9","N","N","N","0","","0","0","0","","0","","","2","0","0","0","0","0","0","2","0","2","07","07","","N","","","","","","","","","",""
"2023107372","2310","1","0","0","0","0","0","0","0","0","1","0","","02","11","2023","7","40.440514","-79.960234","2307","11","0","0","0","1","0","1","0","0","","0","0","0","","","1","","1","","40 26:25.851","1","0","79 57:36.843","8","0","0","0","2301","0","0","0","N","0","0","0","2","02506","0","","1.0","2330.0","1","N","N","N","0","","0","0","1","","0","Y","","2","1","0","0","0","1","0","2","0","2","03","03","","N","","","","","","","","","",""
"2023109858","1701","0","0","0","0","0","0","0","0","0","5","0","","02","11","2023","3","40.354483","-80.118317","1645","11","0","0","0","0","0","0","0","0","","0","0","0","","","0","N","0","","40 21:16.137","2","2","80 07:05.940","0","0","0","0","2119","0","0","0","N","0","0","0","2","68B03","0","","1.0","1705.0","9","N","N","N","0","","0","0","2","","0","N","","2","0","0","0","0","0","0","2","0","2","07","","","N","","","","","","","","","",""
"2023104885","2132","1","0","0","0","0","0","0","0","0","4","0","","02","11","2023","7","40.436061","-79.979573","2126","11","0","0","0","0","0","0","1","0","","0","0","0","","","1","","2","","40 26:09.820","","0","79 58:46.463","8","0","0","0","2301","0","0","0","N","0","0","0","6","02301","0","","1.0","","1","N","N","N","0","","0","0","1","","0","","","2","1","0","0","0","1","0","2","0","2","03","","","N","","","","","","","","","",""
"2023118267","2328","0","0","0","0","0","0","0","0","0","4","0","","02","12","2023","4","40.343139","-79.975556","2325","11","0","0","0","0","0","0","0","0","","0","0","0","","","2","N","0","","40 20:35.300","7","0","79 58:32.000","3","0","0","0","2403","0","0","0","N","0","0","0","2","02403","1","","6.0","0.0","9","N","N","N","0","","1","0","1","","0","Y","","2","2","0","0","0","0","0","2","1","2","03","03","","N","","","","","","","","","",""
"2023047043","1429","1","0","0","0","0","0","0","0","0","1","0","","02","5","2023","1","","","1416","11","0","1","0","0","0","0","0","0","","0","0","0","","","0","N","0","","","","3","","0","0","0","0","2301","0","0","0","N","0","0","0","2","02301","0","","1.0","","1","N","N","N","0","","0","0","1","","0","","","2","0","0","0","0","0","0","1","0","2","03","03","","N","","","","","","","","","",""
"2023106304","2116","1","0","0","0","0","0","0","0","0","5","0","","02","11","2023","2","40.212726","-79.841585","2110","11","0","1","0","0","1","0","0","0","","0","0","0","","","0","N","0","","40 12:45.814","2","0","79 50:29.706","0","0","0","0","2204","0","0","0","N","0","0","0","4","02105","0","","1.0","2204.0","1","N","N","N","0","","0","0","1","","0","Y","","2","0","0","0","0","0","0","1","0","2","03","03","","N","","","","","","","","","",""
"2023102879","1721","1","0","0","0","0","0","0","0","0","4","0","","02","11","2023","2","40.350024","-79.864751","1721","11","0","0","0","0","0","0","0","0","","0","0","0","","","1","","1","","40 21:00.086","","0","79 51:53.103","8","0","0","0","2304","0","0","0","N","0","0","0","4","02304","0","","1.0","","1","N","N","N","0","","0","0","1","","3","","","2","1","0","0","0","1","1","2","0","2","03","03","","N","","","","","","","","","",""
"2023107525","1944","1","0","0","0","0","0","0","0","0","7","0","","02","11","2023","3","40.32701","-80.025771","1939","11","0","0","0","0","0","0","0","0","","0","0","0","","","1","N","0","","40 19:37.236","","0","80 01:32.775","3","0","0","0","2407","0","0","0","N","0","0","0","1","02407","0","","5.0","","9","N","N","N","0","","1","0","0","","0","","","1","1","1","0","0","0","0","2","0","1","07","","","N","","","","","","","","","",""
"2023105937","1945","1","0","0","0","0","0","0","0","0","4","0","","02","11","2023","5","40.620065","-80.055009","1930","11","1","0","0","0","0","0","0","0","","0","0","0","","","0","N","0","","40 37:12.234","","7","80 03:18.034","0","0","0","0","2216","0","0","0","N","0","0","0","2","02505","0","","1.0","","1","N","N","N","0","","0","0","1","","0","","","2","0","0","0","0","0","0","2","0","2","03","03","","N","","","","","","","","","",""
"2023106238","1842","0","0","0","0","0","0","0","0","0","1","0","","02","11","2023","1","40.434081","-79.84882","1840","11","0","0","0","0","1","0","0","0","","0","0","0","","","4","","2","","40 26:02.690","","0","79 50:55.752","3","0","0","0","2431","0","0","0","N","0","0","0","5","02431","0","","1.0","","1","N","N","N","1","","4","0","1","","2","","","2","4","0","0","0","0","0","2","0","2","04","","","N","","","","","","","","","",""
"2023118381","2359","0","0","2","0","0","0","0","0","0","2","0","","02","12","2023","6","40.366656","-80.186345","2350","11","0","0","1","0","0","0","0","0","","0","0","0","","","2","N","0","","40 21:59.960","5","0","80 11:10.842","2","0","0","0","2119","0","0","0","N","0","0","0","3","02119","0","","1.0","430.0","1","N","N","N","1","","0","2","1","","0","Y","","2","2","0","0","0","0","0","1","0","2","03","03","","N","","","","","","","","","",""
"2023112546","0628","0","0","0","0","0","0","0","0","0","7","0","","02","11","2023","7","40.434344","-79.965104","0609","11","0","0","0","0","0","0","0","0","","0","0","0","","","0","N","0","","40 26:03.637","3","0","79 57:54.373","0","0","0","0","2301","0","0","0","N","0","0","0","1","68B03","0","","3.0","711.0","1","N","N","N","0","","0","0","1","","0","N","","1","0","0","0","0","0","0","2","0","1","03","03","","N","","","","","","","","","",""
"2023104754","1542","1","0","0","0","0","0","0","0","0","4","0","","02","11","2023","7","40.414306","-79.900278","1542","11","0","0","0","1","1","0","0","0","","0","0","0","","","2","N","0","","40 24:51.500","3","7","79 54:01.000","3","0","0","0","2448","0","0","0","N","0","0","0","2","02448","0","","1.0","1618.0","1","N","N","N","0","","2","0","1","","3","Y","","2","2","0","0","0","0","0","2","0","2","03","03","","N","","","","","","","","","",""
"2023105350","0920","1","0","0","0","0","0","0","0","0","4","0","","02","11","2023","2","40.324894","-80.081673","0920","11","0","0","0","0","0","1","1","0","","0","0","0","","","0","","1","","40 19:29.618","2","0","80 04:54.022","0","0","0","0","2123","0","0","0","N","0","0","0","2","02123","0","","1.0","1005.0","1","N","N","N","0","","0","0","1","","2","N","","2","0","0","0","0","0","0","2","0","2","04","","","N","","","","","","","","","",""
"2023105837","1800","2","0","0","0","0","0","0","0","0","4","0","","02","11","2023","3","40.4335","-79.923","1750","11","0","0","0","0","0","2","0","0","","0","0","0","","","0","N","0","","40 26:00.600","","0","79 55:22.800","0","0","0","0","2301","0","0","0","N","0","0","0","2","02301","0","","1.0","","9","N","N","N","0","","0","0","0","","0","","","2","0","0","0","0","0","0","2","0","2","07","","","N","","","","","","","","","",""
"2023000381","1951","2","0","0","0","0","0","0","0","0","1","0","","02","1","2023","1","","","1947","11","0","0","0","0","0","0","0","1","","0","0","0","","","0","N","0","","","","4","","0","0","0","0","2301","0","0","0","N","0","0","0","7","02301","0","","1.0","","1","N","N","N","0","","0","0","1","","0","N","","3","0","0","0","0","0","0","1","0","3","03","03","","N","","","","","","","","","",""
"2023105561","2016","1","0","0","1","0","0","0","0","0","4","0","","02","11","2023","2","40.438049","-79.922961","2014","11","0","0","0","0","0","0","0","0","","0","0","0","","","2","","1","","40 26:16.975","","0","79 55:22.659","3","0","0","0","2301","1","0","0","N","0","0","0","3","02301","1","","1.0","","1","N","N","N","0","","1","0","1","","2","","","3","2","0","0","0","0","0","2","0","2","03","03","","N","","","","","","","","","",""
"2023104418","2153","2","0","0","0","0","0","0","0","0","1","0","","02","11","2023","4","40.436874","-79.972805","2143","11","0","0","0","0","0","0","0","0","","0","0","0","","","0","N","0","","40 26:12.745","","1","79 58:22.099","0","0","0","0","2301","0","0","0","N","0","0","0","2","02301","0","","1.0","","1","N","N","N","0","","0","0","0","","0","","","2","0","0","0","0","0","0","2","0","2","03","03","","N","","","","","","","","","",""
"2023111411","1855","0","0","0","0","0","0","0","0","0","4","0","","02","11","2023","3","40.452783","-80.170381","1831","11","0","0","0","1","0","0","0","0","","0","0","0","","","1","N","0","","40 27:10.020","3","0","80 10:13.370","3","0","0","0","2115","0","0","0","N","0","0","0","8","68B03","0","","1.0","15.0","9","N","N","N","0","","1","0","2","","0","N","","2","1","0","0","0","0","0","2","0","2","07","","","N","","","","","","","","","",""
"2023105623","2340","0","0","0","0","0","0","0","0","0","5","0","","02","11","2023","2","40.46117","-79.870801","2330","11","0","0","0","0","0","0","0","0","","0","0","0","","","0","N","0","","40 27:40.213","1","0","79 52:14.885","9","0","0","0","2301","0","0","0","N","0","0","0","2","02301","0","","1.0","30.0","1","N","N","N","0","","0","0","1","","0","N","","2","0","0","0","0","0","1","2","0","2","03","","","N","","","","","","","","","",""
"2023104277","1930","2","0","0","0","0","0","0","0","0","1","0","","02","11","2023","4","40.540378","-80.046151","1926","11","0","0","0","0","0","0","0","0","","0","0","0","","","0","N","0","","40 32:25.362","3","7","80 02:46.144","0","0","0","0","2116","0","0","0","N","0","0","0","2","02116","0","","1.0","1959.0","1","N","N","N","0","","0","0","0","","0","N","","2","0","0","0","0","0","0","2","0","2","03","03","","N","","","","","","","","","",""
"2023103369","1833","1","0","0","1","0","0","0","0","0","8","0","","02","11","2023","3","40.447435","-79.942433","1832","11","0","0","0","0","0","0","1","0","","0","0","0","","","1","","1","","40 26:50.767","","0","79 56:32.757","8","0","0","0","2301","1","0","0","N","0","0","0","2","02301","0","","1.0","","1","N","N","N","0","","0","0","0","","2","","","2","1","0","0","0","1","0","2","0","1","03","03","","N","","","","","","","","","",""
"2023107989","1656","2","0","0","0","0","0","0","0","0","4","0","","02","11","2023","1","40.506289","-80.223194","1656","11","0","0","0","0","0","1","0","0","","0","0","0","","","3","","2","","40 30:22.641","1","0","80 13:23.497","3","0","0","0","2213","0","0","0","N","0","0","0","4","02213","0","","1.0","1739.0","1","N","N","N","0","","3","0","1","","2","N","","3","3","0","0","0","0","0","2","0","3","03","","","N","","","","","","","","","",""
"2023102420","1356","0","0","0","0","0","0","0","0","0","98","0","","02","11","2023","7","40.482141","-79.780505","1346","11","0","0","0","0","0","0","0","0","","0","0","0","","","0","N","0","","40 28:55.706","","0","79 46:49.819","0","0","0","0","2466","0","0","0","N","0","0","0","1","02466","0","","1.0","","1","N","N","N","0","","0","0","1","","0","","","1","0","0","0","0","0","0","2","0","1","03","03","","N","","","","","","","","","",""
"2023102644","1810","0","0","0","0","0","0","0","0","0","4","0","","02","11","2023","1","40.491614","-80.06124","1809","11","0","0","0","0","0","0","0","0","","0","0","0","","","2","","2","","40 29:29.809","","0","80 03:40.463","3","0","0","0","2404","0","0","0","N","0","0","0","7","02404","0","","1.0","","1","N","N","N","0","","2","0","1","","2","","","2","2","0","0","0","0","0","2","1","2","04","04","","N","","","","","","","","","",""
"2023106077","1154","1","0","0","0","0","0","0","0","0","4","0","","02","11","2023","3","40.437439","-79.776457","1153","11","0","0","0","0","0","0","0","0","","0","0","0","","","0","N","0","","40 26:14.782","4","7","79 46:35.244","0","0","0","0","2446","0","0","0","N","0","0","0","2","02446","0","","1.0","1245.0","9","N","N","N","0","","0","0","1","","3","N","","2","0","0","0","0","0","0","2","0","2","07","","","N","","","","","","","","","",""
"2023105348","1654","1","0","0","0","0","0","0","0","0","4","0","","02","11","2023","2","40.519556","-79.762667","1643","11","0","0","0","0","0","1","0","0","","0","0","0","","","1","N","0","","40 31:10.400","3","0","79 45:45.600","8","0","0","0","2466","0","0","0","N","0","0","0","2","02466","0","","5.0","1725.0","1","N","N","N","0","","0","0","1","","0","N","","2","1","0","0","0","1","0","2","0","2","03","03","","N","","","","","","","","","",""
"2023106551","0905","2","0","0","0","0","0","0","0","0","5","0","","02","11","2023","7","40.456389","-79.936972","0847","11","0","0","0","0","0","0","1","0","","0","0","0","","","0","N","0","","40 27:23.000","","0","79 56:13.100","0","0","0","0","2301","0","0","0","N","0","0","0","2","02301","0","","6.0","","1","N","N","N","0","","0","0","0","","0","","","2","0","0","0","0","0","0","2","0","2","03","","","N","","","","","","","","","",""
"2023103949","1755","0","0","0","0","0","0","0","0","0","7","0","","02","11","2023","3","40.39144","-80.047221","1753","11","0","0","0","0","0","0","0","0","","0","0","0","","","1","N","0","","40 23:29.185","2","0","80 02:49.995","3","0","0","0","2109","0","0","0","N","0","0","0","1","02109","0","","4.0","1828.0","1","N","N","N","0","","1","0","1","","0","Y","","1","1","0","0","0","0","0","2","0","1","03","03","","N","","","","","","","","","",""
"2023106207","1444","2","0","0","0","0","0","0","0","0","1","0","","02","11","2023","3","40.47466","-80.039709","1437","11","0","0","0","0","0","1","1","0","","0","0","0","","","1","N","0","","40 28:28.775","2","0","80 02:22.954","3","0","0","0","2301","0","0","0","N","0","0","0","3","02301","0","","1.0","1515.0","8","N","N","Y","0","","1","0","1","","0","N","","3","1","0","0","0","0","1","2","0","3","07","04","","N","","","","","","","","","",""
"2023104612","2311","2","0","0","0","0","0","0","0","0","4","0","","02","11","2023","6","40.270711","-79.899264","2307","11","0","0","0","0","0","0","0","0","","0","0","0","","","0","","1","","40 16:14.561","","0","79 53:57.352","0","0","0","0","2471","0","0","0","N","0","0","0","4","02428","0","","1.0","","9","N","N","N","0","","0","0","0","","3","N","","2","0","0","0","0","0","0","2","0","2","07","","","N","","","","","","","","","",""
"2023103604","1431","2","0","0","0","0","0","0","0","0","5","0","","02","11","2023","3","40.38025","-80.006667","1425","11","0","0","0","0","0","1","0","1","","0","0","0","","","0","N","0","","40 22:48.900","","7","80 00:24.000","0","0","0","0","2101","0","0","0","N","0","0","0","2","02101","0","","1.0","","1","N","N","Y","0","","0","0","0","","0","","","3","0","0","0","0","0","0","2","1","3","03","03","","N","","","","","","","","","",""
"2023103059","1659","1","0","0","0","0","0","0","0","0","4","0","","02","11","2023","1","40.542961","-80.191901","1655","11","0","0","0","0","0","0","0","1","","0","0","0","","","0","N","0","","40 32:34.661","","7","80 11:30.845","0","0","0","0","2427","0","0","0","N","0","0","0","4","02427","0","","1.0","","1","N","N","N","0","","0","0","1","","0","","","3","0","0","0","0","0","0","2","1","3","03","","","N","","","","","","","","","",""