"CRN","ARRIVAL_TM","AUTOMOBILE_COUNT","BELTED_DEATH_COUNT","BELTED_SUSP_SERIOUS_INJ_COUNT","BICYCLE_COUNT","BICYCLE_DEATH_COUNT","BICYCLE_SUSP_SERIOUS_INJ_COUNT","BUS_COUNT","CHLDPAS_DEATH_COUNT","CHLDPAS_SUSP_SERIOUS_INJ_COUNT","COLLISION_TYPE","COMM_VEH_COUNT","CONS_ZONE_SPD_LIM","COUNTY","CRASH_MONTH","CRASH_YEAR","DAY_OF_WEEK","DEC_LATITUDE","DEC_LONGITUDE","DISPATCH_TM","DISTRICT","DRIVER_COUNT_16YR","DRIVER_COUNT_17YR","DRIVER_COUNT_18YR","DRIVER_COUNT_19YR","DRIVER_COUNT_20YR","DRIVER_COUNT_50_64YR","DRIVER_COUNT_65_74YR","DRIVER_COUNT_75PLUS","EST_HRS_CLOSED","FATAL_COUNT","HEAVY_TRUCK_COUNT","HORSE_BUGGY_COUNT","HOUR_OF_DAY","ILLUMINATION","INJURY_COUNT","INTERSECTION_RELATED","INTERSECT_TYPE","LANE_CLOSED","LATITUDE","LN_CLOSE_DIR","LOCATION_TYPE","LONGITUDE","MAX_SEVERITY_LEVEL","MCYCLE_DEATH_COUNT","MCYCLE_SUSP_SERIOUS_INJ_COUNT","MOTORCYCLE_COUNT","MUNICIPALITY","NONMOTR_COUNT","NONMOTR_DEATH_COUNT","NONMOTR_SUSP_SERIOUS_INJ_COUNT","NTFY_HIWY_MAINT","PED_COUNT","PED_DEATH_COUNT","PED_SUSP_SERIOUS_INJ_COUNT","PERSON_COUNT","POLICE_AGCY","POSSIBLE_INJ_COUNT","RDWY_SURF_TYPE_CD","RELATION_TO_ROAD","ROADWAY_CLEARED","ROAD_CONDITION","SCH_BUS_IND","SCH_ZONE_IND","SECONDARY_CRASH","SMALL_TRUCK_COUNT","SPEC_JURIS_CD","SUSP_MINOR_INJ_COUNT","SUSP_SERIOUS_INJ_COUNT","SUV_COUNT","TCD_FUNC_CD","TCD_TYPE","TFC_DETOUR_IND","TIME_OF_DAY","TOTAL_UNITS","TOT_INJ_COUNT","UNBELTED_OCC_COUNT","UNB_DEATH_COUNT","UNB_SUSP_SERIOUS_INJ_COUNT","UNK_INJ_DEG_COUNT","UNK_INJ_PER_COUNT","URBAN_RURAL","VAN_COUNT","VEHICLE_COUNT","WEATHER1","WEATHER2","WORKERS_PRES","WORK_ZONE_IND","WORK_ZONE_LOC","WORK_ZONE_TYPE","WZ_CLOSE_DETOUR","WZ_FLAGGER","WZ_LAW_OFFCR_IND","WZ_LN_CLOSURE","WZ_MOVING","WZ_OTHER","WZ_SHLDER_MDN","WZ_WORKERS_INJ_KILLED"
"2023111374","","0","0","0","0","0","0","0","0","0","4","0","","02","11","2023","7","40.418778","-79.922722","","11","0","0","0","0","0","0","0","0","","0","0","0","","","0","Y","0","","40 25:07.600","7","0","79 55:21.800","9","0","0","0","2301","0","0","0","N","0","0","0","2","02301","0","","6.0","403.0","1","N","N","N","0","","0","0","3","","0","Y","","3","0","0","0","0","0","2","2","0","3","03","","","N","","","","","","","","","",""
"2023100081","","0","0","0","0","0","0","0","0","0","1","0","","02","11","2023","1","40.355618","-80.064627","","11","0","0","1","0","0","0","0","0","","0","0","0","","","0","","2","","40 21:20.224","","0","80 03:52.658","0","0","0","0","2123","0","0","0","N","0","0","0","4","02123","0","","1.0","","1","N","N","N","0","","0","0","2","","0","","","2","0","1","0","0","0","0","2","0","2","03","","","N","","","","","","","","","",""
"2023099463","","0","0","0","0","0","0","0","0","0","4","0","","02","11","2023","7","40.567833","-79.802417","","11","0","0","0","0","0","1","0","0","","0","0","0","","","1","N","0","","40 34:04.200","7","7","79 48:08.700","2","0","0","0","2206","0","0","0","N","0","0","0","2","02206","0","","1.0","1143.0","1","N","N","N","0","","0","1","2","","0","Y","","2","1","0","0","0","0","0","2","0","2","03","04","","N","","","","","","","","","",""
"2023099859","","0","0","0","0","0","0","0","0","0","7","0","","02","11","2023","1","40.43066","-80.061151","","11","0","0","0","0","0","0","1","0","","0","0","0","","","0","","3","","40 25:50.375","6","0","80 03:40.143","0","0","0","0","2421","0","0","0","N","0","0","0","1","02421","0","","4.0","2010.0","1","N","N","N","0","","0","0","1","","0","N","","1","0","0","0","0","0","0","2","0","1","03","03","","N","","","","","","","","","",""
"2023100071","","1","0","0","0","0","0","0","0","0","4","0","","02","11","2023","2","40.393743","-80.019977","","11","0","0","0","0","0","0","0","0","","0","0","0","","","0","","2","","40 23:37.476","3","0","80 01:11.917","0","0","0","0","2301","0","0","0","N","0","0","0","2","02301","0","","1.0","1547.0","1","N","N","N","1","","0","0","0","","2","N","","2","0","0","0","0","0","0","2","0","2","03","03","","N","","","","","","","","","",""
"2023100360","","2","0","0","0","0","0","0","0","0","4","0","","02","11","2023","2","40.465055","-79.946488","","11","0","0","0","0","0","0","0","0","","0","0","0","","","0","","1","","40 27:54.198","1","0","79 56:47.357","0","0","0","0","2301","0","0","0","N","0","0","0","2","02301","0","","1.0","2350.0","1","N","N","N","0","","0","0","0","","0","N","","2","0","0","0","0","0","0","2","0","2","03","","","N","","","","","","","","","",""
"2023099038","","2","0","0","0","0","0","0","0","0","1","0","","02","11","2023","4","40.357419","-79.865403","","11","0","0","1","0","0","1","0","0","","0","0","0","","","1","N","0","","40 21:26.709","5","0","79 51:55.450","3","0","0","0","2473","0","0","0","N","0","0","0","2","02473","0","","1.0","1410.0","1","N","N","N","0","","1","0","0","","0","N","","2","1","0","0","0","0","0","2","0","2","03","03","","N","","","","","","","","","",""
"2023099994","","1","0","0","0","0","0","0","0","0","7","0","","02","11","2023","2","40.278444","-79.926472","","11","0","0","0","0","0","0","0","0","","0","0","0","","","1","N","0","","40 16:42.400","","0","79 55:35.300","4","0","0","0","2440","0","0","0","N","0","0","0","2","02440","1","","4.0","","1","N","N","N","0","","0","0","0","","0","","","1","1","0","0","0","0","0","2","0","1","03","","","N","","","","","","","","","",""
"2023118664","","0","0","0","0","0","0","0","0","0","2","0","","02","12","2023","4","40.429854","-79.751251","","11","0","0","0","0","0","0","0","0","","0","0","0","","","0","","2","","40 25:47.476","1","0","79 45:04.504","0","0","0","0","2446","0","0","0","N","0","0","0","2","02446","0","","1.0","800.0","9","N","N","N","0","","0","0","2","","2","N","","2","0","0","0","0","0","0","2","0","2","99","03","","N","","","","","","","","","",""
"2023098596","","1","0","0","0","0","0","0","0","0","5","0","","02","11","2023","5","40.438083","-79.922361","","11","0","0","0","0","0","2","0","0","","0","0","0","","","0","N","0","","40 26:17.100","","0","79 55:20.500","0","0","0","0","2301","0","0","0","N","0","0","0","2","02301","0","","1.0","","1","N","N","N","0","","0","0","2","","0","","","3","0","0","0","0","0","0","2","0","3","03","03","","N","","","","","","","","","",""
"2023100370","","0","0","0","0","0","0","0","0","0","4","0","","02","11","2023","1","40.372984","-80.099321","","11","0","0","0","0","0","2","0","0","","0","0","0","","","0","","2","","40 22:22.744","2","2","80 05:57.554","0","0","0","0","2102","0","0","0","N","0","0","0","7","02102","0","","1.0","1933.0","1","N","N","N","0","","0","0","2","","2","N","","2","0","0","0","0","0","0","2","0","2","03","","","N","","","","","","","","","",""
"2023099748","","2","0","1","0","0","0","0","0","0","1","0","","02","11","2023","1","40.452611","-79.95425","","11","0","0","0","0","0","0","0","0","","0","0","0","","","1","N","0","","40 27:09.400","4","0","79 57:15.300","2","0","0","0","2301","0","0","0","N","0","0","0","1","02301","0","","6.0","1750.0","1","N","N","N","0","","0","1","0","","0","N","","2","1","0","0","0","0","0","2","0","2","03","03","","N","","","","","","","","","",""
"2023099395","","1","0","0","0","0","0","0","0","0","1","0","","02","11","2023","6","40.459227","-79.970686","","11","0","1","0","0","0","0","0","0","","0","0","0","","","0","","1","","40 27:33.216","","0","79 58:14.468","0","0","0","0","2301","0","0","0","N","0","0","0","5","02301","0","","1.0","","1","N","N","N","0","","0","0","1","","2","","","2","0","0","0","0","0","0","2","0","2","03","03","","N","","","","","","","","","",""
"2023101081","","0","0","0","0","0","0","0","0","0","4","0","","02","11","2023","6","40.437953","-79.775888","","11","0","0","0","0","0","0","1","0","","0","0","0","","","1","N","0","","40 26:16.631","3","7","79 46:33.198","8","0","0","0","2446","0","0","0","N","0","0","0","2","02446","0","","1.0","1950.0","1","N","N","N","0","","0","0","2","","0","Y","","2","1","0","0","0","1","0","2","0","2","03","03","","N","","","","","","","","","",""
"2023099151","","0","0","0","0","0","0","0","0","0","4","0","","02","11","2023","6","40.391916","-80.015237","","11","0","0","0","0","1","0","1","0","","0","0","0","","","1","","2","","40 23:30.896","6","0","80 00:54.852","3","0","0","0","2301","0","0","0","N","0","0","0","3","02301","0","","1.0","1553.0","1","N","N","N","0","","1","0","2","","0","N","","2","1","1","0","0","0","0","2","0","2","03","98","","N","","","","","","","","","",""
"2023101411","","1","0","0","0","0","0","0","0","0","7","0","","02","11","2023","2","40.49737","-80.098779","","11","0","0","0","0","0","0","0","0","","0","0","0","","","1","N","0","","40 29:50.531","5","0","80 05:55.603","8","0","0","0","2126","0","0","0","N","0","0","0","1","02126","0","","4.0","30.0","1","N","N","N","0","","0","0","0","","0","Y","","1","1","0","0","0","1","0","2","0","1","03","","","N","","","","","","","","","",""
"2023114221","","1","0","0","0","0","0","0","0","0","7","0","","02","11","2023","4","40.478832","-80.007329","","11","0","0","0","0","0","0","0","0","","0","0","0","","","0","N","0","","40 28:43.794","1","0","80 00:26.385","0","0","0","0","2301","0","0","0","N","0","0","0","1","68B03","0","","3.0","2210.0","1","N","N","N","0","","0","0","0","","0","N","","1","0","0","0","0","0","0","2","0","1","03","03","","N","","","","","","","","","",""
"2023099669","","1","0","0","0","0","0","0","0","0","4","0","","02","11","2023","1","40.446739","-79.979324","","11","0","0","0","0","1","0","0","0","","0","0","0","","","0","","2","","40 26:48.261","","0","79 58:45.566","0","0","0","0","2301","0","0","0","N","0","0","0","5","02301","0","","1.0","","1","N","N","N","0","","0","0","1","","3","","","2","0","0","0","0","0","0","2","0","2","03","03","","N","","","","","","","","","",""
"2023099009","","0","0","0","0","0","0","0","0","0","4","0","","02","11","2023","6","40.455516","-80.006199","","11","0","0","0","0","0","1","0","0","","0","0","0","","","0","N","0","","40 27:19.859","","0","80 00:22.315","0","0","0","0","2301","0","0","0","N","0","0","0","2","02301","0","","1.0","","1","N","N","N","0","","0","0","2","","0","","","2","0","0","0","0","0","0","2","0","2","03","04","","N","","","","","","","","","",""
"2023114488","","0","0","0","0","0","0","0","0","0","1","0","55","02","11","2023","7","40.41878","-80.102999","","11","0","0","0","0","0","1","0","0","","0","0","0","","","0","N","0","","40 25:07.607","","0","80 06:10.798","9","0","0","0","2115","0","0","0","N","0","0","0","4","68B03","0","","1.0","","1","N","N","N","0","","0","0","2","","0","","","3","0","0","0","0","0","1","2","0","3","03","03","Y","Y","1","2","N","N","N","Y","N","N","N","N"
"2023119059","","1","0","0","0","0","0","0","0","0","4","0","","02","12","2023","3","40.333543","-80.024041","","11","0","0","0","0","0","1","0","0","","0","0","0","","","2","","1","","40 20:00.753","","0","80 01:26.546","4","0","0","0","2407","0","0","0","N","0","0","0","3","02407","2","","1.0","","1","N","N","N","0","","0","0","0","","2","","","2","2","1","0","0","0","0","2","1","2","03","","","N","","","","","","","","","",""
"2023100362","","0","0","0","0","0","0","0","0","0","4","0","","02","11","2023","6","40.35912","-80.109582","","11","0","0","0","0","0","1","0","0","","0","0","0","","","1","","2","","40 21:32.833","3","0","80 06:34.494","3","0","0","0","2414","0","0","0","N","0","0","0","2","02414","0","","1.0","955.0","1","N","N","N","1","","1","0","1","","0","N","","2","1","0","0","0","0","0","2","0","2","03","","","N","","","","","","","","","",""
"2023117464","","1","0","1","0","0","0","0","0","0","2","0","","02","12","2023","3","40.362373","-79.826135","","11","0","0","0","0","0","1","0","0","","0","0","0","","","4","","2","","40 21:44.541","5","0","79 49:34.085","2","0","0","0","2111","0","0","0","N","0","0","0","4","02111","0","","1.0","929.0","9","N","N","N","0","","2","2","0","","2","Y","","2","4","0","0","0","0","0","2","1","2","07","07","","N","","","","","","","","","",""
"2023099798","","1","0","0","0","0","0","0","0","0","1","0","","02","11","2023","5","40.442101","-79.762307","","11","0","0","0","0","0","0","0","0","","0","0","0","","","0","Y","0","","40 26:31.564","","2","79 45:44.304","0","0","0","0","2446","0","0","0","N","0","0","0","3","68B03","0","","1.0","","1","N","N","N","0","","0","0","0","","0","","","2","0","0","0","0","0","0","2","1","2","03","","","N","","","","","","","","","",""
"2023099769","","1","0","0","0","0","0","0","0","0","4","0","","02","11","2023","1","40.42279","-80.040249","","11","0","0","0","0","0","0","0","0","","0","0","0","","","0","N","0","","40 25:22.043","1","7","80 02:24.896","0","0","0","0","2435","0","0","0","N","0","0","0","3","02435","0","","1.0","1715.0","1","N","N","N","0","","0","0","1","","0","N","","2","0","0","0","0","0","0","2","0","2","03","03","","N","","","","","","","","","",""
"2023099858","","2","0","0","0","0","0","0","0","0","6","0","","02","11","2023","1","40.457252","-80.050976","","11","0","0","0","0","0","0","0","0","","0","0","0","","","1","N","0","","40 27:26.106","","0","80 03:03.512","8","0","0","0","2301","0","0","0","N","0","0","0","5","02301","0","","6.0","","1","N","N","N","0","","0","0","0","","3","","","2","1","0","0","0","1","1","2","0","2","03","03","","N","","","","","","","","","",""
"2023099864","","1","0","0","0","0","0","0","0","0","4","0","","02","11","2023","2","40.396984","-80.022488","","11","0","0","0","0","0","0","0","0","","0","0","0","","","0","","2","","40 23:49.142","","0","80 01:20.956","9","0","0","0","2301","0","0","0","N","0","0","0","2","02301","0","","1.0","","1","N","N","N","0","","0","0","1","","0","","","2","0","0","0","0","0","1","2","0","2","03","03","","N","","","","","","","","","",""
"2023100436","","0","0","0","0","0","0","0","0","0","7","0","","02","11","2023","7","40.39425","-79.979472","","11","0","0","0","0","0","0","0","0","","0","0","0","","","1","N","0","","40 23:39.300","5","0","79 58:46.100","2","0","0","0","2301","0","0","0","N","0","0","0","1","02301","0","","2.0","419.0","1","N","N","N","0","","0","1","0","","0","Y","","1","1","1","0","1","0","0","2","1","1","03","","","N","","","","","","","","","",""
"2023099478","","2","0","0","0","0","0","0","0","0","4","0","","02","11","2023","6","40.459827","-79.931717","","11","0","0","0","0","0","0","1","0","","0","0","0","","","0","N","0","","40 27:35.377","","0","79 55:54.182","0","0","0","0","2301","0","0","0","N","0","0","0","2","02301","0","","1.0","","1","N","N","N","0","","0","0","0","","0","","","2","0","0","0","0","0","0","2","0","2","03","03","","N","","","","","","","","","",""
"2023098808","","0","0","0","0","0","0","0","0","0","4","0","","02","11","2023","5","40.566073","-80.016483","","11","0","0","0","0","0","1","0","1","","0","0","0","","","2","","2","","40 33:57.861","7","0","80 00:59.340","3","0","0","0","2108","0","0","0","N","0","0","0","2","02108","0","","1.0","2020.0","1","N","N","N","0","","2","0","2","","0","Y","","2","2","0","0","0","0","0","2","0","2","03","03","","N","","","","","","","","","",""
"2023119056","","2","0","0","0","0","0","0","0","0","4","0","","02","12","2023","5","40.510237","-80.094597","","11","0","0","1","0","0","0","0","0","","0","0","0","","","0","N","1","","40 30:36.852","","0","80 05:40.550","0","0","0","0","2429","0","0","0","N","0","0","0","2","02215","0","","1.0","","1","N","N","N","0","","0","0","0","","2","","","2","0","0","0","0","0","0","2","0","2","03","03","","N","","","","","","","","","",""
"2023097936","","1","0","0","0","0","0","0","0","0","4","0","","02","11","2023","4","40.465667","-79.951917","","11","0","0","0","0","0","0","0","0","","0","0","0","","","0","N","0","","40 27:56.400","","0","79 57:06.900","0","0","0","0","2301","0","0","0","N","0","0","0","1","02301","0","","6.0","","9","N","N","N","0","","0","0","2","","0","","","3","0","0","0","0","0","0","2","0","3","03","07","","N","","","","","","","","","",""
"2023119067","","1","0","0","0","0","0","0","0","0","4","0","","02","12","2023","7","40.35451","-80.114766","","11","0","0","0","0","0","2","0","0","","0","0","0","","","1","","1","","40 21:16.237","1","0","80 06:53.157","3","0","0","0","2119","0","0","0","N","0","0","0","6","02119","0","","1.0","1315.0","1","N","N","Y","0","","1","0","2","","2","N","","3","1","0","0","0","0","1","2","0","3","04","","","N","","","","","","","","","",""
"2023118289","","0","0","0","0","0","0","0","0","0","1","0","","02","8","2023","6","40.425789","-79.910739","","11","0","0","0","0","0","1","0","0","","0","0","0","","","0","N","0","","40 25:32.839","4","0","79 54:38.662","0","0","0","0","2301","0","0","0","N","0","0","0","8","68B03","0","","1.0","2150.0","1","N","N","N","1","","0","0","5","","0","N","","6","0","0","0","0","0","0","2","0","6","03","03","","N","","","","","","","","","",""
"2023060321","","1","0","0","0","0","0","0","0","0","2","0","","02","7","2023","2","40.504284","-80.061524","","11","0","0","0","0","0","0","0","0","","0","0","0","","","0","N","2","","40 30:15.421","2","0","80 03:41.487","0","0","0","0","2402","0","0","0","N","0","0","0","3","02402","0","","1.0","1700.0","1","N","N","N","0","","0","0","1","","0","N","","2","0","0","0","0","0","0","2","0","2","03","03","","N","","","","","","","","","",""
"2023098074","","0","0","0","0","0","0","0","0","0","1","0","","02","11","2023","4","40.429036","-79.998304","","11","0","0","0","0","0","0","1","0","","0","0","0","","","0","","1","","40 25:44.528","","0","79 59:53.895","9","0","0","0","2301","0","0","0","N","0","0","0","2","02301","0","","1.0","","1","N","N","N","1","","0","0","1","","2","","","2","0","2","0","0","0","1","2","0","2","03","03","","N","","","","","","","","","",""
"2023098849","","0","0","0","0","0","0","0","0","0","1","0","","02","11","2023","5","40.456467","-79.896674","","11","0","0","0","0","0","1","2","0","","0","0","0","","","0","","1","","40 27:23.281","","0","79 53:48.027","0","0","0","0","2301","0","0","0","N","0","0","0","4","02301","0","","1.0","","1","N","N","Y","1","","0","0","2","","2","","","4","0","0","0","0","0","0","2","1","4","03","03","","N","","","","","","","","","",""
"2023098574","","1","0","0","0","0","0","0","0","0","4","0","","02","11","2023","5","40.457509","-79.917445","","11","0","0","0","0","0","0","0","0","","0","0","0","","","0","","2","","40 27:27.033","5","0","79 55:02.801","0","0","0","0","2301","0","0","0","N","0","0","0","3","02301","0","","1.0","925.0","1","N","N","N","0","","0","0","1","","2","Y","","2","0","0","0","0","0","0","2","0","2","03","","","N","","","","","","","","","",""
"2023101100","","1","0","0","0","0","0","0","0","0","1","0","","02","11","2023","7","40.503703","-80.222431","","11","0","0","1","0","0","1","0","0","","0","0","0","","","1","","2","","40 30:13.330","","0","80 13:20.752","3","0","0","0","2213","0","0","0","N","0","0","0","2","02213","0","","1.0","","1","N","N","N","0","","1","0","1","","2","","","2","1","0","0","0","0","0","2","0","2","04","","","N","","","","","","","","","",""
"2023099099","","0","0","0","0","0","0","0","0","0","1","0","","02","11","2023","6","40.333304","-79.946334","","11","0","0","0","0","1","2","0","0","","0","0","0","","","0","N","0","","40 19:59.893","","0","79 56:46.801","0","0","0","0","2454","0","0","0","N","0","0","0","3","02454","0","","1.0","","1","N","N","N","0","","0","0","3","","0","N","","3","0","0","0","0","0","0","2","0","3","03","03","","N","","","","","","","","","",""
"2023101052","","1","0","0","0","0","0","0","0","0","4","0","","02","11","2023","6","40.456271","-79.997017","","11","0","0","0","0","0","1","0","0","","0","0","0","","","0","","1","","40 27:22.574","","0","79 59:49.260","0","0","0","0","2301","0","0","0","N","0","0","0","2","02301","0","","1.0","","1","N","N","N","1","","0","0","0","","0","","","2","0","0","0","0","0","0","2","0","2","03","03","","N","","","","","","","","","",""
"2023099853","","1","0","0","0","0","0","0","0","0","7","0","","02","11","2023","6","40.411989","-80.010822","","11","0","0","0","0","0","0","0","0","","0","0","0","","","1","N","0","","40 24:43.162","","0","80 00:38.959","8","0","0","0","2301","0","0","0","Y","0","0","0","1","02301","0","","3.0","","1","N","N","N","0","","0","0","0","","0","","","1","1","0","0","0","1","0","2","0","1","03","","","N","","","","","","","","","",""
"2023100037","","1","0","0","0","0","0","0","0","0","5","0","","02","11","2023","2","40.396306","-79.971194","","11","0","0","0","0","0","0","0","0","","0","0","0","","","0","N","0","","40 23:46.700","4","0","79 58:16.300","0","0","0","0","2403","0","0","0","N","0","0","0","1","02403","0","","4.0","1245.0","1","N","N","N","0","","0","0","1","","0","N","","2","0","0","0","0","0","0","2","0","2","03","03","","N","","","","","","","","","",""
"2023099165","","1","0","0","0","0","0","0","0","0","4","0","","02","11","2023","6","40.447589","-79.940938","","11","0","0","0","0","0","0","0","0","","0","0","0","","","0","","2","","40 26:51.322","3","0","79 56:27.378","0","0","0","0","2301","0","0","0","N","0","0","0","2","02301","0","","1.0","1830.0","1","N","N","N","0","","0","0","1","","0","N","","2","0","0","0","0","0","0","2","0","2","03","03","","N","","","","","","","","","",""
"2023105901","","0","0","0","0","0","0","0","0","0","1","0","","02","11","2023","4","40.463996","-79.999884","","11","0","0","0","0","0","1","0","0","","0","0","0","","","0","N","0","","40 27:50.385","2","0","79 59:59.582","0","0","0","0","2301","0","0","0","N","0","0","0","6","68B03","0","","1.0","853.0","1","N","N","N","2","","0","0","3","","0","N","","6","0","0","0","0","0","0","2","1","6","03","","","N","","","","","","","","","",""
"2023100320","","0","0","0","0","0","0","0","0","0","1","0","","02","11","2023","2","40.45383","-79.760534","","11","0","0","0","0","0","1","0","0","","0","0","0","","","1","N","0","","40 27:13.789","","0","79 45:37.922","4","0","0","0","2446","0","0","0","N","0","0","0","2","02446","1","","1.0","","1","N","N","N","1","","0","0","1","","0","","","2","1","0","0","0","0","0","2","0","2","03","03","","N","","","","","","","","","",""
"2023118661","","1","0","0","0","0","0","0","0","0","2","0","","02","12","2023","6","40.543975","-79.972347","","11","0","0","0","0","0","1","0","0","","0","0","0","","","2","N","1","","40 32:38.310","5","0","79 58:20.449","8","0","0","0","2118","0","0","0","N","0","0","0","4","02118","0","","1.0","1019.0","1","N","N","N","0","","0","0","1","","0","Y","","2","2","0","0","0","2","0","2","0","2","03","","","N","","","","","","","","","",""
"2023098696","","1","0","0","0","0","0","0","0","0","4","0","","02","11","2023","5","40.449333","-79.931278","","11","0","0","0","0","0","1","0","0","","0","0","0","","","0","N","0","","40 26:57.600","","7","79 55:52.600","0","0","0","0","2301","0","0","0","N","0","0","0","2","02301","0","","1.0","","1","N","N","N","0","","0","0","1","","0","","","2","0","0","0","0","0","0","2","0","2","03","03","","N","","","","","","","","","",""
"2023098587","","2","0","0","0","0","0","0","0","0","1","0","25","02","11","2023","5","40.404472","-79.975667","","11","0","0","0","0","0","0","0","0","","0","0","0","","","1","N","0","","40 24:16.100","","0","79 58:32.400","3","0","0","0","2301","0","0","0","N","0","0","0","2","02301","0","","1.0","","1","N","N","N","0","","1","0","0","","2","","","2","1","0","0","0","0","0","2","0","2","03","03","Y","Y","2","1","","Y","N","Y","Y","Y","","N"
"2023099632","","1","0","0","0","0","0","0","0","0","4","0","","02","11","2023","7","40.513852","-79.95152","","11","0","0","0","0","0","2","0","0","","0","0","0","","","1","","2","","40 30:49.867","1","0","79 57:05.473","3","0","0","0","2118","0","0","0","N","0","0","0","3","02118","0","","1.0","314.0","1","N","N","Y","1","","1","0","1","","1","N","","3","1","1","0","0","0","0","2","0","3","03","03","","N","","","","","","","","","",""
"2023099278","","2","0","0","0","0","0","0","0","0","4","0","","02","11","2023","6","40.436876","-79.774526","","11","0","0","0","0","0","0","0","0","","0","0","0","","","1","N","0","","40 26:12.752","6","7","79 46:28.293","8","0","0","0","2446","0","0","0","N","0","0","0","2","02446","0","","1.0","640.0","1","N","N","N","0","","0","0","0","","0","N","","2","1","0","0","0","1","0","2","0","2","03","03","","N","","","","","","","","","",""
"2023098878","","2","0","0","0","0","0","0","0","0","5","0","","02","11","2023","6","40.458086","-79.975633","","11","0","0","0","0","0","0","0","0","","0","0","0","","","0","N","0","","40 27:29.109","","0","79 58:32.277","0","0","0","0","2301","0","0","0","N","0","0","0","1","02301","0","","6.0","","1","N","N","N","0","","0","0","1","","0","","","3","0","0","0","0","0","0","2","0","3","03","03","","N","","","","","","","","","",""
"2023104310","","0","0","0","0","0","0","0","0","0","1","0","","02","11","2023","6","40.439193","-80.190688","","11","0","0","0","0","0","1","0","0","","0","0","0","","","0","N","0","","40 26:21.094","4","0","80 11:26.476","0","0","0","0","2214","0","0","0","N","0","0","0","2","68B03","0","","1.0","100.0","1","N","N","N","1","","0","0","1","","0","N","","2","0","0","0","0","0","0","2","0","2","03","","","N","","","","","","","","","",""
"2023100029","","1","0","0","0","0","0","0","0","0","4","0","","02","11","2023","2","40.461312","-79.934159","","11","0","0","0","0","0","0","0","0","","0","0","0","","","0","","1","","40 27:40.722","","0","79 56:02.974","0","0","0","0","2301","0","0","0","N","0","0","0","2","02301","0","","1.0","","1","N","N","N","0","","0","0","1","","3","","","2","0","0","0","0","0","0","2","0","2","03","","","N","","","","","","","","","",""
"2023099594","","2","0","0","0","0","0","0","0","0","5","0","","02","11","2023","7","40.461278","-79.947","","11","0","0","0","0","0","0","0","0","","0","0","0","","","0","N","0","","40 27:40.600","","0","79 56:49.200","0","0","0","0","2301","0","0","0","N","0","0","0","1","02301","0","","6.0","","1","N","N","N","0","","0","0","0","","0","","","2","0","0","0","0","0","0","2","0","2","03","03","","N","","","","","","","","","",""
"2023118674","","0","0","0","0","0","0","0","0","0","1","0","","02","12","2023","6","40.331581","-79.936274","","11","0","0","0","0","0","0","0","1","","0","0","0","","","0","","2","","40 19:53.692","","0","79 56:10.586","0","0","0","0","2473","0","0","0","N","0","0","0","2","02473","0","","1.0","","1","N","N","N","0","","0","0","2","","0","","","2","0","0","0","0","0","0","2","0","2","03","03","","N","","","","","","","","","",""
"2024001737","","1","0","0","0","0","0","0","0","0","4","0","","02","12","2023","6","40.528661","-79.984586","","11","0","0","0","0","0","0","0","0","","0","0","0","","","1","N","1","","40 31:43.179","4","0","79 59:04.509","4","0","0","0","2118","0","0","0","N","0","0","0","2","02118","1","","1.0","1820.0","1","N","N","N","0","","0","0","1","","3","N","","2","1","0","0","0","0","0","2","0","2","03","03","","N","","","","","","","","","",""
"2024000086","","1","0","0","0","0","0","0","0","0","7","0","","02","12","2023","1","40.454871","-80.03225","","11","0","0","0","0","1","0","0","0","","0","0","0","","","2","N","1","","40 27:17.535","","0","80 01:56.099","3","0","0","0","2301","0","0","0","N","0","0","0","2","02301","0","","5.0","","9","N","N","N","0","","2","0","0","","0","","","1","2","0","0","0","0","0","2","0","1","07","07","","N","","","","","","","","","",""
"2023099117","","0","0","0","0","0","0","0","0","0","4","0","","02","11","2023","6","40.44335","-79.966049","","11","0","0","0","0","0","0","1","0","","0","0","0","","","0","","2","","40 26:36.059","","0","79 57:57.778","0","0","0","0","2301","0","0","0","N","0","0","0","10","02301","0","","1.0","","1","Y","N","N","1","","0","0","0","","0","","","2","0","0","0","0","0","0","2","1","2","03","03","","N","","","","","","","","","",""
"2023098850","","0","0","0","0","0","0","0","0","0","4","0","","02","11","2023","5","40.396315","-79.998211","","11","0","0","0","0","0","0","0","0","","0","0","0","","","1","","1","","40 23:46.733","3","0","79 59:53.558","8","0","0","0","2301","0","0","0","N","0","0","0","3","02301","0","","1.0","2115.0","1","N","N","N","1","","0","0","1","","0","Y","","2","1","0","0","0","1","0","2","0","2","03","03","","N","","","","","","","","","",""
"2023100613","","1","0","0","0","0","0","0","0","0","4","0","","02","11","2023","7","40.427044","-79.982224","","11","0","0","0","0","0","0","0","0","","0","0","0","","","0","","2","","40 25:37.360","","0","79 58:56.006","9","0","0","0","2301","0","0","0","N","0","0","0","1","02301","0","","6.0","","1","N","N","N","0","","0","0","1","","0","","","2","0","0","0","0","0","1","2","0","2","03","03","","N","","","","","","","","","",""
"2023100364","","0","0","0","0","0","0","0","0","0","98","0","","02","11","2023","2","40.51647","-80.272066","","11","0","0","0","0","0","0","0","0","","0","0","0","","","0","N","0","","40 30:59.293","","0","80 16:19.439","0","0","0","0","2203","0","0","0","N","0","0","0","1","02203","0","","1.0","","1","N","N","N","1","","0","0","0","","0","","","1","0","0","0","0","0","0","2","0","1","03","","","N","","","","","","","","","",""