"CRN","ARRIVAL_TM","AUTOMOBILE_COUNT","BELTED_DEATH_COUNT","BELTED_SUSP_SERIOUS_INJ_COUNT","BICYCLE_COUNT","BICYCLE_DEATH_COUNT","BICYCLE_SUSP_SERIOUS_INJ_COUNT","BUS_COUNT","CHLDPAS_DEATH_COUNT","CHLDPAS_SUSP_SERIOUS_INJ_COUNT","COLLISION_TYPE","COMM_VEH_COUNT","CONS_ZONE_SPD_LIM","COUNTY","CRASH_MONTH","CRASH_YEAR","DAY_OF_WEEK","DEC_LATITUDE","DEC_LONGITUDE","DISPATCH_TM","DISTRICT","DRIVER_COUNT_16YR","DRIVER_COUNT_17YR","DRIVER_COUNT_18YR","DRIVER_COUNT_19YR","DRIVER_COUNT_20YR","DRIVER_COUNT_50_64YR","DRIVER_COUNT_65_74YR","DRIVER_COUNT_75PLUS","EST_HRS_CLOSED","FATAL_COUNT","HEAVY_TRUCK_COUNT","HORSE_BUGGY_COUNT","HOUR_OF_DAY","ILLUMINATION","INJURY_COUNT","INTERSECTION_RELATED","INTERSECT_TYPE","LANE_CLOSED","LATITUDE","LN_CLOSE_DIR","LOCATION_TYPE","LONGITUDE","MAX_SEVERITY_LEVEL","MCYCLE_DEATH_COUNT","MCYCLE_SUSP_SERIOUS_INJ_COUNT","MOTORCYCLE_COUNT","MUNICIPALITY","NONMOTR_COUNT","NONMOTR_DEATH_COUNT","NONMOTR_SUSP_SERIOUS_INJ_COUNT","NTFY_HIWY_MAINT","PED_COUNT","PED_DEATH_COUNT","PED_SUSP_SERIOUS_INJ_COUNT","PERSON_COUNT","POLICE_AGCY","POSSIBLE_INJ_COUNT","RDWY_SURF_TYPE_CD","RELATION_TO_ROAD","ROADWAY_CLEARED","ROAD_CONDITION","SCH_BUS_IND","SCH_ZONE_IND","SECONDARY_CRASH","SMALL_TRUCK_COUNT","SPEC_JURIS_CD","SUSP_MINOR_INJ_COUNT","SUSP_SERIOUS_INJ_COUNT","SUV_COUNT","TCD_FUNC_CD","TCD_TYPE","TFC_DETOUR_IND","TIME_OF_DAY","TOTAL_UNITS","TOT_INJ_COUNT","UNBELTED_OCC_COUNT","UNB_DEATH_COUNT","UNB_SUSP_SERIOUS_INJ_COUNT","UNK_INJ_DEG_COUNT","UNK_INJ_PER_COUNT","URBAN_RURAL","VAN_COUNT","VEHICLE_COUNT","WEATHER1","WEATHER2","WORKERS_PRES","WORK_ZONE_IND","WORK_ZONE_LOC","WORK_ZONE_TYPE","WZ_CLOSE_DETOUR","WZ_FLAGGER","WZ_LAW_OFFCR_IND","WZ_LN_CLOSURE","WZ_MOVING","WZ_OTHER","WZ_SHLDER_MDN","WZ_WORKERS_INJ_KILLED"
"2024009658","2028","0","0","0","0","0","0","0","0","0","5","0","","02","11","2023","1","40.513733","-80.154396","2027","11","0","0","0","0","0","0","0","0","","0","0","0","","","0","N","0","","40 30:49.440","6","0","80 09:15.825","0","0","0","0","2420","0","0","0","N","0","0","0","1","02420","0","","6.0","2040.0","9","N","N","N","1","","0","0","2","","0","N","","3","0","1","0","0","0","0","2","0","3","07","","","N","","","","","","","","","",""
"2024001947","2055","0","0","0","0","0","0","0","0","0","4","0","","02","11","2023","4","40.356627","-80.053243","2050","11","0","0","0","0","0","1","0","1","","0","0","0","","","0","N","0","","40 21:23.856","","7","80 03:11.675","0","0","0","0","2109","0","0","0","N","0","0","0","2","02109","0","","1.0","","1","N","N","N","1","","0","0","1","","2","","","2","0","0","0","0","0","0","2","0","2","03","03","","N","","","","","","","","","",""
"2024006108","1653","1","0","0","0","0","0","0","0","0","7","0","","02","11","2023","2","40.374404","-80.10426","1643","11","0","0","0","0","0","0","0","0","","0","0","0","","","0","N","0","","40 22:27.856","2","2","80 06:15.337","0","0","0","0","2102","0","0","0","N","0","0","0","1","68B03","0","","2.0","1657.0","1","N","N","N","0","","0","0","0","","0","N","","1","0","0","0","0","0","0","2","0","1","03","03","","N","","","","","","","","","",""
"2024006887","1325","1","0","0","0","0","0","0","0","0","7","0","","02","11","2023","7","40.505556","-80.085278","1320","11","0","0","0","0","0","1","0","0","","0","0","0","","","0","N","0","","40 30:20.000","5","0","80 05:07.000","0","0","0","0","2429","0","0","0","N","0","0","0","1","02215","0","","4.0","1340.0","1","N","N","N","0","","0","0","0","","0","N","","1","0","1","0","0","0","0","2","0","1","03","03","","N","","","","","","","","","",""
"2024001946","1630","0","0","0","0","0","0","0","0","0","0","0","","02","11","2023","3","40.375426","-80.036444","1625","11","0","0","0","0","0","0","0","0","","0","0","0","","","0","N","0","","40 22:31.532","","0","80 02:11.198","0","0","0","0","2109","0","0","0","N","0","0","0","1","02109","0","","1.0","","9","N","N","N","0","","0","0","1","","0","","","1","0","0","0","0","0","0","2","0","1","07","07","","N","","","","","","","","","",""
"2024012572","0813","0","0","0","0","0","0","0","0","0","1","0","","02","11","2023","5","40.441084","-79.858732","0735","11","0","0","0","0","0","0","0","0","","0","0","0","","","0","N","0","","40 26:27.902","4","0","79 51:31.435","0","0","0","0","2419","0","0","0","N","0","0","0","4","68B03","0","","1.0","821.0","1","N","N","N","1","","0","0","1","","0","N","","2","0","0","0","0","0","0","2","0","2","03","03","","N","","","","","","","","","",""
"2024012453","1405","0","0","0","0","0","0","0","0","0","7","0","","02","9","2023","3","40.509021","-80.036602","1400","11","0","0","0","0","0","0","0","0","","0","0","0","","","1","","1","","40 30:32.475","5","0","80 02:11.767","8","0","0","0","2116","0","0","0","N","0","0","0","1","02116","0","","5.0","1451.0","1","N","N","N","0","","0","0","1","","0","Y","","1","1","1","0","0","1","0","2","0","1","03","03","","N","","","","","","","","","",""
"2024006457","1153","0","0","0","0","0","0","1","0","0","8","1","","02","7","2023","7","40.449296","-80.002506","1150","11","0","0","0","0","0","0","0","0","","0","0","0","","","1","","1","","40 26:57.464","1","1","80 00:09.020","3","0","0","0","2301","1","0","0","N","1","0","0","2","02503","0","","1.0","1159.0","1","N","N","N","0","","1","0","0","","2","N","","2","1","0","0","0","0","0","2","0","1","03","","","N","","","","","","","","","",""
"2024012573","0800","2","0","0","0","0","0","0","0","0","7","1","","02","12","2023","4","40.427883","-79.948831","0744","11","0","0","0","0","0","0","0","0","","0","1","0","","","0","N","0","","40 25:40.380","","3","79 56:55.791","0","0","0","0","2301","0","0","0","N","0","0","0","3","68B03","0","","3.0","","9","N","N","N","0","","0","0","0","","0","","","3","0","0","0","0","0","0","2","0","3","07","","","N","","","","","","","","","",""
"2024007000","1245","0","0","0","0","0","0","0","0","0","1","0","","02","11","2023","4","40.457967","-79.960574","1237","11","0","0","0","0","0","1","0","0","","0","0","0","","","1","","2","","40 27:28.680","4","0","79 57:38.066","3","0","0","0","2301","0","0","0","N","0","0","0","2","02301","0","","1.0","1320.0","1","N","N","N","0","","1","0","2","","0","N","","2","1","0","0","0","0","0","2","0","2","04","04","","N","","","","","","","","","",""
"2024006956","1742","0","0","0","0","0","0","0","0","0","8","0","","02","11","2023","3","40.454385","-79.948511","1740","11","0","0","0","0","0","0","0","0","","0","0","0","","","1","","1","","40 27:15.786","","0","79 56:54.641","3","0","0","0","2301","1","0","0","N","1","0","0","2","02301","0","","1.0","","9","N","N","N","0","","1","0","1","","0","","","2","1","0","0","0","0","0","2","0","1","07","","","N","","","","","","","","","",""
"2024001433","1828","1","0","0","0","0","0","0","0","0","1","0","","02","11","2023","7","40.423459","-80.106565","1812","11","0","0","0","0","0","0","2","0","","0","0","0","","","0","N","0","","40 25:24.453","","0","80 06:23.634","0","0","0","0","2115","0","0","0","N","0","0","0","5","68B03","0","","1.0","","1","N","N","N","0","","0","0","2","","0","","","3","0","0","0","0","0","0","2","0","3","03","03","","N","","","","","","","","","",""
"2024011455","1418","1","0","0","0","0","0","0","0","0","1","0","","02","12","2023","4","40.510518","-80.097829","1415","11","0","0","0","0","1","0","0","0","","0","0","0","","","0","N","2","","40 30:37.863","1","0","80 05:52.186","0","0","0","0","2429","0","0","0","N","0","0","0","2","02215","0","","1.0","1444.0","1","N","N","N","1","","0","0","0","","0","N","","2","0","0","0","0","0","0","2","0","2","03","","","N","","","","","","","","","",""
"2024012686","1935","0","0","0","0","0","0","0","0","0","1","0","","02","11","2023","3","40.465307","-80.195942","1930","11","1","0","0","0","0","0","0","0","","0","0","0","","","0","N","0","","40 27:55.104","","0","80 11:45.392","0","0","0","0","2213","0","0","0","N","0","0","0","5","68B03","0","","1.0","","1","N","N","N","0","","0","0","2","","0","","","2","0","0","0","0","0","0","2","0","2","03","03","","N","","","","","","","","","",""
"2024009659","1755","0","0","0","0","0","0","0","0","0","4","0","","02","11","2023","2","40.514478","-80.153247","1753","11","0","0","0","1","0","0","1","0","","0","0","0","","","0","","1","","40 30:52.122","7","3","80 09:11.688","9","0","0","0","2420","0","0","0","N","0","0","0","2","02420","0","","1.0","1816.0","1","N","N","N","1","","0","0","1","","2","N","","2","0","0","0","0","0","1","2","0","2","03","03","","N","","","","","","","","","",""
"2024016833","1732","1","0","0","0","0","0","0","0","0","1","0","","02","12","2023","7","40.428528","-79.946255","1727","11","0","0","0","0","0","2","0","0","","0","0","0","","","0","N","0","","40 25:42.701","3","0","79 56:46.519","0","0","0","0","2301","0","0","0","N","0","0","0","4","68B03","0","","1.0","1810.0","1","N","N","N","1","","0","0","2","","0","N","","4","0","0","0","0","0","0","2","0","4","03","","","N","","","","","","","","","",""
"2024006604","0724","2","0","0","0","0","0","0","0","0","1","0","","02","11","2023","4","40.501138","-80.02465","0702","11","0","0","0","0","0","1","1","0","","0","0","0","","","0","","6","","40 30:04.097","","2","80 01:28.740","9","0","0","0","2116","0","0","0","N","0","0","0","3","68B03","0","","1.0","","1","N","N","N","0","","0","0","1","","0","","","3","0","1","0","0","0","1","2","0","3","03","03","","N","","","","","","","","","",""
"2024000609","1840","1","0","0","0","0","0","0","0","0","1","0","","02","12","2023","5","40.532683","-80.188162","1832","11","0","0","0","1","0","0","0","0","","0","0","0","","","1","N","0","","40 31:57.657","1","3","80 11:17.383","4","0","0","0","2213","0","0","0","N","0","0","0","4","02213","1","","1.0","1930.0","1","N","N","N","0","","0","0","1","","0","N","","3","1","0","0","0","0","0","2","1","3","03","","","N","","","","","","","","","",""
"2024010193","1310","0","0","0","0","0","0","0","0","0","7","0","","02","12","2023","4","40.459643","-79.999463","1249","11","0","0","0","0","0","0","0","0","","0","0","0","","","1","N","0","","40 27:34.714","","0","79 59:58.068","3","0","0","0","2301","0","0","0","N","0","0","0","1","68B03","0","","4.0","","8","N","N","N","0","","1","0","1","","0","","","1","1","0","0","0","0","0","2","0","1","07","","","N","","","","","","","","","",""
"2024015257","0044","1","0","0","0","0","0","0","0","0","7","0","","02","12","2023","6","40.435959","-79.97403","0037","11","0","0","0","0","0","0","0","0","","0","0","0","","","0","N","0","","40 26:09.454","","0","79 58:26.509","0","0","0","0","2301","0","0","0","N","0","0","0","1","68B03","0","","2.0","","1","N","N","N","0","","0","0","0","","0","","","1","0","0","0","0","0","0","2","0","1","03","","","N","","","","","","","","","",""
"2024007217","0755","3","0","0","0","0","0","0","0","0","1","0","","02","12","2023","3","40.439162","-80.007792","0745","11","0","0","1","1","0","0","0","0","","0","0","0","","","0","N","0","","40 26:20.982","4","0","80 00:28.050","0","0","0","0","2301","0","0","0","N","0","0","0","4","68B03","0","","1.0","830.0","2","N","N","N","0","","0","0","1","","0","N","","4","0","0","0","0","0","0","2","0","4","02","","","N","","","","","","","","","",""
"2024000019","1353","0","0","0","0","0","0","0","0","0","1","0","","02","12","2023","2","40.434389","-79.799723","1340","11","0","0","0","0","0","2","0","0","","0","0","0","","","1","N","0","","40 26:03.800","","7","79 47:59.001","4","0","0","0","2446","0","0","0","N","0","0","0","2","02446","1","","1.0","","1","N","N","N","1","","0","0","1","","2","","","2","1","0","0","0","0","0","2","0","2","03","03","","N","","","","","","","","","",""
"2024000613","1810","2","0","0","0","0","0","0","0","0","4","0","","02","12","2023","3","40.496324","-80.201254","1806","11","0","0","0","0","0","0","0","0","","0","0","0","","","0","N","0","","40 29:46.766","","7","80 12:04.516","0","0","0","0","2213","0","0","0","N","0","0","0","3","02213","0","","1.0","","1","N","N","N","0","","0","0","0","","3","","","2","0","0","0","0","0","0","2","0","2","03","","","N","","","","","","","","","",""
"2024013371","1940","1","0","0","0","0","0","0","0","0","1","0","","02","9","2023","5","40.532745","-80.069357","1930","11","0","0","0","0","0","1","0","0","","0","0","0","","","0","N","0","","40 31:57.881","1","0","80 04:09.685","0","0","0","0","2215","0","0","0","N","0","0","0","2","02215","0","","1.0","2019.0","9","N","N","N","0","","0","0","0","","3","N","","2","0","0","0","0","0","0","2","1","2","07","","","N","","","","","","","","","",""
"2024010661","1107","1","0","0","0","0","0","0","0","0","4","0","","02","12","2023","1","40.5215","-80.076833","1105","11","0","0","0","0","0","1","1","0","","0","0","0","","","0","N","0","","40 31:17.400","","7","80 04:36.600","0","0","0","0","2215","0","0","0","N","0","0","0","2","02215","0","","1.0","","9","N","N","N","0","","0","0","1","","0","N","","2","0","0","0","0","0","0","2","0","2","07","","","N","","","","","","","","","",""
"2024005295","1127","1","0","0","0","0","0","0","0","0","1","0","","02","11","2023","7","40.420783","-80.040559","1118","11","0","0","0","0","0","0","0","0","","0","0","0","","","0","N","0","","40 25:14.818","4","0","80 02:26.014","0","0","0","0","2435","0","0","0","N","0","0","0","8","68B03","0","","1.0","1200.0","1","N","N","N","0","","0","0","1","","0","N","","3","0","0","0","0","0","0","2","1","3","03","","","N","","","","","","","","","",""
"2024000612","1200","0","0","0","0","0","0","0","0","0","4","0","","02","12","2023","3","40.500071","-80.222014","1159","11","0","0","0","0","1","0","0","0","","0","0","0","","","0","","1","","40 30:00.257","","0","80 13:19.252","0","0","0","0","2213","0","0","0","N","0","0","0","3","02213","0","","1.0","","9","N","N","N","0","","0","0","1","","2","","","2","0","0","0","0","0","0","2","1","2","10","","","N","","","","","","","","","",""
"2024011588","2105","0","0","0","0","0","0","0","0","0","4","0","","02","11","2023","3","40.534556","-80.064583","2102","11","0","0","0","0","0","0","0","0","","0","0","0","","","1","N","0","","40 32:04.400","2","7","80 03:52.500","3","0","0","0","2215","0","0","0","N","0","0","0","2","02215","0","","1.0","2115.0","1","N","N","N","0","","1","0","2","","0","N","","2","1","0","0","0","0","1","2","0","2","03","","","N","","","","","","","","","",""
"2024002907","1611","0","0","0","0","0","0","0","0","0","1","0","","02","12","2023","6","40.524699","-80.179938","1611","11","0","0","0","0","0","0","0","0","","0","0","0","","","3","N","0","","40 31:28.915","3","0","80 10:47.775","2","0","0","0","2213","0","0","0","N","0","0","0","3","02213","0","","1.0","2038.0","1","N","N","N","0","","1","2","2","","0","Y","","2","3","2","0","2","0","0","2","0","2","03","","","N","","","","","","","","","",""
"2024001443","2211","2","0","0","0","0","0","0","0","0","4","0","","02","11","2023","5","40.427787","-80.030357","2200","11","0","0","0","0","0","0","0","0","","0","0","0","","","2","N","0","","40 25:40.033","","0","80 01:49.286","4","0","0","0","2301","0","0","0","N","0","0","0","3","68B03","2","","1.0","","1","N","N","N","0","","0","0","1","","0","","","3","2","0","0","0","0","0","2","0","3","03","03","","N","","","","","","","","","",""
"2024010506","1432","2","0","0","0","0","0","0","0","0","1","0","45","02","10","2023","2","40.509889","-80.135977","1432","11","0","0","0","1","0","0","1","0","","0","0","0","","","1","N","0","","40 30:35.602","1","3","80 08:09.518","3","0","0","0","2110","0","0","0","N","0","0","0","6","68Z99","0","","1.0","1536.0","1","N","N","N","1","","1","0","1","","0","N","","5","1","0","0","0","0","0","2","1","5","03","","Y","Y","8","1","N","N","N","N","N","Y","N","N"
"2024001270","1836","1","0","0","0","0","0","0","0","0","1","0","","02","11","2023","1","40.425854","-79.901525","1832","11","0","0","0","0","0","1","0","0","","0","0","0","","","0","N","0","","40 25:33.074","4","0","79 54:05.490","0","0","0","0","2301","0","0","0","N","0","0","0","2","68B03","0","","1.0","1930.0","1","N","N","N","0","","0","0","1","","0","N","","2","0","1","0","0","0","0","2","0","2","03","","","N","","","","","","","","","",""
"2024014740","1437","1","0","0","0","0","0","0","0","0","1","0","","02","12","2023","6","40.428879","-79.944884","1412","11","0","0","0","0","0","2","1","1","","0","0","0","","","0","N","0","","40 25:43.965","3","0","79 56:41.584","0","0","0","0","2301","0","0","0","N","0","0","0","4","68B03","0","","1.0","1435.0","1","N","N","N","2","","0","0","1","","0","N","","4","0","0","0","0","0","0","2","0","4","03","03","","N","","","","","","","","","",""
"2024013389","0256","0","0","0","0","0","0","0","0","0","7","0","","02","11","2023","1","40.496159","-79.912341","0238","11","0","0","0","0","0","0","0","0","","0","0","0","","","1","N","0","","40 29:46.171","2","0","79 54:44.428","3","0","0","0","2112","0","0","0","Y","0","0","0","1","68D02","0","","3.0","330.0","1","N","N","N","0","","1","0","1","","0","N","","1","1","1","0","0","0","0","2","0","1","03","","","N","","","","","","","","","",""
"2024003390","1642","2","0","0","0","0","0","0","0","0","1","0","","02","10","2023","4","40.61571","-79.946685","1624","11","0","0","0","0","0","1","0","0","","0","0","0","","","0","N","0","","40 36:56.556","2","0","79 56:48.066","0","0","0","0","2217","0","0","0","N","0","0","0","2","02505","0","","1.0","1700.0","1","Y","N","N","0","","0","0","0","","0","N","","2","0","0","0","0","0","0","2","0","2","03","","","N","","","","","","","","","",""
"2024012402","1743","0","0","0","0","0","0","0","0","0","1","0","","02","12","2023","6","40.418502","-80.054129","1730","11","0","0","0","0","0","1","0","0","","0","0","0","","","0","N","0","","40 25:06.606","4","0","80 03:14.865","0","0","0","0","2435","0","0","0","N","0","0","0","8","68B03","0","","1.0","1838.0","1","N","N","N","1","","0","0","2","","0","N","","3","0","0","0","0","0","0","2","0","3","03","03","","N","","","","","","","","","",""
"2024008695","1156","1","0","0","0","0","0","0","0","0","1","0","","02","12","2023","6","40.430604","-80.135915","1142","11","0","0","0","0","0","0","0","0","","0","0","0","","","0","N","0","","40 25:50.173","","0","80 08:09.295","0","0","0","0","2115","0","0","0","N","0","0","0","2","68B03","0","","1.0","","1","N","N","N","0","","0","0","1","","0","","","2","0","0","0","0","0","0","2","0","2","03","","","N","","","","","","","","","",""
"2024015117","1730","0","0","0","0","0","0","0","0","0","1","0","","02","12","2023","3","40.358872","-80.118984","1656","11","0","0","0","0","0","0","0","1","","0","0","0","","","0","N","0","","40 21:31.939","","3","80 07:08.341","0","0","0","0","2414","0","0","0","N","0","0","0","7","68B03","0","","1.0","","1","N","N","N","0","","0","0","3","","0","","","3","0","0","0","0","0","0","2","0","3","03","03","","N","","","","","","","","","",""
"2024011382","1946","1","0","0","0","0","0","0","0","0","8","0","","02","11","2023","2","40.423354","-79.886754","1943","11","0","0","0","0","0","0","0","0","","0","0","0","","","1","","2","","40 25:24.073","4","1","79 53:12.316","8","0","0","0","2463","1","0","0","N","1","0","0","2","02463","0","","1.0","2020.0","9","N","N","N","0","","0","0","0","","2","N","","2","1","0","0","0","1","1","2","0","1","09","03","","N","","","","","","","","","",""
"2024000608","1724","1","0","0","0","0","0","0","0","0","4","0","","02","12","2023","3","40.505734","-80.14731","1724","11","0","0","0","0","0","1","0","0","","0","0","0","","","0","N","0","","40 30:20.644","","7","80 08:50.316","0","0","0","0","2213","0","0","0","N","0","0","0","4","02213","0","","1.0","","1","N","N","N","0","","0","0","2","","0","","","3","0","0","0","0","0","0","2","0","3","03","","","N","","","","","","","","","",""
"2024011787","","1","0","0","0","0","0","0","0","0","1","0","","02","10","2023","1","40.428245","-79.947366","","11","0","0","0","0","0","0","0","0","","0","0","0","","","1","N","0","","40 25:41.683","","0","79 56:50.516","8","0","0","0","2301","0","0","0","N","0","0","0","2","00000","0","","1.0","","1","","","N","0","","0","0","0","","0","","","2","1","0","0","0","1","0","2","0","2","03","","","N","","","","","","","","","",""
"2024015467","2021","0","0","0","0","0","0","0","0","0","5","0","","02","12","2023","4","40.434839","-79.985239","2021","11","0","0","0","0","0","0","0","0","","0","0","0","","","0","N","0","","40 26:05.420","4","0","79 59:06.859","9","0","0","0","2301","0","0","0","Y","0","0","0","3","68B03","0","","1.0","2035.0","1","N","N","N","0","","0","0","3","","0","N","","3","0","0","0","0","0","1","2","0","3","03","03","","N","","","","","","","","","",""
"2024011214","1820","1","0","0","0","0","0","0","0","0","1","0","","02","12","2023","2","40.546476","-80.218942","1815","11","0","0","0","0","0","0","0","0","","0","0","0","","","0","","3","","40 32:47.312","","0","80 13:08.190","0","0","0","0","2103","0","0","0","N","0","0","0","2","02103","0","","1.0","","1","N","N","N","0","","0","0","1","","0","N","","2","0","0","0","0","0","0","2","0","2","03","03","","N","","","","","","","","","",""
"2024000061","0623","0","0","0","0","0","0","0","0","0","4","0","","02","12","2023","7","40.387645","-80.090964","0623","11","0","0","0","0","0","1","1","0","","0","0","0","","","1","","2","","40 23:15.522","","0","80 05:27.471","2","0","0","0","2437","0","0","0","Y","0","0","0","4","02437","0","","1.0","","9","N","N","N","0","","0","1","1","","2","","","2","1","0","0","0","0","0","2","1","2","07","","","N","","","","","","","","","",""
"2024003386","0110","1","0","0","0","0","0","0","0","0","7","0","","02","12","2023","6","40.389961","-79.828888","0106","11","0","0","0","0","0","0","0","0","","0","0","0","","","1","N","0","","40 23:23.860","2","0","79 49:43.998","8","0","0","0","2111","0","0","0","Y","0","0","0","1","02111","0","","4.0","215.0","1","N","N","N","0","","0","0","0","","0","N","","1","1","0","0","0","1","0","2","0","1","03","03","","N","","","","","","","","","",""
"2024000616","1157","0","0","0","0","0","0","0","0","0","4","0","","02","12","2023","3","40.370399","-80.031956","1157","11","0","0","0","0","0","0","1","0","","0","0","0","","","1","","2","","40 22:13.436","6","0","80 01:55.043","3","0","0","0","2416","0","0","0","N","0","0","0","2","02416","0","","1.0","20.0","1","N","N","N","0","","1","0","2","","3","N","","2","1","0","0","0","0","0","2","0","2","04","04","","N","","","","","","","","","",""
"2024004052","0300","0","0","0","0","0","0","0","0","0","7","0","","02","12","2023","1","40.402629","-80.030937","0249","11","0","0","0","0","0","0","0","0","","0","0","0","","","0","","1","","40 24:09.466","","0","80 01:51.372","0","0","0","0","2301","0","0","0","N","0","0","0","1","02503","0","","3.0","","1","N","N","N","0","","0","0","1","","6","","","1","0","0","0","0","0","0","2","0","1","03","","","N","","","","","","","","","",""
"2024010407","1330","1","0","0","0","0","0","0","0","0","1","0","","02","12","2023","1","40.532611","-80.069111","1327","11","0","0","0","0","0","1","0","0","","0","0","0","","","0","Y","0","","40 31:57.400","","0","80 04:08.800","0","0","0","0","2215","0","0","0","N","0","0","0","2","02215","0","","1.0","","9","N","N","N","0","","0","0","1","","3","","","2","0","0","0","0","0","0","2","0","2","07","","","N","","","","","","","","","",""
"2024003368","1559","1","0","0","0","0","0","0","0","0","7","0","","02","12","2023","6","40.418128","-79.795356","1554","11","0","0","0","0","0","0","0","0","","0","0","0","","","1","N","0","","40 25:05.260","","0","79 47:43.280","3","0","0","0","2446","0","0","0","N","0","0","0","2","02446","0","","4.0","","1","N","N","N","0","","1","0","0","","0","","","1","1","0","0","0","0","0","2","0","1","03","03","","N","","","","","","","","","",""
"2024004418","0213","0","0","0","0","0","0","0","0","0","7","0","","02","12","2023","7","40.430581","-80.026706","0212","11","0","1","0","0","0","0","0","0","","0","0","0","","","0","","7","","40 25:50.092","","2","80 01:36.141","0","0","0","0","2301","0","0","0","N","0","0","0","1","68B03","0","","7.0","","9","N","N","N","0","","0","0","1","","0","","","1","0","0","0","0","0","0","2","0","1","07","","","N","","","","","","","","","",""
"2024016834","2146","1","0","0","0","0","0","0","0","0","4","0","","02","12","2023","7","40.401322","-79.880667","2137","11","0","0","0","0","0","1","0","0","","0","0","0","","","0","","2","","40 24:04.758","2","0","79 52:50.401","0","0","0","0","2475","0","0","0","N","0","0","0","2","68B03","0","","1.0","2215.0","1","N","N","N","0","","0","0","1","","2","N","","2","0","0","0","0","0","0","2","0","2","03","","","N","","","","","","","","","",""
"2024001948","0130","1","0","0","0","0","0","0","0","0","7","0","","02","12","2023","6","40.379567","-80.033939","0125","11","0","0","0","0","0","0","0","0","","0","0","0","","","0","N","0","","40 22:46.440","3","0","80 02:02.180","0","0","0","0","2109","0","0","0","N","0","0","0","2","02109","0","","4.0","215.0","1","N","N","N","0","","0","0","0","","3","N","","1","0","0","0","0","0","0","2","0","1","03","03","","N","","","","","","","","","",""
"2024014741","0912","1","0","0","0","0","0","0","0","0","7","0","","02","12","2023","1","40.439165","-80.008516","0853","11","0","0","0","0","0","0","0","0","","0","0","0","","","0","N","0","","40 26:20.993","","0","80 00:30.659","0","0","0","0","2301","0","0","0","N","0","0","0","1","68B03","0","","5.0","","9","N","N","N","0","","0","0","0","","0","","","1","0","0","0","0","0","0","2","0","1","03","03","","N","","","","","","","","","",""
"2024004366","1510","0","0","0","0","0","0","0","0","0","1","0","","02","12","2023","6","40.514","-80.004089","1502","11","0","0","0","0","0","2","0","0","","0","0","0","","","1","N","0","","40 30:50.400","1","3","80 00:14.720","3","0","0","0","2116","0","0","0","N","0","0","0","5","02116","0","","1.0","1544.0","1","N","N","N","1","","1","0","2","","0","N","","3","1","0","0","0","0","0","2","0","3","03","03","","N","","","","","","","","","",""
"2024015256","1630","1","0","0","0","0","0","0","0","0","1","0","","02","12","2023","6","40.641397","-80.097253","1614","11","0","0","0","0","0","0","0","0","","0","0","0","","","1","N","0","","40 38:29.029","","0","80 05:50.112","3","0","0","0","2212","0","0","0","N","0","0","0","3","68B03","0","","1.0","","1","N","N","Y","0","","1","0","2","","0","","","3","1","0","0","0","0","0","2","0","3","03","03","","N","","","","","","","","","",""
"2024009660","0946","1","0","0","0","0","0","0","0","0","4","0","","02","12","2023","1","40.51666","-80.159117","0944","11","0","0","0","0","0","1","0","0","","0","0","0","","","0","","2","","40 30:59.976","","0","80 09:32.821","0","0","0","0","2420","0","0","0","N","0","0","0","2","02420","0","","1.0","","9","N","N","Y","0","","0","0","1","","3","","","2","0","0","0","0","0","0","2","0","2","03","","","N","","","","","","","","","",""
"2024014914","1946","1","0","0","0","0","0","0","0","0","1","0","","02","12","2023","5","40.428893","-79.932511","1939","11","0","0","0","0","0","1","0","0","","0","0","0","","","0","","6","","40 25:44.013","","2","79 55:57.038","0","0","0","0","2301","0","0","0","N","0","0","0","3","68B03","0","","1.0","","1","N","N","N","0","","0","0","1","","0","","","2","0","0","0","0","0","0","2","0","2","03","03","","N","","","","","","","","","",""
"2024008455","1549","0","0","0","0","0","0","0","0","0","7","0","","02","12","2023","6","40.401527","-79.880675","1545","11","0","0","0","0","0","0","0","0","","0","0","0","","","1","N","0","","40 24:05.498","1","0","79 52:50.431","3","0","0","0","2475","0","0","0","Y","0","0","0","2","02475","0","","3.0","1616.0","9","N","N","N","0","","1","0","1","","0","Y","","1","1","0","0","0","0","0","2","0","1","07","07","","N","","","","","","","","","",""
"2024002946","0159","1","0","0","0","0","0","0","0","0","7","0","","02","12","2023","1","40.298917","-80.062","0150","11","0","0","0","0","0","1","0","0","","0","0","0","","","0","N","0","","40 17:56.100","","0","80 03:43.200","0","0","0","0","2407","0","0","0","N","0","0","0","1","02407","0","","4.0","","9","N","N","N","0","","0","0","0","","0","","","1","0","0","0","0","0","0","2","0","1","04","","","N","","","","","","","","","",""
"2024011169","","1","0","0","0","0","0","0","0","0","1","0","","02","3","2023","3","40.435458","-79.967581","","11","0","0","1","0","0","0","0","0","","0","0","0","","","2","N","0","","40 26:07.647","","0","79 58:03.292","8","0","0","0","2301","0","0","0","N","0","0","0","4","00000","0","","1.0","","1","","","N","1","","0","0","1","","0","","","3","2","0","0","0","2","0","2","0","3","03","","","N","","","","","","","","","",""