"CRN","ARRIVAL_TM","AUTOMOBILE_COUNT","BELTED_DEATH_COUNT","BELTED_SUSP_SERIOUS_INJ_COUNT","BICYCLE_COUNT","BICYCLE_DEATH_COUNT","BICYCLE_SUSP_SERIOUS_INJ_COUNT","BUS_COUNT","CHLDPAS_DEATH_COUNT","CHLDPAS_SUSP_SERIOUS_INJ_COUNT","COLLISION_TYPE","COMM_VEH_COUNT","CONS_ZONE_SPD_LIM","COUNTY","CRASH_MONTH","CRASH_YEAR","DAY_OF_WEEK","DEC_LATITUDE","DEC_LONGITUDE","DISPATCH_TM","DISTRICT","DRIVER_COUNT_16YR","DRIVER_COUNT_17YR","DRIVER_COUNT_18YR","DRIVER_COUNT_19YR","DRIVER_COUNT_20YR","DRIVER_COUNT_50_64YR","DRIVER_COUNT_65_74YR","DRIVER_COUNT_75PLUS","EST_HRS_CLOSED","FATAL_COUNT","HEAVY_TRUCK_COUNT","HORSE_BUGGY_COUNT","HOUR_OF_DAY","ILLUMINATION","INJURY_COUNT","INTERSECTION_RELATED","INTERSECT_TYPE","LANE_CLOSED","LATITUDE","LN_CLOSE_DIR","LOCATION_TYPE","LONGITUDE","MAX_SEVERITY_LEVEL","MCYCLE_DEATH_COUNT","MCYCLE_SUSP_SERIOUS_INJ_COUNT","MOTORCYCLE_COUNT","MUNICIPALITY","NONMOTR_COUNT","NONMOTR_DEATH_COUNT","NONMOTR_SUSP_SERIOUS_INJ_COUNT","NTFY_HIWY_MAINT","PED_COUNT","PED_DEATH_COUNT","PED_SUSP_SERIOUS_INJ_COUNT","PERSON_COUNT","POLICE_AGCY","POSSIBLE_INJ_COUNT","RDWY_SURF_TYPE_CD","RELATION_TO_ROAD","ROADWAY_CLEARED","ROAD_CONDITION","SCH_BUS_IND","SCH_ZONE_IND","SECONDARY_CRASH","SMALL_TRUCK_COUNT","SPEC_JURIS_CD","SUSP_MINOR_INJ_COUNT","SUSP_SERIOUS_INJ_COUNT","SUV_COUNT","TCD_FUNC_CD","TCD_TYPE","TFC_DETOUR_IND","TIME_OF_DAY","TOTAL_UNITS","TOT_INJ_COUNT","UNBELTED_OCC_COUNT","UNB_DEATH_COUNT","UNB_SUSP_SERIOUS_INJ_COUNT","UNK_INJ_DEG_COUNT","UNK_INJ_PER_COUNT","URBAN_RURAL","VAN_COUNT","VEHICLE_COUNT","WEATHER1","WEATHER2","WORKERS_PRES","WORK_ZONE_IND","WORK_ZONE_LOC","WORK_ZONE_TYPE","WZ_CLOSE_DETOUR","WZ_FLAGGER","WZ_LAW_OFFCR_IND","WZ_LN_CLOSURE","WZ_MOVING","WZ_OTHER","WZ_SHLDER_MDN","WZ_WORKERS_INJ_KILLED"
"2024001211","0523","0","0","0","0","0","0","0","0","0","7","0","","02","12","2023","7","40.316666","-79.995312","0517","11","0","0","0","0","0","0","0","0","","0","0","0","","","0","N","0","","40 18:59.998","","0","79 59:43.123","0","0","0","0","2219","0","0","0","N","0","0","0","1","02219","0","","2.0","","1","N","N","N","0","","0","0","1","","0","","","1","0","0","0","0","0","0","2","0","1","03","03","","N","","","","","","","","","",""
"2024022286","0810","0","0","0","0","0","0","0","0","0","1","0","","02","10","2023","6","40.425506","-79.90796","0742","11","0","0","0","0","0","0","0","0","","0","0","0","","","0","N","0","","40 25:31.821","4","0","79 54:28.657","0","0","0","0","2301","0","0","0","N","0","0","0","3","68B03","0","","1.0","815.0","9","N","N","N","0","","0","0","2","","0","N","","2","0","0","0","0","0","0","2","0","2","07","04","","N","","","","","","","","","",""
"2024024235","1452","1","0","0","0","0","0","0","0","0","7","0","","02","12","2023","2","40.464721","-79.898916","1451","11","0","0","0","0","0","0","0","0","","1","0","0","","","0","N","3","","40 27:52.995","7","0","79 53:56.097","1","0","0","0","2301","0","0","0","N","0","0","0","1","02301","0","2","4.0","1935.0","1","N","N","N","0","0","0","0","0","","3","Y","","1","0","1","1","0","0","0","2","0","1","03","","","N","","","","","","","","","",""
"2024023829","1701","2","0","0","0","0","0","0","0","0","4","0","","02","5","2023","3","40.533","-80.07075","1646","11","0","0","0","0","0","0","1","0","","0","0","0","","","0","N","0","","40 31:58.800","2","7","80 04:14.700","0","0","0","0","2215","0","0","0","N","0","0","0","2","02215","0","","1.0","1751.0","1","N","N","N","0","","0","0","0","","0","N","","2","0","0","0","0","0","0","2","0","2","03","03","","N","","","","","","","","","",""
"2024000179","1551","0","0","0","0","0","0","0","0","0","4","0","","02","12","2023","7","40.500552","-80.061938","1551","11","0","0","0","0","0","0","0","0","","0","0","0","","","1","","1","","40 30:01.987","","0","80 03:42.978","8","0","0","0","2402","0","0","0","N","0","0","0","2","02402","0","","1.0","","1","","","N","0","","0","0","2","","2","","","2","1","0","0","0","1","0","2","0","2","03","03","","N","","","","","","","","","",""
"2024035689","0333","1","0","0","0","0","0","0","0","0","7","0","","02","10","2023","7","40.428863","-79.998529","0320","11","0","0","0","0","0","0","0","0","","0","0","0","","","0","N","0","","40 25:43.907","","0","79 59:54.706","0","0","0","0","2301","0","0","0","N","0","0","0","1","02301","0","","3.0","","9","N","N","N","0","","0","0","0","","0","N","","1","0","0","0","0","0","0","2","0","1","03","03","","N","","","","","","","","","",""
"2024028302","1525","1","0","0","0","0","0","0","0","0","4","0","","02","11","2023","6","40.428739","-79.987508","1515","11","0","0","0","0","0","1","0","0","","0","0","0","","","0","","1","","40 25:43.461","","0","79 59:15.029","0","0","0","0","2301","0","0","0","N","0","0","0","3","02301","0","","1.0","","9","N","N","N","0","","0","0","1","","3","","","2","0","0","0","0","0","0","2","0","2","07","04","","N","","","","","","","","","",""
"2024029057","1800","0","0","0","0","0","0","0","0","0","4","0","","02","12","2023","4","40.400927","-80.048372","1757","11","0","0","0","0","0","0","0","0","","0","0","0","","","3","","1","","40 24:03.337","1","0","80 02:54.139","4","0","0","0","2301","0","0","0","N","0","0","0","3","02301","3","","1.0","1900.0","9","N","N","N","0","","0","0","2","","2","N","","2","3","0","0","0","0","0","2","0","2","07","03","","N","","","","","","","","","",""
"2024029051","0947","1","0","0","0","0","0","0","0","0","7","0","","02","11","2023","4","40.402098","-79.995731","0942","11","0","0","0","0","0","1","0","0","","0","0","0","","","1","N","0","","40 24:07.554","3","0","79 59:44.631","4","0","0","0","2301","0","0","0","N","0","0","0","1","02301","1","","4.0","2205.0","9","N","N","N","0","","0","0","0","","0","N","","1","1","0","0","0","0","0","2","0","1","04","","","N","","","","","","","","","",""
"2024028300","1751","1","0","0","0","0","0","0","0","0","7","0","","02","11","2023","6","40.413842","-79.990489","1750","11","0","0","0","0","0","0","0","0","","0","0","0","","","0","N","0","","40 24:49.830","1","0","79 59:25.760","9","0","0","0","2301","0","0","0","N","0","0","0","1","02301","0","","4.0","52.0","9","N","N","Y","0","","0","0","0","","0","N","","1","0","0","0","0","0","1","2","0","1","07","","","N","","","","","","","","","",""
"2024012237","1159","0","0","0","0","0","0","0","0","0","8","0","","02","12","2023","6","40.449692","-80.018296","1156","11","0","0","0","0","0","0","0","0","","0","0","0","","","2","","1","","40 26:58.890","","0","80 01:05.866","8","0","0","0","2301","2","0","0","N","2","0","0","3","02301","0","","1.0","","9","N","N","N","1","","0","0","0","","2","","","3","2","0","0","0","2","0","2","0","1","07","04","","N","","","","","","","","","",""
"2024037412","0100","1","0","0","0","0","0","0","0","0","7","0","","02","11","2023","5","40.466675","-80.033942","0056","11","0","0","0","0","0","0","0","0","","0","0","0","","","0","N","0","","40 28:00.030","","0","80 02:02.190","9","0","0","0","2301","0","0","0","N","0","0","0","1","02301","0","","4.0","","1","N","N","N","0","","0","0","0","","0","","","1","0","0","0","0","0","1","2","0","1","03","","","N","","","","","","","","","",""
"2024037453","2237","0","0","0","0","0","0","0","0","0","4","0","","02","12","2023","5","40.440494","-79.991519","2237","11","0","0","0","0","0","0","1","0","","0","0","0","","","0","","5","","40 26:25.777","1","2","79 59:29.469","0","0","0","0","2301","0","0","0","N","0","0","0","2","02301","0","","1.0","2300.0","1","N","N","N","0","","0","0","2","","2","N","","2","0","0","0","0","0","0","2","0","2","03","","","N","","","","","","","","","",""
"2024037431","1805","0","0","0","0","0","0","0","0","0","1","0","","02","12","2023","1","40.414464","-80.010299","1801","11","0","0","0","0","0","2","0","0","","0","0","0","","","0","Y","0","","40 24:52.072","1","0","80 00:37.076","0","0","0","0","2301","0","0","0","N","0","0","0","9","02301","0","","1.0","9999.0","1","N","N","N","1","","0","0","2","","0","N","","3","0","0","0","0","0","0","2","0","3","03","","","N","","","","","","","","","",""
"2024037427","0647","0","0","0","0","0","0","0","0","0","7","0","","02","12","2023","2","40.446359","-79.994478","0642","11","0","0","0","0","0","0","0","0","","0","0","0","","","0","N","0","","40 26:46.891","1","0","79 59:40.122","0","0","0","0","2301","0","0","0","N","0","0","0","1","02301","0","","3.0","700.0","1","N","N","N","0","","0","0","1","","0","N","","1","0","0","0","0","0","0","2","0","1","03","","","N","","","","","","","","","",""
"2024037441","0955","1","0","0","0","0","0","0","0","0","4","0","","02","12","2023","7","40.486946","-79.916253","0951","11","0","0","0","0","0","0","1","0","","0","0","0","","","1","N","0","","40 29:13.004","4","0","79 54:58.509","4","0","0","0","2301","0","0","0","N","0","0","0","3","02301","1","","1.0","1020.0","1","N","N","N","1","","0","0","0","","0","N","","2","1","0","0","0","0","0","2","0","2","03","","","N","","","","","","","","","",""
"2024037426","0421","0","0","0","0","0","0","0","0","0","4","0","","02","12","2023","3","40.385036","-79.994923","0413","11","0","0","0","0","0","0","1","1","","0","0","0","","","1","","2","","40 23:06.129","4","0","79 59:41.721","3","0","0","0","2301","0","0","0","N","0","0","0","2","02301","0","","1.0","445.0","9","N","N","N","0","","1","0","2","","0","N","","2","1","0","0","0","0","0","2","0","2","07","03","","N","","","","","","","","","",""
"2024037374","1004","0","0","0","0","0","0","0","0","0","8","0","","02","12","2023","3","40.462131","-79.926821","0952","11","0","0","0","0","0","0","1","0","","0","0","0","","","1","","1","","40 27:43.673","","0","79 55:36.555","8","0","0","0","2301","1","0","0","N","1","0","0","2","02301","0","","1.0","","1","N","N","N","1","","0","0","0","","0","","","2","1","0","0","0","1","0","2","0","1","03","","","N","","","","","","","","","",""
"2024037448","1533","0","0","0","0","0","0","0","0","0","5","0","","02","12","2023","6","40.457317","-79.895931","1514","11","0","0","0","0","0","0","0","0","","0","0","0","","","0","N","0","","40 27:26.340","","0","79 53:45.350","0","0","0","0","2301","0","0","0","N","0","0","0","1","02301","0","","6.0","","1","N","N","N","0","","0","0","2","","2","","","2","0","0","0","0","0","0","2","0","2","03","","","N","","","","","","","","","",""
"2024037402","0937","1","0","0","0","0","0","0","0","0","4","0","","02","12","2023","6","40.385036","-79.99495","0927","11","0","0","0","0","0","1","1","0","","0","0","0","","","0","","2","","40 23:06.129","","0","79 59:41.821","0","0","0","0","2301","0","0","0","N","0","0","0","2","02301","0","","1.0","","1","N","N","N","0","","0","0","1","","2","","","2","0","0","0","0","0","0","2","0","2","03","03","","N","","","","","","","","","",""
"2024037439","1520","1","0","0","0","0","0","0","0","0","7","0","","02","12","2023","7","40.434753","-79.916488","1510","11","0","0","0","0","0","0","0","0","","0","0","0","","","0","","2","","40 26:05.110","6","0","79 54:59.357","9","0","0","0","2301","0","0","0","N","0","0","0","1","02301","0","","4.0","1650.0","1","N","N","N","0","","0","0","0","","0","N","","1","0","0","0","0","0","1","2","0","1","03","03","","N","","","","","","","","","",""
"2024037384","0100","0","0","0","0","0","0","0","0","0","1","0","","02","12","2023","7","40.392347","-80.017967","0044","11","0","0","0","0","0","0","0","0","","0","0","0","","","0","N","0","","40 23:32.450","","0","80 01:04.680","9","0","0","0","2301","0","0","0","N","0","0","0","3","02301","0","","6.0","","1","N","N","Y","0","","0","0","3","","2","","","3","0","0","0","0","0","1","2","0","3","03","","","N","","","","","","","","","",""
"2024037443","2359","1","0","0","0","0","0","0","0","0","1","0","","02","12","2023","6","40.405272","-79.938435","2354","11","0","0","0","0","0","0","0","0","","0","0","0","","","0","N","0","","40 24:18.980","4","0","79 56:18.365","9","0","0","0","2301","0","0","0","N","0","0","0","3","02301","0","","6.0","40.0","1","N","N","N","0","","0","0","1","","0","N","","3","0","0","0","0","0","1","2","1","3","03","02","","N","","","","","","","","","",""
"2024037429","0052","0","0","0","0","0","0","0","0","0","7","0","","02","12","2023","1","40.411033","-79.955534","0047","11","0","0","0","0","0","0","0","0","","0","0","0","","","0","","2","","40 24:39.720","6","0","79 57:19.923","0","0","0","0","2301","0","0","0","N","0","0","0","1","02301","0","","2.0","120.0","9","N","N","N","0","","0","0","1","","2","N","","1","0","0","0","0","0","0","2","0","1","03","","","N","","","","","","","","","",""
"2024037383","1858","1","0","0","0","0","0","0","0","0","4","0","","02","11","2023","1","40.443655","-79.975051","1852","11","0","0","0","0","0","0","0","0","","0","0","0","","","1","","2","","40 26:37.157","4","0","79 58:30.185","8","0","0","0","2301","0","0","0","N","0","0","0","3","02301","0","","1.0","1940.0","1","N","N","N","0","","0","0","1","","3","N","","2","1","1","0","0","1","0","2","0","2","03","","","N","","","","","","","","","",""
"2024037408","2142","1","0","0","0","0","0","0","0","0","4","1","","02","12","2023","5","40.443463","-80.004642","2123","11","0","0","0","0","0","1","0","0","","0","1","0","","","0","","1","","40 26:36.468","2","0","80 00:16.710","0","0","0","0","2301","0","0","0","N","0","0","0","5","02301","0","","1.0","2200.0","1","N","N","Y","2","","0","0","0","","2","N","","4","0","1","0","0","0","0","2","0","4","03","03","","N","","","","","","","","","",""
"2024037440","0223","1","0","0","0","0","0","0","0","0","4","0","","02","12","2023","7","40.459772","-79.873858","0222","11","0","0","0","0","0","1","0","0","","0","0","0","","","2","","2","","40 27:35.179","3","7","79 52:25.889","4","0","0","0","2113","0","0","0","N","0","0","0","4","02301","2","","1.0","255.0","1","N","N","N","1","","0","0","0","","2","N","","2","2","0","0","0","0","0","2","0","2","03","03","","N","","","","","","","","","",""
"2024037415","1728","0","0","0","0","0","0","0","0","0","5","0","","02","12","2023","5","40.470281","-79.908644","1725","11","0","0","0","0","0","0","0","0","","0","0","0","","","1","","2","","40 28:13.011","","99","79 54:31.117","3","0","0","0","2301","0","0","0","N","0","0","0","2","02301","0","","1.0","","9","N","N","N","0","","1","0","2","","9","","","2","1","0","0","0","0","0","2","0","2","07","","","N","","","","","","","","","",""
"2024037421","1203","0","0","0","0","0","0","0","0","0","4","0","","02","12","2023","4","40.451889","-80.075583","1153","11","0","0","0","0","0","0","0","0","","0","0","0","","","0","N","0","","40 27:06.800","2","7","80 04:32.100","0","0","0","0","2301","0","0","0","N","0","0","0","2","02301","0","","1.0","30.0","9","N","N","N","0","","0","0","3","","0","N","","3","0","0","0","0","0","0","2","0","3","07","","","N","","","","","","","","","",""
"2024037422","2123","0","0","0","0","0","0","0","0","0","5","0","","02","11","2023","1","40.476575","-79.924081","2113","11","0","0","0","0","0","0","0","0","","0","0","0","","","1","N","0","","40 28:35.670","","0","79 55:26.690","3","0","0","0","2301","0","0","0","N","0","0","0","2","02301","0","","6.0","","9","N","N","N","1","","1","0","2","","0","","","3","1","1","0","0","0","1","2","0","3","03","","","N","","","","","","","","","",""
"2024037413","0438","2","0","0","0","0","0","0","0","0","7","0","","02","12","2023","1","40.464581","-80.016272","0434","11","0","0","0","0","0","0","0","0","","0","0","0","","","0","N","0","","40 27:52.490","","0","80 00:58.580","0","0","0","0","2301","0","0","0","N","0","0","0","1","02301","0","","4.0","","9","N","N","N","0","","0","0","0","","0","","","2","0","0","0","0","0","0","2","0","2","07","","","N","","","","","","","","","",""
"2024037400","1625","1","0","0","0","0","0","0","0","0","4","0","","02","12","2023","3","40.468713","-79.965162","1614","11","0","0","0","0","0","1","0","0","","0","0","0","","","0","","1","","40 28:07.368","7","0","79 57:54.582","9","0","0","0","2301","0","0","0","N","0","0","0","2","02301","0","","1.0","20.0","1","N","N","N","0","","0","0","1","","0","N","","2","0","0","0","0","0","1","2","0","2","03","","","N","","","","","","","","","",""
"2024037411","1527","2","0","0","0","0","0","0","0","0","1","0","","02","12","2023","6","40.408518","-80.032417","1515","11","0","0","0","0","0","0","0","0","","0","0","0","","","1","N","0","","40 24:30.665","","7","80 01:56.701","3","0","0","0","2301","0","0","0","N","0","0","0","3","02301","0","","1.0","","1","N","N","Y","0","","1","0","1","","0","N","","3","1","0","0","0","0","0","2","0","3","03","98","","N","","","","","","","","","",""
"2024037388","2101","0","0","0","0","0","0","0","0","0","7","0","","02","12","2023","7","40.472681","-79.899219","2101","11","0","0","0","0","0","0","0","0","","0","0","0","","","2","Y","0","","40 28:21.650","6","0","79 53:57.190","3","0","0","0","2301","0","0","0","N","0","0","0","2","02301","0","","4.0","2234.0","9","N","N","N","0","","2","0","1","","0","N","","1","2","1","0","0","0","0","2","0","1","07","","","N","","","","","","","","","",""
"2024037418","1103","1","0","0","0","0","0","0","0","0","4","0","","02","12","2023","4","40.444941","-79.993869","1056","11","0","0","0","0","0","0","0","0","","0","0","0","","","0","","1","","40 26:41.787","","0","79 59:37.927","0","0","0","0","2301","0","0","0","N","0","0","0","2","02301","0","","1.0","","9","N","N","N","0","","0","0","1","","2","","","2","0","0","0","0","0","0","2","0","2","07","","","N","","","","","","","","","",""
"2024037436","1120","2","0","0","0","0","0","0","0","0","4","0","","02","12","2023","1","40.438231","-79.996059","1111","11","0","0","0","0","0","0","0","0","","0","0","0","","","0","","1","","40 26:17.633","","0","79 59:45.811","0","0","0","0","2301","0","0","0","N","0","0","0","2","02301","0","","1.0","","9","N","N","N","0","","0","0","0","","2","","","2","0","0","0","0","0","0","2","0","2","04","","","N","","","","","","","","","",""
"2024037420","1434","0","0","0","0","0","0","0","0","0","7","0","","02","12","2023","3","40.396405","-80.027196","1423","11","0","0","0","0","0","0","1","0","","0","0","0","","","1","N","0","","40 23:47.057","2","0","80 01:37.906","8","0","0","0","2301","0","0","0","N","0","0","0","1","02301","0","","4.0","30.0","1","N","N","N","0","","0","0","1","","0","N","","1","1","0","0","0","1","0","2","0","1","03","03","","N","","","","","","","","","",""
"2024037389","1727","1","0","0","0","0","0","0","0","0","1","0","","02","11","2023","4","40.440801","-79.992725","1714","11","0","0","0","0","0","1","0","0","","0","0","0","","","0","N","0","","40 26:26.884","2","0","79 59:33.811","0","0","0","0","2301","0","0","0","N","0","0","0","3","02301","0","","1.0","1818.0","1","N","N","N","0","","0","0","1","","0","N","","2","0","0","0","0","0","0","2","0","2","03","03","","N","","","","","","","","","",""
"2024037437","1020","3","0","0","0","0","0","0","0","0","5","0","","02","12","2023","3","40.393806","-80.021778","0956","11","0","0","0","0","0","1","0","0","","0","0","0","","","1","N","0","","40 23:37.700","2","0","80 01:18.400","4","0","0","0","2301","0","0","0","N","0","0","0","1","02301","1","","6.0","9999.0","9","N","N","N","0","","0","0","1","","0","N","","4","1","0","0","0","0","0","2","0","4","10","","","N","","","","","","","","","",""
"2024037450","1419","0","0","0","0","0","0","0","0","0","4","0","","02","12","2023","2","40.454739","-79.932575","1416","11","0","0","1","0","0","1","0","0","","0","0","0","","","0","","1","","40 27:17.060","6","0","79 55:57.269","0","0","0","0","2301","0","0","0","N","0","0","0","2","02301","0","","1.0","1451.0","9","N","N","N","0","","0","0","2","","2","N","","2","0","0","0","0","0","0","2","0","2","06","","","N","","","","","","","","","",""
"2024037414","2322","1","0","0","0","0","0","0","0","0","7","0","","02","12","2023","4","40.463477","-80.056825","2315","11","0","0","0","0","0","0","1","0","","0","0","0","","","1","","3","","40 27:48.517","","3","80 03:24.571","3","0","0","0","2301","0","0","0","N","0","0","0","1","02301","0","","4.0","","9","N","N","N","0","","1","0","0","","0","N","","1","1","0","0","0","0","0","2","0","1","07","","","N","","","","","","","","","",""
"2024037452","0036","4","0","0","0","0","0","0","0","0","1","0","","02","12","2023","6","40.448415","-79.988117","0029","11","0","0","0","0","0","0","0","0","","0","0","0","","","1","N","0","","40 26:54.293","4","0","79 59:17.221","4","0","0","0","2301","0","0","0","N","0","0","0","2","02301","1","","1.0","26.0","1","N","N","Y","0","","0","0","5","","0","N","","9","1","0","0","0","0","1","2","0","9","03","","","N","","","","","","","","","",""
"2024037378","1824","1","0","0","0","0","0","0","0","0","7","0","","02","11","2023","3","40.468713","-79.962305","1808","11","0","0","0","0","0","0","0","0","","0","0","0","","","0","","1","","40 28:07.368","1","0","79 57:44.298","0","0","0","0","2301","0","0","0","N","0","0","0","1","02301","0","","1.0","1700.0","9","N","N","N","0","","0","0","0","","2","N","","1","0","0","0","0","0","0","2","0","1","07","07","","N","","","","","","","","","",""
"2024037424","1709","0","0","0","0","0","0","0","0","0","4","0","","02","11","2023","4","40.443139","-80.057911","1704","11","0","0","0","0","0","1","0","0","","0","0","0","","","0","","1","","40 26:35.302","3","0","80 03:28.478","9","0","0","0","2301","0","0","0","N","0","0","0","3","02301","0","","1.0","1750.0","9","N","N","N","1","","0","0","1","","3","N","","3","0","0","0","0","0","1","2","1","3","07","07","","N","","","","","","","","","",""
"2024037397","0146","1","0","0","0","0","0","0","0","0","5","0","","02","12","2023","7","40.419178","-80.011747","0139","11","0","0","0","0","0","0","0","0","","0","0","0","","","0","N","0","","40 25:09.040","5","0","80 00:42.290","0","0","0","0","2301","0","0","0","N","0","0","0","1","02301","0","","6.0","203.0","9","N","N","N","0","","0","0","2","","0","N","","3","0","0","0","0","0","0","2","0","3","07","","","N","","","","","","","","","",""
"2024037430","2132","0","0","0","0","0","0","0","0","0","6","0","","02","12","2023","7","40.397303","-79.989379","2126","11","0","0","0","0","0","0","0","0","","0","0","0","","","0","N","0","","40 23:50.292","","0","79 59:21.766","9","0","0","0","2301","0","0","0","N","0","0","0","1","02301","0","","6.0","","1","N","N","N","0","","0","0","1","","0","N","","2","0","0","0","0","0","1","2","0","2","03","","","N","","","","","","","","","",""
"2024037410","1924","1","0","0","0","0","0","0","0","0","1","0","","02","12","2023","5","40.427608","-80.030181","1924","11","0","0","0","1","0","0","0","0","","0","0","0","","","0","Y","0","","40 25:39.388","1","0","80 01:48.653","0","0","0","0","2301","0","0","0","N","0","0","0","3","02301","0","","1.0","9999.0","1","N","N","Y","0","","0","0","2","","0","N","","3","0","0","0","0","0","0","2","0","3","03","","","N","","","","","","","","","",""
"2024037442","0124","1","0","0","0","0","0","0","0","0","7","0","","02","12","2023","7","40.430947","-80.001607","0119","11","0","0","0","0","0","0","0","0","","0","0","0","","","1","","3","","40 25:51.409","","1","80 00:05.785","3","0","0","0","2301","0","0","0","N","0","0","0","1","02301","0","","2.0","","1","N","N","N","0","","1","0","0","","2","","","1","1","0","0","0","0","0","2","0","1","03","","","N","","","","","","","","","",""
"2024037428","0253","1","0","0","0","0","0","0","0","0","7","0","","02","11","2023","2","40.414224","-80.009573","0245","11","0","0","0","0","0","0","0","0","","0","0","0","","","0","","1","","40 24:51.207","","4","80 00:34.463","9","0","0","0","2301","0","0","0","N","0","0","0","2","02301","0","","2.0","","1","N","N","N","0","","0","0","0","","2","","","1","0","2","0","0","0","2","2","0","1","03","03","","N","","","","","","","","","",""
"2024037444","0027","1","0","0","0","0","0","0","0","0","5","0","","02","12","2023","6","40.470278","-80.026581","0009","11","0","0","0","0","0","1","0","0","","0","0","0","","","0","N","0","","40 28:13.000","","0","80 01:35.690","0","0","0","0","2301","0","0","0","N","0","0","0","2","02301","0","","6.0","","1","N","N","N","0","","0","0","1","","0","","","2","0","0","0","0","0","0","2","0","2","03","03","","N","","","","","","","","","",""
"2024037417","0028","1","0","0","0","0","0","0","0","0","4","0","","02","12","2023","4","40.452412","-80.014002","0028","11","0","0","0","0","0","1","0","0","","0","0","0","","","1","","1","","40 27:08.682","4","99","80 00:50.408","4","0","0","0","2301","0","0","0","N","0","0","0","2","02301","1","","1.0","20.0","9","N","N","N","0","","0","0","1","","7","N","","2","1","0","0","0","0","0","2","0","2","03","","","N","","","","","","","","","",""
"2024037433","1831","1","0","0","0","0","0","0","0","0","4","0","","02","12","2023","1","40.408472","-80.017784","1825","11","0","0","0","0","0","0","0","1","","0","0","0","","","0","","2","","40 24:30.498","2","0","80 01:04.024","0","0","0","0","2301","0","0","0","N","0","0","0","2","02301","0","","3.0","1905.0","9","N","N","N","0","","0","0","1","","2","N","","2","0","0","0","0","0","0","2","0","2","07","","","N","","","","","","","","","",""
"2024023542","1708","1","0","0","0","0","0","0","0","0","1","0","","02","10","2023","3","40.426624","-79.917503","1645","11","0","0","0","0","2","1","0","0","","0","0","0","","","3","N","0","","40 25:35.845","","4","79 55:03.009","3","0","0","0","2301","0","0","0","N","0","0","0","4","68B03","2","","1.0","","1","N","N","Y","0","","1","0","2","","0","","","3","3","0","0","0","0","0","2","0","3","03","","","N","","","","","","","","","",""
"2024037382","2228","2","0","0","0","0","0","0","0","0","1","0","","02","11","2023","3","40.435214","-79.985878","2222","11","0","0","0","0","0","0","0","0","","0","0","0","","","3","N","0","","40 26:06.770","4","0","79 59:09.159","8","0","0","0","2301","0","0","0","N","0","0","0","4","02301","0","","1.0","5.0","9","N","N","N","0","","0","0","0","","0","N","","2","3","0","0","0","3","0","2","0","2","04","04","","N","","","","","","","","","",""
"2024037432","1400","0","0","0","0","0","0","0","0","0","4","0","","02","12","2023","1","40.44049","-79.991551","1358","11","0","0","0","0","0","0","0","0","","0","0","0","","","1","","5","","40 26:25.763","7","2","79 59:29.585","8","0","0","0","2301","0","0","0","N","0","0","0","2","02301","0","","1.0","1445.0","1","N","N","N","0","","0","0","2","","2","N","","2","1","0","0","0","1","0","2","0","2","03","","","N","","","","","","","","","",""
"2024037409","1620","0","0","0","0","0","0","0","0","0","4","0","","02","12","2023","5","40.3849","-79.978143","1616","11","0","0","0","0","0","0","0","0","","0","0","0","","","0","N","0","","40 23:05.641","","7","79 58:41.313","0","0","0","0","2301","0","0","0","N","0","0","0","2","02301","0","","1.0","","1","N","N","N","0","","0","0","2","","0","N","","2","0","0","0","0","0","0","2","0","2","03","03","","N","","","","","","","","","",""
"2024037401","1422","1","0","0","0","0","0","0","0","0","5","0","","02","12","2023","6","40.383051","-79.995974","1407","11","0","0","0","0","0","0","0","0","","0","0","0","","","0","N","0","","40 22:58.983","","0","79 59:45.506","0","0","0","0","2301","0","0","0","N","0","0","0","4","02301","0","","1.0","","1","N","N","N","1","","0","0","0","","0","","","2","0","0","0","0","0","0","2","0","2","03","","","N","","","","","","","","","",""
"2024037394","1617","0","0","0","0","0","0","0","0","0","1","0","","02","12","2023","7","40.379299","-79.925677","1557","11","0","0","0","0","0","0","0","0","","0","0","0","","","0","Y","0","","40 22:45.476","","0","79 55:32.438","0","0","0","0","2301","0","0","0","N","0","0","0","2","02301","0","","1.0","","9","N","N","N","1","","0","0","1","","0","","","2","0","0","0","0","0","0","2","0","2","07","","","N","","","","","","","","","",""
"2024037385","0657","1","0","0","0","0","0","0","0","0","4","0","","02","12","2023","3","40.456901","-80.029309","0653","11","0","0","0","0","0","1","0","0","","0","0","0","","","0","","2","","40 27:24.844","3","6","80 01:45.512","0","0","0","0","2301","0","0","0","N","0","0","0","2","02301","0","","1.0","600.0","1","N","N","N","1","","0","0","0","","7","N","","2","0","0","0","0","0","0","2","0","2","03","03","","N","","","","","","","","","",""
"2024037434","0144","0","0","0","0","0","0","0","0","0","7","0","","02","12","2023","1","40.473473","-79.931215","0135","11","0","0","0","0","0","0","0","0","","0","0","0","","","0","","2","","40 28:24.504","","0","79 55:52.373","0","0","0","0","2301","0","0","0","N","0","0","0","1","02301","0","","2.0","","9","N","N","N","0","","0","0","1","","0","","","1","0","0","0","0","0","0","2","0","1","03","03","","N","","","","","","","","","",""