"CRN","ARRIVAL_TM","AUTOMOBILE_COUNT","BELTED_DEATH_COUNT","BELTED_SUSP_SERIOUS_INJ_COUNT","BICYCLE_COUNT","BICYCLE_DEATH_COUNT","BICYCLE_SUSP_SERIOUS_INJ_COUNT","BUS_COUNT","CHLDPAS_DEATH_COUNT","CHLDPAS_SUSP_SERIOUS_INJ_COUNT","COLLISION_TYPE","COMM_VEH_COUNT","CONS_ZONE_SPD_LIM","COUNTY","CRASH_MONTH","CRASH_YEAR","DAY_OF_WEEK","DEC_LATITUDE","DEC_LONGITUDE","DISPATCH_TM","DISTRICT","DRIVER_COUNT_16YR","DRIVER_COUNT_17YR","DRIVER_COUNT_18YR","DRIVER_COUNT_19YR","DRIVER_COUNT_20YR","DRIVER_COUNT_50_64YR","DRIVER_COUNT_65_74YR","DRIVER_COUNT_75PLUS","EST_HRS_CLOSED","FATAL_COUNT","HEAVY_TRUCK_COUNT","HORSE_BUGGY_COUNT","HOUR_OF_DAY","ILLUMINATION","INJURY_COUNT","INTERSECTION_RELATED","INTERSECT_TYPE","LANE_CLOSED","LATITUDE","LN_CLOSE_DIR","LOCATION_TYPE","LONGITUDE","MAX_SEVERITY_LEVEL","MCYCLE_DEATH_COUNT","MCYCLE_SUSP_SERIOUS_INJ_COUNT","MOTORCYCLE_COUNT","MUNICIPALITY","NONMOTR_COUNT","NONMOTR_DEATH_COUNT","NONMOTR_SUSP_SERIOUS_INJ_COUNT","NTFY_HIWY_MAINT","PED_COUNT","PED_DEATH_COUNT","PED_SUSP_SERIOUS_INJ_COUNT","PERSON_COUNT","POLICE_AGCY","POSSIBLE_INJ_COUNT","RDWY_SURF_TYPE_CD","RELATION_TO_ROAD","ROADWAY_CLEARED","ROAD_CONDITION","SCH_BUS_IND","SCH_ZONE_IND","SECONDARY_CRASH","SMALL_TRUCK_COUNT","SPEC_JURIS_CD","SUSP_MINOR_INJ_COUNT","SUSP_SERIOUS_INJ_COUNT","SUV_COUNT","TCD_FUNC_CD","TCD_TYPE","TFC_DETOUR_IND","TIME_OF_DAY","TOTAL_UNITS","TOT_INJ_COUNT","UNBELTED_OCC_COUNT","UNB_DEATH_COUNT","UNB_SUSP_SERIOUS_INJ_COUNT","UNK_INJ_DEG_COUNT","UNK_INJ_PER_COUNT","URBAN_RURAL","VAN_COUNT","VEHICLE_COUNT","WEATHER1","WEATHER2","WORKERS_PRES","WORK_ZONE_IND","WORK_ZONE_LOC","WORK_ZONE_TYPE","WZ_CLOSE_DETOUR","WZ_FLAGGER","WZ_LAW_OFFCR_IND","WZ_LN_CLOSURE","WZ_MOVING","WZ_OTHER","WZ_SHLDER_MDN","WZ_WORKERS_INJ_KILLED"
"2024037396","1246","1","0","0","0","0","0","0","0","0","4","0","","02","12","2023","7","40.458649","-79.957298","1242","11","0","0","0","0","0","2","0","0","","0","0","0","","","0","","1","","40 27:31.135","","3","79 57:26.271","0","0","0","0","2301","0","0","0","N","0","0","0","6","02301","0","","1.0","","9","N","N","N","0","","0","0","2","","2","","","3","0","0","0","0","0","0","2","0","3","07","","","N","","","","","","","","","",""
"2024037451","0803","0","0","0","0","0","0","0","0","0","5","0","","02","12","2023","6","40.466053","-79.952916","0755","11","0","0","0","0","0","0","0","0","","0","0","0","","","0","N","0","","40 27:57.792","","0","79 57:10.498","0","0","0","0","2301","0","0","0","N","0","0","0","2","02301","0","","6.0","","1","N","N","N","0","","0","0","1","","0","","","2","0","0","0","0","0","0","2","0","2","03","","","N","","","","","","","","","",""
"2024037381","2218","0","0","0","0","0","0","0","0","0","7","0","","02","11","2023","3","40.436084","-79.994672","2154","11","0","0","0","0","0","0","0","0","","0","0","0","","","0","N","0","","40 26:09.902","1","8","79 59:40.820","0","0","0","0","2301","0","0","0","N","0","0","0","1","02301","0","","2.0","2335.0","9","N","N","N","0","","0","0","1","","0","N","","1","0","0","0","0","0","0","2","0","1","07","07","","N","","","","","","","","","",""
"2024056254","0944","1","0","0","0","0","0","0","0","0","1","0","","02","4","2023","7","40.434308","-79.822284","0941","11","0","0","0","0","0","1","0","0","","0","0","0","","","0","N","0","","40 26:03.509","","0","79 49:20.224","0","0","0","0","2124","0","0","0","N","0","0","0","2","02124","0","","1.0","","1","N","N","N","0","","0","0","1","","0","","","2","0","0","0","0","0","0","2","0","2","03","","","N","","","","","","","","","",""
"2024056255","1531","0","0","0","0","0","0","0","0","0","4","0","","02","6","2023","6","40.426153","-79.834666","1528","11","0","0","0","0","0","0","0","0","","0","0","0","","","0","","3","","40 25:34.151","","7","79 50:04.799","0","0","0","0","2124","0","0","0","N","0","0","0","2","02124","0","","1.0","","1","N","N","N","0","","0","0","1","","0","","","2","0","0","0","0","0","0","2","1","2","03","","","N","","","","","","","","","",""
"2024053074","1653","1","0","0","0","0","0","0","0","0","1","0","","02","12","2023","1","40.381263","-79.816622","1653","11","0","0","0","0","0","0","0","0","","0","0","0","","","1","N","0","","40 22:52.546","6","7","79 48:59.839","2","0","0","0","2111","0","0","0","N","0","0","0","3","02111","0","","1.0","1720.0","1","N","N","N","0","","0","1","1","","0","N","","2","1","1","0","1","0","0","2","0","2","03","03","","N","","","","","","","","","",""
"2024064283","0535","1","0","0","0","0","0","0","0","0","7","0","","02","12","2023","6","40.469191","-80.03617","0529","11","0","0","0","0","0","0","0","0","","0","0","0","","","0","N","0","","40 28:09.087","","0","80 02:10.211","0","0","0","0","2301","0","0","0","N","0","0","0","1","02301","0","","3.0","","1","N","N","N","0","","0","0","0","","0","","","1","0","0","0","0","0","0","2","0","1","03","","","N","","","","","","","","","",""
"2024056256","1713","0","0","0","0","0","0","0","0","0","4","0","","02","8","2023","2","40.429529","-79.816176","1713","11","0","0","1","0","0","0","0","0","","0","0","0","","","0","","3","","40 25:46.305","2","0","79 48:58.233","0","0","0","0","2124","0","0","0","N","0","0","0","2","02124","0","","1.0","1746.0","1","N","N","N","1","","0","0","1","","3","N","","2","0","0","0","0","0","0","2","0","2","","","","N","","","","","","","","","",""
"2024037249","2314","0","0","0","0","0","0","0","0","0","7","0","","02","12","2023","1","40.381914","-79.81325","2307","11","0","0","0","0","0","0","0","0","","0","0","0","","","0","","1","","40 22:54.889","4","0","79 48:47.699","9","0","0","0","2424","0","0","0","N","0","0","0","1","02424","0","","2.0","2344.0","1","N","N","Y","0","","0","0","1","","0","N","","1","0","0","0","0","0","1","2","0","1","03","","","N","","","","","","","","","",""
"2024080443","","1","0","0","0","0","0","0","0","0","7","0","","02","11","2023","1","40.444975","-79.92085","","11","0","0","0","0","0","0","0","0","","0","0","0","","","1","N","0","","40 26:41.910","5","0","79 55:15.060","3","0","0","0","2301","0","0","0","N","0","0","0","1","02301","0","","4.0","800.0","1","N","N","N","0","","1","0","0","","0","N","","1","1","0","0","0","0","0","2","0","1","03","03","","N","","","","","","","","","",""
"2024081254","","2","0","0","0","0","0","0","0","0","4","0","","02","12","2023","1","40.455918","-79.938571","","11","0","0","0","0","0","0","0","0","","0","0","0","","","1","","1","","40 27:21.306","","0","79 56:18.855","3","0","0","0","2301","0","0","0","N","0","0","0","3","02301","0","","1.0","","9","N","N","N","0","","1","0","0","","2","","","2","1","0","0","0","0","0","2","0","2","07","","","N","","","","","","","","","",""
"2024080439","","2","0","0","0","0","0","0","0","0","1","0","","02","12","2023","2","40.415144","-79.924531","","11","0","0","0","0","0","0","0","0","","0","0","0","","","1","Y","0","","40 24:54.520","1","0","79 55:28.310","3","0","0","0","2301","0","0","0","N","0","0","0","5","02301","0","","1.0","9999.0","8","N","N","N","1","","1","0","0","","2","N","","3","1","0","0","0","0","0","2","0","3","04","","","N","","","","","","","","","",""
"2024081251","","1","0","0","0","0","0","0","0","0","1","0","","02","12","2023","5","40.455877","-79.87906","","11","0","0","0","0","0","1","0","0","","0","0","0","","","1","N","0","","40 27:21.156","","0","79 52:44.616","4","0","0","0","2301","0","0","0","N","0","0","0","2","02301","1","","6.0","","1","N","N","N","0","","0","0","1","","0","","","2","1","0","0","0","0","0","2","0","2","03","","","N","","","","","","","","","",""
"2024080466","","1","0","0","0","0","0","0","0","0","7","0","","02","11","2023","3","40.429692","-79.923488","","11","0","0","0","0","0","0","1","0","","0","0","0","","","0","","5","","40 25:46.890","","0","79 55:24.557","0","0","0","0","2301","0","0","0","N","0","0","0","1","02301","0","","4.0","","9","N","N","N","0","","0","0","0","","2","","","1","0","0","0","0","0","0","2","0","1","07","","","N","","","","","","","","","",""
"2024081255","","1","0","0","0","0","0","0","0","0","1","0","","02","12","2023","5","40.487262","-79.912931","","11","0","0","0","0","0","0","0","0","","0","0","0","","","0","N","0","","40 29:14.144","2","3","79 54:46.552","0","0","0","0","2301","0","0","0","N","0","0","0","2","02301","0","","1.0","1630.0","1","N","N","N","0","","0","0","1","","0","N","","2","0","0","0","0","0","0","2","0","2","03","","","N","","","","","","","","","",""
"2024080442","","1","0","0","0","0","0","0","0","0","1","0","","02","11","2023","2","40.429561","-79.958431","","11","0","0","0","0","0","1","0","0","","0","0","0","","","0","Y","0","","40 25:46.420","1","3","79 57:30.350","0","0","0","0","2301","0","0","0","N","0","0","0","2","02301","0","","1.0","1230.0","1","N","N","N","0","","0","0","0","","0","N","","2","0","0","0","0","0","0","2","1","2","03","03","","N","","","","","","","","","",""
"2024080444","2122","1","0","0","0","0","0","0","0","0","4","0","","02","11","2023","7","40.45375","-79.953153","2118","11","0","0","0","0","1","0","0","0","","0","0","0","","","2","N","0","","40 27:13.500","1","7","79 57:11.350","3","0","0","0","2301","0","0","0","N","0","0","0","3","02301","0","","1.0","2150.0","1","N","N","N","0","","2","0","1","0","0","N","","2","2","0","0","0","0","0","2","0","2","03","","","N","","","","","","","","","",""
"2024081249","0854","2","0","0","0","0","0","0","0","0","4","0","","02","12","2023","7","40.458693","-79.908022","0850","11","0","0","0","0","0","0","0","0","","0","0","0","","","0","","1","","40 27:31.296","1","0","79 54:28.880","0","0","0","0","2301","0","0","0","N","0","0","0","3","02301","0","","1.0","9999.0","1","N","N","N","0","","0","0","0","3","2","N","","2","0","0","0","0","0","0","2","0","2","03","","","N","","","","","","","","","",""
"2024082289","0005","1","0","0","0","0","0","0","0","0","4","0","","02","12","2023","5","40.481924","-80.041743","2359","11","0","0","0","0","0","0","0","0","","0","0","0","","","1","","5","","40 28:54.927","","0","80 02:30.276","3","0","0","0","2301","0","0","0","N","0","0","0","2","02301","0","","1.0","","1","N","N","N","0","","1","0","1","","1","","","2","1","0","0","0","0","0","2","0","2","03","03","","N","","","","","","","","","",""
"2024082301","0057","3","0","0","0","0","0","0","0","0","4","0","","02","11","2023","1","40.463692","-80.012278","0054","11","0","0","0","0","0","0","0","0","","0","0","0","","","0","","2","","40 27:49.291","","0","80 00:44.200","9","0","0","0","2301","0","0","0","N","0","0","0","2","02301","0","","6.0","","1","N","N","N","0","","0","0","0","","0","","","3","0","0","0","0","0","1","2","0","3","03","03","","N","","","","","","","","","",""
"2024082298","2332","1","0","0","0","0","0","0","0","0","5","0","","02","11","2023","5","40.456591","-79.997633","2329","11","0","0","0","0","0","0","0","0","","0","0","0","","","2","","1","","40 27:23.726","1","3","79 59:51.477","3","0","0","0","2301","0","0","0","N","0","0","0","2","02301","0","","1.0","2345.0","1","N","N","N","0","","2","0","1","","1","N","","2","2","0","0","0","0","0","2","0","2","03","","","N","","","","","","","","","",""
"2024082292","0146","0","0","0","0","0","0","0","0","0","7","0","","02","12","2023","5","40.460993","-80.030637","0141","11","0","0","0","0","0","0","0","0","","0","0","0","","","1","N","0","","40 27:39.574","","1","80 01:50.292","3","0","0","0","2301","0","0","0","N","0","0","0","1","02301","0","","4.0","","1","N","N","N","0","","1","0","1","","0","","","1","1","0","0","0","0","0","2","0","1","03","03","","N","","","","","","","","","",""
"2024082384","2102","0","0","0","0","0","0","0","0","0","7","0","","02","11","2023","1","40.489098","-80.034499","2055","11","0","0","0","0","1","0","0","0","","0","0","0","","","1","","1","","40 29:20.752","","0","80 02:04.195","3","0","0","0","2301","0","0","0","N","0","0","0","1","02301","0","","4.0","","9","N","N","N","0","","1","0","1","","0","","","1","1","0","0","0","0","0","2","0","1","07","","","N","","","","","","","","","",""
"2024082293","1725","1","0","0","0","0","0","0","0","0","8","0","","02","12","2023","4","40.456547","-80.015483","1636","11","0","0","0","0","0","0","0","0","","0","0","0","","","2","N","0","","40 27:23.570","7","0","80 00:55.740","2","0","0","0","2301","2","0","1","N","2","0","1","3","02301","0","","1.0","1838.0","1","N","N","N","0","","1","1","0","","2","N","","3","2","0","0","0","0","0","2","0","1","03","","","N","","","","","","","","","",""
"2024082286","0606","0","0","0","0","0","0","0","0","0","7","0","","02","12","2023","1","40.468248","-79.995022","0606","11","0","0","0","0","0","0","0","0","","0","0","0","","","0","","2","","40 28:05.694","","0","79 59:42.078","0","0","0","0","2301","0","0","0","N","0","0","0","1","02301","0","","1.0","","1","N","N","N","0","","0","0","1","","0","","","1","0","0","0","0","0","0","2","0","1","03","03","","N","","","","","","","","","",""
"2024082303","1638","0","0","0","0","0","0","0","0","0","4","1","","02","11","2023","4","40.457227","-80.030291","1635","11","0","0","0","0","0","0","0","0","","0","1","0","","","0","","2","","40 27:26.016","2","0","80 01:49.049","0","0","0","0","2301","0","0","0","N","0","0","0","2","02301","0","","1.0","1715.0","1","N","N","N","1","","0","0","0","","0","N","","2","0","0","0","0","0","0","2","0","2","03","","","N","","","","","","","","","",""
"2024082299","1919","1","0","0","0","0","0","0","0","0","7","0","","02","11","2023","3","40.450917","-80.011861","1919","11","0","0","0","0","0","0","1","0","","0","0","0","","","0","N","0","","40 27:03.300","","0","80 00:42.700","0","0","0","0","2301","0","0","0","N","0","0","0","1","02301","0","","4.0","","9","N","N","N","0","","0","0","0","","0","","","1","0","0","0","0","0","0","2","0","1","07","","","N","","","","","","","","","",""
"2024082295","0439","1","0","0","0","0","0","0","0","0","1","0","","02","12","2023","6","40.478908","-80.043019","0439","11","0","0","0","0","0","0","0","1","","0","0","0","","","1","","1","","40 28:44.067","","3","80 02:34.868","2","0","0","0","2301","0","0","0","N","0","0","0","2","02301","0","","1.0","","9","N","N","N","0","","0","1","1","","2","","","2","1","0","0","0","0","1","2","0","2","98","","","N","","","","","","","","","",""
"2024082296","0206","0","0","0","0","0","0","0","0","0","7","0","","02","11","2023","1","40.486272","-80.037156","0205","11","0","0","0","0","0","0","0","0","","0","0","0","","","0","N","0","","40 29:10.580","","0","80 02:13.760","0","0","0","0","2301","0","0","0","N","0","0","0","1","02301","0","","4.0","","3","N","N","N","1","","0","0","0","","0","","","1","0","0","0","0","0","0","2","0","1","03","","","N","","","","","","","","","",""
"2024106987","9999","0","0","0","0","0","0","0","0","0","7","0","","02","11","2023","6","40.424394","-79.988536","9999","11","0","0","0","0","0","0","0","0","","0","0","0","","","0","N","0","","40 25:27.820","1","0","79 59:18.730","0","0","0","0","2301","0","0","0","N","0","0","0","1","02301","0","","4.0","9999.0","1","N","N","N","1","","0","0","0","","0","N","","1","0","0","0","0","0","0","2","0","1","03","","","N","","","","","","","","","",""
"2024087357","","1","0","0","0","0","0","0","0","0","4","0","","02","12","2023","3","40.552472","-79.934778","","11","0","0","0","0","0","1","1","0","","0","0","0","","","1","N","1","","40 33:08.900","3","0","79 56:05.200","4","0","0","0","2209","0","0","0","N","0","0","0","2","02209","1","","1.0","1911.0","1","N","N","N","0","","0","0","1","","3","N","","2","1","0","0","0","0","0","2","0","2","03","98","","N","","","","","","","","","",""
"2024104366","1715","0","0","0","0","0","0","0","0","0","7","1","","02","12","2023","6","40.433819","-79.885281","1712","11","0","0","0","0","0","0","0","0","","0","1","0","","","0","N","0","","40 26:01.750","6","4","79 53:07.010","0","0","0","0","2426","0","0","0","N","0","0","0","2","02426","0","","1.0","1925.0","1","N","N","N","0","","0","0","0","","0","Y","","1","0","0","0","0","0","0","2","0","1","03","03","","N","","","","","","","","","",""
"2024109313","1010","1","0","0","0","0","0","0","0","0","8","0","","02","12","2023","4","40.439953","-79.994215","1004","11","0","0","0","0","0","0","0","0","","0","0","0","","","1","","3","","40 26:23.829","","0","79 59:39.175","8","0","0","0","2301","1","0","0","N","1","0","0","2","02301","0","","1.0","","1","N","N","N","0","","0","0","0","","2","","","2","1","0","0","0","1","1","2","0","1","03","03","","N","","","","","","","","","",""
"2024015441","9999","0","0","0","0","0","0","0","0","0","7","0","","02","11","2023","6","40.424388","-79.988533","9999","11","0","0","0","0","0","0","0","0","","0","0","0","10","","0","N","0","","40 25:27.795","2","0","79 59:18.718","0","0","0","0","2301","0","0","0","N","0","0","0","1","02301","0","","4.0","9999.0","1","N","N","N","1","","0","0","0","0","0","N","1002","1","0","0","0","0","0","0","2","0","1","03","","","N","","","","","","","","","",""
"2024037376","1102","1","0","0","0","0","0","0","0","0","2","0","","02","12","2023","3","40.4652","-79.929681","1055","11","0","0","0","0","0","0","0","0","","0","0","0","10","","2","N","0","","40 27:54.720","5","0","79 55:46.850","8","0","0","0","2301","0","0","0","N","0","0","0","2","02301","0","","1.0","1102.0","1","N","N","N","0","","0","0","1","3","8","N","1055","2","2","0","0","0","2","0","2","0","2","03","","","N","","","","","","","","","",""
"2024012879","1815","0","0","0","0","0","0","0","0","0","8","0","","02","12","2023","4","40.368073","-79.780103","1811","11","0","0","0","0","0","0","1","0","","0","0","0","18","","1","N","0","","40 22:05.062","3","0","79 46:48.372","2","0","0","0","2111","1","0","1","N","1","0","1","2","02111","0","","1.0","2055.0","1","N","N","N","0","","0","1","1","3","2","Y","1810","2","1","0","0","0","0","0","2","0","1","03","03","","N","","","","","","","","","",""
"2024037405","0349","1","0","0","0","0","0","0","0","0","7","0","","02","11","2023","7","40.449738","-80.026014","0347","11","0","0","0","0","0","0","0","0","","0","0","0","03","","0","N","0","","40 26:59.055","","0","80 01:33.652","9","0","0","0","2301","0","0","0","N","0","0","0","1","02301","0","","3.0","","9","N","N","N","0","","0","0","0","0","0","","0343","1","0","0","0","0","0","1","2","0","1","03","","","N","","","","","","","","","",""
"2024094839","1156","0","0","0","0","0","0","0","0","0","4","0","","02","3","2023","4","40.393528","-80.0625","1153","11","0","0","0","0","0","1","0","0","","0","0","0","11","","1","N","0","","40 23:36.700","","7","80 03:45.000","8","0","0","0","2117","0","0","0","N","0","0","0","2","02117","0","","1.0","","1","N","N","N","0","","0","0","2","0","0","","1151","2","1","0","0","0","1","0","2","0","2","03","","","N","","","","","","","","","",""
"2024101232","2059","1","0","0","0","0","0","0","0","0","7","0","","02","12","2023","3","40.460931","-79.871997","2055","11","0","0","0","0","0","1","0","0","","0","0","0","","","1","N","0","","40 27:39.353","6","0","79 52:19.190","3","0","0","0","2301","0","0","0","N","0","0","0","2","02301","0","","5.0","2200.0","1","N","N","Y","0","","1","0","1","","0","N","","2","1","0","0","0","0","0","2","0","2","03","","","N","","","","","","","","","",""
"2024099029","0640","0","0","0","0","0","0","0","0","0","4","0","","02","12","2023","1","40.458688","-79.908061","0637","11","0","0","0","0","0","0","0","0","","0","0","0","","","0","","1","","40 27:31.277","2","0","79 54:29.018","9","0","0","0","2301","0","0","0","N","0","0","0","5","02301","0","","1.0","730.0","9","N","N","N","0","","0","0","2","","2","N","","2","0","3","0","0","0","2","2","0","2","04","04","","N","","","","","","","","","",""
"2024099032","0429","0","0","0","0","0","0","0","0","0","7","0","","02","12","2023","1","40.463472","-79.952806","0406","11","0","0","0","0","0","0","0","0","","0","0","0","","","0","N","0","","40 27:48.500","","0","79 57:10.100","9","0","0","0","2301","0","0","0","N","0","0","0","1","02301","0","","4.0","","9","N","N","N","0","","0","0","1","","0","","","1","0","0","0","0","0","1","2","0","1","07","","","N","","","","","","","","","",""
"2025003205","","1","0","0","0","0","0","0","0","0","4","0","","02","11","2023","4","40.37588","-79.983762","","11","0","0","0","0","1","2","0","0","","0","0","0","","","5","N","0","","40 22:33.169","7","7","79 59:01.543","3","0","0","0","2413","0","0","0","N","0","0","0","5","02413","0","","1.0","30.0","1","N","N","N","0","","5","0","1","","0","N","","3","5","0","0","0","0","0","2","1","3","03","","","N","","","","","","","","","",""
"2025024989","1102","1","0","0","0","0","0","0","0","0","2","0","","02","12","2023","3","40.465139","-79.929722","1055","11","0","0","0","0","0","0","0","0","","0","0","0","","","2","N","0","","40 27:54.500","5","0","79 55:47.000","8","0","0","0","2301","0","0","0","N","0","0","0","2","02301","0","","1.0","1120.0","1","N","N","N","0","","0","0","1","","8","Y","","2","2","0","0","0","2","0","2","0","2","03","03","","N","","","","","","","","","",""
"2025023140","1116","0","0","0","0","0","0","0","0","0","1","0","","02","11","2023","7","40.619791","-79.730012","1113","11","0","0","0","0","0","2","0","0","","0","0","0","","","1","N","0","","40 37:11.248","5","7","79 43:48.043","8","0","0","0","2106","0","0","0","N","0","0","0","2","02106","0","","1.0","1141.0","1","N","N","N","1","","0","0","1","","0","Y","","2","1","1","0","0","1","0","2","0","2","03","","","N","","","","","","","","","",""
"2023003675","1437","1","0","0","0","0","0","0","0","0","1","1","","02","1","2023","3","40.454739","-79.932547","1429","11","0","0","0","0","0","0","1","0","","0","1","0","","","1","","1","","40 27:17.060","1","0","79 55:57.169","4","0","0","0","2301","0","0","0","N","0","0","0","2","02301","1","","1.0","1500.0","1","Y","N","N","0","","0","0","0","","0","N","","2","1","0","0","0","0","0","2","0","2","","03","","N","","","","","","","","","",""
"2023006205","0555","2","0","0","0","0","0","0","0","0","2","0","","02","1","2023","2","40.340674","-79.964435","0553","11","0","0","0","0","0","1","0","0","","0","0","0","","","0","","1","","40 20:26.425","4","0","79 57:51.965","0","0","0","0","2454","0","0","0","N","0","0","0","2","02454","0","","1.0","645.0","1","N","N","N","0","","0","0","0","","2","Y","","2","0","0","0","0","0","0","2","0","2","","","","N","","","","","","","","","",""
"2023013144","0953","2","0","0","0","0","0","0","0","0","1","0","","02","2","2023","4","40.448743","-79.961563","0949","11","0","0","0","0","0","0","1","0","","0","0","0","","","1","N","2","","40 26:55.474","","0","79 57:41.628","3","0","0","0","2301","0","0","0","N","0","0","0","5","02301","0","","1.0","","1","N","N","N","0","","1","0","1","","0","","","3","1","0","0","0","0","0","2","0","3","","03","","N","","","","","","","","","",""
"2023004585","2330","2","0","0","0","0","0","0","0","0","1","0","","02","1","2023","6","40.462664","-79.934671","2319","11","0","0","0","0","0","0","1","0","","0","0","0","","","0","N","1","","40 27:45.590","","0","79 56:04.815","0","0","0","0","2301","0","0","0","N","0","0","0","1","02301","0","","4.0","","2","N","N","N","0","","0","0","0","","4","","","2","0","0","0","0","0","0","2","0","2","","10","","N","","","","","","","","","",""
"2023012449","1607","1","0","0","0","0","0","0","0","0","1","0","","02","2","2023","2","40.337951","-79.952326","1602","11","0","0","0","0","0","1","0","0","","0","0","0","","","1","N","0","","40 20:16.625","","0","79 57:08.372","4","0","0","0","2454","0","0","0","N","0","0","0","2","02454","1","","1.0","","1","N","N","N","0","","0","0","1","","2","N","","2","1","0","0","0","0","0","2","0","2","","","","N","","","","","","","","","",""
"2023004413","1601","0","0","0","0","0","0","0","0","0","6","1","","02","1","2023","6","40.465924","-80.032937","1554","11","0","0","0","0","0","0","0","0","","0","1","0","","","0","N","0","","40 27:57.325","3","0","80 01:58.573","0","0","0","0","2301","0","0","0","N","0","0","0","1","02301","0","","6.0","1640.0","9","N","N","N","2","","0","0","0","","0","Y","","3","0","0","0","0","0","0","2","0","3","","10","","N","","","","","","","","","",""
"2023006192","1802","0","0","0","0","0","0","0","0","0","7","0","","02","1","2023","2","40.431514","-79.920531","1759","11","0","0","0","0","0","0","1","0","","0","0","0","","","0","N","1","","40 25:53.450","","0","79 55:13.911","0","0","0","0","2301","0","0","0","N","0","0","0","1","02301","0","","5.0","","1","N","N","N","0","","0","0","1","","0","","","1","0","0","0","0","0","0","2","0","1","","03","","N","","","","","","","","","",""
"2023020614","1920","1","0","0","0","0","0","0","0","0","4","0","","02","3","2023","7","40.395859","-79.98851","1914","11","0","0","0","0","0","1","0","0","","0","0","0","","","0","N","1","","40 23:45.092","","0","79 59:18.635","0","0","0","0","2301","0","0","0","N","0","0","0","2","02301","0","","1.0","","1","N","N","N","0","","0","0","1","","3","","","2","0","0","0","0","0","0","2","0","2","","03","","N","","","","","","","","","",""
"2023006988","1725","0","0","0","0","0","0","0","0","0","4","1","","02","1","2023","3","40.319384","-79.898606","1715","11","0","0","0","0","0","0","0","0","","0","1","0","","","0","N","0","","40 19:09.782","","1","79 53:54.981","9","0","0","0","2440","0","0","0","N","0","0","0","2","02440","0","","1.0","","1","N","N","N","0","","0","0","1","","0","","","2","0","0","0","0","0","1","2","0","2","","","","N","","","","","","","","","",""
"2023018979","2330","1","0","0","0","0","0","0","0","0","4","0","","02","2","2023","2","40.461757","-80.054813","2316","11","0","0","0","0","0","0","0","0","","0","0","0","","","0","","1","","40 27:42.325","","0","80 03:17.326","0","0","0","0","2301","0","0","0","N","0","0","0","3","02301","0","","1.0","","9","N","N","N","0","","0","0","1","","3","","","2","0","0","0","0","0","0","2","0","2","","04","","N","","","","","","","","","",""
"2023006222","0604","0","0","0","0","0","0","0","0","0","7","0","","02","1","2023","2","40.473667","-79.756667","0557","11","0","0","0","0","0","0","1","0","","0","0","0","","","0","N","0","","40 28:25.200","","0","79 45:24.000","0","0","0","0","2466","0","0","0","N","0","0","0","1","02466","0","","4.0","","2","N","N","N","1","","0","0","0","","0","","","1","0","0","0","0","0","0","2","0","1","","","","N","","","","","","","","","",""
"2023005067","0300","0","0","0","0","0","0","0","0","0","7","0","","02","1","2023","2","40.465701","-79.946371","0251","11","0","0","0","0","0","0","0","0","","0","0","0","","","1","Y","0","","40 27:56.523","","0","79 56:46.935","3","0","0","0","2301","0","0","0","N","0","0","0","1","02301","0","","4.0","","1","N","N","N","0","","1","0","1","","2","","","1","1","0","0","0","0","0","2","0","1","","","","N","","","","","","","","","",""
"2023021346","1646","1","0","0","0","0","0","0","0","0","1","0","","02","1","2023","7","40.425653","-79.905268","1636","11","0","1","0","0","0","0","0","0","","0","0","0","","","0","N","0","","40 25:32.350","4","3","79 54:18.965","0","0","0","0","2301","0","0","0","N","0","0","0","11","68B03","0","","1.0","1745.0","1","N","N","N","0","","0","0","3","","0","N","","4","0","0","0","0","0","0","2","0","4","","","","N","","","","","","","","","",""
"2023026147","1845","0","0","0","0","0","0","0","0","0","1","0","","02","3","2023","4","40.567402","-80.007147","1844","11","0","1","0","0","0","0","0","0","","0","0","0","","","1","N","0","","40 34:02.647","6","0","80 00:25.729","4","0","0","0","2108","0","0","0","N","0","0","0","10","02108","1","","1.0","1924.0","1","N","N","N","0","","0","0","3","","0","N","","3","1","0","0","0","0","0","2","0","3","","","","N","","","","","","","","","",""
"2023025437","0848","0","0","0","0","0","0","0","0","0","7","0","","02","3","2023","7","40.425563","-79.909193","0848","11","0","0","0","0","0","0","0","0","","0","0","0","","","1","N","0","","40 25:32.025","","0","79 54:33.095","3","0","0","0","2301","0","0","0","N","0","0","0","2","68B03","0","","4.0","","1","N","N","N","0","","1","0","1","","0","","","1","1","1","0","0","0","0","2","0","1","","03","","N","","","","","","","","","",""
"2023026145","2048","0","0","0","0","0","0","0","0","0","98","0","","02","3","2023","3","40.278257","-79.942605","2035","11","0","0","0","0","0","0","1","0","","0","0","0","","","0","N","0","","40 16:41.726","","0","79 56:33.378","0","0","0","0","2440","0","0","0","N","0","0","0","1","68T09","0","","1.0","","9","N","N","N","0","","0","0","1","","0","","","1","0","0","0","0","0","0","2","0","1","","02","","N","","","","","","","","","",""