"CRN","ARRIVAL_TM","AUTOMOBILE_COUNT","BELTED_DEATH_COUNT","BELTED_SUSP_SERIOUS_INJ_COUNT","BICYCLE_COUNT","BICYCLE_DEATH_COUNT","BICYCLE_SUSP_SERIOUS_INJ_COUNT","BUS_COUNT","CHLDPAS_DEATH_COUNT","CHLDPAS_SUSP_SERIOUS_INJ_COUNT","COLLISION_TYPE","COMM_VEH_COUNT","CONS_ZONE_SPD_LIM","COUNTY","CRASH_MONTH","CRASH_YEAR","DAY_OF_WEEK","DEC_LATITUDE","DEC_LONGITUDE","DISPATCH_TM","DISTRICT","DRIVER_COUNT_16YR","DRIVER_COUNT_17YR","DRIVER_COUNT_18YR","DRIVER_COUNT_19YR","DRIVER_COUNT_20YR","DRIVER_COUNT_50_64YR","DRIVER_COUNT_65_74YR","DRIVER_COUNT_75PLUS","EST_HRS_CLOSED","FATAL_COUNT","HEAVY_TRUCK_COUNT","HORSE_BUGGY_COUNT","HOUR_OF_DAY","ILLUMINATION","INJURY_COUNT","INTERSECTION_RELATED","INTERSECT_TYPE","LANE_CLOSED","LATITUDE","LN_CLOSE_DIR","LOCATION_TYPE","LONGITUDE","MAX_SEVERITY_LEVEL","MCYCLE_DEATH_COUNT","MCYCLE_SUSP_SERIOUS_INJ_COUNT","MOTORCYCLE_COUNT","MUNICIPALITY","NONMOTR_COUNT","NONMOTR_DEATH_COUNT","NONMOTR_SUSP_SERIOUS_INJ_COUNT","NTFY_HIWY_MAINT","PED_COUNT","PED_DEATH_COUNT","PED_SUSP_SERIOUS_INJ_COUNT","PERSON_COUNT","POLICE_AGCY","POSSIBLE_INJ_COUNT","RDWY_SURF_TYPE_CD","RELATION_TO_ROAD","ROADWAY_CLEARED","ROAD_CONDITION","SCH_BUS_IND","SCH_ZONE_IND","SECONDARY_CRASH","SMALL_TRUCK_COUNT","SPEC_JURIS_CD","SUSP_MINOR_INJ_COUNT","SUSP_SERIOUS_INJ_COUNT","SUV_COUNT","TCD_FUNC_CD","TCD_TYPE","TFC_DETOUR_IND","TIME_OF_DAY","TOTAL_UNITS","TOT_INJ_COUNT","UNBELTED_OCC_COUNT","UNB_DEATH_COUNT","UNB_SUSP_SERIOUS_INJ_COUNT","UNK_INJ_DEG_COUNT","UNK_INJ_PER_COUNT","URBAN_RURAL","VAN_COUNT","VEHICLE_COUNT","WEATHER1","WEATHER2","WORKERS_PRES","WORK_ZONE_IND","WORK_ZONE_LOC","WORK_ZONE_TYPE","WZ_CLOSE_DETOUR","WZ_FLAGGER","WZ_LAW_OFFCR_IND","WZ_LN_CLOSURE","WZ_MOVING","WZ_OTHER","WZ_SHLDER_MDN","WZ_WORKERS_INJ_KILLED"
"2023037170","2121","0","0","0","0","0","0","0","0","0","4","0","","02","4","2023","4","40.585613","-80.036063","2120","11","0","1","0","0","0","0","0","0","","0","0","0","","","2","","1","","40 35:08.206","7","0","80 02:09.827","3","0","0","0","2108","0","0","0","Y","0","0","0","2","02108","0","","1.0","2210.0","1","N","N","N","0","","2","0","2","","2","Y","","2","2","0","0","0","0","0","2","0","2","","","","N","","","","","","","","","",""
"2023037510","1735","2","0","0","0","0","0","0","0","0","1","0","","02","4","2023","7","40.487399","-80.016261","1735","11","0","0","0","0","0","0","0","0","","0","0","0","","","2","","2","","40 29:14.635","2","0","80 00:58.538","4","0","0","0","2116","0","0","0","N","0","0","0","3","02116","2","","1.0","1832.0","1","N","N","N","0","","0","0","0","","2","N","","2","2","0","0","0","0","0","2","0","2","","03","","N","","","","","","","","","",""
"2023044692","1210","1","0","0","0","0","0","0","0","0","4","0","","02","5","2023","7","40.450547","-79.930075","1200","11","0","0","0","0","0","0","0","0","","0","0","0","","","1","N","1","","40 27:01.969","","0","79 55:48.270","3","0","0","0","2301","0","0","0","N","0","0","0","2","02301","0","","1.0","","9","N","N","N","0","","1","0","1","","0","N","","2","1","0","0","0","0","0","2","0","2","","07","","N","","","","","","","","","",""
"2023031965","1911","1","0","0","0","0","0","0","0","0","7","0","","02","4","2023","1","40.519439","-79.808453","1902","11","0","0","1","0","0","0","0","0","","0","0","0","","","0","N","0","","40 31:09.981","5","0","79 48:30.429","0","0","0","0","2466","0","0","0","Y","0","0","0","1","02466","0","","4.0","1951.0","1","N","N","N","0","","0","0","0","","0","Y","","1","0","0","0","0","0","0","2","0","1","","03","","N","","","","","","","","","",""
"2023040672","1959","0","0","0","0","0","0","0","0","0","7","0","","02","5","2023","1","40.335848","-79.934031","1953","11","0","0","0","0","0","0","1","0","","0","0","0","","","1","N","0","","40 20:09.054","","0","79 56:02.510","4","0","0","0","2473","0","0","0","N","0","0","0","2","02473","1","","5.0","","1","N","N","N","0","","0","0","0","","0","","","1","1","1","0","0","0","0","2","1","1","","03","","N","","","","","","","","","",""
"2023030524","1005","1","0","0","0","0","0","0","0","0","4","0","","02","4","2023","5","40.392944","-80.020556","0955","11","0","1","0","0","0","0","0","0","","0","0","0","","","0","N","0","","40 23:34.600","","7","80 01:14.000","0","0","0","0","2301","0","0","0","N","0","0","0","1","02301","0","","1.0","","9","N","N","N","0","","0","0","1","","0","","","2","0","0","0","0","0","0","2","0","2","","04","","N","","","","","","","","","",""
"2023026246","1732","0","0","0","0","0","0","0","0","0","7","0","45","02","3","2023","1","40.49393","-79.902693","1712","11","0","0","0","0","0","0","0","0","","0","0","0","","","0","N","0","","40 29:38.147","2","0","79 54:09.695","0","0","0","0","2401","0","0","0","Y","0","0","0","3","68D02","0","","4.0","1800.0","1","N","N","N","0","","0","0","1","","0","N","","2","0","0","0","0","0","0","2","0","1","","","N","Y","3","1","","","N","Y","Y","","Y","N"
"2023018596","0710","1","0","0","0","0","0","0","0","0","7","0","","02","2","2023","1","40.436165","-79.977808","0700","11","0","0","0","0","0","0","0","0","","0","0","0","","","0","N","0","","40 26:10.194","3","0","79 58:40.107","0","0","0","0","2301","0","0","0","N","0","0","0","2","02301","0","","2.0","720.0","1","N","N","N","0","","0","0","0","","0","N","","1","0","0","0","0","0","0","2","0","1","","","","N","","","","","","","","","",""
"2023018968","1607","2","0","0","0","0","0","0","0","0","4","0","","02","2","2023","2","40.313012","-79.792987","1600","11","1","0","0","0","0","0","0","0","","0","0","0","","","1","","3","","40 18:46.843","1","0","79 47:34.754","4","0","0","0","2105","0","0","0","N","0","0","0","3","02105","1","","1.0","1645.0","9","N","N","N","0","","0","0","0","","0","N","","2","1","0","0","0","0","0","2","0","2","","04","","N","","","","","","","","","",""
"2023014872","1333","0","0","0","0","0","0","0","0","0","4","0","","02","2","2023","2","40.487955","-80.042453","1325","11","0","0","0","0","0","1","0","0","","0","0","0","","","1","","1","","40 29:16.639","","0","80 02:32.830","3","0","0","0","2301","0","0","0","N","0","0","0","2","02301","0","","1.0","","1","N","N","N","1","","1","0","1","","3","","","2","1","0","0","0","0","0","2","0","2","","03","","N","","","","","","","","","",""
"2023024539","1703","1","0","0","0","0","0","0","0","0","8","0","","02","3","2023","5","40.415916","-79.988101","1700","11","0","0","0","0","0","0","0","0","","0","0","0","","","1","","2","","40 24:57.298","","0","79 59:17.163","3","0","0","0","2301","1","0","0","N","1","0","0","3","02301","0","","1.0","","1","N","N","N","0","","1","0","0","","0","","","2","1","0","0","0","0","0","2","0","1","","03","","N","","","","","","","","","",""
"2023027144","1507","1","0","0","0","0","0","0","0","0","1","0","","02","3","2023","7","40.347713","-80.11283","1500","11","0","0","0","0","0","0","0","2","","0","0","0","","","3","N","0","","40 20:51.766","5","0","80 06:46.188","8","0","0","0","2119","0","0","0","N","0","0","0","3","02119","0","","1.0","1536.0","1","N","N","N","0","","0","0","1","","2","N","","2","3","0","0","0","3","0","2","0","2","","98","","N","","","","","","","","","",""
"2023045152","2129","2","0","0","0","0","0","0","0","0","4","0","","02","5","2023","1","40.537342","-80.186129","2119","11","0","0","0","0","0","0","0","0","","0","0","0","","","0","","1","","40 32:14.430","3","0","80 11:10.065","0","0","0","0","2458","0","0","0","Y","0","0","0","4","02458","0","","1.0","2156.0","1","N","N","N","0","","0","0","0","","2","N","","2","0","0","0","0","0","0","2","0","2","","03","","N","","","","","","","","","",""
"2023033243","1806","0","0","0","0","0","0","0","0","0","7","0","","02","4","2023","6","40.376711","-79.813968","1806","11","0","0","0","0","0","0","0","0","","0","0","0","","","0","N","0","","40 22:36.160","2","0","79 48:50.283","0","0","0","0","2424","0","0","0","N","0","0","0","4","02424","0","","5.0","1830.0","1","N","N","N","0","","0","0","1","","0","N","","1","0","1","0","0","0","0","2","0","1","","03","","N","","","","","","","","","",""
"2023031664","2122","2","0","0","0","0","0","0","0","0","1","0","","02","4","2023","1","40.448583","-79.914","2117","11","0","0","0","0","0","0","0","0","","0","0","0","","","0","N","0","","40 26:54.900","","0","79 54:50.400","0","0","0","0","2301","0","0","0","N","0","0","0","1","02301","0","","6.0","","1","N","N","N","0","","0","0","0","","0","","","2","0","0","0","0","0","0","2","0","2","","98","","N","","","","","","","","","",""
"2023044808","1406","1","0","0","0","0","0","0","0","0","1","0","45","02","4","2023","3","40.495885","-79.912186","1406","11","0","0","0","0","0","0","0","0","","0","0","0","","","0","N","0","","40 29:45.185","","0","79 54:43.871","0","0","0","0","2112","0","0","0","N","0","0","0","4","68D02","0","","1.0","","1","N","N","N","0","","0","0","2","","0","","","3","0","0","0","0","0","0","2","0","3","","","Y","Y","4","1","N","N","N","Y","N","N","N","N"
"2023030155","1545","2","0","0","0","0","0","0","0","0","1","0","","02","3","2023","2","40.433606","-79.731879","1540","11","0","0","0","0","0","1","0","0","","0","0","0","","","0","N","0","","40 26:00.981","","0","79 43:54.765","0","0","0","0","2446","0","0","0","N","0","0","0","2","02446","0","","1.0","","1","N","N","N","0","","0","0","0","","0","N","","2","0","0","0","0","0","0","2","0","2","","03","","N","","","","","","","","","",""
"2023041193","1403","0","0","0","0","0","0","0","0","0","1","0","","02","5","2023","7","40.373033","-80.00716","1403","11","0","0","0","0","0","0","1","0","","0","0","0","","","0","N","0","","40 22:22.918","","0","80 00:25.777","0","0","0","0","2416","0","0","0","N","0","0","0","3","02416","0","","1.0","","1","N","N","N","0","","0","0","3","","0","","","3","0","0","0","0","0","0","2","0","3","","","","N","","","","","","","","","",""
"2023029955","0716","2","0","0","0","0","0","0","0","0","4","0","","02","3","2023","3","40.359099","-79.975764","0714","11","0","0","1","0","0","1","0","0","","0","0","0","","","1","","2","","40 21:32.756","3","0","79 58:32.752","3","0","0","0","2476","0","0","0","N","0","0","0","2","02476","0","","1.0","745.0","1","N","N","N","0","","1","0","0","","3","N","","2","1","1","0","0","0","0","2","0","2","","03","","N","","","","","","","","","",""
"2023035840","2340","0","0","0","0","0","0","0","0","0","7","0","","02","4","2023","1","40.449714","-80.025129","2333","11","0","0","0","0","0","0","0","0","","0","0","0","","","0","","1","","40 26:58.970","","8","80 01:30.465","9","0","0","0","2301","0","0","0","N","0","0","0","4","02301","0","","2.0","","1","N","N","N","0","","0","0","1","","0","","","1","0","0","0","0","0","2","2","0","1","","03","","N","","","","","","","","","",""
"2023033821","0735","1","0","0","0","0","0","0","0","0","1","0","","02","4","2023","1","40.322196","-79.892398","0732","11","0","0","0","0","0","0","0","0","","0","0","0","","","0","N","0","","40 19:19.904","","0","79 53:32.633","9","0","0","0","2433","0","0","0","N","0","0","0","1","02433","0","","6.0","","9","N","N","N","0","","0","0","0","","0","","","2","0","0","0","0","0","1","2","1","2","","","","N","","","","","","","","","",""
"2023038127","1951","1","0","0","0","0","0","0","0","0","7","0","","02","4","2023","7","40.480487","-80.007349","1937","11","0","0","1","0","0","0","0","0","","0","0","0","","","0","N","0","","40 28:49.753","","0","80 00:26.458","0","0","0","0","2301","0","0","0","N","0","0","0","1","68B03","0","","3.0","","9","N","N","N","0","","0","0","0","","0","","","1","0","0","0","0","0","0","2","0","1","","","","N","","","","","","","","","",""
"2023050381","1425","1","0","0","0","0","0","0","0","0","2","0","","02","5","2023","2","40.5419","-80.246366","1422","11","0","0","0","0","0","1","0","1","","0","0","0","","","2","","3","","40 32:30.840","","0","80 14:46.917","3","0","0","0","2213","0","0","0","N","0","0","0","2","02213","0","","1.0","","1","N","N","N","0","","2","0","1","","0","","","2","2","0","0","0","0","0","2","0","2","","","","N","","","","","","","","","",""
"2023023264","","0","0","0","0","0","0","0","0","0","1","0","","02","2","2023","7","","","","11","0","0","0","0","0","0","0","0","","0","0","0","","","1","N","0","","","","0","","8","0","0","0","2301","0","0","0","N","0","0","0","4","00000","0","","1.0","","1","","","N","2","","0","0","1","","0","","","3","1","2","0","0","1","0","1","0","3","","","","N","","","","","","","","","",""
"2023026862","0146","1","0","0","0","0","0","0","0","0","7","0","","02","3","2023","1","40.429028","-79.976722","0141","11","0","0","0","0","0","0","0","0","","0","0","0","","","0","N","0","","40 25:44.500","3","0","79 58:36.200","9","0","0","0","2301","0","0","0","N","0","0","0","1","02301","0","","1.0","210.0","1","N","N","N","0","","0","0","0","","0","Y","","1","0","1","0","0","0","1","2","0","1","","03","","N","","","","","","","","","",""
"2023026874","0315","1","0","0","0","0","0","0","0","0","7","0","","02","3","2023","1","40.427724","-79.99344","0310","11","0","0","0","0","0","0","0","0","","0","0","0","","","0","","2","","40 25:39.805","","0","79 59:36.383","0","0","0","0","2301","0","0","0","N","0","0","0","1","02301","0","","2.0","","9","N","N","N","0","","0","0","0","","0","N","","1","0","0","0","0","0","0","2","0","1","","07","","N","","","","","","","","","",""
"2023028126","1500","3","0","0","0","0","0","0","0","0","1","0","","02","3","2023","2","40.543791","-80.192523","1458","11","0","0","0","0","0","1","0","1","","0","0","0","","","2","Y","0","","40 32:37.648","1","0","80 11:33.081","3","0","0","0","2427","0","0","0","N","0","0","0","3","02427","0","","1.0","1531.0","1","N","N","Y","0","","2","0","0","","2","N","","3","2","1","0","0","0","0","2","0","3","","03","","N","","","","","","","","","",""
"2023031020","0018","1","0","0","0","0","0","0","0","0","4","0","","02","4","2023","7","40.440944","-80.034785","0018","11","0","0","0","0","0","1","0","0","","0","0","0","","","1","","1","","40 26:27.398","","0","80 02:05.227","2","0","0","0","2301","0","0","0","N","0","0","0","5","02301","0","","1.0","","1","N","N","N","0","","0","1","1","","2","","","2","1","3","0","1","0","0","2","0","2","","03","","N","","","","","","","","","",""
"2023025002","2205","1","0","0","0","0","0","0","0","0","1","0","","02","3","2023","7","40.387615","-79.984187","2155","11","0","0","1","0","0","0","0","0","","0","0","0","","","0","N","0","","40 23:15.413","2","0","79 59:03.073","0","0","0","0","2301","0","0","0","N","0","0","0","2","02301","0","","1.0","2230.0","1","N","N","N","0","","0","0","1","","0","Y","","2","0","0","0","0","0","0","2","0","2","","","","N","","","","","","","","","",""
"2023027017","1629","1","0","0","0","0","0","0","0","0","4","0","","02","3","2023","7","40.463485","-79.930657","1625","11","0","0","0","0","0","0","0","0","","0","0","0","","","0","","1","","40 27:48.545","4","0","79 55:50.364","0","0","0","0","2301","0","0","0","N","0","0","0","2","02301","0","","1.0","1650.0","1","N","N","N","0","","0","0","1","","3","N","","2","0","0","0","0","0","0","2","0","2","","","","N","","","","","","","","","",""
"2023025927","0236","2","0","0","0","0","0","0","0","0","1","0","","02","3","2023","3","40.412917","-79.939778","0233","11","0","0","0","0","0","0","0","0","","0","0","0","","","0","N","0","","40 24:46.500","","0","79 56:23.200","0","0","0","0","2301","0","0","0","N","0","0","0","1","02301","0","","6.0","","1","N","N","N","0","","0","0","0","","0","","","2","0","0","0","0","0","0","2","0","2","","03","","N","","","","","","","","","",""
"2023040808","2203","1","0","0","0","0","0","0","0","0","7","0","","02","5","2023","7","40.63887","-79.770549","2159","11","0","0","0","0","0","0","0","0","","0","0","0","","","0","N","0","","40 38:19.931","","0","79 46:13.977","0","0","0","0","2202","0","0","0","N","0","0","0","1","02202","0","","5.0","","1","N","N","N","0","","0","0","0","","0","","","1","0","0","0","0","0","0","1","0","1","","","","N","","","","","","","","","",""
"2023029753","0435","1","0","0","0","0","0","0","0","0","7","0","","02","4","2023","3","40.437952","-79.739852","0431","11","0","0","0","0","1","0","0","0","","0","0","0","","","0","N","2","","40 26:16.627","","0","79 44:23.466","0","0","0","0","2446","0","0","0","Y","0","0","0","1","02446","0","","5.0","","1","N","N","Y","0","","0","0","0","","1","","","1","0","0","0","0","0","0","2","0","1","","98","","N","","","","","","","","","",""
"2023016796","2015","2","0","0","0","0","0","0","0","0","4","0","","02","2","2023","2","40.46166","-79.922071","1950","11","0","0","0","0","1","0","1","0","","0","0","0","","","0","","1","","40 27:41.975","","0","79 55:19.457","0","0","0","0","2301","0","0","0","N","0","0","0","2","02301","0","","1.0","","9","N","N","N","0","","0","0","0","","2","","","2","0","0","0","0","0","0","2","0","2","","","","N","","","","","","","","","",""
"2023030757","0051","3","0","0","0","0","0","0","0","0","1","0","","02","4","2023","6","40.478571","-79.799047","0045","11","0","0","0","0","0","0","0","0","","0","0","0","","","1","N","0","","40 28:42.854","","0","79 47:56.569","3","0","0","0","2113","0","0","0","N","0","0","0","1","02113","0","","6.0","","1","N","N","Y","0","","1","0","0","","0","","","3","1","0","0","0","0","0","2","0","3","","03","","N","","","","","","","","","",""
"2023017314","0726","0","0","0","0","0","0","0","0","0","5","0","","02","2","2023","4","40.486299","-80.054063","0723","11","0","0","0","0","0","0","0","0","","0","0","0","","","0","","2","","40 29:10.676","1","0","80 03:14.626","0","0","0","0","2404","0","0","0","N","0","0","0","2","02404","0","","1.0","800.0","9","N","N","N","0","","0","0","1","","2","N","","2","0","0","0","0","0","0","2","1","2","","","","N","","","","","","","","","",""
"2023045268","1005","0","0","0","0","0","0","1","0","0","2","1","","02","5","2023","4","40.454898","-80.002219","1000","11","0","0","0","0","0","2","0","0","","0","0","0","","","6","","2","","40 27:17.634","5","0","80 00:07.987","2","0","0","0","2301","0","0","0","N","0","0","0","9","02503","1","","1.0","1130.0","1","N","N","N","0","","4","1","1","","2","Y","","2","6","0","0","0","0","0","2","0","2","","","","N","","","","","","","","","",""
"2023033549","1734","1","0","0","0","0","0","0","0","0","7","0","","02","4","2023","1","40.478502","-80.027785","1730","11","0","0","0","0","0","0","0","0","","0","0","0","","","1","Y","0","","40 28:42.607","","7","80 01:40.027","3","0","0","0","2301","0","0","0","N","0","0","0","1","02301","0","","5.0","","9","N","N","N","0","","1","0","0","","0","","","1","1","0","0","0","0","0","2","0","1","07","07","","N","","","","","","","","","",""
"2023051082","1720","1","0","0","0","0","0","0","0","0","1","0","","02","6","2023","5","40.488409","-79.937155","1716","11","0","0","2","0","0","2","0","0","","0","0","0","","","0","N","2","","40 29:18.274","3","3","79 56:13.758","0","0","0","0","2301","0","0","0","N","0","0","0","4","02301","0","","1.0","1809.0","1","N","N","N","0","","0","0","3","","0","N","","4","0","0","0","0","0","0","2","0","4","04","04","","N","","","","","","","","","",""
"2023033867","1754","1","0","0","0","0","0","0","0","0","4","0","","02","4","2023","2","40.440756","-80.000384","1754","11","0","0","0","0","1","0","0","0","","0","0","0","","","0","","1","","40 26:26.723","","0","80 00:01.382","0","0","0","0","2301","0","0","0","N","0","0","0","4","02301","0","","1.0","","9","N","N","N","0","","0","0","1","","2","","","2","0","0","0","0","0","0","2","0","2","04","98","","N","","","","","","","","","",""
"2023033797","1325","0","0","0","0","0","0","0","0","0","1","0","","02","4","2023","2","40.399511","-80.000189","1320","11","0","0","0","0","0","0","0","0","","0","0","0","","","0","","2","","40 23:58.240","","0","80 00:00.681","0","0","0","0","2301","0","0","0","N","0","0","0","2","02301","0","","1.0","","9","N","N","N","1","","0","0","1","","0","","","2","0","0","0","0","0","0","2","0","2","04","","","N","","","","","","","","","",""
"2023028533","1602","1","0","0","0","0","0","0","0","0","1","0","","02","3","2023","5","40.492403","-79.863993","1602","11","0","0","0","0","0","0","0","0","","0","0","0","","","0","Y","0","","40 29:32.651","","0","79 51:50.373","0","0","0","0","2408","0","0","0","N","0","0","0","3","02408","0","","1.0","","1","N","N","N","0","","0","0","1","","0","","","2","0","0","0","0","0","0","2","0","2","03","03","","N","","","","","","","","","",""
"2023030330","1619","0","0","0","0","0","0","0","0","0","7","0","","02","4","2023","4","40.484409","-80.040494","1614","11","0","0","0","0","0","0","0","0","","0","0","0","","","0","","1","","40 29:03.872","","0","80 02:25.777","0","0","0","0","2301","0","0","0","N","0","0","0","1","02301","0","","4.0","","1","N","N","N","1","","0","0","0","","2","","","1","0","0","0","0","0","0","2","0","1","03","03","","N","","","","","","","","","",""
"2023019982","0759","0","0","0","0","0","0","0","0","0","4","0","","02","3","2023","5","40.497717","-80.054076","0757","11","0","0","0","0","0","1","0","0","","0","0","0","","","1","","1","","40 29:51.782","","0","80 03:14.674","8","0","0","0","2404","0","0","0","N","0","0","0","5","02404","0","","1.0","","1","N","N","N","0","","0","0","2","","0","","","2","1","0","0","0","1","0","2","0","2","03","","","N","","","","","","","","","",""
"2023021047","1206","1","0","0","0","0","0","0","0","0","4","0","","02","3","2023","2","40.425462","-79.964501","1206","11","0","0","0","0","0","2","0","0","","0","0","0","","","0","","2","","40 25:31.663","6","0","79 57:52.204","0","0","0","0","2301","0","0","0","N","0","0","0","2","02301","0","","1.0","1208.0","1","N","N","N","0","","0","0","0","","2","N","","2","0","0","0","0","0","0","2","1","2","03","03","","N","","","","","","","","","",""
"2023030688","1605","1","0","0","0","0","0","0","0","0","4","0","","02","3","2023","1","40.429186","-79.999224","1605","11","0","0","0","0","0","0","0","0","","0","0","0","","","0","Y","0","","40 25:45.069","1","3","79 59:57.205","0","0","0","0","2301","0","0","0","N","0","0","0","2","68B03","0","","1.0","15.0","1","N","N","N","0","","0","0","1","","2","N","","2","0","0","0","0","0","0","2","0","2","03","03","","N","","","","","","","","","",""
"2023021612","2358","1","0","0","0","0","0","0","0","0","7","0","","02","3","2023","2","40.554415","-79.958241","2346","11","0","0","0","0","0","0","0","0","","0","0","0","","","0","N","0","","40 33:15.895","","7","79 57:29.668","0","0","0","0","2207","0","0","0","N","0","0","0","1","02207","0","","5.0","","9","N","N","N","0","","0","0","0","","0","","","1","0","0","0","0","0","0","2","0","1","07","","","N","","","","","","","","","",""
"2023033283","1750","1","0","0","0","0","0","0","0","0","1","0","","02","4","2023","5","40.443773","-79.796493","1750","11","0","0","0","0","0","0","0","0","","0","0","0","","","2","N","0","","40 26:37.584","","0","79 47:47.375","2","0","0","0","2446","0","0","0","N","0","0","0","3","02446","0","","1.0","","1","N","N","N","0","","1","1","1","","0","","","2","2","0","0","0","0","0","2","0","2","03","03","","N","","","","","","","","","",""
"2023050960","0756","0","0","0","0","0","0","0","0","0","5","0","","02","6","2023","5","40.590239","-80.046906","0747","11","0","0","0","0","0","1","0","0","","0","0","0","","","0","N","2","","40 35:24.862","1","0","80 02:48.861","0","0","0","0","2108","0","0","0","N","0","0","0","2","02108","0","","1.0","823.0","1","N","N","N","1","","0","0","1","","0","N","","2","0","0","0","0","0","0","2","0","2","03","03","","N","","","","","","","","","",""
"2023012405","1159","0","0","0","0","0","0","0","0","0","4","0","","02","1","2023","3","40.30928","-80.0411","1141","11","0","0","0","0","0","0","0","2","","0","0","0","","","0","","2","","40 18:33.408","2","0","80 02:27.961","0","0","0","0","2407","0","0","0","N","0","0","0","3","02407","0","","1.0","1300.0","7","N","N","N","0","","0","0","2","","0","N","","2","0","0","0","0","0","0","2","0","2","03","","","N","","","","","","","","","",""
"2023030214","0842","0","0","0","0","0","0","0","0","0","1","2","","02","3","2023","5","40.439316","-80.111846","0827","11","0","0","0","0","0","0","0","0","","0","2","0","","","0","N","0","","40 26:21.538","2","0","80 06:42.646","0","0","0","0","2115","0","0","0","N","0","0","0","2","68B03","0","","1.0","200.0","1","N","N","N","0","","0","0","0","","0","Y","","2","0","0","0","0","0","0","2","0","2","03","","","N","","","","","","","","","",""
"2023020718","2334","1","0","0","0","0","0","0","0","0","7","0","","02","3","2023","6","40.406993","-79.803185","2330","11","0","0","0","0","0","0","0","0","","0","0","0","","","0","N","0","","40 24:25.173","1","0","79 48:11.466","0","0","0","0","2446","0","0","0","N","0","0","0","1","02446","0","","4.0","2350.0","9","N","N","N","0","","0","0","0","","0","Y","","1","0","0","0","0","0","0","2","0","1","07","","","N","","","","","","","","","",""
"2023028478","1812","0","0","0","0","0","0","0","0","0","1","0","","02","3","2023","5","40.405341","-79.971211","1808","11","0","0","0","0","0","1","0","0","","0","0","0","","","0","N","0","","40 24:19.226","2","0","79 58:16.358","0","0","0","0","2301","0","0","0","N","0","0","0","2","02301","0","","1.0","1830.0","1","N","N","N","0","","0","0","2","","0","N","","2","0","0","0","0","0","0","2","0","2","03","98","","N","","","","","","","","","",""
"2023026591","1740","1","0","0","0","0","0","0","0","0","1","0","","02","3","2023","5","40.53679","-80.185034","1736","11","0","0","1","0","0","0","0","0","","0","0","0","","","1","","1","","40 32:12.444","5","0","80 11:06.124","8","0","0","0","2458","0","0","0","N","0","0","0","2","02458","0","","1.0","1823.0","9","N","N","N","0","","0","0","1","","2","N","","2","1","0","0","0","1","0","2","0","2","07","","","N","","","","","","","","","",""
"2023020009","1943","1","0","0","0","0","0","0","0","0","7","0","","02","3","2023","4","40.597516","-79.997012","1942","11","0","0","0","0","0","0","1","0","","0","0","0","","","0","","2","","40 35:51.059","2","0","79 59:49.244","0","0","0","0","2108","0","0","0","Y","0","0","0","1","02501","0","","2.0","2037.0","1","N","N","N","0","","0","0","0","","0","N","","1","0","0","0","0","0","0","2","0","1","03","","","N","","","","","","","","","",""
"2023035616","1129","0","0","0","0","0","0","0","0","0","4","0","","02","4","2023","6","40.591193","-79.947991","1126","11","0","1","1","0","0","0","0","0","","0","0","0","","","1","","1","","40 35:28.296","1","0","79 56:52.767","4","0","0","0","2207","0","0","0","N","0","0","0","2","02207","1","","1.0","1202.0","1","N","N","N","0","","0","0","2","","2","N","","2","1","0","0","0","0","0","2","0","2","03","04","","N","","","","","","","","","",""
"2023031602","0630","0","0","0","0","0","0","0","0","0","4","0","","02","3","2023","3","40.458431","-80.186994","0626","11","0","0","0","0","0","0","0","0","","0","0","0","","","1","","5","","40 27:30.353","3","2","80 11:13.177","3","0","0","0","2213","0","0","0","N","0","0","0","2","02213","0","","1.0","730.0","1","N","N","N","1","","1","0","1","","2","Y","","2","1","0","0","0","0","0","2","0","2","03","","","N","","","","","","","","","",""
"2023032151","1013","0","0","0","0","0","0","0","0","0","5","0","","02","4","2023","2","40.417833","-80.025278","0958","11","0","0","0","0","0","1","0","0","","0","0","0","","","0","N","0","","40 25:04.200","","0","80 01:31.000","0","0","0","0","2301","0","0","0","N","0","0","0","1","02301","0","","6.0","","1","N","N","N","1","","0","0","1","","0","","","2","0","0","0","0","0","0","2","0","2","03","04","","N","","","","","","","","","",""
"2023062347","1501","1","0","0","0","0","0","0","0","0","5","0","","02","7","2023","5","40.313755","-80.089712","1457","11","0","1","0","0","0","0","0","1","","0","0","0","","","0","","1","","40 18:49.517","","0","80 05:22.963","0","0","0","0","2123","0","0","0","N","0","0","0","7","02123","0","","1.0","","1","N","N","N","0","","0","0","2","","2","","","3","0","0","0","0","0","0","2","0","3","03","","","N","","","","","","","","","",""
"2023029831","0043","1","0","0","0","0","0","0","0","0","7","0","","02","1","2023","7","40.425819","-79.912107","0043","11","0","0","0","0","0","0","0","0","","0","0","0","","","0","N","0","","40 25:32.950","","0","79 54:43.586","9","0","0","0","2301","0","0","0","N","0","0","0","1","68B03","0","","2.0","","1","N","N","N","0","","0","0","0","","0","","","1","0","0","0","0","0","1","2","0","1","03","","","N","","","","","","","","","",""
"2023029375","1913","1","0","0","0","0","0","0","0","0","1","0","","02","4","2023","1","40.343879","-79.971283","1910","11","0","0","0","0","0","1","0","0","","0","0","0","","","0","N","0","","40 20:37.966","3","0","79 58:16.620","0","0","0","0","2403","0","0","0","N","0","0","0","2","02403","0","","1.0","1940.0","1","N","N","N","0","","0","0","1","","0","Y","","2","0","0","0","0","0","0","2","0","2","03","03","","N","","","","","","","","","",""