"CRN","ARRIVAL_TM","AUTOMOBILE_COUNT","BELTED_DEATH_COUNT","BELTED_SUSP_SERIOUS_INJ_COUNT","BICYCLE_COUNT","BICYCLE_DEATH_COUNT","BICYCLE_SUSP_SERIOUS_INJ_COUNT","BUS_COUNT","CHLDPAS_DEATH_COUNT","CHLDPAS_SUSP_SERIOUS_INJ_COUNT","COLLISION_TYPE","COMM_VEH_COUNT","CONS_ZONE_SPD_LIM","COUNTY","CRASH_MONTH","CRASH_YEAR","DAY_OF_WEEK","DEC_LATITUDE","DEC_LONGITUDE","DISPATCH_TM","DISTRICT","DRIVER_COUNT_16YR","DRIVER_COUNT_17YR","DRIVER_COUNT_18YR","DRIVER_COUNT_19YR","DRIVER_COUNT_20YR","DRIVER_COUNT_50_64YR","DRIVER_COUNT_65_74YR","DRIVER_COUNT_75PLUS","EST_HRS_CLOSED","FATAL_COUNT","HEAVY_TRUCK_COUNT","HORSE_BUGGY_COUNT","HOUR_OF_DAY","ILLUMINATION","INJURY_COUNT","INTERSECTION_RELATED","INTERSECT_TYPE","LANE_CLOSED","LATITUDE","LN_CLOSE_DIR","LOCATION_TYPE","LONGITUDE","MAX_SEVERITY_LEVEL","MCYCLE_DEATH_COUNT","MCYCLE_SUSP_SERIOUS_INJ_COUNT","MOTORCYCLE_COUNT","MUNICIPALITY","NONMOTR_COUNT","NONMOTR_DEATH_COUNT","NONMOTR_SUSP_SERIOUS_INJ_COUNT","NTFY_HIWY_MAINT","PED_COUNT","PED_DEATH_COUNT","PED_SUSP_SERIOUS_INJ_COUNT","PERSON_COUNT","POLICE_AGCY","POSSIBLE_INJ_COUNT","RDWY_SURF_TYPE_CD","RELATION_TO_ROAD","ROADWAY_CLEARED","ROAD_CONDITION","SCH_BUS_IND","SCH_ZONE_IND","SECONDARY_CRASH","SMALL_TRUCK_COUNT","SPEC_JURIS_CD","SUSP_MINOR_INJ_COUNT","SUSP_SERIOUS_INJ_COUNT","SUV_COUNT","TCD_FUNC_CD","TCD_TYPE","TFC_DETOUR_IND","TIME_OF_DAY","TOTAL_UNITS","TOT_INJ_COUNT","UNBELTED_OCC_COUNT","UNB_DEATH_COUNT","UNB_SUSP_SERIOUS_INJ_COUNT","UNK_INJ_DEG_COUNT","UNK_INJ_PER_COUNT","URBAN_RURAL","VAN_COUNT","VEHICLE_COUNT","WEATHER1","WEATHER2","WORKERS_PRES","WORK_ZONE_IND","WORK_ZONE_LOC","WORK_ZONE_TYPE","WZ_CLOSE_DETOUR","WZ_FLAGGER","WZ_LAW_OFFCR_IND","WZ_LN_CLOSURE","WZ_MOVING","WZ_OTHER","WZ_SHLDER_MDN","WZ_WORKERS_INJ_KILLED"
"2023032427","0733","2","0","0","0","0","0","0","0","0","5","2","","02","3","2023","6","40.380166","-80.097421","0729","11","0","0","0","0","0","0","0","0","","0","2","0","","","0","N","0","","40 22:48.599","","3","80 05:50.714","0","0","0","0","2102","0","0","0","N","0","0","0","4","68B03","0","","1.0","","9","N","N","N","0","","0","0","0","","0","","","4","0","0","0","0","0","0","2","0","4","07","","","N","","","","","","","","","",""
"2023062307","0919","0","0","0","0","0","0","0","0","0","7","0","","02","7","2023","6","40.369284","-79.842772","0916","11","0","0","0","0","0","0","0","0","","0","0","0","","","0","","2","","40 22:09.422","","0","79 50:33.978","0","0","0","0","2303","0","0","0","N","0","0","0","1","02303","0","","1.0","","1","N","N","N","0","","0","0","1","","0","","","1","0","0","0","0","0","0","2","0","1","03","","","N","","","","","","","","","",""
"2023047301","1623","1","0","0","0","0","0","0","0","0","4","0","","02","5","2023","2","40.464716","-79.979631","1608","11","0","0","0","0","0","0","0","0","","0","0","0","","","0","","1","","40 27:52.978","1","8","79 58:46.670","0","0","0","0","2301","0","0","0","N","0","0","0","3","02301","0","","1.0","1645.0","1","N","N","N","0","","0","0","1","","2","N","","2","0","0","0","0","0","0","2","0","2","03","03","","N","","","","","","","","","",""
"2023050889","0215","1","0","0","0","0","0","0","0","0","6","0","","02","5","2023","4","40.401241","-79.901803","0207","11","0","0","0","0","0","0","0","0","","0","0","0","","","0","N","0","","40 24:04.468","6","0","79 54:06.490","0","0","0","0","2438","0","0","0","N","0","0","0","2","02438","0","","6.0","237.0","1","N","N","N","0","","0","0","1","","0","N","","2","0","0","0","0","0","0","2","0","2","03","03","","N","","","","","","","","","",""
"2023016323","1448","1","0","0","0","0","0","0","0","0","4","0","","02","2","2023","4","40.499693","-79.980146","1443","11","0","0","0","0","1","0","0","0","","0","0","0","","","0","","3","","40 29:58.896","5","0","79 58:48.526","0","0","0","0","2118","0","0","0","N","0","0","0","3","02118","0","","1.0","25.0","1","N","N","N","0","","0","0","0","","3","Y","","2","0","0","0","0","0","0","2","1","2","03","","","N","","","","","","","","","",""
"2023047486","1610","1","0","0","0","0","0","0","0","0","1","0","","02","5","2023","3","40.228853","-79.855304","1610","11","0","0","0","0","0","0","0","0","","0","0","0","","","0","Y","0","","40 13:43.872","2","0","79 51:19.094","0","0","0","0","2105","0","0","0","N","0","0","0","2","02105","0","","1.0","1651.0","1","N","N","N","1","","0","0","0","","0","N","","2","0","0","0","0","0","0","1","0","2","03","03","","N","","","","","","","","","",""
"2023015790","0824","2","0","0","0","0","0","0","0","0","4","0","","02","2","2023","6","40.527897","-80.017685","0817","11","0","0","0","0","0","0","0","0","","0","0","0","","","0","","2","","40 31:40.430","2","0","80 01:03.667","0","0","0","0","2116","0","0","0","N","0","0","0","3","02116","0","","1.0","830.0","1","N","N","N","0","","0","0","0","","3","N","","2","0","0","0","0","0","0","2","0","2","04","","","N","","","","","","","","","",""
"2023015871","1704","0","0","0","0","0","0","0","0","0","1","0","","02","2","2023","6","40.448739","-79.961524","1657","11","0","0","0","0","0","0","0","1","","0","0","0","","","0","","1","","40 26:55.461","","0","79 57:41.487","0","0","0","0","2301","0","0","0","N","0","0","0","2","02301","0","","1.0","","1","N","N","N","0","","0","0","1","","0","","","2","0","0","0","0","0","0","2","1","2","03","","","N","","","","","","","","","",""
"2023033306","1133","2","0","0","0","0","0","0","0","0","1","0","","02","4","2023","1","40.463714","-79.999872","1125","11","0","0","1","0","0","0","0","0","","0","0","0","","","1","N","0","","40 27:49.369","2","0","79 59:59.540","3","0","0","0","2301","0","0","0","N","0","0","0","3","68B03","0","","1.0","1200.0","1","N","N","N","0","","1","0","0","","0","N","","2","1","0","0","0","0","1","2","0","2","03","","","N","","","","","","","","","",""
"2023023118","1314","0","0","0","0","0","0","0","0","0","7","0","45","02","2","2023","4","40.58733","-80.099818","1314","11","0","0","0","0","0","0","0","0","","0","0","0","","","1","N","0","","40 35:14.388","2","0","80 05:59.343","8","0","0","0","2481","0","0","0","N","0","0","0","1","68B03","0","","2.0","1346.0","9","N","N","N","0","","0","0","1","","0","N","","1","1","0","0","0","1","0","2","0","1","07","07","Y","Y","2","1","N","N","Y","Y","N","N","Y","N"
"2023051803","1533","1","0","0","0","0","0","0","0","0","4","0","","02","6","2023","1","40.497264","-80.054379","1531","11","0","0","0","0","0","0","0","0","","0","0","0","","","0","","1","","40 29:50.151","1","0","80 03:15.763","0","0","0","0","2404","0","0","0","N","0","0","0","3","02404","0","","1.0","1558.0","1","N","N","N","0","","0","0","1","","2","Y","","2","0","0","0","0","0","0","2","0","2","03","03","","N","","","","","","","","","",""
"2023050694","1233","2","0","0","0","0","0","0","0","0","6","0","","02","6","2023","4","40.480895","-79.935969","1228","11","0","0","0","0","0","1","0","0","","0","0","0","","","2","N","0","","40 28:51.222","","0","79 56:09.489","3","0","0","0","2301","0","0","0","N","0","0","0","2","02301","0","","6.0","","1","N","N","N","0","","2","0","0","","0","","","2","2","0","0","0","0","0","2","0","2","03","","","N","","","","","","","","","",""
"2023045254","1018","1","0","0","0","0","0","0","0","0","7","0","","02","5","2023","2","40.434481","-79.989776","1013","11","0","0","0","1","0","0","0","0","","0","0","0","","","0","","1","","40 26:04.130","3","4","79 59:23.194","0","0","0","0","2301","0","0","0","N","0","0","0","4","02301","0","","2.0","1045.0","1","N","N","N","0","","0","0","0","","2","Y","","1","0","0","0","0","0","0","2","0","1","03","03","","N","","","","","","","","","",""
"2023059384","1858","0","0","0","0","0","0","0","0","0","7","0","","02","7","2023","4","40.501921","-80.071951","1856","11","0","0","0","0","0","0","0","0","","0","0","0","","","0","N","0","","40 30:06.914","","0","80 04:19.023","0","0","0","0","2402","0","0","0","N","0","0","0","3","02402","0","","5.0","","1","N","N","N","0","","0","0","1","","0","","","1","0","0","0","0","0","0","2","0","1","03","03","","N","","","","","","","","","",""
"2023049874","0237","1","0","0","0","0","0","0","0","0","7","0","","02","5","2023","7","40.444648","-80.02893","0237","11","0","0","0","0","0","0","0","0","","0","0","0","","","0","","3","","40 26:40.732","","0","80 01:44.147","0","0","0","0","2301","0","0","0","N","0","0","0","1","02301","0","","3.0","","1","N","N","N","0","","0","0","0","","3","","","1","0","0","0","0","0","0","2","0","1","03","03","","N","","","","","","","","","",""
"2023016996","1611","2","0","0","0","0","0","0","0","0","1","0","","02","2","2023","3","40.455119","-80.008621","1607","11","0","0","0","0","0","0","1","1","","0","0","0","","","1","","1","","40 27:18.427","","0","80 00:31.037","8","0","0","0","2301","0","0","0","N","0","0","0","4","02301","0","","1.0","","1","N","N","N","1","","0","0","0","","0","","","3","1","0","0","0","1","0","2","0","3","03","03","","N","","","","","","","","","",""
"2023024985","1909","1","0","0","0","0","0","0","0","0","7","0","","02","3","2023","7","40.448028","-80.050861","1851","11","0","0","0","0","0","0","0","0","","0","0","0","","","0","N","0","","40 26:52.900","","7","80 03:03.100","0","0","0","0","2301","0","0","0","N","0","0","0","3","02301","0","","4.0","","1","N","N","N","0","","0","0","0","","0","","","1","0","0","0","0","0","0","2","0","1","03","03","","N","","","","","","","","","",""
"2023050316","0906","2","0","0","0","0","0","0","0","0","4","0","","02","6","2023","3","40.348259","-79.947345","0904","11","0","0","0","0","0","0","0","0","","0","0","0","","","0","","2","","40 20:53.731","2","7","79 56:50.441","0","0","0","0","2473","0","0","0","N","0","0","0","2","02473","0","","1.0","945.0","1","N","N","N","0","","0","0","0","","2","Y","","2","0","0","0","0","0","0","2","0","2","03","03","","N","","","","","","","","","",""
"2023051130","0559","1","0","0","0","0","0","0","0","0","7","0","","02","6","2023","6","40.478745","-79.913354","0549","11","0","0","0","0","0","0","0","0","","0","0","0","","","0","","2","","40 28:43.482","","0","79 54:48.075","9","0","0","0","2301","0","0","0","N","0","0","0","1","02301","0","","4.0","","1","N","N","N","0","","0","0","0","","0","","","1","0","0","0","0","0","1","2","0","1","03","03","","N","","","","","","","","","",""
"2023060289","2035","0","0","0","0","0","0","0","0","0","7","0","","02","4","2023","1","40.590118","-80.097565","2027","11","0","0","0","0","0","1","0","0","","0","0","0","","","0","N","0","","40 35:24.424","","0","80 05:51.233","0","0","0","0","2481","0","0","0","N","0","0","0","1","68B03","0","","4.0","","9","N","N","N","1","","0","0","0","","0","","","1","0","0","0","0","0","0","2","0","1","07","07","","N","","","","","","","","","",""
"2023049469","0211","1","0","0","0","0","0","0","0","0","4","0","","02","6","2023","2","40.449828","-79.929641","0209","11","0","0","0","0","0","0","1","0","","0","0","0","","","1","","1","","40 26:59.380","","0","79 55:46.709","8","0","0","0","2301","0","0","0","N","0","0","0","2","02301","0","","1.0","","1","N","N","N","0","","0","0","1","","2","","","2","1","0","0","0","1","1","2","0","2","03","03","","N","","","","","","","","","",""
"2023052589","1430","2","0","0","0","0","0","0","0","0","4","0","","02","6","2023","2","40.519278","-80.218154","1420","11","0","0","0","0","0","1","1","0","","0","0","0","","","1","N","0","","40 31:09.400","","7","80 13:05.353","3","0","0","0","2213","0","0","0","N","0","0","0","2","02213","0","","1.0","","1","N","N","N","0","","1","0","0","","0","","","2","1","0","0","0","0","0","2","0","2","04","","","N","","","","","","","","","",""
"2023053147","0005","1","0","0","0","0","0","0","0","0","4","0","","02","6","2023","7","40.44198","-79.962825","2358","11","0","0","0","0","0","1","0","0","","0","0","0","","","1","","1","","40 26:31.129","","0","79 57:46.171","4","0","0","0","2301","0","0","0","N","0","0","0","2","02301","1","","1.0","","1","N","N","Y","1","","0","0","0","","1","","","2","1","0","0","0","0","0","2","0","2","03","03","","N","","","","","","","","","",""
"2023024783","1738","0","0","0","0","0","0","0","0","0","7","0","","02","3","2023","6","40.549274","-79.840126","1735","11","0","0","0","0","0","0","0","0","","0","0","0","","","0","N","0","","40 32:57.386","","0","79 50:24.453","0","0","0","0","2208","0","0","0","N","0","0","0","2","02208","0","","4.0","","9","N","N","N","1","","0","0","0","","0","","","1","0","0","0","0","0","0","2","0","1","07","","","N","","","","","","","","","",""
"2023027070","1508","1","0","0","0","0","0","0","0","0","7","0","","02","3","2023","7","40.493761","-79.975644","1459","11","0","0","0","0","0","0","0","0","","0","0","0","","","0","N","0","","40 29:37.540","5","0","79 58:32.320","0","0","0","0","2118","0","0","0","N","0","0","0","1","02118","0","","4.0","1532.0","1","N","N","N","0","","0","0","0","","0","N","","1","0","0","0","0","0","0","2","0","1","03","","","N","","","","","","","","","",""
"2023038880","1000","0","0","0","0","0","0","0","0","0","4","0","","02","5","2023","3","40.413464","-80.042733","0950","11","0","0","0","0","0","2","0","0","","0","0","0","","","1","","1","","40 24:48.470","2","0","80 02:33.838","8","0","0","0","2301","0","0","0","N","0","0","0","3","02301","0","","1.0","1030.0","9","N","N","N","1","","0","0","1","","3","N","","2","1","0","0","0","1","0","2","0","2","07","04","","N","","","","","","","","","",""
"2023044334","0203","0","0","0","0","0","0","0","0","0","4","0","","02","5","2023","3","40.292203","-79.881822","0200","11","0","0","0","0","0","0","0","0","","0","0","0","","","0","","1","","40 17:31.931","3","0","79 52:54.559","9","0","0","0","2302","0","0","0","N","0","0","0","2","02302","0","","1.0","230.0","1","N","N","N","0","","0","0","1","","0","N","","2","0","0","0","0","0","1","2","0","2","03","03","","N","","","","","","","","","",""
"2023042739","1644","0","0","0","0","0","0","0","0","0","4","0","","02","5","2023","1","40.440688","-80.018894","1642","11","0","0","0","0","0","1","0","0","","0","0","0","","","1","N","0","","40 26:26.477","","0","80 01:08.018","3","0","0","0","2301","0","0","0","N","0","0","0","4","02301","0","","1.0","","1","N","N","N","0","","1","0","1","","0","","","2","1","0","0","0","0","0","2","1","2","03","","","N","","","","","","","","","",""
"2023041041","0248","1","0","0","0","0","0","0","0","0","4","0","","02","5","2023","7","40.458189","-79.888504","0237","11","0","0","0","0","0","0","0","0","","0","0","0","","","0","N","0","","40 27:29.481","","0","79 53:18.613","0","0","0","0","2301","0","0","0","N","0","0","0","1","02301","0","","6.0","","1","N","N","N","0","","0","0","1","","0","","","2","0","0","0","0","0","0","2","0","2","03","","","N","","","","","","","","","",""
"2023049357","1552","0","0","0","0","0","0","0","0","0","7","0","","02","6","2023","1","40.464779","-79.799685","1552","11","0","0","0","0","0","0","1","0","","0","0","0","","","1","N","0","","40 27:53.205","6","0","79 47:58.866","3","0","0","0","2113","0","0","0","N","0","0","0","1","02113","0","","4.0","1622.0","1","N","N","N","0","","1","0","1","","0","Y","","1","1","0","0","0","0","0","2","0","1","03","03","","N","","","","","","","","","",""
"2023050081","1120","0","0","0","0","0","0","0","0","0","2","0","","02","6","2023","3","40.581691","-79.956115","1118","11","0","0","1","0","0","1","0","0","","0","0","0","","","3","N","0","","40 34:54.087","1","0","79 57:22.013","8","0","0","0","2207","0","0","0","N","0","0","0","9","02207","0","","1.0","1209.0","1","N","N","N","1","","0","0","1","","0","N","","2","3","0","0","0","3","0","2","0","2","04","","","N","","","","","","","","","",""
"2023066340","2221","2","0","0","0","0","0","0","0","0","4","0","","02","7","2023","4","40.449456","-80.107355","2216","11","0","0","0","0","0","0","0","0","","0","0","0","","","0","","1","","40 26:58.043","","0","80 06:26.477","0","0","0","0","2115","0","0","0","N","0","0","0","2","02115","0","","1.0","","1","N","N","N","0","","0","0","0","","2","","","2","0","0","0","0","0","0","2","0","2","03","03","","N","","","","","","","","","",""
"2023067703","0522","1","0","0","0","0","0","0","0","0","1","0","","02","7","2023","7","40.436701","-80.148324","0521","11","0","0","0","0","0","1","0","0","","0","0","0","","","2","N","0","","40 26:12.125","4","0","80 08:53.965","3","0","0","0","2115","0","0","0","N","0","0","0","2","68B03","0","","1.0","630.0","1","N","N","N","0","","2","0","1","","0","N","","2","2","0","0","0","0","0","2","0","2","03","03","","N","","","","","","","","","",""
"2023032929","1410","2","0","0","0","0","0","0","0","0","6","0","","02","4","2023","6","40.468673","-79.860206","1357","11","0","0","0","0","0","2","0","0","","0","0","0","","","0","N","0","","40 28:07.224","6","0","79 51:36.743","0","0","0","0","2113","0","0","0","N","0","0","0","2","02113","0","","1.0","1442.0","1","N","N","N","0","","0","0","0","","0","N","","2","0","0","0","0","0","0","2","0","2","03","03","","N","","","","","","","","","",""
"2023048989","0833","2","0","0","0","0","0","0","0","0","2","0","","02","5","2023","3","40.322194","-80.056713","0830","11","0","0","0","0","0","0","1","1","","0","0","0","","","1","","1","","40 19:19.900","","0","80 03:24.166","8","0","0","0","2407","0","0","0","N","0","0","0","2","02407","0","","1.0","","1","N","N","N","0","","0","0","0","","0","","","2","1","0","0","0","1","0","2","0","2","03","","","N","","","","","","","","","",""
"2023053470","1554","1","0","0","0","0","0","0","0","0","4","1","","02","6","2023","4","40.427624","-79.983456","1554","11","0","0","0","0","0","1","0","0","","0","0","0","","","0","","1","","40 25:39.445","3","0","79 59:00.442","0","0","0","0","2301","0","0","0","N","0","0","0","3","02301","0","","1.0","1629.0","1","N","N","N","1","","0","0","0","","0","Y","","3","0","0","0","0","0","0","2","1","3","03","03","","N","","","","","","","","","",""
"2023057443","0707","0","0","0","0","0","0","0","0","0","4","0","","02","6","2023","4","40.471983","-80.221148","0704","11","0","0","0","0","0","1","1","0","","0","0","0","","","1","","1","","40 28:19.137","2","0","80 13:16.132","4","0","0","0","2213","0","0","0","N","0","0","0","4","02213","1","","1.0","100.0","1","N","N","N","0","","0","0","2","","2","N","","2","1","0","0","0","0","0","2","0","2","03","03","","N","","","","","","","","","",""
"2023043735","1033","1","0","0","0","0","0","0","0","0","6","0","","02","5","2023","1","40.408722","-79.866599","1002","11","0","0","0","0","0","1","1","0","","0","0","0","","","2","N","0","","40 24:31.400","5","1","79 51:59.755","3","0","0","0","2449","0","0","0","N","0","0","0","3","68B03","0","","1.0","1100.0","1","N","N","N","0","","2","0","1","","0","Y","","2","2","0","0","0","0","0","2","0","2","03","","","N","","","","","","","","","",""
"2023043644","0403","1","0","0","0","0","0","0","0","0","7","0","","02","5","2023","3","40.474482","-80.075742","0356","11","0","0","0","0","1","0","0","0","","0","0","0","","","1","","1","","40 28:28.134","7","0","80 04:32.671","2","0","0","0","2122","0","0","0","N","0","0","0","1","02122","0","","4.0","442.0","1","N","N","N","0","","0","1","0","","0","N","","1","1","1","0","1","0","0","2","0","1","03","","","N","","","","","","","","","",""
"2023032958","1542","0","0","0","0","0","0","0","0","0","7","0","","02","4","2023","6","40.409243","-79.899516","1542","11","0","0","0","0","0","1","0","0","","0","0","0","","","0","","2","","40 24:33.276","7","0","79 53:58.259","0","0","0","0","2448","0","0","0","N","0","0","0","1","02448","0","","4.0","1633.0","1","N","N","N","0","","0","0","1","","0","Y","","1","0","0","0","0","0","0","2","0","1","03","03","","N","","","","","","","","","",""
"2023041490","2130","1","0","0","0","0","0","0","0","0","1","0","","02","4","2023","7","40.500024","-80.219302","2125","11","0","0","0","0","0","1","0","0","","0","0","0","","","0","","1","","40 30:00.088","4","0","80 13:09.486","0","0","0","0","2213","0","0","0","N","0","0","0","4","02213","0","","1.0","2220.0","1","N","N","N","0","","0","0","1","","2","N","","2","0","0","0","0","0","0","2","0","2","03","","","N","","","","","","","","","",""
"2023042626","1957","1","0","0","0","0","0","0","0","0","1","0","","02","5","2023","7","40.474464","-79.9714","1954","11","0","0","0","0","0","1","0","0","","0","0","0","","","0","","2","","40 28:28.069","","8","79 58:17.039","0","0","0","0","2445","0","0","0","N","0","0","0","3","02445","0","","1.0","","1","N","N","N","0","","0","0","1","","2","","","3","0","0","0","0","0","0","2","1","3","03","03","","N","","","","","","","","","",""
"2023041997","1610","0","0","0","0","0","0","0","0","0","7","0","","02","5","2023","5","40.385071","-79.802952","1607","11","0","0","0","0","0","0","0","0","","0","0","0","","","0","Y","0","","40 23:06.257","1","0","79 48:10.628","0","0","0","0","2424","0","0","0","N","0","0","0","1","02424","0","","4.0","1650.0","1","N","N","N","0","","0","0","1","","0","N","","1","0","0","0","0","0","0","2","0","1","03","","","N","","","","","","","","","",""
"2023061606","1141","0","0","0","0","0","0","0","0","0","7","0","","02","7","2023","4","40.285399","-80.023701","1137","11","0","0","0","0","0","0","0","0","","0","0","0","","","1","N","0","","40 17:07.436","","0","80 01:25.324","3","0","0","0","2219","0","0","0","N","0","0","0","1","02219","0","","5.0","","1","N","N","N","1","","1","0","0","","2","","","1","1","0","0","0","0","0","2","0","1","03","","","N","","","","","","","","","",""
"2023062852","0833","0","0","0","0","0","0","0","0","0","5","1","","02","6","2023","5","40.478449","-79.967499","0830","11","0","0","0","0","0","1","0","0","","0","1","0","","","2","N","0","","40 28:42.416","1","0","79 58:02.997","8","0","0","0","2118","0","0","0","N","0","0","0","3","02118","0","","1.0","904.0","1","N","N","N","0","","0","0","1","","0","Y","","2","2","0","0","0","2","0","2","0","2","03","03","","N","","","","","","","","","",""
"2023029372","0308","0","0","0","0","0","0","0","0","0","7","0","","02","4","2023","7","40.49054","-79.868961","0308","11","0","0","0","0","0","0","0","0","","0","0","0","","","0","","2","","40 29:25.945","","0","79 52:08.261","0","0","0","0","2112","0","0","0","N","0","0","0","1","02112","0","","4.0","","9","N","N","N","0","","0","0","1","","0","","","1","0","0","0","0","0","0","2","0","1","07","","","N","","","","","","","","","",""
"2023054975","1725","0","0","0","0","0","0","0","0","0","1","0","","02","6","2023","2","40.368699","-79.781424","1720","11","0","0","1","0","0","0","0","0","","0","0","0","","","0","N","0","","40 22:07.316","4","0","79 46:53.125","0","0","0","0","2111","0","0","0","N","0","0","0","3","02111","0","","1.0","1800.0","1","","","N","2","","0","0","0","","0","N","","2","0","0","0","0","0","0","2","0","2","03","03","","N","","","","","","","","","",""
"2023057310","0012","0","0","0","0","0","0","0","0","0","1","0","","02","6","2023","6","40.445019","-80.009561","0002","11","0","0","0","0","0","0","0","0","","0","0","0","","","0","N","0","","40 26:42.069","2","3","80 00:34.419","0","0","0","0","2301","0","0","0","N","0","0","0","2","68B03","0","","1.0","41.0","9","N","N","N","1","","0","0","1","","0","N","","2","0","0","0","0","0","0","2","0","2","03","07","","N","","","","","","","","","",""
"2023012021","2035","1","0","0","0","0","0","0","0","0","4","0","","02","2","2023","7","40.417404","-80.000411","2032","11","0","0","0","0","0","0","0","0","","0","0","0","","","0","","1","","40 25:02.654","","0","80 00:01.479","9","0","0","0","2301","0","0","0","N","0","0","0","2","02301","0","","1.0","","1","N","N","N","0","","0","0","1","","0","","","2","0","1","0","0","0","1","2","0","2","03","98","","N","","","","","","","","","",""
"2023028693","0659","0","0","0","0","0","0","0","0","0","7","0","","02","3","2023","2","40.322361","-79.918675","0649","11","0","0","0","0","0","0","0","0","","0","0","0","","","1","N","0","","40 19:20.501","4","0","79 55:07.231","3","0","0","0","2440","0","0","0","N","0","0","0","1","02440","0","","4.0","742.0","1","N","N","N","0","","1","0","1","","0","N","","1","1","0","0","0","0","0","2","0","1","03","","","N","","","","","","","","","",""
"2023057442","1445","1","0","0","0","0","0","0","0","0","0","0","","02","6","2023","7","40.516583","-80.221015","1433","11","0","0","0","0","1","0","0","0","","0","0","0","","","0","N","0","","40 30:59.700","","7","80 13:15.654","0","0","0","0","2213","0","0","0","N","0","0","0","1","02213","0","","5.0","","1","N","N","N","0","","0","0","1","","0","","","2","0","0","0","0","0","0","2","0","2","04","","","N","","","","","","","","","",""
"2023044732","1947","0","0","0","0","0","0","0","0","0","7","0","","02","5","2023","1","40.438753","-79.75289","1945","11","0","0","0","0","0","0","1","0","","0","0","0","","","1","","3","","40 26:19.511","3","0","79 45:10.405","2","0","1","1","2446","0","0","0","N","0","0","0","2","02446","0","","3.0","2020.0","1","N","N","N","0","","0","1","1","","0","Y","","2","1","0","0","0","0","0","2","0","2","03","03","","N","","","","","","","","","",""
"2023041372","1918","1","0","0","0","0","0","0","0","0","4","0","","02","4","2023","5","40.436833","-79.774222","1915","11","0","0","0","0","0","1","0","0","","0","0","0","","","1","N","0","","40 26:12.600","4","0","79 46:27.200","3","0","0","1","2446","0","0","0","N","0","0","0","2","02446","0","","1.0","1940.0","1","N","N","N","0","","1","0","0","","0","N","","2","1","0","0","0","0","0","2","0","2","03","","","N","","","","","","","","","",""
"2023056049","2052","1","0","0","0","0","0","0","0","0","4","0","","02","6","2023","3","40.382984","-79.85741","2052","11","0","0","0","0","0","1","0","0","","0","0","0","","","1","","1","","40 22:58.744","6","0","79 51:26.676","3","0","0","0","2303","0","0","0","N","0","0","0","3","02303","0","","1.0","2124.0","1","N","N","N","0","","1","0","1","","2","N","","2","1","0","0","0","0","0","2","0","2","03","03","","N","","","","","","","","","",""
"2023041179","1357","0","0","0","0","0","0","0","0","0","4","0","","02","5","2023","2","40.667333","-80.096472","1353","11","0","0","0","1","0","0","0","1","","0","0","0","","","2","","2","","40 40:02.400","","0","80 05:47.300","2","0","1","1","2212","0","0","0","N","0","0","0","3","02505","1","","1.0","","1","N","N","N","0","","0","1","1","","2","","","2","2","0","0","0","0","0","2","0","2","03","","","N","","","","","","","","","",""
"2023064112","2335","0","0","0","0","0","0","0","0","0","0","0","","02","7","2023","3","40.499107","-80.120693","2330","11","0","0","0","0","0","1","0","0","","0","0","0","","","0","N","0","","40 29:56.785","","0","80 07:14.493","0","0","0","0","2115","0","0","0","N","0","0","0","1","68B03","0","","1.0","","1","N","N","N","0","","0","0","1","","0","","","1","0","0","0","0","0","0","2","0","1","03","","","N","","","","","","","","","",""
"2023045579","0310","1","0","0","0","0","0","0","0","0","7","0","","02","5","2023","7","40.462047","-80.019358","0308","11","0","0","0","0","0","0","0","0","","0","0","0","","","0","N","0","","40 27:43.368","","0","80 01:09.689","9","0","0","0","2301","0","0","0","N","0","0","0","1","02301","0","","4.0","","1","N","N","N","0","","0","0","0","","0","","","1","0","0","0","0","0","1","2","0","1","03","03","","N","","","","","","","","","",""
"2023043174","0901","0","0","0","0","0","0","0","0","0","98","0","","02","5","2023","6","40.329542","-80.158061","0901","11","0","0","0","0","0","0","1","0","","0","0","0","","","0","N","0","","40 19:46.350","","0","80 09:29.021","0","0","0","0","2119","0","0","0","N","0","0","0","1","68T09","0","","1.0","","1","N","N","N","0","","0","0","1","","0","","","1","0","0","0","0","0","0","2","0","1","03","","","N","","","","","","","","","",""
"2023063489","1608","0","0","0","0","0","0","0","0","0","7","0","","02","7","2023","3","40.378782","-79.989633","1606","11","0","0","0","0","0","1","0","0","","0","0","0","","","0","","3","","40 22:43.615","","0","79 59:22.678","0","0","0","0","2301","0","0","0","N","0","0","0","1","02301","0","","5.0","","1","N","N","N","0","","0","0","1","","0","","","1","0","0","0","0","0","0","2","0","1","03","","","N","","","","","","","","","",""
"2023020271","1348","1","0","0","0","0","0","0","0","0","4","0","","02","3","2023","6","40.46019","-79.969285","1338","11","0","0","0","0","1","1","0","0","","0","0","0","","","0","","1","","40 27:36.685","","0","79 58:09.426","0","0","0","0","2301","0","0","0","N","0","0","0","2","02301","0","","1.0","","9","N","N","N","0","","0","0","1","","0","","","2","0","0","0","0","0","0","2","0","2","07","","","N","","","","","","","","","",""