"CRN","ARRIVAL_TM","AUTOMOBILE_COUNT","BELTED_DEATH_COUNT","BELTED_SUSP_SERIOUS_INJ_COUNT","BICYCLE_COUNT","BICYCLE_DEATH_COUNT","BICYCLE_SUSP_SERIOUS_INJ_COUNT","BUS_COUNT","CHLDPAS_DEATH_COUNT","CHLDPAS_SUSP_SERIOUS_INJ_COUNT","COLLISION_TYPE","COMM_VEH_COUNT","CONS_ZONE_SPD_LIM","COUNTY","CRASH_MONTH","CRASH_YEAR","DAY_OF_WEEK","DEC_LATITUDE","DEC_LONGITUDE","DISPATCH_TM","DISTRICT","DRIVER_COUNT_16YR","DRIVER_COUNT_17YR","DRIVER_COUNT_18YR","DRIVER_COUNT_19YR","DRIVER_COUNT_20YR","DRIVER_COUNT_50_64YR","DRIVER_COUNT_65_74YR","DRIVER_COUNT_75PLUS","EST_HRS_CLOSED","FATAL_COUNT","HEAVY_TRUCK_COUNT","HORSE_BUGGY_COUNT","HOUR_OF_DAY","ILLUMINATION","INJURY_COUNT","INTERSECTION_RELATED","INTERSECT_TYPE","LANE_CLOSED","LATITUDE","LN_CLOSE_DIR","LOCATION_TYPE","LONGITUDE","MAX_SEVERITY_LEVEL","MCYCLE_DEATH_COUNT","MCYCLE_SUSP_SERIOUS_INJ_COUNT","MOTORCYCLE_COUNT","MUNICIPALITY","NONMOTR_COUNT","NONMOTR_DEATH_COUNT","NONMOTR_SUSP_SERIOUS_INJ_COUNT","NTFY_HIWY_MAINT","PED_COUNT","PED_DEATH_COUNT","PED_SUSP_SERIOUS_INJ_COUNT","PERSON_COUNT","POLICE_AGCY","POSSIBLE_INJ_COUNT","RDWY_SURF_TYPE_CD","RELATION_TO_ROAD","ROADWAY_CLEARED","ROAD_CONDITION","SCH_BUS_IND","SCH_ZONE_IND","SECONDARY_CRASH","SMALL_TRUCK_COUNT","SPEC_JURIS_CD","SUSP_MINOR_INJ_COUNT","SUSP_SERIOUS_INJ_COUNT","SUV_COUNT","TCD_FUNC_CD","TCD_TYPE","TFC_DETOUR_IND","TIME_OF_DAY","TOTAL_UNITS","TOT_INJ_COUNT","UNBELTED_OCC_COUNT","UNB_DEATH_COUNT","UNB_SUSP_SERIOUS_INJ_COUNT","UNK_INJ_DEG_COUNT","UNK_INJ_PER_COUNT","URBAN_RURAL","VAN_COUNT","VEHICLE_COUNT","WEATHER1","WEATHER2","WORKERS_PRES","WORK_ZONE_IND","WORK_ZONE_LOC","WORK_ZONE_TYPE","WZ_CLOSE_DETOUR","WZ_FLAGGER","WZ_LAW_OFFCR_IND","WZ_LN_CLOSURE","WZ_MOVING","WZ_OTHER","WZ_SHLDER_MDN","WZ_WORKERS_INJ_KILLED"
"2023037740","0333","1","0","0","0","0","0","0","0","0","98","0","","02","4","2023","5","40.47055","-79.975218","0329","11","0","0","0","0","0","0","0","0","","0","0","0","","","0","N","0","","40 28:13.979","2","0","79 58:30.783","0","0","0","0","2445","0","0","0","N","0","0","0","1","02445","0","","1.0","505.0","1","N","N","N","0","","0","0","0","","0","N","","1","0","0","0","0","0","0","2","0","1","03","","","N","","","","","","","","","",""
"2023047889","1756","0","0","0","0","0","0","0","0","0","0","0","","02","5","2023","4","40.475197","-79.770245","1754","11","0","0","0","0","0","0","0","0","","0","0","0","","","1","","2","","40 28:30.709","","0","79 46:12.882","3","0","0","1","2466","0","0","0","N","0","0","0","1","02466","0","","1.0","","1","N","N","N","0","","1","0","0","","0","","","1","1","0","0","0","0","0","2","0","1","03","03","","N","","","","","","","","","",""
"2023037912","2138","1","0","0","0","0","0","0","0","0","7","0","","02","4","2023","6","40.61992","-80.117273","2126","11","0","0","0","0","0","0","0","0","","0","0","0","","","0","N","0","","40 37:11.712","3","0","80 07:02.184","0","0","0","0","2212","0","0","0","N","0","0","0","1","02505","0","","4.0","2222.0","9","N","N","N","0","","0","0","0","","0","N","","1","0","0","0","0","0","0","1","0","1","07","","","N","","","","","","","","","",""
"2023064140","0722","0","0","0","0","0","0","0","0","0","5","0","","02","7","2023","5","40.543556","-80.185114","0719","11","0","0","0","0","0","0","0","1","","0","0","0","","","0","N","0","","40 32:36.802","","0","80 11:06.411","0","0","0","0","2458","0","0","0","N","0","0","0","2","02458","0","","6.0","","1","N","N","N","0","","0","0","2","","0","","","2","0","0","0","0","0","0","2","0","2","03","03","","N","","","","","","","","","",""
"2023064684","1050","1","0","0","0","0","0","0","0","0","1","0","","02","7","2023","6","40.317806","-79.911056","1042","11","0","1","0","0","0","0","0","1","","0","0","0","","","0","N","0","","40 19:04.100","5","0","79 54:39.800","0","0","0","0","2440","0","0","0","N","0","0","0","4","02440","0","","1.0","1130.0","1","N","N","N","0","","0","0","1","","0","N","","2","0","0","0","0","0","0","2","0","2","03","","","N","","","","","","","","","",""
"2023037445","0759","2","0","0","0","0","0","0","0","0","4","0","","02","4","2023","6","40.377876","-80.055235","0759","11","0","0","0","0","0","1","0","0","","0","0","0","","","1","","1","","40 22:40.354","","0","80 03:18.846","3","0","0","0","2109","0","0","0","N","0","0","0","3","02109","0","","1.0","","9","N","N","N","0","","1","0","0","","3","","","2","1","0","0","0","0","0","2","0","2","07","","","N","","","","","","","","","",""
"2023048047","0103","2","0","0","0","0","0","0","0","0","4","0","","02","6","2023","5","40.484394","-80.040474","0057","11","0","0","0","0","0","0","0","0","","0","0","0","","","0","","5","","40 29:03.820","3","0","80 02:25.705","9","0","0","0","2301","0","0","0","N","0","0","0","1","02301","0","","4.0","130.0","1","N","N","N","0","","0","0","2","","1","N","","5","0","0","0","0","0","1","2","1","5","03","03","","N","","","","","","","","","",""
"2023044435","2147","1","0","0","0","0","0","0","0","0","7","0","","02","5","2023","1","40.558993","-80.196303","2144","11","0","0","0","0","0","0","0","0","","0","0","0","","","0","N","0","","40 33:32.374","4","0","80 11:46.691","0","0","0","0","2427","0","0","0","N","0","0","0","1","02427","0","","4.0","2230.0","1","N","N","N","0","","0","0","0","","0","N","","1","0","0","0","0","0","0","1","0","1","03","","","N","","","","","","","","","",""
"2023042351","2140","0","0","0","0","0","0","0","0","0","7","0","","02","5","2023","6","40.476056","-80.029936","2130","11","0","0","0","0","1","0","0","0","","0","0","0","","","1","","3","","40 28:33.801","","0","80 01:47.768","3","0","0","0","2301","0","0","0","N","0","0","0","1","02301","0","","4.0","","1","N","N","N","0","","1","0","1","","0","","","1","1","0","0","0","0","0","2","0","1","03","04","","N","","","","","","","","","",""
"2023087228","0830","0","0","0","0","0","0","0","0","0","4","0","","02","10","2023","2","40.571964","-79.998152","0754","11","0","0","0","0","0","0","0","0","","0","0","0","","","1","","1","","40 34:19.069","3","0","79 59:53.346","8","0","0","0","2108","0","0","0","N","0","0","0","2","02108","0","","1.0","830.0","1","N","N","N","0","","0","0","2","","2","N","","2","1","0","0","0","1","0","2","0","2","03","03","","N","","","","","","","","","",""
"2023044406","0930","0","0","0","0","0","0","0","0","0","1","0","","02","5","2023","5","40.348426","-79.944808","0926","11","0","0","1","0","0","1","0","0","","0","0","0","","","1","","2","","40 20:54.333","","0","79 56:41.310","8","0","0","0","2473","0","0","0","N","0","0","0","3","02473","0","","1.0","","1","N","N","N","1","","0","0","1","","4","","","2","1","0","0","0","1","0","2","0","2","03","03","","N","","","","","","","","","",""
"2023055834","1258","2","0","0","0","0","0","0","0","0","4","0","","02","6","2023","7","40.436534","-80.001032","1251","11","0","0","0","0","0","1","0","0","","0","0","0","","","0","","1","","40 26:11.521","","8","80 00:03.715","0","0","0","0","2301","0","0","0","N","0","0","0","2","02301","0","","1.0","","1","N","N","N","0","","0","0","0","","0","","","2","0","0","0","0","0","0","2","0","2","03","04","","N","","","","","","","","","",""
"2023058107","1545","1","0","0","0","0","0","0","0","0","7","0","","02","6","2023","7","40.585823","-79.778506","1519","11","0","0","1","0","0","0","0","0","","0","0","0","","","0","N","0","","40 35:08.963","","0","79 46:42.621","0","0","0","0","2104","0","0","0","N","0","0","0","1","68D02","0","","4.0","","8","N","N","N","0","","0","0","0","","0","","","1","0","0","0","0","0","0","1","0","1","07","07","","N","","","","","","","","","",""
"2023056914","0046","0","0","0","0","0","0","0","0","0","7","0","","02","6","2023","1","40.493613","-79.909439","0041","11","0","0","0","0","0","0","0","0","","0","0","0","","","0","","7","","40 29:37.005","3","8","79 54:33.982","0","0","0","0","2112","0","0","0","N","0","0","0","1","02112","0","","3.0","120.0","1","N","N","N","0","","0","0","1","","0","N","","1","0","0","0","0","0","0","2","0","1","03","","","N","","","","","","","","","",""
"2023051864","2357","1","0","0","0","0","0","0","0","0","4","0","","02","6","2023","1","40.445668","-79.981844","2349","11","0","0","0","0","0","0","0","0","","0","0","0","","","0","","1","","40 26:44.404","","0","79 58:54.638","0","0","0","0","2301","0","0","0","N","0","0","0","4","02301","0","","1.0","","1","N","N","N","0","","0","0","1","","3","","","2","0","0","0","0","0","0","2","0","2","03","","","N","","","","","","","","","",""
"2023075077","0310","0","0","0","0","0","0","0","0","0","7","0","","02","8","2023","6","40.435507","-80.012718","0257","11","0","0","0","0","0","0","0","0","","0","0","0","","","0","N","0","","40 26:07.825","","0","80 00:45.785","0","0","0","0","2301","0","0","0","N","0","0","0","2","02301","0","","5.0","","9","N","N","N","0","","0","0","1","","2","","","1","0","0","0","0","0","0","2","0","1","07","","","N","","","","","","","","","",""
"2023081621","0026","0","0","0","0","0","0","0","0","0","7","0","","02","8","2023","5","40.582839","-80.098263","2335","11","0","0","0","0","1","0","0","0","","0","0","0","","","0","N","0","","40 34:58.220","","0","80 05:53.745","0","0","0","0","2481","0","0","0","Y","0","0","0","1","68B03","0","","3.0","","9","N","N","N","0","","0","0","1","","0","","","1","0","0","0","0","0","0","2","0","1","07","07","","N","","","","","","","","","",""
"2023087820","1550","1","0","0","0","0","0","0","0","0","7","0","","02","8","2023","2","40.535571","-80.272415","1505","11","0","0","0","0","0","0","0","0","","0","0","0","","","1","N","0","","40 32:08.057","3","0","80 16:20.693","3","0","0","0","2203","0","0","0","Y","0","0","0","1","68B03","0","","2.0","1711.0","9","N","N","N","0","","1","0","0","","0","N","","1","1","0","0","0","0","0","2","0","1","07","07","","N","","","","","","","","","",""
"2023077750","1353","1","0","0","0","0","0","0","0","0","5","0","","02","6","2023","4","40.338349","-80.132206","1335","11","0","0","0","0","0","0","0","1","","0","0","0","","","1","N","0","","40 20:18.058","1","0","80 07:55.940","8","0","0","0","2119","0","0","0","N","0","0","0","2","68B03","0","","1.0","1500.0","1","N","N","N","0","","0","0","1","","0","N","","2","1","0","0","0","1","1","2","0","2","03","03","","N","","","","","","","","","",""
"2023065135","0315","0","0","0","0","0","0","0","0","0","7","0","","02","7","2023","1","40.228056","-79.880389","0306","11","0","0","0","0","0","0","0","0","","0","0","0","","","1","N","0","","40 13:41.000","2","0","79 52:49.400","3","0","0","0","2204","0","0","0","N","0","0","0","1","02105","0","","5.0","430.0","1","N","N","N","0","","1","0","1","","0","N","","1","1","0","0","0","0","0","1","0","1","03","","","N","","","","","","","","","",""
"2023059010","0958","2","0","0","0","0","0","0","0","0","4","0","","02","6","2023","1","40.44308","-80.008949","0940","11","0","1","0","0","0","0","0","0","","0","0","0","","","1","N","0","","40 26:35.088","2","3","80 00:32.217","4","0","0","0","2301","0","0","0","Y","0","0","0","2","68B03","1","","1.0","100.0","1","N","N","N","0","","0","0","0","","0","N","","2","1","0","0","0","0","0","2","0","2","03","","","N","","","","","","","","","",""
"2023070274","1726","0","0","0","0","0","0","0","0","0","8","1","","02","6","2023","2","40.574851","-80.092702","1650","11","0","0","0","0","0","0","0","0","","0","1","0","","","1","Y","0","","40 34:29.465","","0","80 05:33.727","3","0","0","0","2481","1","0","0","N","1","0","0","2","68B03","0","","2.0","","1","N","N","N","0","","1","0","0","","0","","","2","1","1","0","0","0","0","2","0","1","03","","","N","","","","","","","","","",""
"2023044734","1300","1","0","0","0","0","0","0","0","0","7","0","","02","5","2023","7","40.436141","-79.99471","1243","11","0","0","0","0","0","0","0","0","","0","0","0","","","0","N","0","","40 26:10.107","1","8","79 59:40.955","0","0","0","0","2301","0","0","0","N","0","0","0","1","02301","0","","2.0","1305.0","9","N","N","N","0","","0","0","0","","0","N","","1","0","0","0","0","0","0","2","0","1","07","","","N","","","","","","","","","",""
"2023054825","2121","0","0","0","0","0","0","0","0","0","4","0","","02","6","2023","3","40.478794","-79.944169","2118","11","0","0","0","0","0","0","0","0","","0","0","0","","","0","N","0","","40 28:43.658","","0","79 56:39.010","0","0","0","0","2301","0","0","0","N","0","0","0","1","02301","0","","5.0","","1","N","N","N","0","","0","0","2","","0","","","2","0","0","0","0","0","0","2","0","2","03","03","","N","","","","","","","","","",""
"2023072914","2041","1","0","0","0","0","0","0","0","0","4","0","","02","8","2023","5","40.516894","-80.028382","2038","11","0","0","0","0","0","0","0","0","","0","0","0","","","0","","1","","40 31:00.817","1","0","80 01:42.176","0","0","0","0","2116","0","0","0","N","0","0","0","4","02116","0","","1.0","2100.0","1","N","N","N","0","","0","0","1","","2","N","","2","0","1","0","0","0","0","2","0","2","03","03","","N","","","","","","","","","",""
"2023082937","1417","0","0","0","0","0","0","0","0","0","7","0","","02","8","2023","1","40.44101","-79.835287","1357","11","0","0","0","0","0","0","0","0","","0","0","0","","","1","N","0","","40 26:27.637","3","0","79 50:07.033","8","0","0","0","2419","0","0","0","N","0","0","0","1","68B03","0","","4.0","1430.0","1","N","N","N","0","","0","0","1","","0","N","","1","1","0","0","0","1","0","2","0","1","03","","","N","","","","","","","","","",""
"2023080898","1915","0","0","0","0","0","0","0","0","0","7","0","","02","9","2023","3","40.468349","-79.824689","1910","11","0","0","0","0","0","0","0","0","","0","0","0","","","0","","2","","40 28:06.057","4","0","79 49:28.881","9","0","0","0","2113","0","0","0","N","0","0","0","1","02113","0","","5.0","2045.0","1","N","N","N","1","","0","0","0","","0","N","","1","0","1","0","0","0","1","2","0","1","03","","","N","","","","","","","","","",""
"2023054065","1541","2","0","0","0","0","0","0","0","0","1","0","","02","6","2023","1","40.426021","-79.926486","1521","11","0","0","0","0","0","1","0","0","","0","0","0","","","0","","3","","40 25:33.676","","2","79 55:35.350","0","0","0","0","2301","0","0","0","N","0","0","0","2","02301","0","","1.0","","1","N","N","N","0","","0","0","0","","0","","","2","0","0","0","0","0","0","2","0","2","03","03","","N","","","","","","","","","",""
"2023066361","1624","0","0","0","0","0","0","0","0","0","1","0","","02","7","2023","5","40.573393","-79.993676","1609","11","0","0","0","0","0","1","0","0","","0","0","0","","","0","","2","","40 34:24.215","","0","79 59:37.232","0","0","0","0","2108","0","0","0","N","0","0","0","4","02108","0","","1.0","","1","N","N","N","0","","0","0","2","","0","","","2","0","1","0","0","0","0","2","0","2","03","03","","N","","","","","","","","","",""
"2023055277","1709","1","0","0","0","0","0","0","0","0","1","0","","02","6","2023","4","40.374091","-80.048453","1709","11","0","0","1","0","0","1","0","0","","0","0","0","","","1","N","0","","40 22:26.728","","0","80 02:54.432","3","0","0","0","2109","0","0","0","N","0","0","0","3","02109","0","","1.0","","1","N","N","N","0","","1","0","1","","0","","","2","1","0","0","0","0","0","2","0","2","03","","","N","","","","","","","","","",""
"2023074945","1326","1","0","0","0","0","0","0","0","0","7","0","","02","8","2023","5","40.479083","-80.030841","1320","11","0","0","0","0","0","0","0","1","","0","0","0","","","1","N","0","","40 28:44.700","","0","80 01:51.026","4","0","0","0","2301","0","0","0","N","0","0","0","1","02301","1","","4.0","","1","N","N","N","0","","0","0","0","","0","","","1","1","0","0","0","0","0","2","0","1","03","03","","N","","","","","","","","","",""
"2023075056","1930","1","0","0","0","0","0","0","0","0","4","0","","02","8","2023","5","40.408588","-80.027334","1922","11","0","0","0","0","0","0","0","0","","0","0","0","","","5","","1","","40 24:30.917","7","0","80 01:38.401","3","0","0","0","2301","0","0","0","N","0","0","0","5","02301","0","","1.0","2030.0","1","N","N","N","0","","5","0","0","","0","Y","","2","5","0","0","0","0","0","2","1","2","03","04","","N","","","","","","","","","",""
"2023058327","1207","0","0","0","0","0","0","0","0","0","7","0","","02","7","2023","1","40.427569","-80.004375","1205","11","0","0","0","0","0","0","0","0","","0","0","0","","","0","","3","","40 25:39.249","5","0","80 00:15.749","0","0","0","0","2301","0","0","0","N","0","0","0","1","02301","0","","2.0","1300.0","9","N","N","N","0","","0","0","1","","0","N","","1","0","0","0","0","0","0","2","0","1","07","04","","N","","","","","","","","","",""
"2023057149","1543","1","0","0","0","0","0","0","0","0","1","0","","02","6","2023","4","40.354296","-79.912867","1538","11","0","0","0","0","0","1","0","0","","0","0","0","","","2","N","0","","40 21:15.466","","0","79 54:46.321","3","0","0","0","2473","0","0","0","N","0","0","0","2","02473","0","","1.0","","1","N","N","N","0","","2","0","1","","2","","","2","2","1","0","0","0","0","2","0","2","03","03","","N","","","","","","","","","",""
"2023055565","1314","1","0","0","0","0","0","0","0","0","7","0","","02","6","2023","6","40.476995","-80.04151","1307","11","0","0","0","0","0","1","0","0","","0","0","0","","","1","N","0","","40 28:37.182","","0","80 02:29.437","3","0","0","0","2301","0","0","0","N","0","0","0","1","02301","0","","3.0","","1","N","N","N","0","","1","0","0","","0","","","1","1","0","0","0","0","0","2","0","1","03","03","","N","","","","","","","","","",""
"2023060119","0046","0","0","0","0","0","0","0","0","0","7","0","","02","7","2023","6","40.448047","-79.967011","0035","11","0","0","0","0","0","1","0","0","","0","0","0","","","0","","11","","40 26:52.968","","0","79 58:01.241","0","0","0","0","2301","0","0","0","N","0","0","0","1","02301","0","","5.0","","1","N","N","N","0","","0","0","1","","0","","","1","0","0","0","0","0","0","2","0","1","03","","","N","","","","","","","","","",""
"2023067106","1439","1","0","0","0","0","0","0","0","0","4","1","","02","7","2023","7","40.46324","-80.100842","1436","11","0","0","0","0","0","0","0","0","","0","1","0","","","2","Y","0","","40 27:47.663","5","0","80 06:03.031","2","0","0","0","2126","0","0","0","N","0","0","0","3","02126","0","","1.0","1604.0","9","N","N","Y","0","","1","1","0","","0","Y","","2","2","1","0","1","0","0","2","0","2","07","","","N","","","","","","","","","",""
"2023091168","0019","0","0","0","0","0","0","0","0","0","5","1","","02","8","2023","3","40.42896","-79.930745","0004","11","0","0","0","0","0","0","0","0","","0","1","0","","","0","N","0","","40 25:44.255","4","0","79 55:50.682","0","0","0","0","2301","0","0","0","N","0","0","0","2","68B03","0","","1.0","120.0","1","N","N","N","0","","0","0","1","","0","Y","","2","0","0","0","0","0","0","2","0","2","03","03","","N","","","","","","","","","",""
"2023089712","0855","1","0","0","0","0","0","0","0","0","5","1","","02","9","2023","4","40.494389","-79.942621","0853","11","0","0","0","0","0","0","1","0","","0","1","0","","","0","","6","","40 29:39.801","","2","79 56:33.436","0","0","0","0","2430","0","0","0","N","0","0","0","2","02430","0","","1.0","","1","N","N","N","0","","0","0","0","","0","","","2","0","2","0","0","0","0","2","0","2","03","","","N","","","","","","","","","",""
"2023073823","1122","1","0","0","0","0","0","0","0","0","3","0","","02","8","2023","2","40.455672","-79.844427","1120","11","0","0","0","0","1","0","0","1","","0","0","0","","","0","N","2","","40 27:20.418","","0","79 50:39.937","0","0","0","0","2113","0","0","0","N","0","0","0","2","02113","0","","1.0","","1","N","N","N","0","","0","0","1","","0","","","2","0","0","0","0","0","0","2","0","2","03","","","N","","","","","","","","","",""
"2023061030","0745","3","0","0","0","0","0","0","0","0","1","0","","02","7","2023","2","40.396001","-79.772139","0738","11","0","0","0","0","1","1","0","0","","0","0","0","","","1","N","0","","40 23:45.603","1","3","79 46:19.701","3","0","0","0","2446","0","0","0","N","0","0","0","4","02446","0","","1.0","820.0","1","N","N","N","0","","1","0","1","","0","N","","4","1","0","0","0","0","0","2","0","4","03","03","","N","","","","","","","","","",""
"2023092116","1446","1","0","0","0","0","0","0","0","0","1","0","","02","10","2023","7","40.348318","-79.944986","1440","11","0","1","0","0","0","1","0","0","","0","0","0","","","1","Y","0","","40 20:53.945","3","0","79 56:41.951","3","0","0","0","2473","0","0","0","N","0","0","0","4","02473","0","","1.0","1500.0","9","N","N","N","0","","1","0","0","","2","N","","3","1","0","0","0","0","0","2","2","3","07","04","","N","","","","","","","","","",""
"2023076476","2057","1","0","0","0","0","0","0","0","0","4","0","","02","8","2023","1","40.405726","-79.823625","2056","11","0","0","0","0","0","1","0","0","","0","0","0","","","3","","1","","40 24:20.613","7","0","79 49:25.051","3","0","0","0","2467","0","0","0","N","0","0","0","4","02467","0","","1.0","2135.0","1","N","N","N","0","","1","0","1","","2","Y","","2","3","0","0","0","2","0","2","0","2","03","","","N","","","","","","","","","",""
"2023076647","2248","2","0","0","0","0","0","0","0","0","1","0","","02","8","2023","3","40.48083","-79.970861","2248","11","0","0","0","0","0","0","0","0","","0","0","0","","","1","N","0","","40 28:50.987","7","0","79 58:15.100","8","0","0","0","2445","0","0","0","N","0","0","0","1","02445","0","","6.0","2337.0","1","N","N","N","0","","0","0","0","","0","Y","","2","1","0","0","0","1","0","2","0","2","03","03","","N","","","","","","","","","",""
"2023092901","1324","0","0","0","0","0","0","0","0","0","4","0","","02","10","2023","6","40.541118","-79.801145","1319","11","0","0","0","0","0","2","0","0","","0","0","0","","","0","Y","0","","40 32:28.023","","7","79 48:04.123","0","0","0","0","2418","0","0","0","N","0","0","0","2","02514","0","","1.0","","1","N","N","N","1","","0","0","0","","0","","","2","0","0","0","0","0","0","2","1","2","03","03","","N","","","","","","","","","",""
"2023073667","1545","2","0","0","0","0","0","0","0","0","1","0","","02","8","2023","1","40.518424","-80.00471","1535","11","0","0","0","0","0","1","0","0","","0","0","0","","","2","Y","0","","40 31:06.327","1","0","80 00:16.957","3","0","0","0","2116","0","0","0","N","0","0","0","3","02116","0","","1.0","1620.0","1","","","N","0","","2","0","0","","0","N","","2","2","0","0","0","0","0","2","0","2","03","","","N","","","","","","","","","",""
"2023063801","1307","0","0","0","0","0","0","0","0","0","4","0","","02","7","2023","3","40.569064","-80.023656","1304","11","0","0","0","0","0","1","0","1","","0","0","0","","","2","N","0","","40 34:08.632","","7","80 01:25.161","8","0","0","0","2108","1","0","0","N","1","0","0","3","02108","0","","4.0","","1","N","N","Y","1","","0","0","1","","0","","","3","2","0","0","0","2","0","2","0","2","03","03","","N","","","","","","","","","",""
"2023059928","2015","0","0","1","0","0","0","0","0","0","4","0","","02","7","2023","5","40.457271","-79.997848","1950","11","0","0","0","0","0","0","0","0","","0","0","0","","","2","","1","","40 27:26.176","7","0","79 59:52.253","2","0","0","0","2301","0","0","0","N","0","0","0","2","02301","0","","1.0","2127.0","1","N","N","N","0","","1","1","2","","2","Y","","2","2","0","0","0","0","0","2","0","2","03","","","N","","","","","","","","","",""
"2023039076","0113","1","0","0","0","0","0","0","0","0","8","0","","02","5","2023","4","40.478639","-79.955499","0100","11","0","0","0","0","0","0","0","0","","0","0","0","","","1","N","0","","40 28:43.100","","0","79 57:19.798","4","0","0","0","2301","1","0","0","N","1","0","0","2","02301","1","","1.0","","9","N","N","N","0","","0","0","0","","0","","","2","1","1","0","0","0","1","2","0","1","07","07","","N","","","","","","","","","",""
"2023050077","1834","0","0","0","0","0","0","0","0","0","1","0","","02","6","2023","2","40.520308","-79.842826","1831","11","0","0","0","0","0","0","0","0","","0","0","0","","","0","N","0","","40 31:13.109","1","0","79 50:34.175","0","0","0","0","2451","0","0","0","N","0","0","0","2","02451","0","","4.0","1914.0","1","N","N","N","0","","0","0","1","","0","N","","2","0","0","0","0","0","0","2","1","2","03","03","","N","","","","","","","","","",""
"2023043572","0937","0","0","0","0","0","0","0","0","0","1","0","","02","5","2023","6","40.427655","-79.923265","0935","11","0","0","0","0","0","0","1","1","","0","0","0","","","2","N","0","","40 25:39.558","4","4","79 55:23.754","4","0","0","0","2301","0","0","0","N","0","0","0","3","68B03","2","","1.0","935.0","1","N","N","N","0","","0","0","2","","0","N","","2","2","0","0","0","0","0","2","0","2","03","","","N","","","","","","","","","",""
"2023056152","2006","1","0","0","0","0","0","0","0","0","1","0","","02","6","2023","1","40.511556","-79.892361","2003","11","0","1","0","1","0","0","0","0","","0","0","0","","","0","N","0","","40 30:41.600","","0","79 53:32.500","0","0","0","1","2432","0","0","0","N","0","0","0","2","02432","0","","1.0","","1","N","N","N","0","","0","0","0","","0","N","","2","0","0","0","0","0","0","2","0","2","03","","","N","","","","","","","","","",""
"2023075646","1942","1","0","0","0","0","0","0","0","0","7","0","","02","8","2023","7","40.433028","-80.028491","1937","11","0","0","0","0","0","0","0","0","","0","0","0","","","0","","3","","40 25:58.902","","0","80 01:42.567","0","0","0","0","2301","0","0","0","N","0","0","0","1","02301","0","","2.0","","1","N","N","N","0","","0","0","0","","0","","","1","0","0","0","0","0","0","2","0","1","03","03","","N","","","","","","","","","",""
"2023090376","2355","1","0","0","0","0","0","0","0","0","1","0","","02","9","2023","7","40.428753","-79.929929","2355","11","0","0","0","0","0","0","0","0","","0","0","0","","","0","N","0","","40 25:43.511","","0","79 55:47.746","0","0","0","0","2301","0","0","0","N","0","0","0","2","68B03","0","","1.0","","1","N","N","N","0","","0","0","1","","4","","","2","0","0","0","0","0","0","2","0","2","03","","","N","","","","","","","","","",""
"2023093593","0641","1","0","0","0","0","0","0","0","0","5","0","","02","10","2023","5","40.444564","-80.009256","0621","11","0","0","0","0","0","0","0","0","","0","0","0","","","0","N","0","","40 26:40.429","1","3","80 00:33.320","9","0","0","0","2301","0","0","0","N","0","0","0","2","68B03","0","","1.0","651.0","1","N","N","N","0","","0","0","1","","0","N","","2","0","0","0","0","0","1","2","0","2","03","","","N","","","","","","","","","",""
"2023059210","1059","0","0","0","0","0","0","0","0","0","4","0","","02","7","2023","2","40.369463","-80.033423","1055","11","0","0","0","0","0","0","1","0","","0","0","0","","","1","","2","","40 22:10.067","","0","80 02:00.323","3","0","0","0","2416","0","0","0","N","0","0","0","2","02416","0","","1.0","","9","N","N","N","0","","1","0","1","","3","","","2","1","0","0","0","0","0","2","1","2","07","07","","N","","","","","","","","","",""
"2023059669","1634","1","0","0","0","0","0","0","0","0","4","0","","02","7","2023","5","40.277156","-79.877261","1625","11","0","0","0","0","0","1","0","0","","0","0","0","","","0","N","0","","40 16:37.762","","7","79 52:38.138","0","0","0","0","2105","0","0","0","N","0","0","0","4","02105","0","","1.0","","1","N","N","N","1","","0","0","0","","0","","","2","0","0","0","0","0","0","2","0","2","03","03","","N","","","","","","","","","",""
"2023091441","1151","0","0","0","0","0","0","0","0","0","7","0","","02","10","2023","1","40.412813","-80.079181","1140","11","0","0","0","1","0","0","0","0","","0","0","0","","","0","N","0","","40 24:46.126","4","3","80 04:45.050","0","0","0","0","2117","0","0","0","N","0","0","0","2","68B03","0","","2.0","1215.0","1","N","N","N","0","","0","0","1","","0","N","","1","0","0","0","0","0","0","2","0","1","03","","","N","","","","","","","","","",""
"2023048923","1830","2","0","0","0","0","0","0","0","0","4","0","","02","6","2023","5","40.487034","-80.055302","1827","11","0","0","0","0","0","0","0","0","","0","0","0","","","1","N","0","","40 29:13.324","1","7","80 03:19.086","4","0","0","0","2404","0","0","0","N","0","0","0","2","02404","1","","1.0","1900.0","1","N","N","N","0","","0","0","0","","0","N","","2","1","0","0","0","0","0","2","0","2","03","03","","N","","","","","","","","","",""
"2023040587","1027","0","0","0","0","0","0","0","0","0","4","0","","02","4","2023","6","40.430046","-79.812102","1021","11","0","0","0","0","0","0","0","0","","0","0","0","","","2","","2","","40 25:48.164","","7","79 48:43.567","3","0","0","0","2124","0","0","0","N","0","0","0","4","02124","1","","1.0","","9","N","N","N","0","","1","0","2","","2","","","2","2","0","0","0","0","0","2","0","2","07","04","","N","","","","","","","","","",""