"CRN","ARRIVAL_TM","AUTOMOBILE_COUNT","BELTED_DEATH_COUNT","BELTED_SUSP_SERIOUS_INJ_COUNT","BICYCLE_COUNT","BICYCLE_DEATH_COUNT","BICYCLE_SUSP_SERIOUS_INJ_COUNT","BUS_COUNT","CHLDPAS_DEATH_COUNT","CHLDPAS_SUSP_SERIOUS_INJ_COUNT","COLLISION_TYPE","COMM_VEH_COUNT","CONS_ZONE_SPD_LIM","COUNTY","CRASH_MONTH","CRASH_YEAR","DAY_OF_WEEK","DEC_LATITUDE","DEC_LONGITUDE","DISPATCH_TM","DISTRICT","DRIVER_COUNT_16YR","DRIVER_COUNT_17YR","DRIVER_COUNT_18YR","DRIVER_COUNT_19YR","DRIVER_COUNT_20YR","DRIVER_COUNT_50_64YR","DRIVER_COUNT_65_74YR","DRIVER_COUNT_75PLUS","EST_HRS_CLOSED","FATAL_COUNT","HEAVY_TRUCK_COUNT","HORSE_BUGGY_COUNT","HOUR_OF_DAY","ILLUMINATION","INJURY_COUNT","INTERSECTION_RELATED","INTERSECT_TYPE","LANE_CLOSED","LATITUDE","LN_CLOSE_DIR","LOCATION_TYPE","LONGITUDE","MAX_SEVERITY_LEVEL","MCYCLE_DEATH_COUNT","MCYCLE_SUSP_SERIOUS_INJ_COUNT","MOTORCYCLE_COUNT","MUNICIPALITY","NONMOTR_COUNT","NONMOTR_DEATH_COUNT","NONMOTR_SUSP_SERIOUS_INJ_COUNT","NTFY_HIWY_MAINT","PED_COUNT","PED_DEATH_COUNT","PED_SUSP_SERIOUS_INJ_COUNT","PERSON_COUNT","POLICE_AGCY","POSSIBLE_INJ_COUNT","RDWY_SURF_TYPE_CD","RELATION_TO_ROAD","ROADWAY_CLEARED","ROAD_CONDITION","SCH_BUS_IND","SCH_ZONE_IND","SECONDARY_CRASH","SMALL_TRUCK_COUNT","SPEC_JURIS_CD","SUSP_MINOR_INJ_COUNT","SUSP_SERIOUS_INJ_COUNT","SUV_COUNT","TCD_FUNC_CD","TCD_TYPE","TFC_DETOUR_IND","TIME_OF_DAY","TOTAL_UNITS","TOT_INJ_COUNT","UNBELTED_OCC_COUNT","UNB_DEATH_COUNT","UNB_SUSP_SERIOUS_INJ_COUNT","UNK_INJ_DEG_COUNT","UNK_INJ_PER_COUNT","URBAN_RURAL","VAN_COUNT","VEHICLE_COUNT","WEATHER1","WEATHER2","WORKERS_PRES","WORK_ZONE_IND","WORK_ZONE_LOC","WORK_ZONE_TYPE","WZ_CLOSE_DETOUR","WZ_FLAGGER","WZ_LAW_OFFCR_IND","WZ_LN_CLOSURE","WZ_MOVING","WZ_OTHER","WZ_SHLDER_MDN","WZ_WORKERS_INJ_KILLED"
"2023080156","0817","1","0","0","0","0","0","0","0","0","1","0","","02","9","2023","6","40.34986","-79.930532","0814","11","0","0","0","0","0","0","0","0","","0","0","0","","","2","N","0","","40 20:59.496","","0","79 55:49.914","3","0","0","0","2473","0","0","0","N","0","0","0","3","02473","0","","1.0","","1","N","N","N","0","","2","0","1","","0","","","2","2","0","0","0","0","0","2","0","2","03","03","","N","","","","","","","","","",""
"2023075339","1641","1","0","0","0","0","0","0","0","0","4","0","","02","8","2023","6","40.491489","-79.86589","1640","11","0","0","0","0","0","1","0","0","","0","0","0","","","1","","2","","40 29:29.360","2","0","79 51:57.203","3","0","0","0","2112","0","0","0","N","0","0","0","2","02112","0","","1.0","1716.0","1","N","N","N","0","","1","0","1","","2","Y","","2","1","0","0","0","0","0","2","0","2","98","98","","N","","","","","","","","","",""
"2023074481","0255","0","0","0","0","0","0","0","0","0","7","0","","02","8","2023","2","40.316545","-80.028353","0252","11","0","0","0","0","0","0","0","0","","0","0","0","","","0","N","0","","40 18:59.563","1","0","80 01:42.072","0","0","0","0","2407","0","0","0","N","0","0","0","1","02407","0","","2.0","408.0","1","N","N","N","0","","0","0","1","","0","N","","1","0","0","0","0","0","0","2","0","1","03","","","N","","","","","","","","","",""
"2023079893","1409","1","0","0","0","0","0","0","0","0","7","0","","02","9","2023","7","40.281787","-79.835951","1407","11","0","0","0","1","0","0","0","0","","0","0","0","","","1","N","0","","40 16:54.433","7","0","79 50:09.423","3","0","0","0","2105","0","0","0","N","0","0","0","1","02105","0","","5.0","1450.0","1","N","N","N","0","","1","0","0","","0","Y","","1","1","0","0","0","0","0","2","0","1","03","03","","N","","","","","","","","","",""
"2023077631","1810","1","0","0","0","0","0","0","0","0","1","0","","02","9","2023","6","40.466271","-79.978603","1749","11","0","0","0","0","1","0","0","0","","0","0","0","","","0","N","0","","40 27:58.577","2","0","79 58:42.969","0","0","0","0","2301","0","0","0","N","0","0","0","2","02301","0","","1.0","1845.0","1","N","N","N","1","","0","0","0","","0","N","","2","0","0","0","0","0","0","2","0","2","03","03","","N","","","","","","","","","",""
"2023088072","0925","0","0","0","0","0","0","0","0","0","1","1","","02","10","2023","4","40.479383","-79.96633","0916","11","0","0","0","0","0","1","0","0","","0","1","0","","","2","N","0","","40 28:45.779","","0","79 57:58.789","3","0","0","0","2301","0","0","0","N","0","0","0","3","02301","0","","1.0","","1","N","N","N","0","","2","0","1","","0","N","","2","2","0","0","0","0","0","2","0","2","03","","","N","","","","","","","","","",""
"2023073467","2329","1","0","0","0","0","0","0","0","0","6","0","","02","8","2023","7","40.306933","-79.989918","2329","11","0","0","0","0","0","1","0","0","","0","0","0","","","2","N","0","","40 18:24.958","3","0","79 59:23.704","4","0","0","0","2219","0","0","0","N","0","0","0","2","02219","2","","1.0","30.0","1","N","N","N","0","","0","0","1","","0","Y","","2","2","0","0","0","0","0","2","0","2","03","03","","N","","","","","","","","","",""
"2023083593","0728","1","0","0","0","0","0","0","0","0","1","0","","02","9","2023","5","40.34837","-79.944808","0725","11","0","0","0","0","0","0","1","0","","0","0","0","","","1","","2","","40 20:54.133","4","0","79 56:41.310","3","0","0","0","2473","0","0","0","N","0","0","0","2","02473","0","","1.0","755.0","1","N","N","N","0","","1","0","1","","0","Y","","2","1","0","0","0","0","0","2","0","2","03","03","","N","","","","","","","","","",""
"2023066597","1856","0","0","0","0","0","0","0","0","0","7","0","","02","7","2023","4","40.422163","-79.9175","1853","11","1","0","0","0","0","0","0","0","","0","0","0","","","1","N","0","","40 25:19.788","","0","79 55:03.000","3","0","0","0","2301","0","0","0","N","0","0","0","1","02301","0","","4.0","","1","N","N","N","0","","1","0","1","","0","","","1","1","1","0","0","0","0","2","0","1","03","03","","N","","","","","","","","","",""
"2023066681","0957","1","0","0","0","0","0","0","0","0","4","0","","02","7","2023","4","40.518754","-80.267016","0952","11","0","0","0","0","0","2","0","0","","0","0","0","","","0","","3","","40 31:07.516","1","0","80 16:01.256","0","0","0","0","2203","0","0","0","N","0","0","0","3","02203","0","","1.0","1101.0","1","N","N","N","0","","0","0","1","","3","N","","2","0","0","0","0","0","0","2","0","2","03","03","","N","","","","","","","","","",""
"2023078763","2056","0","0","0","0","0","0","0","0","0","4","1","","02","9","2023","7","40.349744","-79.885759","2054","11","0","0","0","0","0","1","0","0","","0","0","0","","","0","","2","","40 20:59.077","2","0","79 53:08.734","0","0","0","0","2304","0","0","0","N","0","0","0","3","02304","0","","1.0","2150.0","1","N","N","N","0","","0","0","1","","0","Y","","2","0","0","0","0","0","0","2","1","2","03","03","","N","","","","","","","","","",""
"2023077237","1808","0","0","0","0","0","0","0","0","0","7","0","","02","8","2023","5","40.48152","-79.918818","1801","11","0","0","0","0","0","0","0","0","","0","0","0","","","0","","3","","40 28:53.472","","0","79 55:07.746","0","0","0","0","2301","0","0","0","N","0","0","0","3","02301","0","","4.0","","1","N","N","N","0","","0","0","1","","3","","","1","0","0","0","0","0","0","2","0","1","03","03","","N","","","","","","","","","",""
"2023070105","1615","0","0","0","0","0","0","0","0","0","4","0","","02","8","2023","3","40.457318","-79.909073","1615","11","0","0","0","0","0","1","0","0","","0","0","0","","","0","N","2","","40 27:26.345","1","0","79 54:32.662","0","0","0","0","2301","0","0","0","N","0","0","0","2","02301","0","","1.0","1700.0","1","N","N","N","0","","0","0","2","","2","N","","2","0","0","0","0","0","0","2","0","2","03","","","N","","","","","","","","","",""
"2023070917","1607","1","0","0","0","0","0","0","0","0","4","0","","02","8","2023","6","40.457505","-80.051221","1558","11","0","0","0","0","0","2","0","0","","0","0","0","","","1","","1","","40 27:27.018","7","0","80 03:04.395","3","0","0","0","2301","0","0","0","N","0","0","0","2","02301","0","","1.0","1640.0","1","N","N","N","0","","1","0","1","","3","Y","","2","1","0","0","0","0","0","2","0","2","03","03","","N","","","","","","","","","",""
"2023085396","0855","0","0","0","0","0","0","0","0","0","5","1","","02","9","2023","3","40.429387","-79.999086","0846","11","0","0","0","0","0","0","0","0","","0","1","0","","","0","N","0","","40 25:45.792","","3","79 59:56.708","0","0","0","0","2301","0","0","0","N","0","0","0","2","02301","0","","1.0","","1","N","N","N","0","","0","0","1","","0","","","2","0","0","0","0","0","0","2","0","2","03","03","","N","","","","","","","","","",""
"2023095012","0750","0","0","0","0","0","0","0","0","0","98","0","","02","10","2023","1","40.478204","-79.768694","0733","11","0","0","0","0","0","0","1","0","","0","0","0","","","0","N","0","","40 28:41.535","","0","79 46:07.297","0","0","0","0","2466","0","0","0","N","0","0","0","2","68T02","0","","1.0","","1","N","N","N","0","","0","0","1","","0","","","1","0","0","0","0","0","0","2","0","1","03","","","N","","","","","","","","","",""
"2023094570","1441","2","0","0","0","0","0","0","0","0","7","0","","02","10","2023","5","40.456358","-79.857156","1437","11","0","0","0","0","0","1","0","0","","0","0","0","","","1","N","0","","40 27:22.890","","0","79 51:25.760","8","0","0","0","2478","0","0","0","N","0","0","0","2","02478","0","","5.0","","1","N","N","N","0","","0","0","0","","0","","","2","1","1","0","0","1","0","2","0","2","03","","","N","","","","","","","","","",""
"2023073831","1211","0","0","0","0","0","0","0","0","0","1","0","","02","8","2023","2","40.451864","-79.713099","1203","11","0","0","0","0","0","1","0","0","","0","0","0","","","0","N","0","","40 27:06.710","","0","79 42:47.158","0","0","0","0","2466","0","0","0","N","0","0","0","5","02466","0","","1.0","","1","N","N","N","1","","0","0","2","","0","","","3","0","0","0","0","0","0","2","0","3","03","03","","N","","","","","","","","","",""
"2023073301","1356","2","0","0","0","0","0","0","0","0","4","0","","02","8","2023","5","40.438034","-79.913079","1354","11","0","0","0","0","0","0","0","0","","0","0","0","","","2","","1","","40 26:16.922","3","0","79 54:47.084","8","0","0","0","2301","0","0","0","N","0","0","0","2","02301","0","","1.0","1500.0","1","N","N","N","0","","0","0","0","","2","N","","2","2","0","0","0","2","0","2","0","2","03","","","N","","","","","","","","","",""
"2023094593","2036","1","0","0","0","0","0","0","0","0","4","0","","02","10","2023","1","40.419749","-79.849976","2036","11","0","0","0","0","0","0","0","0","","0","0","0","","","5","","1","","40 25:11.098","4","0","79 50:59.914","3","0","0","0","2431","0","0","0","N","0","0","0","5","02431","0","","1.0","2130.0","1","N","N","N","0","","5","0","1","","2","Y","","2","5","1","0","0","0","0","2","0","2","03","03","","N","","","","","","","","","",""
"2023091201","0744","0","0","0","0","0","0","0","0","0","1","0","","02","10","2023","6","40.673862","-80.036208","0740","11","0","0","0","0","0","0","0","0","","0","0","0","","","1","N","2","","40 40:25.903","","0","80 02:10.350","4","0","0","0","2216","0","0","0","N","0","0","0","2","02505","1","","1.0","","1","N","N","N","0","","0","0","2","","3","","","2","1","0","0","0","0","0","2","0","2","03","","","N","","","","","","","","","",""
"2023074698","1840","2","0","0","0","0","0","0","0","0","1","0","","02","8","2023","4","40.393611","-80.015972","1836","11","0","0","0","0","0","0","0","0","","0","0","0","","","0","N","0","","40 23:37.000","","0","80 00:57.500","0","0","0","0","2301","0","0","0","N","0","0","0","1","02301","0","","6.0","","1","N","N","N","0","","0","0","0","","0","","","2","0","0","0","0","0","0","2","0","2","03","03","","N","","","","","","","","","",""
"2023091950","2244","2","0","0","0","0","0","0","0","0","1","0","","02","9","2023","6","40.515184","-80.008739","2242","11","0","0","0","0","0","1","0","0","","0","0","0","","","1","Y","0","","40 30:54.661","","0","80 00:31.460","4","0","0","0","2116","0","0","0","N","0","0","0","4","02116","1","","1.0","","1","N","N","Y","0","","0","0","1","","0","","","3","1","0","0","0","0","0","2","0","3","03","03","","N","","","","","","","","","",""
"2023077617","2210","0","0","0","0","0","0","0","0","0","4","0","","02","9","2023","6","40.325923","-79.986272","2203","11","0","0","0","0","0","0","0","1","","0","0","0","","","1","","3","","40 19:33.321","","0","79 59:10.579","4","0","0","0","2219","0","0","0","N","0","0","0","2","02219","1","","1.0","","1","N","N","N","0","","0","0","1","","3","","","2","1","0","0","0","0","0","2","1","2","03","03","","N","","","","","","","","","",""
"2023085802","0638","1","0","2","0","0","0","0","0","0","4","0","","02","9","2023","4","40.442492","-80.003083","0630","11","0","0","0","0","0","1","0","0","","0","0","0","","","2","","1","","40 26:32.970","","0","80 00:11.098","2","0","0","0","2301","0","0","0","N","0","0","0","3","02301","0","","1.0","","1","N","N","N","0","","0","2","1","","2","","","2","2","0","0","0","0","1","2","0","2","03","","","N","","","","","","","","","",""
"2023101185","1046","0","0","0","0","0","0","0","0","0","7","0","","02","10","2023","1","40.428757","-79.956088","1027","11","0","0","0","0","0","1","0","0","","0","0","0","","","1","N","0","","40 25:43.524","3","0","79 57:21.917","3","0","0","0","2301","0","0","0","N","0","0","0","1","68B03","0","","2.0","1136.0","9","N","N","N","1","","1","0","0","","0","N","","1","1","0","0","0","0","0","2","0","1","07","","","N","","","","","","","","","",""
"2023065039","1626","0","0","0","0","0","0","0","0","0","1","0","","02","6","2023","6","40.610417","-80.094649","1611","11","0","0","0","0","0","1","0","0","","0","0","0","","","0","N","0","","40 36:37.502","1","0","80 05:40.735","9","0","0","0","2481","0","0","0","N","0","0","0","5","68B03","0","","1.0","1700.0","1","N","N","N","1","","0","0","2","","0","N","","3","0","0","0","0","0","1","2","0","3","03","","","N","","","","","","","","","",""
"2023079444","1322","0","0","0","0","0","0","0","0","0","4","0","","02","9","2023","7","40.437599","-79.770051","1319","11","0","0","0","0","0","1","0","0","","0","0","0","","","1","N","0","","40 26:15.356","5","7","79 46:12.183","8","0","0","1","2446","0","0","0","N","0","0","0","3","02446","0","","1.0","1400.0","1","N","N","N","0","","0","0","1","","0","Y","","2","1","0","0","0","1","0","2","0","2","03","","","N","","","","","","","","","",""
"2023076890","1740","1","0","0","0","0","0","0","0","0","5","0","","02","8","2023","4","40.424299","-79.934546","1730","11","0","0","0","0","0","0","0","0","","0","0","0","","","0","N","0","","40 25:27.476","","0","79 56:04.364","0","0","0","0","2301","0","0","0","N","0","0","0","3","02301","0","","6.0","","1","N","N","N","1","","0","0","1","","0","","","3","0","0","0","0","0","0","2","0","3","03","03","","N","","","","","","","","","",""
"2023061172","1045","0","0","0","0","0","0","0","0","0","4","0","","02","7","2023","3","40.493031","-80.021991","1035","11","0","0","0","0","0","2","0","0","","0","0","0","","","2","N","0","","40 29:34.911","2","0","80 01:19.167","8","0","0","1","2301","0","0","0","N","0","0","0","3","02301","0","","1.0","1125.0","1","N","N","N","0","","0","0","1","","2","N","","2","2","0","0","0","2","0","2","0","2","03","03","","N","","","","","","","","","",""
"2023101457","1530","0","0","0","0","0","0","1","0","0","1","2","","02","11","2023","5","40.405131","-79.82942","1512","11","0","0","0","0","0","1","0","0","","0","0","0","","","1","Y","0","","40 24:18.472","","0","79 49:45.911","3","0","0","0","2467","0","0","0","N","0","0","0","3","02503","0","","1.0","","1","N","N","N","0","","1","0","0","","0","","","2","1","0","0","0","0","0","2","1","2","03","","","N","","","","","","","","","",""
"2023103864","1104","1","0","0","0","0","0","0","0","0","1","0","","02","8","2023","1","40.376056","-79.984136","1100","11","0","0","0","0","0","1","0","0","","0","0","0","","","1","N","0","","40 22:33.803","2","0","79 59:02.891","8","0","0","0","2413","0","0","0","N","0","0","0","4","02413","0","","1.0","9999.0","1","N","N","N","0","","0","0","2","","0","N","","3","1","0","0","0","1","0","2","0","3","03","","","N","","","","","","","","","",""
"2023081824","0831","0","0","0","0","0","0","0","0","0","99","0","","02","9","2023","7","40.459803","-79.871004","0822","11","0","0","0","0","0","0","0","0","","0","0","0","","","0","N","0","","40 27:35.291","2","0","79 52:15.613","0","0","0","0","2113","0","0","0","N","0","0","0","1","02113","0","","1.0","921.0","1","N","N","N","0","","0","0","1","","0","N","","1","0","0","0","0","0","0","2","0","1","03","","","N","","","","","","","","","",""
"2023080967","1641","3","0","0","0","0","0","0","0","0","4","0","","02","9","2023","3","40.468311","-79.962778","1641","11","0","0","0","0","0","0","0","0","","0","0","0","","","1","N","0","","40 28:05.918","","7","79 57:46.001","3","0","0","0","2301","0","0","0","N","0","0","0","3","02301","0","","1.0","","9","N","N","Y","0","","1","0","0","","0","","","3","1","2","0","0","0","0","2","0","3","03","07","","N","","","","","","","","","",""
"2023091250","1818","2","0","1","0","0","0","0","0","0","1","0","","02","10","2023","5","40.493941","-80.063926","1815","11","0","0","0","0","0","0","0","0","","0","0","0","","","4","N","0","","40 29:38.186","6","7","80 03:50.132","2","0","0","0","2402","0","0","0","N","0","0","0","6","02402","0","","1.0","1856.0","1","N","N","Y","0","","3","1","1","","0","N","","3","4","0","0","0","0","0","2","0","3","03","03","","N","","","","","","","","","",""
"2023074792","1905","1","0","0","0","0","0","0","0","0","4","0","","02","8","2023","3","40.463336","-79.912345","1859","11","0","0","0","0","0","0","0","0","","0","0","0","","","0","N","1","","40 27:48.009","","0","79 54:44.442","9","0","0","0","2301","0","0","0","N","0","0","0","2","02301","0","","1.0","","1","N","N","N","0","","0","0","0","","0","","","2","0","0","0","0","0","1","2","0","2","03","03","","N","","","","","","","","","",""
"2023061407","0201","1","0","0","0","0","0","0","0","0","1","0","","02","7","2023","4","40.308075","-79.888422","0158","11","0","0","0","0","0","0","0","0","","0","0","0","","","0","N","0","","40 18:29.070","2","0","79 53:18.320","9","0","0","0","2302","0","0","0","N","0","0","0","1","02302","0","","6.0","200.0","1","N","N","N","1","","0","0","0","","0","N","","2","0","0","0","0","0","1","2","0","2","03","03","","N","","","","","","","","","",""
"2023062395","1742","3","0","0","0","0","0","0","0","0","4","0","","02","7","2023","6","40.456392","-79.930964","1725","11","0","0","0","0","1","0","0","0","","0","0","0","","","0","N","0","","40 27:23.011","","0","79 55:51.469","0","0","0","0","2301","0","0","0","N","0","0","0","5","02301","0","","1.0","","1","N","N","N","0","","0","0","0","","0","","","3","0","0","0","0","0","0","2","0","3","03","03","","N","","","","","","","","","",""
"2023103863","2224","1","0","0","0","0","0","0","0","0","7","0","","02","8","2023","1","40.383594","-79.974102","2222","11","0","0","0","0","0","0","0","0","","0","0","0","","","1","N","0","","40 23:00.939","2","0","79 58:26.766","3","0","0","0","2413","0","0","0","N","0","0","0","1","02413","0","","4.0","9999.0","1","N","N","N","0","","1","0","1","","0","Y","","2","1","0","0","0","0","0","2","0","2","03","","","N","","","","","","","","","",""
"2023105950","1820","1","0","0","0","0","0","0","0","0","1","0","","02","11","2023","5","40.463409","-79.999859","1805","11","0","0","0","0","0","1","0","0","","0","0","0","","","2","N","0","","40 27:48.271","2","0","79 59:59.494","4","0","0","0","2301","0","0","0","N","0","0","0","5","68B03","2","","1.0","1855.0","1","N","N","N","0","","0","0","2","","0","N","","4","2","0","0","0","0","1","2","0","4","03","","","N","","","","","","","","","",""
"2023081430","0715","0","0","0","0","0","0","0","0","0","7","0","","02","9","2023","5","40.547522","-80.083703","0713","11","0","0","0","0","0","1","0","0","","0","0","0","","","0","N","0","","40 32:51.078","3","0","80 05:01.330","0","0","0","0","2215","0","0","0","N","0","0","0","1","02215","0","","1.0","745.0","1","N","N","N","0","","0","0","1","","0","N","","1","0","0","0","0","0","0","2","0","1","03","03","","N","","","","","","","","","",""
"2023102370","0636","0","0","0","0","0","0","0","0","0","1","0","","02","11","2023","3","40.417322","-80.086996","0636","11","0","0","0","0","0","2","0","0","","0","0","0","","","3","N","0","","40 25:02.358","","0","80 05:13.186","4","0","0","0","2415","0","0","0","N","0","0","0","4","68B03","3","","1.0","","1","N","N","N","1","","0","0","2","","0","","","3","3","0","0","0","0","0","2","0","3","03","","","N","","","","","","","","","",""
"2023105899","0728","0","0","0","0","0","0","0","0","0","7","0","","02","11","2023","4","40.426737","-80.295712","0705","11","0","0","0","0","0","0","0","0","","0","0","0","","","0","N","0","","40 25:36.252","","0","80 17:44.564","0","0","0","0","2203","0","0","0","N","0","0","0","1","68B03","0","","4.0","","2","N","N","N","0","","0","0","1","","0","","","1","0","0","0","0","0","0","1","0","1","10","","","N","","","","","","","","","",""
"2023076652","0355","1","0","0","0","0","0","0","0","0","7","0","","02","8","2023","4","40.452332","-80.006647","0349","11","1","0","0","0","0","0","0","0","","0","0","0","","","0","N","0","","40 27:08.395","","0","80 00:23.929","0","0","0","0","2301","0","0","0","N","0","0","0","2","02301","0","","2.0","","1","N","N","N","0","","0","0","0","","0","N","","1","0","0","0","0","0","0","2","0","1","03","03","","N","","","","","","","","","",""
"2023070884","1018","0","0","0","0","0","0","0","0","0","7","0","","02","8","2023","6","40.455667","-79.926963","1014","11","0","0","0","0","0","0","0","1","","0","0","0","","","0","N","0","","40 27:20.401","","0","79 55:37.065","0","0","0","0","2301","0","0","0","Y","0","0","0","1","02301","0","","4.0","","1","N","N","N","1","","0","0","0","","0","","","1","0","0","0","0","0","0","2","0","1","03","03","","N","","","","","","","","","",""
"2023085284","0357","1","0","0","0","0","0","0","0","0","7","0","","02","9","2023","2","40.520024","-80.060006","0333","11","0","0","0","0","0","0","0","0","","0","0","0","","","0","N","0","","40 31:12.088","1","0","80 03:36.020","0","0","0","0","2116","0","0","0","Y","0","0","0","1","68B03","0","","2.0","450.0","1","N","N","Y","0","","0","0","0","","0","N","","1","0","0","0","0","0","0","2","0","1","03","","","N","","","","","","","","","",""
"2023096843","1845","1","0","0","0","0","0","0","0","0","4","0","","02","10","2023","7","40.465343","-80.074694","1843","11","0","0","0","0","0","0","0","0","","0","0","0","","","0","","3","","40 27:55.233","","0","80 04:28.900","0","0","0","0","2444","0","0","0","N","0","0","0","2","02444","0","","1.0","","1","N","N","N","0","","0","0","1","","3","","","2","0","0","0","0","0","0","2","0","2","03","","","N","","","","","","","","","",""
"2023095124","2240","0","0","0","0","0","0","0","0","0","7","0","","02","10","2023","5","40.428768","-79.730923","2237","11","0","0","0","0","0","1","0","0","","0","0","0","","","1","N","0","","40 25:43.564","7","0","79 43:51.324","8","0","0","0","2446","0","0","0","N","0","0","0","1","02446","0","","4.0","2350.0","1","N","N","N","0","","0","0","1","","0","Y","","1","1","1","0","0","1","0","2","0","1","03","","","N","","","","","","","","","",""
"2023086688","1900","1","0","0","0","0","0","0","0","0","4","0","","02","9","2023","6","40.453184","-79.992704","1855","11","0","0","0","0","0","1","0","0","","0","0","0","","","1","","1","","40 27:11.463","","3","79 59:33.734","3","0","0","1","2301","0","0","0","N","0","0","0","2","02301","0","","1.0","","1","","","N","0","","1","0","0","","2","","","2","1","0","0","0","0","0","2","0","2","03","03","","N","","","","","","","","","",""
"2023082437","1738","1","0","0","0","0","0","0","0","0","4","0","","02","9","2023","2","40.454385","-79.947669","1735","11","0","0","0","0","0","0","0","0","","0","0","0","","","0","","1","","40 27:15.786","6","0","79 56:51.608","0","0","0","0","2301","0","0","0","N","0","0","0","2","02301","0","","1.0","1810.0","1","N","N","N","0","","0","0","1","","2","N","","2","0","0","0","0","0","0","2","0","2","04","04","","N","","","","","","","","","",""
"2023103415","1538","1","0","0","0","0","0","0","0","0","1","0","","02","8","2023","5","40.426371","-79.89389","1434","11","0","0","0","0","0","1","0","0","","0","0","0","","","2","","6","","40 25:34.935","","2","79 53:38.005","8","0","0","0","2301","0","0","0","N","0","0","0","2","68B03","0","","1.0","","1","N","N","N","0","","0","0","1","","0","","","2","2","1","0","0","2","0","2","0","2","03","03","","N","","","","","","","","","",""
"2023077296","1956","0","0","0","0","0","0","0","0","0","4","0","","02","8","2023","3","40.425434","-79.964501","1950","11","0","0","0","0","0","1","0","0","","0","0","0","","","1","","2","","40 25:31.563","3","0","79 57:52.204","3","0","0","0","2301","0","0","0","N","0","0","0","3","02301","0","","1.0","2032.0","1","N","N","N","0","","1","0","2","","2","Y","","2","1","2","0","0","0","0","2","0","2","03","03","","N","","","","","","","","","",""
"2023098155","1926","0","0","0","0","0","0","0","0","0","4","0","","02","10","2023","3","40.362246","-80.046674","1924","11","0","0","0","0","0","1","0","0","","0","0","0","","","0","","2","","40 21:44.084","","0","80 02:48.027","0","0","0","0","2109","0","0","0","N","0","0","0","5","02109","0","","1.0","","1","N","N","N","0","","0","0","2","","3","","","2","0","0","0","0","0","0","2","0","2","03","03","","N","","","","","","","","","",""
"2023094174","2228","1","0","0","0","0","0","0","0","0","7","0","","02","10","2023","7","40.439509","-80.009482","2223","11","0","0","1","0","0","0","0","0","","0","0","0","","","0","N","0","","40 26:22.234","1","3","80 00:34.136","0","0","0","0","2301","0","0","0","N","0","0","0","1","02301","0","","2.0","2330.0","9","N","N","N","0","","0","0","0","","0","Y","","1","0","0","0","0","0","0","2","0","1","07","01","","N","","","","","","","","","",""
"2023098685","1610","0","0","0","0","0","0","0","0","0","4","0","","02","10","2023","5","40.5166","-80.219272","1605","11","0","0","0","0","0","0","0","0","","0","0","0","","","0","N","0","","40 30:59.760","","7","80 13:09.380","0","0","0","0","2213","0","0","0","N","0","0","0","3","02213","0","","1.0","","1","N","N","N","0","","0","0","2","","3","","","2","0","0","0","0","0","0","2","0","2","03","03","","N","","","","","","","","","",""
"2023094191","1437","1","0","0","0","0","0","0","0","0","7","0","","02","10","2023","7","40.34441","-79.883937","1435","11","0","0","0","0","0","0","0","0","","0","0","0","","","0","","3","","40 20:39.875","1","3","79 53:02.172","0","0","0","0","2433","0","0","0","N","0","0","0","1","02433","0","","4.0","1515.0","1","N","N","N","0","","0","0","0","","0","N","","1","0","0","0","0","0","0","2","0","1","04","","","N","","","","","","","","","",""
"2023112104","1612","2","0","0","0","0","0","0","0","0","4","0","","02","12","2023","5","40.487853","-80.056456","1612","11","0","0","0","0","1","1","0","0","","0","0","0","","","0","","2","","40 29:16.272","","0","80 03:23.243","0","0","0","0","2404","0","0","0","N","0","0","0","2","02404","0","","1.0","","1","N","N","N","0","","0","0","0","","0","","","2","0","0","0","0","0","0","2","0","2","03","03","","N","","","","","","","","","",""
"2023093983","2242","1","0","0","0","0","0","0","0","0","98","0","","02","10","2023","3","40.389486","-80.098842","2242","11","0","0","0","0","0","0","0","2","","0","0","0","","","0","N","0","","40 23:22.149","","0","80 05:55.832","0","0","0","0","2102","0","0","0","N","0","0","0","4","68B03","0","","1.0","","1","N","N","N","0","","0","0","3","","0","","","4","0","2","0","0","0","0","2","0","4","03","03","","N","","","","","","","","","",""
"2023094241","1910","0","0","0","0","0","0","0","0","0","7","0","","02","10","2023","1","40.346111","-79.938389","1906","11","1","0","0","0","0","0","0","0","","0","0","0","","","0","N","0","","40 20:46.000","","0","79 56:18.200","0","0","0","0","2473","0","0","0","N","0","0","0","2","02473","0","","4.0","","9","N","N","N","1","","0","0","0","","0","","","1","0","0","0","0","0","0","2","0","1","07","","","N","","","","","","","","","",""
"2023113328","1201","0","0","0","0","0","0","0","0","0","5","1","30","02","11","2023","4","40.431188","-79.815706","1150","11","0","0","0","0","0","1","0","0","","0","1","0","","","0","N","0","","40 25:52.278","","0","79 48:56.542","0","0","0","0","2124","0","0","0","N","0","0","0","3","02124","0","","1.0","","1","N","N","N","1","","0","0","0","","0","","","2","0","0","0","0","0","0","2","0","2","03","","N","Y","3","1","N","N","N","Y","N","N","N","N"