"CRN","ARRIVAL_TM","AUTOMOBILE_COUNT","BELTED_DEATH_COUNT","BELTED_SUSP_SERIOUS_INJ_COUNT","BICYCLE_COUNT","BICYCLE_DEATH_COUNT","BICYCLE_SUSP_SERIOUS_INJ_COUNT","BUS_COUNT","CHLDPAS_DEATH_COUNT","CHLDPAS_SUSP_SERIOUS_INJ_COUNT","COLLISION_TYPE","COMM_VEH_COUNT","CONS_ZONE_SPD_LIM","COUNTY","CRASH_MONTH","CRASH_YEAR","DAY_OF_WEEK","DEC_LATITUDE","DEC_LONGITUDE","DISPATCH_TM","DISTRICT","DRIVER_COUNT_16YR","DRIVER_COUNT_17YR","DRIVER_COUNT_18YR","DRIVER_COUNT_19YR","DRIVER_COUNT_20YR","DRIVER_COUNT_50_64YR","DRIVER_COUNT_65_74YR","DRIVER_COUNT_75PLUS","EST_HRS_CLOSED","FATAL_COUNT","HEAVY_TRUCK_COUNT","HORSE_BUGGY_COUNT","HOUR_OF_DAY","ILLUMINATION","INJURY_COUNT","INTERSECTION_RELATED","INTERSECT_TYPE","LANE_CLOSED","LATITUDE","LN_CLOSE_DIR","LOCATION_TYPE","LONGITUDE","MAX_SEVERITY_LEVEL","MCYCLE_DEATH_COUNT","MCYCLE_SUSP_SERIOUS_INJ_COUNT","MOTORCYCLE_COUNT","MUNICIPALITY","NONMOTR_COUNT","NONMOTR_DEATH_COUNT","NONMOTR_SUSP_SERIOUS_INJ_COUNT","NTFY_HIWY_MAINT","PED_COUNT","PED_DEATH_COUNT","PED_SUSP_SERIOUS_INJ_COUNT","PERSON_COUNT","POLICE_AGCY","POSSIBLE_INJ_COUNT","RDWY_SURF_TYPE_CD","RELATION_TO_ROAD","ROADWAY_CLEARED","ROAD_CONDITION","SCH_BUS_IND","SCH_ZONE_IND","SECONDARY_CRASH","SMALL_TRUCK_COUNT","SPEC_JURIS_CD","SUSP_MINOR_INJ_COUNT","SUSP_SERIOUS_INJ_COUNT","SUV_COUNT","TCD_FUNC_CD","TCD_TYPE","TFC_DETOUR_IND","TIME_OF_DAY","TOTAL_UNITS","TOT_INJ_COUNT","UNBELTED_OCC_COUNT","UNB_DEATH_COUNT","UNB_SUSP_SERIOUS_INJ_COUNT","UNK_INJ_DEG_COUNT","UNK_INJ_PER_COUNT","URBAN_RURAL","VAN_COUNT","VEHICLE_COUNT","WEATHER1","WEATHER2","WORKERS_PRES","WORK_ZONE_IND","WORK_ZONE_LOC","WORK_ZONE_TYPE","WZ_CLOSE_DETOUR","WZ_FLAGGER","WZ_LAW_OFFCR_IND","WZ_LN_CLOSURE","WZ_MOVING","WZ_OTHER","WZ_SHLDER_MDN","WZ_WORKERS_INJ_KILLED"
"2023100188","0748","1","0","0","0","0","0","0","0","0","5","0","","02","10","2023","3","40.449828","-80.001387","0723","11","0","0","0","1","0","1","0","0","","0","0","0","","","0","N","0","","40 26:59.380","","0","80 00:04.992","0","0","0","0","2301","0","0","0","N","0","0","0","2","68B03","0","","1.0","","1","N","N","N","0","","0","0","1","","0","","","2","0","0","0","0","0","0","2","0","2","03","03","","N","","","","","","","","","",""
"2023098640","0719","0","0","0","0","0","0","0","0","0","4","0","","02","10","2023","6","40.617082","-80.089444","0711","11","0","0","0","0","0","0","1","0","","0","0","0","","","2","","2","","40 37:01.494","5","0","80 05:21.998","3","0","0","0","2212","0","0","0","N","0","0","0","3","02505","0","","1.0","759.0","1","N","N","N","1","","2","0","1","","2","N","","2","2","1","0","0","0","0","2","0","2","03","03","","N","","","","","","","","","",""
"2023104615","1345","1","0","0","0","0","0","0","0","0","4","0","","02","11","2023","2","40.362079","-79.866904","1344","11","0","0","0","0","0","1","0","0","","0","0","0","","","4","","1","","40 21:43.486","7","0","79 52:00.853","8","0","0","0","2473","0","0","0","N","0","0","0","4","02473","0","","1.0","1422.0","1","N","N","N","0","","0","0","1","","3","Y","","2","4","0","0","0","4","0","2","0","2","03","03","","N","","","","","","","","","",""
"2023082038","1544","0","0","0","0","0","0","0","0","0","7","0","","02","9","2023","6","40.382749","-79.809764","1540","11","0","0","0","0","0","0","0","0","","0","0","0","","","1","N","0","","40 22:57.898","7","0","79 48:35.152","3","0","0","0","2424","0","0","0","N","0","0","0","1","02424","0","","5.0","1630.0","1","N","N","N","0","","1","0","1","","0","Y","","1","1","1","0","0","0","0","2","0","1","03","","","N","","","","","","","","","",""
"2023088294","1634","1","0","0","0","0","0","0","0","0","1","0","","02","10","2023","4","40.453891","-79.995783","1606","11","0","0","0","0","0","1","0","0","","0","0","0","","","0","N","0","","40 27:14.007","","2","79 59:44.819","0","0","0","0","2301","0","0","0","N","0","0","0","2","02301","0","","1.0","","1","N","N","N","1","","0","0","0","","0","","","2","0","0","0","0","0","0","2","0","2","03","03","","N","","","","","","","","","",""
"2023069176","1652","1","0","0","0","0","0","0","0","0","1","0","","02","7","2023","3","40.487953","-79.955732","1642","11","0","0","0","0","0","0","0","0","","0","0","0","","","0","N","0","","40 29:16.630","1","0","79 57:20.635","9","0","0","0","2118","0","0","0","N","0","0","0","2","02118","0","","1.0","1700.0","1","N","N","N","1","","0","0","0","","0","N","","2","0","0","0","0","0","1","2","0","2","03","03","","N","","","","","","","","","",""
"2023102222","1511","0","0","0","0","0","0","0","0","0","1","0","45","02","10","2023","2","40.536361","-79.844058","1459","11","0","0","0","0","0","1","0","1","","0","0","0","","","1","N","0","","40 32:10.900","1","0","79 50:38.610","3","0","0","0","2208","0","0","0","N","0","0","0","3","68D02","0","","1.0","100.0","1","N","N","N","0","","1","0","1","","0","N","","2","1","0","0","0","0","0","2","1","2","03","03","N","Y","3","1","","","N","","","","Y","N"
"2023112543","2239","1","0","0","0","0","0","0","0","0","4","0","","02","11","2023","5","40.427323","-79.951215","2234","11","0","0","0","0","0","0","0","0","","0","0","0","","","0","N","0","","40 25:38.364","3","0","79 57:04.374","0","0","0","0","2301","0","0","0","N","0","0","0","3","68B03","0","","1.0","2330.0","1","N","N","Y","0","","0","0","1","","0","N","","2","0","0","0","0","0","0","2","0","2","03","","","N","","","","","","","","","",""
"2023094761","1723","0","0","0","0","0","0","0","0","0","5","0","","02","10","2023","1","40.422778","-79.894167","1700","11","0","0","0","0","0","0","0","0","","0","0","0","","","0","N","0","","40 25:22.000","3","0","79 53:39.000","0","0","0","0","2463","0","0","0","N","0","0","0","1","02463","0","","6.0","1800.0","1","N","N","N","0","","0","0","1","","0","N","","2","0","1","0","0","0","0","2","1","2","03","03","","N","","","","","","","","","",""
"2023113531","1834","1","0","0","0","0","0","0","0","0","4","0","","02","12","2023","4","40.477847","-79.736007","1834","11","0","0","0","0","0","0","1","0","","0","0","0","","","0","","1","","40 28:40.250","6","0","79 44:09.624","0","0","0","0","2466","0","0","0","N","0","0","0","3","02466","0","","1.0","1901.0","1","N","N","N","1","","0","0","0","","3","N","","2","0","0","0","0","0","0","2","0","2","03","03","","N","","","","","","","","","",""
"2023092260","1821","0","0","0","0","0","0","0","0","0","2","0","","02","10","2023","2","40.58274","-80.064876","1817","11","0","0","0","0","0","0","1","0","","0","0","0","","","1","N","0","","40 34:57.865","6","0","80 03:53.552","8","0","0","0","2108","0","0","0","N","0","0","0","2","02108","0","","1.0","1912.0","1","N","N","N","0","","0","0","2","","0","Y","","2","1","0","0","0","1","0","2","0","2","04","","","N","","","","","","","","","",""
"2023083092","2321","1","0","0","0","0","0","0","0","0","7","0","","02","9","2023","3","40.465185","-79.957944","2308","11","0","0","0","0","0","0","0","0","","0","0","0","","","0","N","1","","40 27:54.667","","0","79 57:28.600","9","0","0","0","2301","0","0","0","N","0","0","0","1","02301","0","","5.0","","1","N","N","N","0","","0","0","0","","2","","","1","0","0","0","0","0","1","2","0","1","03","03","","N","","","","","","","","","",""
"2023066915","1515","0","0","0","0","0","0","0","0","0","4","0","","02","7","2023","7","40.440741","-80.018825","1510","11","0","0","0","0","0","0","0","0","","0","0","0","","","0","Y","0","","40 26:26.667","","7","80 01:07.771","0","0","0","0","2301","0","0","0","N","0","0","0","6","02301","0","","1.0","","9","N","N","N","0","","0","0","2","","2","","","2","0","0","0","0","0","0","2","0","2","03","03","","N","","","","","","","","","",""
"2023105748","1123","0","0","0","0","0","0","0","0","0","1","1","","02","11","2023","3","40.494916","-79.749965","1119","11","0","0","0","0","1","0","0","0","","0","0","0","","","0","","2","","40 29:41.698","1","0","79 44:59.875","0","0","0","0","2466","0","0","0","N","0","0","0","3","02466","0","","1.0","1215.0","9","N","N","N","0","","0","0","2","","0","N","","2","0","0","0","0","0","0","2","0","2","07","04","","N","","","","","","","","","",""
"2023088503","2124","0","0","0","0","0","0","0","0","0","7","0","","02","10","2023","4","40.621656","-79.741935","2122","11","0","0","0","0","0","1","0","0","","0","0","0","","","1","N","0","","40 37:17.960","7","0","79 44:30.967","3","0","0","0","2106","0","0","0","N","0","0","0","1","02106","0","","4.0","2230.0","1","N","N","N","0","","1","0","1","","0","Y","","2","1","0","0","0","0","0","2","0","1","03","03","","N","","","","","","","","","",""
"2023113736","1309","1","0","0","0","0","0","0","0","0","6","1","","02","12","2023","2","40.494515","-79.858009","1309","11","0","0","0","0","0","0","1","0","","0","1","0","","","0","","2","","40 29:40.254","6","0","79 51:28.832","0","0","0","0","2408","0","0","0","N","0","0","0","1","02408","0","","4.0","1337.0","9","N","N","N","0","","0","0","0","","0","N","","2","0","0","0","0","0","0","2","0","2","07","","","N","","","","","","","","","",""
"2023092462","1624","0","0","0","0","0","0","0","0","0","8","0","","02","10","2023","3","40.451503","-79.953349","1618","11","0","0","0","0","0","0","0","0","","0","0","0","","","1","","1","","40 27:05.411","1","0","79 57:12.056","8","0","0","0","2301","1","0","0","N","1","0","0","2","02301","0","","1.0","1645.0","1","N","N","N","0","","0","0","1","","3","Y","","2","1","0","0","0","1","0","2","0","1","04","98","","N","","","","","","","","","",""
"2023092287","0027","1","0","0","0","0","0","0","0","0","4","0","","02","10","2023","3","40.438042","-79.919366","0021","11","0","0","0","0","0","0","0","0","","0","0","0","","","1","","1","","40 26:16.950","","0","79 55:09.716","8","0","0","0","2301","0","0","0","N","0","0","0","4","02301","0","","1.0","","9","N","N","N","0","","0","0","1","","2","","","2","1","0","0","0","1","0","2","0","2","07","07","","N","","","","","","","","","",""
"2023087319","1620","0","0","0","0","0","0","0","0","0","6","0","","02","10","2023","2","40.493827","-79.789142","1614","11","0","0","0","0","0","0","1","0","","0","0","0","","","0","","2","","40 29:37.778","5","0","79 47:20.911","0","0","0","0","2113","0","0","0","N","0","0","0","3","02113","0","","1.0","1645.0","1","N","N","N","0","","0","0","2","","0","N","","2","0","0","0","0","0","0","2","0","2","03","","","N","","","","","","","","","",""
"2023072684","1327","0","0","0","0","0","0","0","0","0","7","0","","02","8","2023","4","40.599082","-79.974013","1330","11","0","0","0","0","0","0","0","1","","0","0","0","","","1","N","0","","40 35:56.695","6","0","79 58:26.446","3","0","0","0","2207","0","0","0","N","0","0","0","1","02207","0","","2.0","1424.0","1","N","N","N","0","","1","0","1","","0","Y","","1","1","0","0","0","0","0","2","0","1","03","04","","N","","","","","","","","","",""
"2023087022","1132","0","0","0","0","0","0","0","0","0","1","0","","02","10","2023","1","40.623148","-79.923055","1134","11","0","0","0","0","0","1","1","0","","0","0","0","","","1","N","1","","40 37:23.331","6","0","79 55:22.997","8","0","0","0","2217","0","0","0","N","0","0","0","6","02505","0","","1.0","1300.0","1","N","N","N","1","","0","0","2","","2","Y","","4","1","0","0","0","1","0","2","1","4","03","03","","N","","","","","","","","","",""
"2023117721","2312","1","0","0","0","0","0","0","0","0","7","0","","02","12","2023","5","40.601","-79.767795","2259","11","0","0","0","0","0","0","0","0","","0","0","0","","","0","N","0","","40 36:03.601","1","0","79 46:04.063","0","0","0","0","2464","0","0","0","Y","0","0","0","1","68D02","0","","4.0","1150.0","1","N","N","N","0","","0","0","0","","0","N","","1","0","0","0","0","0","0","2","0","1","03","","","N","","","","","","","","","",""
"2023091695","0014","0","0","0","0","0","0","0","0","0","7","0","","02","10","2023","7","40.275762","-79.891706","0010","11","0","0","0","0","0","0","0","0","","0","0","0","","","0","N","0","","40 16:32.742","","2","79 53:30.143","9","0","0","0","2471","0","0","0","Y","0","0","0","2","02428","0","","7.0","","1","N","N","Y","0","","0","0","1","","0","","","1","0","0","0","0","0","2","2","0","1","04","","","N","","","","","","","","","",""
"2023091232","1229","1","0","0","0","0","0","0","0","0","1","0","","02","10","2023","6","40.448433","-80.157992","1224","11","0","0","0","0","0","0","1","0","","0","0","0","","","0","","2","","40 26:54.360","","0","80 09:28.772","0","0","0","0","2115","0","0","0","N","0","0","0","4","02115","0","","1.0","","1","N","N","N","1","","0","0","1","","2","N","","3","0","0","0","0","0","0","2","0","3","03","03","","N","","","","","","","","","",""
"2023089053","0020","0","0","0","0","0","0","0","0","0","7","0","","02","10","2023","7","40.343573","-79.977776","0017","11","0","0","0","0","0","0","0","0","","0","0","0","","","0","N","0","","40 20:36.861","","0","79 58:39.995","0","0","0","0","2403","0","0","0","N","0","0","0","1","02403","0","","4.0","","9","N","N","N","1","","0","0","0","","0","","","1","0","0","0","0","0","0","2","0","1","07","","","N","","","","","","","","","",""
"2023091948","2042","1","0","0","0","0","0","0","0","0","4","0","","02","10","2023","3","40.292651","-79.883405","2039","11","0","0","0","0","0","1","1","0","","0","0","0","","","1","","1","","40 17:33.543","4","0","79 53:00.259","4","0","0","0","2302","0","0","0","N","0","0","0","2","02302","1","","1.0","2120.0","9","","","N","0","","0","0","0","","2","N","","2","1","0","0","0","0","0","2","1","2","07","","","N","","","","","","","","","",""
"2023117585","0856","1","0","0","0","0","0","0","0","0","7","0","","02","12","2023","4","40.491711","-80.127091","0842","11","0","0","0","0","0","1","0","0","","0","0","0","","","0","N","0","","40 29:30.161","","0","80 07:37.529","0","0","0","0","2115","0","0","0","Y","0","0","0","1","68B03","0","","4.0","","2","N","N","N","0","","0","0","0","","8","","","1","0","0","0","0","0","0","2","0","1","03","","","N","","","","","","","","","",""
"2023107449","0800","2","0","0","0","0","0","0","0","0","1","0","","02","11","2023","2","40.342058","-79.966381","0757","11","0","0","0","0","0","0","0","0","","0","0","0","","","2","N","6","","40 20:31.409","4","0","79 57:58.972","8","0","0","0","2454","0","0","0","N","0","0","0","2","02454","0","","1.0","840.0","1","N","N","Y","0","","0","0","0","","3","N","","2","2","0","0","0","2","0","2","0","2","04","","","N","","","","","","","","","",""
"2023087985","0128","0","0","0","0","0","0","0","0","0","7","0","","02","10","2023","3","40.464654","-79.905153","0128","11","0","1","0","0","0","0","0","0","","0","0","0","","","3","","11","","40 27:52.754","","0","79 54:18.552","3","0","0","0","2301","0","0","0","N","0","0","0","4","02301","2","","4.0","","1","N","N","N","0","","1","0","1","","0","","","1","3","4","0","0","0","1","2","0","1","03","03","","N","","","","","","","","","",""
"2023117149","0740","1","0","0","0","0","0","0","0","0","1","0","","02","12","2023","2","40.497413","-79.930566","0713","11","0","0","0","0","0","1","0","0","","0","0","0","","","1","N","0","","40 29:50.686","","0","79 55:50.038","4","0","0","0","2112","0","0","0","N","0","0","0","2","68D02","1","","1.0","","9","N","N","N","1","","0","0","0","","0","","","2","1","0","0","0","0","0","2","0","2","03","03","","N","","","","","","","","","",""
"2023095496","0840","1","0","0","0","0","0","0","0","0","98","0","","02","10","2023","4","40.352525","-79.902436","0831","11","0","0","0","0","0","0","0","0","","0","0","0","","","1","N","0","","40 21:09.091","6","0","79 54:08.768","3","0","0","0","2473","0","0","0","N","0","0","0","1","02473","0","","1.0","900.0","1","N","N","N","0","","1","0","0","","0","N","","1","1","0","0","0","0","0","2","0","1","03","03","","N","","","","","","","","","",""
"2023074785","1623","0","0","0","0","0","0","0","0","0","2","0","","02","8","2023","4","40.514019","-80.029899","1619","11","0","0","0","0","0","0","0","0","","0","0","0","","","0","N","1","","40 30:50.470","","0","80 01:47.635","0","0","0","0","2474","0","0","0","N","0","0","0","4","02474","0","","1.0","","9","N","N","N","1","","0","0","1","","2","","","2","0","0","0","0","0","0","2","0","2","07","07","","N","","","","","","","","","",""
"2023084214","0026","2","0","0","0","0","0","0","0","0","4","0","","02","9","2023","7","40.4616","-79.907913","0021","11","0","0","0","0","0","0","0","0","","0","0","0","","","0","","1","","40 27:41.761","","0","79 54:28.487","9","0","0","0","2301","0","0","0","N","0","0","0","2","02301","0","","1.0","","1","N","N","N","0","","0","0","0","","1","","","2","0","0","0","0","0","1","2","0","2","03","03","","N","","","","","","","","","",""
"2023103154","1323","2","0","0","0","0","0","0","0","0","4","0","","02","11","2023","5","40.445825","-79.71383","1323","11","0","0","0","0","0","0","0","1","","0","0","0","","","0","","1","","40 26:44.970","","0","79 42:49.787","0","0","0","0","2446","0","0","0","N","0","0","0","2","68T02","0","","1.0","","1","N","N","N","0","","0","0","0","","2","","","2","0","0","0","0","0","0","2","0","2","03","","","N","","","","","","","","","",""
"2023082891","1749","1","0","0","0","0","0","0","0","0","8","0","","02","9","2023","5","40.371909","-79.954324","1748","11","0","0","0","0","0","0","0","0","","0","0","0","","","1","","2","","40 22:18.874","","0","79 57:15.565","2","0","0","0","2403","1","0","1","N","1","0","1","2","02403","0","","1.0","","1","N","N","N","0","","0","1","0","","0","","","2","1","0","0","0","0","0","2","0","1","03","","","N","","","","","","","","","",""
"2023110683","1551","1","0","0","0","0","0","0","0","0","1","0","","02","11","2023","7","40.419061","-80.052748","1543","11","0","0","0","0","1","0","0","0","","0","0","0","","","0","N","0","","40 25:08.621","3","0","80 03:09.892","0","0","0","0","2435","0","0","0","N","0","0","0","7","68B03","0","","1.0","1618.0","1","N","N","N","0","","0","0","2","","0","N","","3","0","0","0","0","0","0","2","0","3","03","","","N","","","","","","","","","",""
"2023087986","0108","0","0","0","0","0","0","0","0","0","7","0","","02","10","2023","1","40.511905","-80.102853","0106","11","0","0","0","0","0","0","0","0","","0","0","0","","","0","","3","","40 30:42.857","","0","80 06:10.272","0","0","0","0","2429","0","0","0","N","0","0","0","1","02215","0","","2.0","","1","N","N","N","0","","0","0","1","","0","N","","1","0","1","0","0","0","0","2","0","1","03","03","","N","","","","","","","","","",""
"2023081497","1302","0","0","0","0","0","0","0","0","0","5","0","","02","9","2023","3","40.353479","-79.84518","1302","11","0","0","0","0","0","1","1","0","","0","0","0","","","0","","6","","40 21:12.523","","2","79 50:42.649","0","0","0","0","2304","0","0","0","N","0","0","0","3","02304","0","","1.0","","1","N","N","N","0","","0","0","2","","0","","","2","0","0","0","0","0","0","2","0","2","03","03","","N","","","","","","","","","",""
"2023086797","1049","1","0","0","0","0","0","0","0","0","4","0","","02","9","2023","6","40.347667","-79.94725","1048","11","0","0","0","0","0","1","0","0","","0","0","0","","","3","","1","","40 20:51.600","7","0","79 56:50.100","8","0","0","0","2473","0","0","0","N","0","0","0","3","02473","0","","1.0","1117.0","1","N","N","N","1","","0","0","0","","3","Y","","2","3","2","0","0","3","0","2","0","2","03","","","N","","","","","","","","","",""
"2023100207","1949","1","0","0","0","0","0","0","0","0","1","0","","02","10","2023","6","40.412558","-80.066414","1941","11","0","0","0","0","1","0","0","0","","0","0","0","","","1","N","0","","40 24:45.209","3","0","80 03:59.091","2","0","1","1","2435","0","0","0","N","0","0","0","3","68B03","0","","1.0","2014.0","1","N","N","N","0","","0","1","1","","0","N","","3","1","0","0","0","0","0","2","0","3","03","","","N","","","","","","","","","",""
"2023109287","2134","1","0","0","0","0","0","0","0","0","1","0","","02","11","2023","3","40.433981","-79.753307","2134","11","0","1","0","0","0","0","1","0","","0","0","0","","","1","N","1","","40 26:02.333","","0","79 45:11.904","3","0","0","0","2446","0","0","0","N","0","0","0","3","02446","0","","1.0","","1","N","N","N","0","","1","0","1","","2","","","2","1","0","0","0","0","0","2","0","2","03","03","","N","","","","","","","","","",""
"2023105420","0614","0","0","0","0","0","0","0","0","0","2","0","","02","11","2023","1","40.363433","-79.983942","0605","11","0","0","0","0","0","1","0","0","","0","0","0","","","0","N","0","","40 21:48.357","1","0","79 59:02.191","0","0","0","0","2413","0","0","0","N","0","0","0","2","02413","0","","1.0","630.0","9","N","N","N","1","","0","0","1","","2","N","","2","0","0","0","0","0","0","2","0","2","04","","","N","","","","","","","","","",""
"2023090605","1715","0","0","0","0","0","0","0","0","0","4","0","","02","10","2023","3","40.532129","-79.712815","1707","11","0","0","0","0","1","0","0","0","","0","0","0","","","0","","1","","40 31:55.664","","0","79 42:46.134","0","0","0","0","2466","0","0","0","N","0","0","0","2","02466","0","","1.0","","1","N","N","N","0","","0","0","2","","3","","","2","0","0","0","0","0","0","1","0","2","03","","","N","","","","","","","","","",""
"2023089565","2326","1","0","0","0","0","0","0","0","0","7","0","","02","10","2023","6","40.628974","-79.918989","2316","11","1","0","0","0","0","0","0","0","","0","0","0","","","0","N","0","","40 37:44.306","2","0","79 55:08.362","0","0","0","0","2220","0","0","0","N","0","0","0","3","02220","0","","4.0","20.0","9","N","N","N","0","","0","0","0","","0","N","","1","0","0","0","0","0","0","2","0","1","07","07","","N","","","","","","","","","",""
"2023115016","1320","2","0","0","0","0","0","0","0","0","4","0","","02","12","2023","2","40.339056","-79.961194","1316","11","0","0","0","0","0","1","0","0","","0","0","0","","","0","N","0","","40 20:20.601","5","7","79 57:40.297","0","0","0","0","2454","0","0","0","N","0","0","0","3","02454","0","","1.0","145.0","9","N","N","N","0","","0","0","0","","0","N","","2","0","0","0","0","0","0","2","0","2","06","","","N","","","","","","","","","",""
"2023088866","1235","0","0","0","0","0","0","0","0","0","1","0","","02","10","2023","6","40.440583","-79.996","1230","11","0","0","0","0","0","0","1","0","","0","0","0","","","0","Y","0","","40 26:26.100","","0","79 59:45.600","0","0","0","0","2301","0","0","0","N","0","0","0","5","02301","0","","1.0","","1","N","N","N","0","","0","0","2","","2","","","3","0","1","0","0","0","0","2","1","3","03","03","","N","","","","","","","","","",""
"2023091451","1850","0","0","0","0","0","0","0","0","0","1","0","","02","10","2023","6","40.4086","-79.907844","1847","11","0","0","0","0","1","0","0","0","","0","0","0","","","1","Y","0","","40 24:30.960","","0","79 54:28.239","4","0","0","0","2438","0","0","0","N","0","0","0","8","02438","1","","1.0","","1","N","N","N","0","","0","0","2","","2","N","","2","1","0","0","0","0","0","2","0","2","03","","","N","","","","","","","","","",""
"2023090344","2346","1","0","0","0","0","0","0","0","0","5","0","","02","10","2023","3","40.461991","-79.982013","2341","11","0","0","0","0","0","1","0","0","","0","0","0","","","0","N","0","","40 27:43.168","1","0","79 58:55.245","0","0","0","0","2301","0","0","0","N","0","0","0","4","02301","0","","1.0","15.0","1","N","N","N","0","","0","0","1","","0","N","","2","0","0","0","0","0","0","2","0","2","03","","","N","","","","","","","","","",""
"2023109822","0615","1","0","0","0","0","0","0","0","0","7","0","","02","12","2023","7","40.343547","-80.022968","0609","11","0","0","0","0","0","0","0","0","","0","0","0","","","0","N","0","","40 20:36.768","3","0","80 01:22.683","0","0","0","0","2407","0","0","0","N","0","0","0","1","02407","0","","5.0","645.0","9","N","N","N","0","","0","0","0","","0","N","","1","0","0","0","0","0","0","2","0","1","04","","","N","","","","","","","","","",""
"2023102534","2247","1","0","0","0","0","0","0","0","0","4","0","","02","11","2023","7","40.456243","-79.997017","2239","11","0","0","0","0","0","0","0","0","","0","0","0","","","0","","1","","40 27:22.474","4","0","79 59:49.260","0","0","0","0","2301","0","0","0","N","0","0","0","2","02301","0","","1.0","2304.0","1","N","N","N","0","","0","0","1","","0","Y","","2","0","0","0","0","0","0","2","0","2","03","03","","N","","","","","","","","","",""
"2023103785","1555","2","0","0","0","0","0","0","0","0","4","0","","02","11","2023","2","40.402135","-79.823913","1550","11","0","0","0","1","0","0","0","0","","0","0","0","","","0","N","2","","40 24:07.685","2","0","79 49:26.085","0","0","0","0","2111","0","0","0","N","0","0","0","4","02111","0","","1.0","1630.0","1","N","N","N","0","","0","0","0","","8","N","","2","0","0","0","0","0","0","2","0","2","03","03","","N","","","","","","","","","",""
"2023002939","0059","2","0","0","0","0","0","0","0","0","6","0","","02","1","2023","1","40.334602","-79.8626","0055","11","0","0","0","0","0","0","0","0","","0","0","0","","","0","N","0","","40 20:04.566","","0","79 51:45.359","0","0","0","0","2455","0","0","0","N","0","0","0","1","02455","0","","6.0","","9","N","N","N","0","","0","0","0","","0","","","2","0","1","0","0","0","0","2","0","2","03","03","","N","","","","","","","","","",""
"2023112895","1520","0","0","0","0","0","0","0","0","0","4","0","","02","12","2023","3","40.347473","-79.944753","1517","11","0","0","0","0","0","0","1","0","","0","0","0","","","0","","5","","40 20:50.904","4","7","79 56:41.111","0","0","0","0","2473","0","0","0","N","0","0","0","2","02473","0","","1.0","1640.0","1","N","N","N","1","","0","0","1","","2","N","","2","0","0","0","0","0","0","2","0","2","03","03","","N","","","","","","","","","",""
"2023104017","1554","1","0","0","0","0","0","0","0","0","1","0","","02","10","2023","2","40.374772","-79.814534","1553","11","0","0","0","0","0","0","0","0","","0","0","0","","","0","N","0","","40 22:29.178","2","0","79 48:52.321","0","0","0","0","2111","0","0","0","N","0","0","0","4","02111","0","","1.0","1634.0","1","N","N","N","0","","0","0","1","","0","N","","2","0","0","0","0","0","0","2","0","2","03","03","","N","","","","","","","","","",""
"2023092845","2230","2","0","0","0","0","0","0","0","0","1","0","","02","10","2023","1","40.456722","-79.925222","2226","11","0","0","0","0","0","0","0","0","","0","0","0","","","0","N","0","","40 27:24.200","5","0","79 55:30.800","0","0","0","0","2301","0","0","0","N","0","0","0","1","02301","0","","6.0","2330.0","1","N","N","N","0","","0","0","1","","0","Y","","3","0","0","0","0","0","0","2","0","3","03","03","","N","","","","","","","","","",""
"2023085713","0012","1","0","0","0","0","0","0","0","0","4","0","","02","9","2023","4","40.431811","-79.92753","0006","11","0","0","0","0","0","0","0","0","","0","0","0","","","0","","2","","40 25:54.519","","0","79 55:39.108","0","0","0","0","2301","0","0","0","N","0","0","0","2","02301","0","","1.0","","1","N","N","N","0","","0","0","1","","3","","","2","0","0","0","0","0","0","2","0","2","03","03","","N","","","","","","","","","",""
"2023115565","2011","1","0","0","0","0","0","0","0","0","4","0","","02","12","2023","2","40.446764","-80.067041","2010","11","0","0","0","0","0","1","0","0","","0","0","0","","","1","N","2","","40 26:48.350","","0","80 04:01.347","3","0","0","0","2439","0","0","0","N","0","0","0","3","02439","0","","1.0","","9","N","N","N","0","","1","0","1","","3","","","2","1","0","0","0","0","0","2","0","2","10","04","","N","","","","","","","","","",""
"2023095518","1349","2","0","0","0","0","0","0","0","0","4","0","","02","10","2023","3","40.37961","-79.807779","1344","11","0","0","0","0","0","0","0","0","","0","0","0","","","0","N","0","","40 22:46.596","","7","79 48:28.003","0","0","0","0","2111","0","0","0","N","0","0","0","2","02111","0","","1.0","","1","N","N","N","0","","0","0","0","","0","","","2","0","0","0","0","0","0","2","0","2","03","03","","N","","","","","","","","","",""
"2023116782","0630","1","0","0","0","0","0","0","0","0","7","0","","02","12","2023","4","40.273564","-79.899302","0627","11","0","0","0","1","0","0","0","0","","0","0","0","","","1","N","0","","40 16:24.829","2","0","79 53:57.486","3","0","0","0","2440","0","0","0","Y","0","0","0","1","02440","0","","2.0","721.0","1","N","N","N","0","","1","0","0","","0","Y","","1","1","1","0","0","0","0","2","0","1","03","03","","N","","","","","","","","","",""
"2023096240","0908","1","0","0","0","0","0","0","0","0","5","0","","02","10","2023","6","40.440113","-79.959854","0903","11","0","0","0","0","0","0","0","0","","0","0","0","","","0","","1","","40 26:24.407","","0","79 57:35.473","0","0","0","0","2301","0","0","0","N","0","0","0","3","02301","0","","1.0","","1","N","N","N","1","","0","0","0","","0","N","","2","0","0","0","0","0","0","2","0","2","03","03","","N","","","","","","","","","",""